2025-03-24 14:11:22.170 [main] INFO  com.test.testboot.TestbootApplication - Starting TestbootApplication using Java 23.0.2 with PID 7904 (/Users/zhaoxin/Documents/GitHub/testboot/target/classes started by zhaoxin in /Users/zhaoxin/Documents/GitHub/testboot)
2025-03-24 14:11:22.171 [main] INFO  com.test.testboot.TestbootApplication - No active profile set, falling back to 1 default profile: "default"
2025-03-24 14:11:22.698 [main] INFO  org.apache.coyote.http11.Http11NioProtocol - Initializing ProtocolHandler ["http-nio-9090"]
2025-03-24 14:11:22.699 [main] INFO  org.apache.catalina.core.StandardService - Starting service [Tomcat]
2025-03-24 14:11:22.699 [main] INFO  org.apache.catalina.core.StandardEngine - Starting Servlet engine: [Apache Tomcat/10.1.36]
2025-03-24 14:11:22.716 [main] INFO  org.apache.catalina.core.ContainerBase.[Tomcat].[localhost].[/] - Initializing Spring embedded WebApplicationContext
2025-03-24 14:11:23.169 [main] INFO  org.apache.coyote.http11.Http11NioProtocol - Starting ProtocolHandler ["http-nio-9090"]
2025-03-24 14:11:23.191 [main] INFO  org.apache.kafka.clients.consumer.ConsumerConfig - ConsumerConfig values: 
	allow.auto.create.topics = true
	auto.commit.interval.ms = 5000
	auto.include.jmx.reporter = true
	auto.offset.reset = latest
	bootstrap.servers = [localhost:9092]
	check.crcs = true
	client.dns.lookup = use_all_dns_ips
	client.id = consumer-tomge-consumer-group-1
	client.rack = 
	connections.max.idle.ms = 540000
	default.api.timeout.ms = 60000
	enable.auto.commit = false
	enable.metrics.push = true
	exclude.internal.topics = true
	fetch.max.bytes = 52428800
	fetch.max.wait.ms = 500
	fetch.min.bytes = 1
	group.id = tomge-consumer-group
	group.instance.id = null
	group.protocol = classic
	group.remote.assignor = null
	heartbeat.interval.ms = 3000
	interceptor.classes = []
	internal.leave.group.on.close = true
	internal.throw.on.fetch.stable.offset.unsupported = false
	isolation.level = read_uncommitted
	key.deserializer = class org.apache.kafka.common.serialization.StringDeserializer
	max.partition.fetch.bytes = 1048576
	max.poll.interval.ms = 300000
	max.poll.records = 500
	metadata.max.age.ms = 300000
	metric.reporters = []
	metrics.num.samples = 2
	metrics.recording.level = INFO
	metrics.sample.window.ms = 30000
	partition.assignment.strategy = [class org.apache.kafka.clients.consumer.RangeAssignor, class org.apache.kafka.clients.consumer.CooperativeStickyAssignor]
	receive.buffer.bytes = 65536
	reconnect.backoff.max.ms = 1000
	reconnect.backoff.ms = 50
	request.timeout.ms = 30000
	retry.backoff.max.ms = 1000
	retry.backoff.ms = 100
	sasl.client.callback.handler.class = null
	sasl.jaas.config = null
	sasl.kerberos.kinit.cmd = /usr/bin/kinit
	sasl.kerberos.min.time.before.relogin = 60000
	sasl.kerberos.service.name = null
	sasl.kerberos.ticket.renew.jitter = 0.05
	sasl.kerberos.ticket.renew.window.factor = 0.8
	sasl.login.callback.handler.class = null
	sasl.login.class = null
	sasl.login.connect.timeout.ms = null
	sasl.login.read.timeout.ms = null
	sasl.login.refresh.buffer.seconds = 300
	sasl.login.refresh.min.period.seconds = 60
	sasl.login.refresh.window.factor = 0.8
	sasl.login.refresh.window.jitter = 0.05
	sasl.login.retry.backoff.max.ms = 10000
	sasl.login.retry.backoff.ms = 100
	sasl.mechanism = GSSAPI
	sasl.oauthbearer.clock.skew.seconds = 30
	sasl.oauthbearer.expected.audience = null
	sasl.oauthbearer.expected.issuer = null
	sasl.oauthbearer.jwks.endpoint.refresh.ms = 3600000
	sasl.oauthbearer.jwks.endpoint.retry.backoff.max.ms = 10000
	sasl.oauthbearer.jwks.endpoint.retry.backoff.ms = 100
	sasl.oauthbearer.jwks.endpoint.url = null
	sasl.oauthbearer.scope.claim.name = scope
	sasl.oauthbearer.sub.claim.name = sub
	sasl.oauthbearer.token.endpoint.url = null
	security.protocol = PLAINTEXT
	security.providers = null
	send.buffer.bytes = 131072
	session.timeout.ms = 45000
	socket.connection.setup.timeout.max.ms = 30000
	socket.connection.setup.timeout.ms = 10000
	ssl.cipher.suites = null
	ssl.enabled.protocols = [TLSv1.2, TLSv1.3]
	ssl.endpoint.identification.algorithm = https
	ssl.engine.factory.class = null
	ssl.key.password = null
	ssl.keymanager.algorithm = SunX509
	ssl.keystore.certificate.chain = null
	ssl.keystore.key = null
	ssl.keystore.location = null
	ssl.keystore.password = null
	ssl.keystore.type = JKS
	ssl.protocol = TLSv1.3
	ssl.provider = null
	ssl.secure.random.implementation = null
	ssl.trustmanager.algorithm = PKIX
	ssl.truststore.certificates = null
	ssl.truststore.location = null
	ssl.truststore.password = null
	ssl.truststore.type = JKS
	value.deserializer = class org.apache.kafka.common.serialization.StringDeserializer

2025-03-24 14:11:23.214 [main] INFO  org.apache.kafka.common.telemetry.internals.KafkaMetricsCollector - initializing Kafka metrics collector
2025-03-24 14:11:23.243 [main] INFO  org.apache.kafka.common.utils.AppInfoParser - Kafka version: 3.7.2
2025-03-24 14:11:23.243 [main] INFO  org.apache.kafka.common.utils.AppInfoParser - Kafka commitId: 79a8f2b5f44f9d5a
2025-03-24 14:11:23.243 [main] INFO  org.apache.kafka.common.utils.AppInfoParser - Kafka startTimeMs: 1742796683242
2025-03-24 14:11:23.245 [main] INFO  org.apache.kafka.clients.consumer.internals.LegacyKafkaConsumer - [Consumer clientId=consumer-tomge-consumer-group-1, groupId=tomge-consumer-group] Subscribed to topic(s): testtopic
2025-03-24 14:11:23.251 [main] INFO  com.test.testboot.TestbootApplication - Started TestbootApplication in 1.298 seconds (process running for 1.581)
2025-03-24 14:11:23.391 [org.springframework.kafka.KafkaListenerEndpointContainer#0-0-C-1] INFO  org.apache.kafka.clients.Metadata - [Consumer clientId=consumer-tomge-consumer-group-1, groupId=tomge-consumer-group] Cluster ID: 55v202dzTXeo6Uf5cKQwuw
2025-03-24 14:11:23.393 [org.springframework.kafka.KafkaListenerEndpointContainer#0-0-C-1] INFO  org.apache.kafka.clients.consumer.internals.ConsumerCoordinator - [Consumer clientId=consumer-tomge-consumer-group-1, groupId=tomge-consumer-group] Discovered group coordinator localhost:9092 (id: 2147483647 rack: null)
2025-03-24 14:11:23.394 [org.springframework.kafka.KafkaListenerEndpointContainer#0-0-C-1] INFO  org.apache.kafka.clients.consumer.internals.ConsumerCoordinator - [Consumer clientId=consumer-tomge-consumer-group-1, groupId=tomge-consumer-group] (Re-)joining group
2025-03-24 14:11:23.410 [org.springframework.kafka.KafkaListenerEndpointContainer#0-0-C-1] INFO  org.apache.kafka.clients.consumer.internals.ConsumerCoordinator - [Consumer clientId=consumer-tomge-consumer-group-1, groupId=tomge-consumer-group] Request joining group due to: need to re-join with the given member-id: consumer-tomge-consumer-group-1-5eca08d0-1399-414c-ba1e-271463d442ca
2025-03-24 14:11:23.411 [org.springframework.kafka.KafkaListenerEndpointContainer#0-0-C-1] INFO  org.apache.kafka.clients.consumer.internals.ConsumerCoordinator - [Consumer clientId=consumer-tomge-consumer-group-1, groupId=tomge-consumer-group] (Re-)joining group
2025-03-24 14:11:23.417 [org.springframework.kafka.KafkaListenerEndpointContainer#0-0-C-1] INFO  org.apache.kafka.clients.consumer.internals.ConsumerCoordinator - [Consumer clientId=consumer-tomge-consumer-group-1, groupId=tomge-consumer-group] Successfully joined group with generation Generation{generationId=1, memberId='consumer-tomge-consumer-group-1-5eca08d0-1399-414c-ba1e-271463d442ca', protocol='range'}
2025-03-24 14:11:23.420 [org.springframework.kafka.KafkaListenerEndpointContainer#0-0-C-1] INFO  org.apache.kafka.clients.consumer.internals.ConsumerCoordinator - [Consumer clientId=consumer-tomge-consumer-group-1, groupId=tomge-consumer-group] Finished assignment for group at generation 1: {consumer-tomge-consumer-group-1-5eca08d0-1399-414c-ba1e-271463d442ca=Assignment(partitions=[testtopic-0])}
2025-03-24 14:11:23.437 [org.springframework.kafka.KafkaListenerEndpointContainer#0-0-C-1] INFO  org.apache.kafka.clients.consumer.internals.ConsumerCoordinator - [Consumer clientId=consumer-tomge-consumer-group-1, groupId=tomge-consumer-group] Successfully synced group in generation Generation{generationId=1, memberId='consumer-tomge-consumer-group-1-5eca08d0-1399-414c-ba1e-271463d442ca', protocol='range'}
2025-03-24 14:11:23.437 [org.springframework.kafka.KafkaListenerEndpointContainer#0-0-C-1] INFO  org.apache.kafka.clients.consumer.internals.ConsumerCoordinator - [Consumer clientId=consumer-tomge-consumer-group-1, groupId=tomge-consumer-group] Notifying assignor about the new Assignment(partitions=[testtopic-0])
2025-03-24 14:11:23.438 [org.springframework.kafka.KafkaListenerEndpointContainer#0-0-C-1] INFO  org.apache.kafka.clients.consumer.internals.ConsumerRebalanceListenerInvoker - [Consumer clientId=consumer-tomge-consumer-group-1, groupId=tomge-consumer-group] Adding newly assigned partitions: testtopic-0
2025-03-24 14:11:23.443 [org.springframework.kafka.KafkaListenerEndpointContainer#0-0-C-1] INFO  org.apache.kafka.clients.consumer.internals.ConsumerCoordinator - [Consumer clientId=consumer-tomge-consumer-group-1, groupId=tomge-consumer-group] Found no committed offset for partition testtopic-0
2025-03-24 14:11:23.445 [org.springframework.kafka.KafkaListenerEndpointContainer#0-0-C-1] INFO  org.apache.kafka.clients.consumer.internals.ConsumerCoordinator - [Consumer clientId=consumer-tomge-consumer-group-1, groupId=tomge-consumer-group] Found no committed offset for partition testtopic-0
2025-03-24 14:11:23.452 [org.springframework.kafka.KafkaListenerEndpointContainer#0-0-C-1] INFO  org.apache.kafka.clients.consumer.internals.SubscriptionState - [Consumer clientId=consumer-tomge-consumer-group-1, groupId=tomge-consumer-group] Resetting offset for partition testtopic-0 to position FetchPosition{offset=9, offsetEpoch=Optional.empty, currentLeader=LeaderAndEpoch{leader=Optional[localhost:9092 (id: 0 rack: null)], epoch=0}}.
2025-03-24 14:13:12.369 [http-nio-9090-exec-2] INFO  org.apache.catalina.core.ContainerBase.[Tomcat].[localhost].[/] - Initializing Spring DispatcherServlet 'dispatcherServlet'
2025-03-24 14:13:12.401 [http-nio-9090-exec-2] INFO  org.apache.kafka.clients.producer.ProducerConfig - ProducerConfig values: 
	acks = -1
	auto.include.jmx.reporter = true
	batch.size = 16384
	bootstrap.servers = [localhost:9092]
	buffer.memory = 33554432
	client.dns.lookup = use_all_dns_ips
	client.id = testspringboot-producer-1
	compression.type = none
	connections.max.idle.ms = 540000
	delivery.timeout.ms = 120000
	enable.idempotence = true
	enable.metrics.push = true
	interceptor.classes = []
	key.serializer = class org.apache.kafka.common.serialization.StringSerializer
	linger.ms = 0
	max.block.ms = 60000
	max.in.flight.requests.per.connection = 5
	max.request.size = 1048576
	metadata.max.age.ms = 300000
	metadata.max.idle.ms = 300000
	metric.reporters = []
	metrics.num.samples = 2
	metrics.recording.level = INFO
	metrics.sample.window.ms = 30000
	partitioner.adaptive.partitioning.enable = true
	partitioner.availability.timeout.ms = 0
	partitioner.class = null
	partitioner.ignore.keys = false
	receive.buffer.bytes = 32768
	reconnect.backoff.max.ms = 1000
	reconnect.backoff.ms = 50
	request.timeout.ms = 30000
	retries = 3
	retry.backoff.max.ms = 1000
	retry.backoff.ms = 100
	sasl.client.callback.handler.class = null
	sasl.jaas.config = null
	sasl.kerberos.kinit.cmd = /usr/bin/kinit
	sasl.kerberos.min.time.before.relogin = 60000
	sasl.kerberos.service.name = null
	sasl.kerberos.ticket.renew.jitter = 0.05
	sasl.kerberos.ticket.renew.window.factor = 0.8
	sasl.login.callback.handler.class = null
	sasl.login.class = null
	sasl.login.connect.timeout.ms = null
	sasl.login.read.timeout.ms = null
	sasl.login.refresh.buffer.seconds = 300
	sasl.login.refresh.min.period.seconds = 60
	sasl.login.refresh.window.factor = 0.8
	sasl.login.refresh.window.jitter = 0.05
	sasl.login.retry.backoff.max.ms = 10000
	sasl.login.retry.backoff.ms = 100
	sasl.mechanism = GSSAPI
	sasl.oauthbearer.clock.skew.seconds = 30
	sasl.oauthbearer.expected.audience = null
	sasl.oauthbearer.expected.issuer = null
	sasl.oauthbearer.jwks.endpoint.refresh.ms = 3600000
	sasl.oauthbearer.jwks.endpoint.retry.backoff.max.ms = 10000
	sasl.oauthbearer.jwks.endpoint.retry.backoff.ms = 100
	sasl.oauthbearer.jwks.endpoint.url = null
	sasl.oauthbearer.scope.claim.name = scope
	sasl.oauthbearer.sub.claim.name = sub
	sasl.oauthbearer.token.endpoint.url = null
	security.protocol = PLAINTEXT
	security.providers = null
	send.buffer.bytes = 131072
	socket.connection.setup.timeout.max.ms = 30000
	socket.connection.setup.timeout.ms = 10000
	ssl.cipher.suites = null
	ssl.enabled.protocols = [TLSv1.2, TLSv1.3]
	ssl.endpoint.identification.algorithm = https
	ssl.engine.factory.class = null
	ssl.key.password = null
	ssl.keymanager.algorithm = SunX509
	ssl.keystore.certificate.chain = null
	ssl.keystore.key = null
	ssl.keystore.location = null
	ssl.keystore.password = null
	ssl.keystore.type = JKS
	ssl.protocol = TLSv1.3
	ssl.provider = null
	ssl.secure.random.implementation = null
	ssl.trustmanager.algorithm = PKIX
	ssl.truststore.certificates = null
	ssl.truststore.location = null
	ssl.truststore.password = null
	ssl.truststore.type = JKS
	transaction.timeout.ms = 60000
	transactional.id = null
	value.serializer = class org.apache.kafka.common.serialization.StringSerializer

2025-03-24 14:13:12.401 [http-nio-9090-exec-2] INFO  org.apache.kafka.common.telemetry.internals.KafkaMetricsCollector - initializing Kafka metrics collector
2025-03-24 14:13:12.405 [http-nio-9090-exec-2] INFO  org.apache.kafka.clients.producer.KafkaProducer - [Producer clientId=testspringboot-producer-1] Instantiated an idempotent producer.
2025-03-24 14:13:12.411 [http-nio-9090-exec-2] INFO  org.apache.kafka.common.utils.AppInfoParser - Kafka version: 3.7.2
2025-03-24 14:13:12.411 [http-nio-9090-exec-2] INFO  org.apache.kafka.common.utils.AppInfoParser - Kafka commitId: 79a8f2b5f44f9d5a
2025-03-24 14:13:12.411 [http-nio-9090-exec-2] INFO  org.apache.kafka.common.utils.AppInfoParser - Kafka startTimeMs: 1742796792411
2025-03-24 14:13:12.416 [kafka-producer-network-thread | testspringboot-producer-1] INFO  org.apache.kafka.clients.Metadata - [Producer clientId=testspringboot-producer-1] Cluster ID: 55v202dzTXeo6Uf5cKQwuw
2025-03-24 14:13:12.422 [http-nio-9090-exec-2] ERROR org.apache.catalina.core.ContainerBase.[Tomcat].[localhost].[/].[dispatcherServlet] - Servlet.service() for servlet [dispatcherServlet] in context with path [] threw exception [Request processing failed: java.lang.NullPointerException: Cannot invoke "java.util.List.toString()" because "list" is null] with root cause
java.lang.NullPointerException: Cannot invoke "java.util.List.toString()" because "list" is null
	at com.test.testboot.controller.StudentController.selectKafkaById(StudentController.java:74)
	at java.base/jdk.internal.reflect.DirectMethodHandleAccessor.invoke(DirectMethodHandleAccessor.java:103)
	at java.base/java.lang.reflect.Method.invoke(Method.java:580)
	at org.springframework.web.method.support.InvocableHandlerMethod.doInvoke(InvocableHandlerMethod.java:255)
	at org.springframework.web.method.support.InvocableHandlerMethod.invokeForRequest(InvocableHandlerMethod.java:188)
	at org.springframework.web.servlet.mvc.method.annotation.ServletInvocableHandlerMethod.invokeAndHandle(ServletInvocableHandlerMethod.java:118)
	at org.springframework.web.servlet.mvc.method.annotation.RequestMappingHandlerAdapter.invokeHandlerMethod(RequestMappingHandlerAdapter.java:926)
	at org.springframework.web.servlet.mvc.method.annotation.RequestMappingHandlerAdapter.handleInternal(RequestMappingHandlerAdapter.java:831)
	at org.springframework.web.servlet.mvc.method.AbstractHandlerMethodAdapter.handle(AbstractHandlerMethodAdapter.java:87)
	at org.springframework.web.servlet.DispatcherServlet.doDispatch(DispatcherServlet.java:1089)
	at org.springframework.web.servlet.DispatcherServlet.doService(DispatcherServlet.java:979)
	at org.springframework.web.servlet.FrameworkServlet.processRequest(FrameworkServlet.java:1014)
	at org.springframework.web.servlet.FrameworkServlet.doGet(FrameworkServlet.java:903)
	at jakarta.servlet.http.HttpServlet.service(HttpServlet.java:564)
	at org.springframework.web.servlet.FrameworkServlet.service(FrameworkServlet.java:885)
	at jakarta.servlet.http.HttpServlet.service(HttpServlet.java:658)
	at org.apache.catalina.core.ApplicationFilterChain.internalDoFilter(ApplicationFilterChain.java:195)
	at org.apache.catalina.core.ApplicationFilterChain.doFilter(ApplicationFilterChain.java:140)
	at org.apache.tomcat.websocket.server.WsFilter.doFilter(WsFilter.java:51)
	at org.apache.catalina.core.ApplicationFilterChain.internalDoFilter(ApplicationFilterChain.java:164)
	at org.apache.catalina.core.ApplicationFilterChain.doFilter(ApplicationFilterChain.java:140)
	at org.springframework.web.filter.RequestContextFilter.doFilterInternal(RequestContextFilter.java:100)
	at org.springframework.web.filter.OncePerRequestFilter.doFilter(OncePerRequestFilter.java:116)
	at org.apache.catalina.core.ApplicationFilterChain.internalDoFilter(ApplicationFilterChain.java:164)
	at org.apache.catalina.core.ApplicationFilterChain.doFilter(ApplicationFilterChain.java:140)
	at org.springframework.web.filter.FormContentFilter.doFilterInternal(FormContentFilter.java:93)
	at org.springframework.web.filter.OncePerRequestFilter.doFilter(OncePerRequestFilter.java:116)
	at org.apache.catalina.core.ApplicationFilterChain.internalDoFilter(ApplicationFilterChain.java:164)
	at org.apache.catalina.core.ApplicationFilterChain.doFilter(ApplicationFilterChain.java:140)
	at org.springframework.web.filter.CharacterEncodingFilter.doFilterInternal(CharacterEncodingFilter.java:201)
	at org.springframework.web.filter.OncePerRequestFilter.doFilter(OncePerRequestFilter.java:116)
	at org.apache.catalina.core.ApplicationFilterChain.internalDoFilter(ApplicationFilterChain.java:164)
	at org.apache.catalina.core.ApplicationFilterChain.doFilter(ApplicationFilterChain.java:140)
	at org.apache.catalina.core.StandardWrapperValve.invoke(StandardWrapperValve.java:167)
	at org.apache.catalina.core.StandardContextValve.invoke(StandardContextValve.java:90)
	at org.apache.catalina.authenticator.AuthenticatorBase.invoke(AuthenticatorBase.java:483)
	at org.apache.catalina.core.StandardHostValve.invoke(StandardHostValve.java:115)
	at org.apache.catalina.valves.ErrorReportValve.invoke(ErrorReportValve.java:93)
	at org.apache.catalina.core.StandardEngineValve.invoke(StandardEngineValve.java:74)
	at org.apache.catalina.connector.CoyoteAdapter.service(CoyoteAdapter.java:344)
	at org.apache.coyote.http11.Http11Processor.service(Http11Processor.java:397)
	at org.apache.coyote.AbstractProcessorLight.process(AbstractProcessorLight.java:63)
	at org.apache.coyote.AbstractProtocol$ConnectionHandler.process(AbstractProtocol.java:905)
	at org.apache.tomcat.util.net.NioEndpoint$SocketProcessor.doRun(NioEndpoint.java:1743)
	at org.apache.tomcat.util.net.SocketProcessorBase.run(SocketProcessorBase.java:52)
	at org.apache.tomcat.util.threads.ThreadPoolExecutor.runWorker(ThreadPoolExecutor.java:1190)
	at org.apache.tomcat.util.threads.ThreadPoolExecutor$Worker.run(ThreadPoolExecutor.java:659)
	at org.apache.tomcat.util.threads.TaskThread$WrappingRunnable.run(TaskThread.java:63)
	at java.base/java.lang.Thread.run(Thread.java:1575)
2025-03-24 14:13:12.552 [kafka-producer-network-thread | testspringboot-producer-1] INFO  org.apache.kafka.clients.producer.internals.TransactionManager - [Producer clientId=testspringboot-producer-1] ProducerId set to 1000 with epoch 0
2025-03-24 14:13:12.593 [org.springframework.kafka.KafkaListenerEndpointContainer#0-0-C-1] INFO  com.test.testboot.kafkaservice.ConsumerService - Received message: 901
2025-03-24 14:13:12.604 [org.springframework.kafka.KafkaListenerEndpointContainer#0-0-C-1] INFO  com.zaxxer.hikari.HikariDataSource - HikariPool-1 - Starting...
2025-03-24 14:13:12.692 [org.springframework.kafka.KafkaListenerEndpointContainer#0-0-C-1] INFO  com.zaxxer.hikari.pool.HikariPool - HikariPool-1 - Added connection com.mysql.cj.jdbc.ConnectionImpl@5accaa1d
2025-03-24 14:13:12.692 [org.springframework.kafka.KafkaListenerEndpointContainer#0-0-C-1] INFO  com.zaxxer.hikari.HikariDataSource - HikariPool-1 - Start completed.
2025-03-24 14:20:23.640 [org.springframework.kafka.KafkaListenerEndpointContainer#0-0-C-1] INFO  org.apache.kafka.clients.NetworkClient - [Consumer clientId=consumer-tomge-consumer-group-1, groupId=tomge-consumer-group] Node -1 disconnected.
2025-03-24 14:22:12.433 [kafka-producer-network-thread | testspringboot-producer-1] INFO  org.apache.kafka.clients.NetworkClient - [Producer clientId=testspringboot-producer-1] Node -1 disconnected.
2025-03-24 14:30:23.772 [org.springframework.kafka.KafkaListenerEndpointContainer#0-0-C-1] INFO  org.apache.kafka.clients.NetworkClient - [Consumer clientId=consumer-tomge-consumer-group-1, groupId=tomge-consumer-group] Node -1 disconnected.
2025-03-24 14:32:12.432 [kafka-producer-network-thread | testspringboot-producer-1] INFO  org.apache.kafka.clients.NetworkClient - [Producer clientId=testspringboot-producer-1] Node -1 disconnected.
2025-03-24 14:34:14.192 [org.springframework.kafka.KafkaListenerEndpointContainer#0-0-C-1] INFO  org.apache.kafka.clients.consumer.internals.ConsumerRebalanceListenerInvoker - [Consumer clientId=consumer-tomge-consumer-group-1, groupId=tomge-consumer-group] Revoke previously assigned partitions testtopic-0
2025-03-24 14:34:14.192 [org.springframework.kafka.KafkaListenerEndpointContainer#0-0-C-1] INFO  org.apache.kafka.clients.consumer.internals.ConsumerCoordinator - [Consumer clientId=consumer-tomge-consumer-group-1, groupId=tomge-consumer-group] Member consumer-tomge-consumer-group-1-5eca08d0-1399-414c-ba1e-271463d442ca sending LeaveGroup request to coordinator localhost:9092 (id: 2147483647 rack: null) due to the consumer unsubscribed from all topics
2025-03-24 14:34:14.193 [org.springframework.kafka.KafkaListenerEndpointContainer#0-0-C-1] INFO  org.apache.kafka.clients.consumer.internals.ConsumerCoordinator - [Consumer clientId=consumer-tomge-consumer-group-1, groupId=tomge-consumer-group] Resetting generation and member id due to: consumer pro-actively leaving the group
2025-03-24 14:34:14.193 [org.springframework.kafka.KafkaListenerEndpointContainer#0-0-C-1] INFO  org.apache.kafka.clients.consumer.internals.ConsumerCoordinator - [Consumer clientId=consumer-tomge-consumer-group-1, groupId=tomge-consumer-group] Request joining group due to: consumer pro-actively leaving the group
2025-03-24 14:34:14.193 [org.springframework.kafka.KafkaListenerEndpointContainer#0-0-C-1] INFO  org.apache.kafka.clients.consumer.internals.LegacyKafkaConsumer - [Consumer clientId=consumer-tomge-consumer-group-1, groupId=tomge-consumer-group] Unsubscribed all topics or patterns and assigned partitions
2025-03-24 14:34:14.194 [org.springframework.kafka.KafkaListenerEndpointContainer#0-0-C-1] INFO  org.apache.kafka.clients.consumer.internals.ConsumerCoordinator - [Consumer clientId=consumer-tomge-consumer-group-1, groupId=tomge-consumer-group] Resetting generation and member id due to: consumer pro-actively leaving the group
2025-03-24 14:34:14.194 [org.springframework.kafka.KafkaListenerEndpointContainer#0-0-C-1] INFO  org.apache.kafka.clients.consumer.internals.ConsumerCoordinator - [Consumer clientId=consumer-tomge-consumer-group-1, groupId=tomge-consumer-group] Request joining group due to: consumer pro-actively leaving the group
2025-03-24 14:34:14.487 [org.springframework.kafka.KafkaListenerEndpointContainer#0-0-C-1] INFO  org.apache.kafka.common.metrics.Metrics - Metrics scheduler closed
2025-03-24 14:34:14.487 [org.springframework.kafka.KafkaListenerEndpointContainer#0-0-C-1] INFO  org.apache.kafka.common.metrics.Metrics - Closing reporter org.apache.kafka.common.metrics.JmxReporter
2025-03-24 14:34:14.487 [org.springframework.kafka.KafkaListenerEndpointContainer#0-0-C-1] INFO  org.apache.kafka.common.metrics.Metrics - Closing reporter org.apache.kafka.common.telemetry.internals.ClientTelemetryReporter
2025-03-24 14:34:14.487 [org.springframework.kafka.KafkaListenerEndpointContainer#0-0-C-1] INFO  org.apache.kafka.common.metrics.Metrics - Metrics reporters closed
2025-03-24 14:34:14.490 [org.springframework.kafka.KafkaListenerEndpointContainer#0-0-C-1] INFO  org.apache.kafka.common.utils.AppInfoParser - App info kafka.consumer for consumer-tomge-consumer-group-1 unregistered
2025-03-24 14:34:14.502 [SpringApplicationShutdownHook] INFO  org.apache.kafka.clients.producer.KafkaProducer - [Producer clientId=testspringboot-producer-1] Closing the Kafka producer with timeoutMillis = 30000 ms.
2025-03-24 14:34:14.504 [SpringApplicationShutdownHook] INFO  org.apache.kafka.common.metrics.Metrics - Metrics scheduler closed
2025-03-24 14:34:14.504 [SpringApplicationShutdownHook] INFO  org.apache.kafka.common.metrics.Metrics - Closing reporter org.apache.kafka.common.metrics.JmxReporter
2025-03-24 14:34:14.504 [SpringApplicationShutdownHook] INFO  org.apache.kafka.common.metrics.Metrics - Closing reporter org.apache.kafka.common.telemetry.internals.ClientTelemetryReporter
2025-03-24 14:34:14.504 [SpringApplicationShutdownHook] INFO  org.apache.kafka.common.metrics.Metrics - Metrics reporters closed
2025-03-24 14:34:14.504 [SpringApplicationShutdownHook] INFO  org.apache.kafka.common.utils.AppInfoParser - App info kafka.producer for testspringboot-producer-1 unregistered
2025-03-24 14:34:14.510 [SpringApplicationShutdownHook] INFO  com.zaxxer.hikari.HikariDataSource - HikariPool-1 - Shutdown initiated...
2025-03-24 14:34:14.514 [SpringApplicationShutdownHook] INFO  com.zaxxer.hikari.HikariDataSource - HikariPool-1 - Shutdown completed.
2025-03-24 14:34:40.564 [main] INFO  com.test.testboot.TestbootApplication - Starting TestbootApplication using Java 23.0.2 with PID 8184 (/Users/zhaoxin/Documents/GitHub/testboot/target/classes started by zhaoxin in /Users/zhaoxin/Documents/GitHub/testboot)
2025-03-24 14:34:40.566 [main] INFO  com.test.testboot.TestbootApplication - No active profile set, falling back to 1 default profile: "default"
2025-03-24 14:34:41.064 [main] INFO  org.apache.coyote.http11.Http11NioProtocol - Initializing ProtocolHandler ["http-nio-9090"]
2025-03-24 14:34:41.064 [main] INFO  org.apache.catalina.core.StandardService - Starting service [Tomcat]
2025-03-24 14:34:41.064 [main] INFO  org.apache.catalina.core.StandardEngine - Starting Servlet engine: [Apache Tomcat/10.1.36]
2025-03-24 14:34:41.080 [main] INFO  org.apache.catalina.core.ContainerBase.[Tomcat].[localhost].[/] - Initializing Spring embedded WebApplicationContext
2025-03-24 14:34:41.528 [main] INFO  org.apache.coyote.http11.Http11NioProtocol - Starting ProtocolHandler ["http-nio-9090"]
2025-03-24 14:34:41.548 [main] INFO  org.apache.kafka.clients.consumer.ConsumerConfig - ConsumerConfig values: 
	allow.auto.create.topics = true
	auto.commit.interval.ms = 5000
	auto.include.jmx.reporter = true
	auto.offset.reset = latest
	bootstrap.servers = [localhost:9092]
	check.crcs = true
	client.dns.lookup = use_all_dns_ips
	client.id = consumer-tomge-consumer-group-1
	client.rack = 
	connections.max.idle.ms = 540000
	default.api.timeout.ms = 60000
	enable.auto.commit = false
	enable.metrics.push = true
	exclude.internal.topics = true
	fetch.max.bytes = 52428800
	fetch.max.wait.ms = 500
	fetch.min.bytes = 1
	group.id = tomge-consumer-group
	group.instance.id = null
	group.protocol = classic
	group.remote.assignor = null
	heartbeat.interval.ms = 3000
	interceptor.classes = []
	internal.leave.group.on.close = true
	internal.throw.on.fetch.stable.offset.unsupported = false
	isolation.level = read_uncommitted
	key.deserializer = class org.apache.kafka.common.serialization.StringDeserializer
	max.partition.fetch.bytes = 1048576
	max.poll.interval.ms = 300000
	max.poll.records = 500
	metadata.max.age.ms = 300000
	metric.reporters = []
	metrics.num.samples = 2
	metrics.recording.level = INFO
	metrics.sample.window.ms = 30000
	partition.assignment.strategy = [class org.apache.kafka.clients.consumer.RangeAssignor, class org.apache.kafka.clients.consumer.CooperativeStickyAssignor]
	receive.buffer.bytes = 65536
	reconnect.backoff.max.ms = 1000
	reconnect.backoff.ms = 50
	request.timeout.ms = 30000
	retry.backoff.max.ms = 1000
	retry.backoff.ms = 100
	sasl.client.callback.handler.class = null
	sasl.jaas.config = null
	sasl.kerberos.kinit.cmd = /usr/bin/kinit
	sasl.kerberos.min.time.before.relogin = 60000
	sasl.kerberos.service.name = null
	sasl.kerberos.ticket.renew.jitter = 0.05
	sasl.kerberos.ticket.renew.window.factor = 0.8
	sasl.login.callback.handler.class = null
	sasl.login.class = null
	sasl.login.connect.timeout.ms = null
	sasl.login.read.timeout.ms = null
	sasl.login.refresh.buffer.seconds = 300
	sasl.login.refresh.min.period.seconds = 60
	sasl.login.refresh.window.factor = 0.8
	sasl.login.refresh.window.jitter = 0.05
	sasl.login.retry.backoff.max.ms = 10000
	sasl.login.retry.backoff.ms = 100
	sasl.mechanism = GSSAPI
	sasl.oauthbearer.clock.skew.seconds = 30
	sasl.oauthbearer.expected.audience = null
	sasl.oauthbearer.expected.issuer = null
	sasl.oauthbearer.jwks.endpoint.refresh.ms = 3600000
	sasl.oauthbearer.jwks.endpoint.retry.backoff.max.ms = 10000
	sasl.oauthbearer.jwks.endpoint.retry.backoff.ms = 100
	sasl.oauthbearer.jwks.endpoint.url = null
	sasl.oauthbearer.scope.claim.name = scope
	sasl.oauthbearer.sub.claim.name = sub
	sasl.oauthbearer.token.endpoint.url = null
	security.protocol = PLAINTEXT
	security.providers = null
	send.buffer.bytes = 131072
	session.timeout.ms = 45000
	socket.connection.setup.timeout.max.ms = 30000
	socket.connection.setup.timeout.ms = 10000
	ssl.cipher.suites = null
	ssl.enabled.protocols = [TLSv1.2, TLSv1.3]
	ssl.endpoint.identification.algorithm = https
	ssl.engine.factory.class = null
	ssl.key.password = null
	ssl.keymanager.algorithm = SunX509
	ssl.keystore.certificate.chain = null
	ssl.keystore.key = null
	ssl.keystore.location = null
	ssl.keystore.password = null
	ssl.keystore.type = JKS
	ssl.protocol = TLSv1.3
	ssl.provider = null
	ssl.secure.random.implementation = null
	ssl.trustmanager.algorithm = PKIX
	ssl.truststore.certificates = null
	ssl.truststore.location = null
	ssl.truststore.password = null
	ssl.truststore.type = JKS
	value.deserializer = class org.apache.kafka.common.serialization.StringDeserializer

2025-03-24 14:34:41.569 [main] INFO  org.apache.kafka.common.telemetry.internals.KafkaMetricsCollector - initializing Kafka metrics collector
2025-03-24 14:34:41.597 [main] INFO  org.apache.kafka.common.utils.AppInfoParser - Kafka version: 3.7.2
2025-03-24 14:34:41.597 [main] INFO  org.apache.kafka.common.utils.AppInfoParser - Kafka commitId: 79a8f2b5f44f9d5a
2025-03-24 14:34:41.597 [main] INFO  org.apache.kafka.common.utils.AppInfoParser - Kafka startTimeMs: 1742798081596
2025-03-24 14:34:41.598 [main] INFO  org.apache.kafka.clients.consumer.internals.LegacyKafkaConsumer - [Consumer clientId=consumer-tomge-consumer-group-1, groupId=tomge-consumer-group] Subscribed to topic(s): testtopic
2025-03-24 14:34:41.605 [main] INFO  com.test.testboot.TestbootApplication - Started TestbootApplication in 1.236 seconds (process running for 1.463)
2025-03-24 14:34:41.710 [org.springframework.kafka.KafkaListenerEndpointContainer#0-0-C-1] INFO  org.apache.kafka.clients.Metadata - [Consumer clientId=consumer-tomge-consumer-group-1, groupId=tomge-consumer-group] Cluster ID: 55v202dzTXeo6Uf5cKQwuw
2025-03-24 14:34:41.710 [org.springframework.kafka.KafkaListenerEndpointContainer#0-0-C-1] INFO  org.apache.kafka.clients.consumer.internals.ConsumerCoordinator - [Consumer clientId=consumer-tomge-consumer-group-1, groupId=tomge-consumer-group] Discovered group coordinator localhost:9092 (id: 2147483647 rack: null)
2025-03-24 14:34:41.711 [org.springframework.kafka.KafkaListenerEndpointContainer#0-0-C-1] INFO  org.apache.kafka.clients.consumer.internals.ConsumerCoordinator - [Consumer clientId=consumer-tomge-consumer-group-1, groupId=tomge-consumer-group] (Re-)joining group
2025-03-24 14:34:41.718 [org.springframework.kafka.KafkaListenerEndpointContainer#0-0-C-1] INFO  org.apache.kafka.clients.consumer.internals.ConsumerCoordinator - [Consumer clientId=consumer-tomge-consumer-group-1, groupId=tomge-consumer-group] Request joining group due to: need to re-join with the given member-id: consumer-tomge-consumer-group-1-0bd13408-9c21-4578-8df4-03cc854f064f
2025-03-24 14:34:41.718 [org.springframework.kafka.KafkaListenerEndpointContainer#0-0-C-1] INFO  org.apache.kafka.clients.consumer.internals.ConsumerCoordinator - [Consumer clientId=consumer-tomge-consumer-group-1, groupId=tomge-consumer-group] (Re-)joining group
2025-03-24 14:34:41.722 [org.springframework.kafka.KafkaListenerEndpointContainer#0-0-C-1] INFO  org.apache.kafka.clients.consumer.internals.ConsumerCoordinator - [Consumer clientId=consumer-tomge-consumer-group-1, groupId=tomge-consumer-group] Successfully joined group with generation Generation{generationId=3, memberId='consumer-tomge-consumer-group-1-0bd13408-9c21-4578-8df4-03cc854f064f', protocol='range'}
2025-03-24 14:34:41.724 [org.springframework.kafka.KafkaListenerEndpointContainer#0-0-C-1] INFO  org.apache.kafka.clients.consumer.internals.ConsumerCoordinator - [Consumer clientId=consumer-tomge-consumer-group-1, groupId=tomge-consumer-group] Finished assignment for group at generation 3: {consumer-tomge-consumer-group-1-0bd13408-9c21-4578-8df4-03cc854f064f=Assignment(partitions=[testtopic-0])}
2025-03-24 14:34:41.729 [org.springframework.kafka.KafkaListenerEndpointContainer#0-0-C-1] INFO  org.apache.kafka.clients.consumer.internals.ConsumerCoordinator - [Consumer clientId=consumer-tomge-consumer-group-1, groupId=tomge-consumer-group] Successfully synced group in generation Generation{generationId=3, memberId='consumer-tomge-consumer-group-1-0bd13408-9c21-4578-8df4-03cc854f064f', protocol='range'}
2025-03-24 14:34:41.729 [org.springframework.kafka.KafkaListenerEndpointContainer#0-0-C-1] INFO  org.apache.kafka.clients.consumer.internals.ConsumerCoordinator - [Consumer clientId=consumer-tomge-consumer-group-1, groupId=tomge-consumer-group] Notifying assignor about the new Assignment(partitions=[testtopic-0])
2025-03-24 14:34:41.730 [org.springframework.kafka.KafkaListenerEndpointContainer#0-0-C-1] INFO  org.apache.kafka.clients.consumer.internals.ConsumerRebalanceListenerInvoker - [Consumer clientId=consumer-tomge-consumer-group-1, groupId=tomge-consumer-group] Adding newly assigned partitions: testtopic-0
2025-03-24 14:34:41.733 [org.springframework.kafka.KafkaListenerEndpointContainer#0-0-C-1] INFO  org.apache.kafka.clients.consumer.internals.ConsumerUtils - Setting offset for partition testtopic-0 to the committed offset FetchPosition{offset=10, offsetEpoch=Optional.empty, currentLeader=LeaderAndEpoch{leader=Optional[localhost:9092 (id: 0 rack: null)], epoch=0}}
2025-03-24 14:34:48.000 [http-nio-9090-exec-2] INFO  org.apache.catalina.core.ContainerBase.[Tomcat].[localhost].[/] - Initializing Spring DispatcherServlet 'dispatcherServlet'
2025-03-24 14:34:48.033 [http-nio-9090-exec-2] INFO  org.apache.kafka.clients.producer.ProducerConfig - ProducerConfig values: 
	acks = -1
	auto.include.jmx.reporter = true
	batch.size = 16384
	bootstrap.servers = [localhost:9092]
	buffer.memory = 33554432
	client.dns.lookup = use_all_dns_ips
	client.id = testspringboot-producer-1
	compression.type = none
	connections.max.idle.ms = 540000
	delivery.timeout.ms = 120000
	enable.idempotence = true
	enable.metrics.push = true
	interceptor.classes = []
	key.serializer = class org.apache.kafka.common.serialization.StringSerializer
	linger.ms = 0
	max.block.ms = 60000
	max.in.flight.requests.per.connection = 5
	max.request.size = 1048576
	metadata.max.age.ms = 300000
	metadata.max.idle.ms = 300000
	metric.reporters = []
	metrics.num.samples = 2
	metrics.recording.level = INFO
	metrics.sample.window.ms = 30000
	partitioner.adaptive.partitioning.enable = true
	partitioner.availability.timeout.ms = 0
	partitioner.class = null
	partitioner.ignore.keys = false
	receive.buffer.bytes = 32768
	reconnect.backoff.max.ms = 1000
	reconnect.backoff.ms = 50
	request.timeout.ms = 30000
	retries = 3
	retry.backoff.max.ms = 1000
	retry.backoff.ms = 100
	sasl.client.callback.handler.class = null
	sasl.jaas.config = null
	sasl.kerberos.kinit.cmd = /usr/bin/kinit
	sasl.kerberos.min.time.before.relogin = 60000
	sasl.kerberos.service.name = null
	sasl.kerberos.ticket.renew.jitter = 0.05
	sasl.kerberos.ticket.renew.window.factor = 0.8
	sasl.login.callback.handler.class = null
	sasl.login.class = null
	sasl.login.connect.timeout.ms = null
	sasl.login.read.timeout.ms = null
	sasl.login.refresh.buffer.seconds = 300
	sasl.login.refresh.min.period.seconds = 60
	sasl.login.refresh.window.factor = 0.8
	sasl.login.refresh.window.jitter = 0.05
	sasl.login.retry.backoff.max.ms = 10000
	sasl.login.retry.backoff.ms = 100
	sasl.mechanism = GSSAPI
	sasl.oauthbearer.clock.skew.seconds = 30
	sasl.oauthbearer.expected.audience = null
	sasl.oauthbearer.expected.issuer = null
	sasl.oauthbearer.jwks.endpoint.refresh.ms = 3600000
	sasl.oauthbearer.jwks.endpoint.retry.backoff.max.ms = 10000
	sasl.oauthbearer.jwks.endpoint.retry.backoff.ms = 100
	sasl.oauthbearer.jwks.endpoint.url = null
	sasl.oauthbearer.scope.claim.name = scope
	sasl.oauthbearer.sub.claim.name = sub
	sasl.oauthbearer.token.endpoint.url = null
	security.protocol = PLAINTEXT
	security.providers = null
	send.buffer.bytes = 131072
	socket.connection.setup.timeout.max.ms = 30000
	socket.connection.setup.timeout.ms = 10000
	ssl.cipher.suites = null
	ssl.enabled.protocols = [TLSv1.2, TLSv1.3]
	ssl.endpoint.identification.algorithm = https
	ssl.engine.factory.class = null
	ssl.key.password = null
	ssl.keymanager.algorithm = SunX509
	ssl.keystore.certificate.chain = null
	ssl.keystore.key = null
	ssl.keystore.location = null
	ssl.keystore.password = null
	ssl.keystore.type = JKS
	ssl.protocol = TLSv1.3
	ssl.provider = null
	ssl.secure.random.implementation = null
	ssl.trustmanager.algorithm = PKIX
	ssl.truststore.certificates = null
	ssl.truststore.location = null
	ssl.truststore.password = null
	ssl.truststore.type = JKS
	transaction.timeout.ms = 60000
	transactional.id = null
	value.serializer = class org.apache.kafka.common.serialization.StringSerializer

2025-03-24 14:34:48.034 [http-nio-9090-exec-2] INFO  org.apache.kafka.common.telemetry.internals.KafkaMetricsCollector - initializing Kafka metrics collector
2025-03-24 14:34:48.037 [http-nio-9090-exec-2] INFO  org.apache.kafka.clients.producer.KafkaProducer - [Producer clientId=testspringboot-producer-1] Instantiated an idempotent producer.
2025-03-24 14:34:48.043 [http-nio-9090-exec-2] INFO  org.apache.kafka.common.utils.AppInfoParser - Kafka version: 3.7.2
2025-03-24 14:34:48.043 [http-nio-9090-exec-2] INFO  org.apache.kafka.common.utils.AppInfoParser - Kafka commitId: 79a8f2b5f44f9d5a
2025-03-24 14:34:48.043 [http-nio-9090-exec-2] INFO  org.apache.kafka.common.utils.AppInfoParser - Kafka startTimeMs: 1742798088043
2025-03-24 14:34:48.050 [kafka-producer-network-thread | testspringboot-producer-1] INFO  org.apache.kafka.clients.Metadata - [Producer clientId=testspringboot-producer-1] Cluster ID: 55v202dzTXeo6Uf5cKQwuw
2025-03-24 14:34:48.050 [kafka-producer-network-thread | testspringboot-producer-1] INFO  org.apache.kafka.clients.producer.internals.TransactionManager - [Producer clientId=testspringboot-producer-1] ProducerId set to 1001 with epoch 0
2025-03-24 14:34:48.070 [org.springframework.kafka.KafkaListenerEndpointContainer#0-0-C-1] INFO  com.test.testboot.kafkaservice.ConsumerService - Received message: 901
2025-03-24 14:34:48.078 [org.springframework.kafka.KafkaListenerEndpointContainer#0-0-C-1] INFO  com.zaxxer.hikari.HikariDataSource - HikariPool-1 - Starting...
2025-03-24 14:34:48.152 [org.springframework.kafka.KafkaListenerEndpointContainer#0-0-C-1] INFO  com.zaxxer.hikari.pool.HikariPool - HikariPool-1 - Added connection com.mysql.cj.jdbc.ConnectionImpl@375ae734
2025-03-24 14:34:48.153 [org.springframework.kafka.KafkaListenerEndpointContainer#0-0-C-1] INFO  com.zaxxer.hikari.HikariDataSource - HikariPool-1 - Start completed.
2025-03-24 14:43:42.059 [org.springframework.kafka.KafkaListenerEndpointContainer#0-0-C-1] INFO  org.apache.kafka.clients.NetworkClient - [Consumer clientId=consumer-tomge-consumer-group-1, groupId=tomge-consumer-group] Node -1 disconnected.
2025-03-24 14:43:48.070 [kafka-producer-network-thread | testspringboot-producer-1] INFO  org.apache.kafka.clients.NetworkClient - [Producer clientId=testspringboot-producer-1] Node -1 disconnected.
2025-03-24 14:51:38.792 [org.springframework.kafka.KafkaListenerEndpointContainer#0-0-C-1] INFO  com.test.testboot.kafkaservice.ConsumerService - Received message: 901
2025-03-24 14:52:00.912 [org.springframework.kafka.KafkaListenerEndpointContainer#0-0-C-1] INFO  com.test.testboot.kafkaservice.ConsumerService - Received message: 902
2025-03-24 14:53:42.093 [org.springframework.kafka.KafkaListenerEndpointContainer#0-0-C-1] INFO  org.apache.kafka.clients.NetworkClient - [Consumer clientId=consumer-tomge-consumer-group-1, groupId=tomge-consumer-group] Node -1 disconnected.
2025-03-24 14:53:48.078 [kafka-producer-network-thread | testspringboot-producer-1] INFO  org.apache.kafka.clients.NetworkClient - [Producer clientId=testspringboot-producer-1] Node -1 disconnected.
2025-03-24 14:57:40.949 [org.springframework.kafka.KafkaListenerEndpointContainer#0-0-C-1] INFO  org.apache.kafka.clients.NetworkClient - [Consumer clientId=consumer-tomge-consumer-group-1, groupId=tomge-consumer-group] Disconnecting from node 0 due to request timeout.
2025-03-24 14:57:41.057 [org.springframework.kafka.KafkaListenerEndpointContainer#0-0-C-1] INFO  org.apache.kafka.clients.NetworkClient - [Consumer clientId=consumer-tomge-consumer-group-1, groupId=tomge-consumer-group] Cancelled in-flight FETCH request with correlation id 3056 due to node 0 being disconnected (elapsed time since creation: 70129ms, elapsed time since send: 70129ms, request timeout: 30000ms)
2025-03-24 14:57:41.060 [kafka-coordinator-heartbeat-thread | tomge-consumer-group] INFO  org.apache.kafka.clients.consumer.internals.ConsumerCoordinator - [Consumer clientId=consumer-tomge-consumer-group-1, groupId=tomge-consumer-group] Group coordinator localhost:9092 (id: 2147483647 rack: null) is unavailable or invalid due to cause: session timed out without receiving a heartbeat response. isDisconnected: false. Rediscovery will be attempted.
2025-03-24 14:57:41.061 [kafka-coordinator-heartbeat-thread | tomge-consumer-group] INFO  org.apache.kafka.clients.consumer.internals.ConsumerCoordinator - [Consumer clientId=consumer-tomge-consumer-group-1, groupId=tomge-consumer-group] Requesting disconnect from last known coordinator localhost:9092 (id: 2147483647 rack: null)
2025-03-24 14:57:41.062 [kafka-coordinator-heartbeat-thread | tomge-consumer-group] INFO  org.apache.kafka.clients.NetworkClient - [Consumer clientId=consumer-tomge-consumer-group-1, groupId=tomge-consumer-group] Client requested disconnect from node 2147483647
2025-03-24 14:57:41.059 [org.springframework.kafka.KafkaListenerEndpointContainer#0-0-C-1] INFO  org.apache.kafka.clients.FetchSessionHandler - [Consumer clientId=consumer-tomge-consumer-group-1, groupId=tomge-consumer-group] Error sending fetch request (sessionId=481758311, epoch=2597) to node 0:
org.apache.kafka.common.errors.DisconnectException: null
2025-03-24 14:57:41.073 [org.springframework.kafka.KafkaListenerEndpointContainer#0-0-C-1] INFO  org.apache.kafka.clients.consumer.internals.ConsumerCoordinator - [Consumer clientId=consumer-tomge-consumer-group-1, groupId=tomge-consumer-group] Discovered group coordinator localhost:9092 (id: 2147483647 rack: null)
2025-03-24 14:57:41.074 [org.springframework.kafka.KafkaListenerEndpointContainer#0-0-C-1] INFO  org.apache.kafka.clients.consumer.internals.ConsumerCoordinator - [Consumer clientId=consumer-tomge-consumer-group-1, groupId=tomge-consumer-group] Group coordinator localhost:9092 (id: 2147483647 rack: null) is unavailable or invalid due to cause: coordinator unavailable. isDisconnected: false. Rediscovery will be attempted.
2025-03-24 14:57:41.074 [org.springframework.kafka.KafkaListenerEndpointContainer#0-0-C-1] INFO  org.apache.kafka.clients.consumer.internals.ConsumerCoordinator - [Consumer clientId=consumer-tomge-consumer-group-1, groupId=tomge-consumer-group] Requesting disconnect from last known coordinator localhost:9092 (id: 2147483647 rack: null)
2025-03-24 14:57:41.175 [org.springframework.kafka.KafkaListenerEndpointContainer#0-0-C-1] INFO  org.apache.kafka.clients.consumer.internals.ConsumerCoordinator - [Consumer clientId=consumer-tomge-consumer-group-1, groupId=tomge-consumer-group] Discovered group coordinator localhost:9092 (id: 2147483647 rack: null)
2025-03-24 14:57:58.293 [HikariPool-1 housekeeper] WARN  com.zaxxer.hikari.pool.HikariPool - HikariPool-1 - Thread starvation or clock leap detected (housekeeper delta=1m39s782ms).
2025-03-24 15:21:46.123 [org.springframework.kafka.KafkaListenerEndpointContainer#0-0-C-1] INFO  com.test.testboot.kafkaservice.ConsumerService - Received message: 903
2025-03-24 16:26:04.396 [kafka-coordinator-heartbeat-thread | tomge-consumer-group] INFO  org.apache.kafka.clients.consumer.internals.ConsumerCoordinator - [Consumer clientId=consumer-tomge-consumer-group-1, groupId=tomge-consumer-group] Group coordinator localhost:9092 (id: 2147483647 rack: null) is unavailable or invalid due to cause: session timed out without receiving a heartbeat response. isDisconnected: false. Rediscovery will be attempted.
2025-03-24 16:26:04.399 [kafka-coordinator-heartbeat-thread | tomge-consumer-group] INFO  org.apache.kafka.clients.consumer.internals.ConsumerCoordinator - [Consumer clientId=consumer-tomge-consumer-group-1, groupId=tomge-consumer-group] Requesting disconnect from last known coordinator localhost:9092 (id: 2147483647 rack: null)
2025-03-24 16:26:04.399 [kafka-coordinator-heartbeat-thread | tomge-consumer-group] INFO  org.apache.kafka.clients.NetworkClient - [Consumer clientId=consumer-tomge-consumer-group-1, groupId=tomge-consumer-group] Client requested disconnect from node 2147483647
2025-03-24 16:26:04.403 [org.springframework.kafka.KafkaListenerEndpointContainer#0-0-C-1] INFO  org.apache.kafka.clients.consumer.internals.ConsumerCoordinator - [Consumer clientId=consumer-tomge-consumer-group-1, groupId=tomge-consumer-group] Discovered group coordinator localhost:9092 (id: 2147483647 rack: null)
2025-03-24 16:26:04.404 [org.springframework.kafka.KafkaListenerEndpointContainer#0-0-C-1] INFO  org.apache.kafka.clients.consumer.internals.ConsumerCoordinator - [Consumer clientId=consumer-tomge-consumer-group-1, groupId=tomge-consumer-group] Group coordinator localhost:9092 (id: 2147483647 rack: null) is unavailable or invalid due to cause: coordinator unavailable. isDisconnected: false. Rediscovery will be attempted.
2025-03-24 16:26:04.404 [org.springframework.kafka.KafkaListenerEndpointContainer#0-0-C-1] INFO  org.apache.kafka.clients.consumer.internals.ConsumerCoordinator - [Consumer clientId=consumer-tomge-consumer-group-1, groupId=tomge-consumer-group] Requesting disconnect from last known coordinator localhost:9092 (id: 2147483647 rack: null)
2025-03-24 16:26:04.498 [org.springframework.kafka.KafkaListenerEndpointContainer#0-0-C-1] INFO  org.apache.kafka.clients.consumer.internals.ConsumerCoordinator - [Consumer clientId=consumer-tomge-consumer-group-1, groupId=tomge-consumer-group] Discovered group coordinator localhost:9092 (id: 2147483647 rack: null)
2025-03-24 16:26:15.742 [HikariPool-1 housekeeper] WARN  com.zaxxer.hikari.pool.HikariPool - HikariPool-1 - Thread starvation or clock leap detected (housekeeper delta=8m16s883ms).
2025-03-24 16:29:27.944 [org.springframework.kafka.KafkaListenerEndpointContainer#0-0-C-1] INFO  org.apache.kafka.clients.NetworkClient - [Consumer clientId=consumer-tomge-consumer-group-1, groupId=tomge-consumer-group] Disconnecting from node 0 due to request timeout.
2025-03-24 16:29:27.945 [org.springframework.kafka.KafkaListenerEndpointContainer#0-0-C-1] INFO  org.apache.kafka.clients.NetworkClient - [Consumer clientId=consumer-tomge-consumer-group-1, groupId=tomge-consumer-group] Cancelled in-flight FETCH request with correlation id 14626 due to node 0 being disconnected (elapsed time since creation: 73644ms, elapsed time since send: 73644ms, request timeout: 30000ms)
2025-03-24 16:29:27.945 [org.springframework.kafka.KafkaListenerEndpointContainer#0-0-C-1] INFO  org.apache.kafka.clients.FetchSessionHandler - [Consumer clientId=consumer-tomge-consumer-group-1, groupId=tomge-consumer-group] Error sending fetch request (sessionId=543846721, epoch=9870) to node 0:
org.apache.kafka.common.errors.DisconnectException: null
2025-03-24 16:29:27.945 [kafka-coordinator-heartbeat-thread | tomge-consumer-group] INFO  org.apache.kafka.clients.consumer.internals.ConsumerCoordinator - [Consumer clientId=consumer-tomge-consumer-group-1, groupId=tomge-consumer-group] Group coordinator localhost:9092 (id: 2147483647 rack: null) is unavailable or invalid due to cause: session timed out without receiving a heartbeat response. isDisconnected: false. Rediscovery will be attempted.
2025-03-24 16:29:27.945 [kafka-coordinator-heartbeat-thread | tomge-consumer-group] INFO  org.apache.kafka.clients.consumer.internals.ConsumerCoordinator - [Consumer clientId=consumer-tomge-consumer-group-1, groupId=tomge-consumer-group] Requesting disconnect from last known coordinator localhost:9092 (id: 2147483647 rack: null)
2025-03-24 16:29:27.945 [kafka-coordinator-heartbeat-thread | tomge-consumer-group] INFO  org.apache.kafka.clients.NetworkClient - [Consumer clientId=consumer-tomge-consumer-group-1, groupId=tomge-consumer-group] Client requested disconnect from node 2147483647
2025-03-24 16:29:28.043 [org.springframework.kafka.KafkaListenerEndpointContainer#0-0-C-1] INFO  org.apache.kafka.clients.consumer.internals.ConsumerCoordinator - [Consumer clientId=consumer-tomge-consumer-group-1, groupId=tomge-consumer-group] Discovered group coordinator localhost:9092 (id: 2147483647 rack: null)
2025-03-24 16:29:29.215 [HikariPool-1 housekeeper] WARN  com.zaxxer.hikari.pool.HikariPool - HikariPool-1 - Thread starvation or clock leap detected (housekeeper delta=1m43s458ms).
2025-03-24 16:34:29.977 [kafka-coordinator-heartbeat-thread | tomge-consumer-group] INFO  org.apache.kafka.clients.consumer.internals.ConsumerCoordinator - [Consumer clientId=consumer-tomge-consumer-group-1, groupId=tomge-consumer-group] Group coordinator localhost:9092 (id: 2147483647 rack: null) is unavailable or invalid due to cause: session timed out without receiving a heartbeat response. isDisconnected: false. Rediscovery will be attempted.
2025-03-24 16:34:30.078 [kafka-coordinator-heartbeat-thread | tomge-consumer-group] INFO  org.apache.kafka.clients.consumer.internals.ConsumerCoordinator - [Consumer clientId=consumer-tomge-consumer-group-1, groupId=tomge-consumer-group] Requesting disconnect from last known coordinator localhost:9092 (id: 2147483647 rack: null)
2025-03-24 16:34:30.079 [kafka-coordinator-heartbeat-thread | tomge-consumer-group] INFO  org.apache.kafka.clients.NetworkClient - [Consumer clientId=consumer-tomge-consumer-group-1, groupId=tomge-consumer-group] Client requested disconnect from node 2147483647
2025-03-24 16:34:30.088 [org.springframework.kafka.KafkaListenerEndpointContainer#0-0-C-1] INFO  org.apache.kafka.clients.consumer.internals.ConsumerCoordinator - [Consumer clientId=consumer-tomge-consumer-group-1, groupId=tomge-consumer-group] Discovered group coordinator localhost:9092 (id: 2147483647 rack: null)
2025-03-24 16:34:30.088 [org.springframework.kafka.KafkaListenerEndpointContainer#0-0-C-1] INFO  org.apache.kafka.clients.consumer.internals.ConsumerCoordinator - [Consumer clientId=consumer-tomge-consumer-group-1, groupId=tomge-consumer-group] Group coordinator localhost:9092 (id: 2147483647 rack: null) is unavailable or invalid due to cause: coordinator unavailable. isDisconnected: false. Rediscovery will be attempted.
2025-03-24 16:34:30.088 [org.springframework.kafka.KafkaListenerEndpointContainer#0-0-C-1] INFO  org.apache.kafka.clients.consumer.internals.ConsumerCoordinator - [Consumer clientId=consumer-tomge-consumer-group-1, groupId=tomge-consumer-group] Requesting disconnect from last known coordinator localhost:9092 (id: 2147483647 rack: null)
2025-03-24 16:34:30.188 [org.springframework.kafka.KafkaListenerEndpointContainer#0-0-C-1] INFO  org.apache.kafka.clients.consumer.internals.ConsumerCoordinator - [Consumer clientId=consumer-tomge-consumer-group-1, groupId=tomge-consumer-group] Discovered group coordinator localhost:9092 (id: 2147483647 rack: null)
2025-03-24 16:34:32.955 [HikariPool-1 housekeeper] WARN  com.zaxxer.hikari.pool.HikariPool - HikariPool-1 - Thread starvation or clock leap detected (housekeeper delta=5m3s740ms).
2025-03-24 16:35:34.475 [org.springframework.kafka.KafkaListenerEndpointContainer#0-0-C-1] INFO  com.test.testboot.kafkaservice.ConsumerService - Received message: 903
2025-03-24 16:39:32.792 [org.springframework.kafka.KafkaListenerEndpointContainer#0-0-C-1] INFO  org.apache.kafka.clients.consumer.internals.ConsumerRebalanceListenerInvoker - [Consumer clientId=consumer-tomge-consumer-group-1, groupId=tomge-consumer-group] Revoke previously assigned partitions testtopic-0
2025-03-24 16:39:32.793 [org.springframework.kafka.KafkaListenerEndpointContainer#0-0-C-1] INFO  org.apache.kafka.clients.consumer.internals.ConsumerCoordinator - [Consumer clientId=consumer-tomge-consumer-group-1, groupId=tomge-consumer-group] Member consumer-tomge-consumer-group-1-0bd13408-9c21-4578-8df4-03cc854f064f sending LeaveGroup request to coordinator localhost:9092 (id: 2147483647 rack: null) due to the consumer unsubscribed from all topics
2025-03-24 16:39:32.793 [org.springframework.kafka.KafkaListenerEndpointContainer#0-0-C-1] INFO  org.apache.kafka.clients.consumer.internals.ConsumerCoordinator - [Consumer clientId=consumer-tomge-consumer-group-1, groupId=tomge-consumer-group] Resetting generation and member id due to: consumer pro-actively leaving the group
2025-03-24 16:39:32.793 [org.springframework.kafka.KafkaListenerEndpointContainer#0-0-C-1] INFO  org.apache.kafka.clients.consumer.internals.ConsumerCoordinator - [Consumer clientId=consumer-tomge-consumer-group-1, groupId=tomge-consumer-group] Request joining group due to: consumer pro-actively leaving the group
2025-03-24 16:39:32.793 [org.springframework.kafka.KafkaListenerEndpointContainer#0-0-C-1] INFO  org.apache.kafka.clients.consumer.internals.LegacyKafkaConsumer - [Consumer clientId=consumer-tomge-consumer-group-1, groupId=tomge-consumer-group] Unsubscribed all topics or patterns and assigned partitions
2025-03-24 16:39:32.794 [org.springframework.kafka.KafkaListenerEndpointContainer#0-0-C-1] INFO  org.apache.kafka.clients.consumer.internals.ConsumerCoordinator - [Consumer clientId=consumer-tomge-consumer-group-1, groupId=tomge-consumer-group] Resetting generation and member id due to: consumer pro-actively leaving the group
2025-03-24 16:39:32.795 [org.springframework.kafka.KafkaListenerEndpointContainer#0-0-C-1] INFO  org.apache.kafka.clients.consumer.internals.ConsumerCoordinator - [Consumer clientId=consumer-tomge-consumer-group-1, groupId=tomge-consumer-group] Request joining group due to: consumer pro-actively leaving the group
2025-03-24 16:39:32.992 [org.springframework.kafka.KafkaListenerEndpointContainer#0-0-C-1] INFO  org.apache.kafka.common.metrics.Metrics - Metrics scheduler closed
2025-03-24 16:39:32.992 [org.springframework.kafka.KafkaListenerEndpointContainer#0-0-C-1] INFO  org.apache.kafka.common.metrics.Metrics - Closing reporter org.apache.kafka.common.metrics.JmxReporter
2025-03-24 16:39:32.992 [org.springframework.kafka.KafkaListenerEndpointContainer#0-0-C-1] INFO  org.apache.kafka.common.metrics.Metrics - Closing reporter org.apache.kafka.common.telemetry.internals.ClientTelemetryReporter
2025-03-24 16:39:32.993 [org.springframework.kafka.KafkaListenerEndpointContainer#0-0-C-1] INFO  org.apache.kafka.common.metrics.Metrics - Metrics reporters closed
2025-03-24 16:39:32.996 [org.springframework.kafka.KafkaListenerEndpointContainer#0-0-C-1] INFO  org.apache.kafka.common.utils.AppInfoParser - App info kafka.consumer for consumer-tomge-consumer-group-1 unregistered
2025-03-24 16:39:33.019 [SpringApplicationShutdownHook] INFO  org.apache.kafka.clients.producer.KafkaProducer - [Producer clientId=testspringboot-producer-1] Closing the Kafka producer with timeoutMillis = 30000 ms.
2025-03-24 16:39:33.021 [SpringApplicationShutdownHook] INFO  org.apache.kafka.common.metrics.Metrics - Metrics scheduler closed
2025-03-24 16:39:33.021 [SpringApplicationShutdownHook] INFO  org.apache.kafka.common.metrics.Metrics - Closing reporter org.apache.kafka.common.metrics.JmxReporter
2025-03-24 16:39:33.021 [SpringApplicationShutdownHook] INFO  org.apache.kafka.common.metrics.Metrics - Closing reporter org.apache.kafka.common.telemetry.internals.ClientTelemetryReporter
2025-03-24 16:39:33.022 [SpringApplicationShutdownHook] INFO  org.apache.kafka.common.metrics.Metrics - Metrics reporters closed
2025-03-24 16:39:33.022 [SpringApplicationShutdownHook] INFO  org.apache.kafka.common.utils.AppInfoParser - App info kafka.producer for testspringboot-producer-1 unregistered
2025-03-24 16:39:33.028 [SpringApplicationShutdownHook] INFO  com.zaxxer.hikari.HikariDataSource - HikariPool-1 - Shutdown initiated...
2025-03-24 16:39:33.029 [SpringApplicationShutdownHook] INFO  com.zaxxer.hikari.HikariDataSource - HikariPool-1 - Shutdown completed.
2025-03-24 16:39:36.595 [main] INFO  com.test.testboot.TestbootApplication - Starting TestbootApplication using Java 23.0.2 with PID 9162 (/Users/zhaoxin/Documents/GitHub/testboot/target/classes started by zhaoxin in /Users/zhaoxin/Documents/GitHub/testboot)
2025-03-24 16:39:36.597 [main] INFO  com.test.testboot.TestbootApplication - No active profile set, falling back to 1 default profile: "default"
2025-03-24 16:39:37.104 [main] INFO  org.apache.coyote.http11.Http11NioProtocol - Initializing ProtocolHandler ["http-nio-9090"]
2025-03-24 16:39:37.104 [main] INFO  org.apache.catalina.core.StandardService - Starting service [Tomcat]
2025-03-24 16:39:37.105 [main] INFO  org.apache.catalina.core.StandardEngine - Starting Servlet engine: [Apache Tomcat/10.1.36]
2025-03-24 16:39:37.120 [main] INFO  org.apache.catalina.core.ContainerBase.[Tomcat].[localhost].[/] - Initializing Spring embedded WebApplicationContext
2025-03-24 16:39:37.596 [main] INFO  org.apache.coyote.http11.Http11NioProtocol - Starting ProtocolHandler ["http-nio-9090"]
2025-03-24 16:39:37.618 [main] INFO  org.apache.kafka.clients.consumer.ConsumerConfig - ConsumerConfig values: 
	allow.auto.create.topics = true
	auto.commit.interval.ms = 5000
	auto.include.jmx.reporter = true
	auto.offset.reset = latest
	bootstrap.servers = [localhost:9092]
	check.crcs = true
	client.dns.lookup = use_all_dns_ips
	client.id = consumer-tomge-consumer-group-1
	client.rack = 
	connections.max.idle.ms = 540000
	default.api.timeout.ms = 60000
	enable.auto.commit = false
	enable.metrics.push = true
	exclude.internal.topics = true
	fetch.max.bytes = 52428800
	fetch.max.wait.ms = 500
	fetch.min.bytes = 1
	group.id = tomge-consumer-group
	group.instance.id = null
	group.protocol = classic
	group.remote.assignor = null
	heartbeat.interval.ms = 3000
	interceptor.classes = []
	internal.leave.group.on.close = true
	internal.throw.on.fetch.stable.offset.unsupported = false
	isolation.level = read_uncommitted
	key.deserializer = class org.apache.kafka.common.serialization.StringDeserializer
	max.partition.fetch.bytes = 1048576
	max.poll.interval.ms = 300000
	max.poll.records = 500
	metadata.max.age.ms = 300000
	metric.reporters = []
	metrics.num.samples = 2
	metrics.recording.level = INFO
	metrics.sample.window.ms = 30000
	partition.assignment.strategy = [class org.apache.kafka.clients.consumer.RangeAssignor, class org.apache.kafka.clients.consumer.CooperativeStickyAssignor]
	receive.buffer.bytes = 65536
	reconnect.backoff.max.ms = 1000
	reconnect.backoff.ms = 50
	request.timeout.ms = 30000
	retry.backoff.max.ms = 1000
	retry.backoff.ms = 100
	sasl.client.callback.handler.class = null
	sasl.jaas.config = null
	sasl.kerberos.kinit.cmd = /usr/bin/kinit
	sasl.kerberos.min.time.before.relogin = 60000
	sasl.kerberos.service.name = null
	sasl.kerberos.ticket.renew.jitter = 0.05
	sasl.kerberos.ticket.renew.window.factor = 0.8
	sasl.login.callback.handler.class = null
	sasl.login.class = null
	sasl.login.connect.timeout.ms = null
	sasl.login.read.timeout.ms = null
	sasl.login.refresh.buffer.seconds = 300
	sasl.login.refresh.min.period.seconds = 60
	sasl.login.refresh.window.factor = 0.8
	sasl.login.refresh.window.jitter = 0.05
	sasl.login.retry.backoff.max.ms = 10000
	sasl.login.retry.backoff.ms = 100
	sasl.mechanism = GSSAPI
	sasl.oauthbearer.clock.skew.seconds = 30
	sasl.oauthbearer.expected.audience = null
	sasl.oauthbearer.expected.issuer = null
	sasl.oauthbearer.jwks.endpoint.refresh.ms = 3600000
	sasl.oauthbearer.jwks.endpoint.retry.backoff.max.ms = 10000
	sasl.oauthbearer.jwks.endpoint.retry.backoff.ms = 100
	sasl.oauthbearer.jwks.endpoint.url = null
	sasl.oauthbearer.scope.claim.name = scope
	sasl.oauthbearer.sub.claim.name = sub
	sasl.oauthbearer.token.endpoint.url = null
	security.protocol = PLAINTEXT
	security.providers = null
	send.buffer.bytes = 131072
	session.timeout.ms = 45000
	socket.connection.setup.timeout.max.ms = 30000
	socket.connection.setup.timeout.ms = 10000
	ssl.cipher.suites = null
	ssl.enabled.protocols = [TLSv1.2, TLSv1.3]
	ssl.endpoint.identification.algorithm = https
	ssl.engine.factory.class = null
	ssl.key.password = null
	ssl.keymanager.algorithm = SunX509
	ssl.keystore.certificate.chain = null
	ssl.keystore.key = null
	ssl.keystore.location = null
	ssl.keystore.password = null
	ssl.keystore.type = JKS
	ssl.protocol = TLSv1.3
	ssl.provider = null
	ssl.secure.random.implementation = null
	ssl.trustmanager.algorithm = PKIX
	ssl.truststore.certificates = null
	ssl.truststore.location = null
	ssl.truststore.password = null
	ssl.truststore.type = JKS
	value.deserializer = class org.apache.kafka.common.serialization.StringDeserializer

2025-03-24 16:39:37.640 [main] INFO  org.apache.kafka.common.telemetry.internals.KafkaMetricsCollector - initializing Kafka metrics collector
2025-03-24 16:39:37.668 [main] INFO  org.apache.kafka.common.utils.AppInfoParser - Kafka version: 3.7.2
2025-03-24 16:39:37.668 [main] INFO  org.apache.kafka.common.utils.AppInfoParser - Kafka commitId: 79a8f2b5f44f9d5a
2025-03-24 16:39:37.668 [main] INFO  org.apache.kafka.common.utils.AppInfoParser - Kafka startTimeMs: 1742805577667
2025-03-24 16:39:37.670 [main] INFO  org.apache.kafka.clients.consumer.internals.LegacyKafkaConsumer - [Consumer clientId=consumer-tomge-consumer-group-1, groupId=tomge-consumer-group] Subscribed to topic(s): testtopic
2025-03-24 16:39:37.676 [main] INFO  com.test.testboot.TestbootApplication - Started TestbootApplication in 1.289 seconds (process running for 1.527)
2025-03-24 16:39:37.781 [org.springframework.kafka.KafkaListenerEndpointContainer#0-0-C-1] INFO  org.apache.kafka.clients.Metadata - [Consumer clientId=consumer-tomge-consumer-group-1, groupId=tomge-consumer-group] Cluster ID: 55v202dzTXeo6Uf5cKQwuw
2025-03-24 16:39:37.782 [org.springframework.kafka.KafkaListenerEndpointContainer#0-0-C-1] INFO  org.apache.kafka.clients.consumer.internals.ConsumerCoordinator - [Consumer clientId=consumer-tomge-consumer-group-1, groupId=tomge-consumer-group] Discovered group coordinator localhost:9092 (id: 2147483647 rack: null)
2025-03-24 16:39:37.782 [org.springframework.kafka.KafkaListenerEndpointContainer#0-0-C-1] INFO  org.apache.kafka.clients.consumer.internals.ConsumerCoordinator - [Consumer clientId=consumer-tomge-consumer-group-1, groupId=tomge-consumer-group] (Re-)joining group
2025-03-24 16:39:37.788 [org.springframework.kafka.KafkaListenerEndpointContainer#0-0-C-1] INFO  org.apache.kafka.clients.consumer.internals.ConsumerCoordinator - [Consumer clientId=consumer-tomge-consumer-group-1, groupId=tomge-consumer-group] Request joining group due to: need to re-join with the given member-id: consumer-tomge-consumer-group-1-6a52c7df-390f-4fa7-b337-7d277e9b343a
2025-03-24 16:39:37.788 [org.springframework.kafka.KafkaListenerEndpointContainer#0-0-C-1] INFO  org.apache.kafka.clients.consumer.internals.ConsumerCoordinator - [Consumer clientId=consumer-tomge-consumer-group-1, groupId=tomge-consumer-group] (Re-)joining group
2025-03-24 16:39:37.790 [org.springframework.kafka.KafkaListenerEndpointContainer#0-0-C-1] INFO  org.apache.kafka.clients.consumer.internals.ConsumerCoordinator - [Consumer clientId=consumer-tomge-consumer-group-1, groupId=tomge-consumer-group] Successfully joined group with generation Generation{generationId=5, memberId='consumer-tomge-consumer-group-1-6a52c7df-390f-4fa7-b337-7d277e9b343a', protocol='range'}
2025-03-24 16:39:37.792 [org.springframework.kafka.KafkaListenerEndpointContainer#0-0-C-1] INFO  org.apache.kafka.clients.consumer.internals.ConsumerCoordinator - [Consumer clientId=consumer-tomge-consumer-group-1, groupId=tomge-consumer-group] Finished assignment for group at generation 5: {consumer-tomge-consumer-group-1-6a52c7df-390f-4fa7-b337-7d277e9b343a=Assignment(partitions=[testtopic-0])}
2025-03-24 16:39:37.795 [org.springframework.kafka.KafkaListenerEndpointContainer#0-0-C-1] INFO  org.apache.kafka.clients.consumer.internals.ConsumerCoordinator - [Consumer clientId=consumer-tomge-consumer-group-1, groupId=tomge-consumer-group] Successfully synced group in generation Generation{generationId=5, memberId='consumer-tomge-consumer-group-1-6a52c7df-390f-4fa7-b337-7d277e9b343a', protocol='range'}
2025-03-24 16:39:37.795 [org.springframework.kafka.KafkaListenerEndpointContainer#0-0-C-1] INFO  org.apache.kafka.clients.consumer.internals.ConsumerCoordinator - [Consumer clientId=consumer-tomge-consumer-group-1, groupId=tomge-consumer-group] Notifying assignor about the new Assignment(partitions=[testtopic-0])
2025-03-24 16:39:37.796 [org.springframework.kafka.KafkaListenerEndpointContainer#0-0-C-1] INFO  org.apache.kafka.clients.consumer.internals.ConsumerRebalanceListenerInvoker - [Consumer clientId=consumer-tomge-consumer-group-1, groupId=tomge-consumer-group] Adding newly assigned partitions: testtopic-0
2025-03-24 16:39:37.800 [org.springframework.kafka.KafkaListenerEndpointContainer#0-0-C-1] INFO  org.apache.kafka.clients.consumer.internals.ConsumerUtils - Setting offset for partition testtopic-0 to the committed offset FetchPosition{offset=15, offsetEpoch=Optional.empty, currentLeader=LeaderAndEpoch{leader=Optional[localhost:9092 (id: 0 rack: null)], epoch=0}}
2025-03-24 16:39:45.600 [http-nio-9090-exec-2] INFO  org.apache.catalina.core.ContainerBase.[Tomcat].[localhost].[/] - Initializing Spring DispatcherServlet 'dispatcherServlet'
2025-03-24 16:39:45.632 [http-nio-9090-exec-2] INFO  org.apache.kafka.clients.producer.ProducerConfig - ProducerConfig values: 
	acks = -1
	auto.include.jmx.reporter = true
	batch.size = 16384
	bootstrap.servers = [localhost:9092]
	buffer.memory = 33554432
	client.dns.lookup = use_all_dns_ips
	client.id = testspringboot-producer-1
	compression.type = none
	connections.max.idle.ms = 540000
	delivery.timeout.ms = 120000
	enable.idempotence = true
	enable.metrics.push = true
	interceptor.classes = []
	key.serializer = class org.apache.kafka.common.serialization.StringSerializer
	linger.ms = 0
	max.block.ms = 60000
	max.in.flight.requests.per.connection = 5
	max.request.size = 1048576
	metadata.max.age.ms = 300000
	metadata.max.idle.ms = 300000
	metric.reporters = []
	metrics.num.samples = 2
	metrics.recording.level = INFO
	metrics.sample.window.ms = 30000
	partitioner.adaptive.partitioning.enable = true
	partitioner.availability.timeout.ms = 0
	partitioner.class = null
	partitioner.ignore.keys = false
	receive.buffer.bytes = 32768
	reconnect.backoff.max.ms = 1000
	reconnect.backoff.ms = 50
	request.timeout.ms = 30000
	retries = 3
	retry.backoff.max.ms = 1000
	retry.backoff.ms = 100
	sasl.client.callback.handler.class = null
	sasl.jaas.config = null
	sasl.kerberos.kinit.cmd = /usr/bin/kinit
	sasl.kerberos.min.time.before.relogin = 60000
	sasl.kerberos.service.name = null
	sasl.kerberos.ticket.renew.jitter = 0.05
	sasl.kerberos.ticket.renew.window.factor = 0.8
	sasl.login.callback.handler.class = null
	sasl.login.class = null
	sasl.login.connect.timeout.ms = null
	sasl.login.read.timeout.ms = null
	sasl.login.refresh.buffer.seconds = 300
	sasl.login.refresh.min.period.seconds = 60
	sasl.login.refresh.window.factor = 0.8
	sasl.login.refresh.window.jitter = 0.05
	sasl.login.retry.backoff.max.ms = 10000
	sasl.login.retry.backoff.ms = 100
	sasl.mechanism = GSSAPI
	sasl.oauthbearer.clock.skew.seconds = 30
	sasl.oauthbearer.expected.audience = null
	sasl.oauthbearer.expected.issuer = null
	sasl.oauthbearer.jwks.endpoint.refresh.ms = 3600000
	sasl.oauthbearer.jwks.endpoint.retry.backoff.max.ms = 10000
	sasl.oauthbearer.jwks.endpoint.retry.backoff.ms = 100
	sasl.oauthbearer.jwks.endpoint.url = null
	sasl.oauthbearer.scope.claim.name = scope
	sasl.oauthbearer.sub.claim.name = sub
	sasl.oauthbearer.token.endpoint.url = null
	security.protocol = PLAINTEXT
	security.providers = null
	send.buffer.bytes = 131072
	socket.connection.setup.timeout.max.ms = 30000
	socket.connection.setup.timeout.ms = 10000
	ssl.cipher.suites = null
	ssl.enabled.protocols = [TLSv1.2, TLSv1.3]
	ssl.endpoint.identification.algorithm = https
	ssl.engine.factory.class = null
	ssl.key.password = null
	ssl.keymanager.algorithm = SunX509
	ssl.keystore.certificate.chain = null
	ssl.keystore.key = null
	ssl.keystore.location = null
	ssl.keystore.password = null
	ssl.keystore.type = JKS
	ssl.protocol = TLSv1.3
	ssl.provider = null
	ssl.secure.random.implementation = null
	ssl.trustmanager.algorithm = PKIX
	ssl.truststore.certificates = null
	ssl.truststore.location = null
	ssl.truststore.password = null
	ssl.truststore.type = JKS
	transaction.timeout.ms = 60000
	transactional.id = null
	value.serializer = class org.apache.kafka.common.serialization.StringSerializer

2025-03-24 16:39:45.633 [http-nio-9090-exec-2] INFO  org.apache.kafka.common.telemetry.internals.KafkaMetricsCollector - initializing Kafka metrics collector
2025-03-24 16:39:45.636 [http-nio-9090-exec-2] INFO  org.apache.kafka.clients.producer.KafkaProducer - [Producer clientId=testspringboot-producer-1] Instantiated an idempotent producer.
2025-03-24 16:39:45.642 [http-nio-9090-exec-2] INFO  org.apache.kafka.common.utils.AppInfoParser - Kafka version: 3.7.2
2025-03-24 16:39:45.642 [http-nio-9090-exec-2] INFO  org.apache.kafka.common.utils.AppInfoParser - Kafka commitId: 79a8f2b5f44f9d5a
2025-03-24 16:39:45.642 [http-nio-9090-exec-2] INFO  org.apache.kafka.common.utils.AppInfoParser - Kafka startTimeMs: 1742805585642
2025-03-24 16:39:45.645 [kafka-producer-network-thread | testspringboot-producer-1] INFO  org.apache.kafka.clients.Metadata - [Producer clientId=testspringboot-producer-1] Cluster ID: 55v202dzTXeo6Uf5cKQwuw
2025-03-24 16:39:45.646 [kafka-producer-network-thread | testspringboot-producer-1] INFO  org.apache.kafka.clients.producer.internals.TransactionManager - [Producer clientId=testspringboot-producer-1] ProducerId set to 1002 with epoch 0
2025-03-24 16:39:45.663 [org.springframework.kafka.KafkaListenerEndpointContainer#0-0-C-1] INFO  com.test.testboot.kafkaservice.ConsumerService - Received message: 903
2025-03-24 16:39:45.672 [org.springframework.kafka.KafkaListenerEndpointContainer#0-0-C-1] INFO  com.zaxxer.hikari.HikariDataSource - HikariPool-1 - Starting...
2025-03-24 16:39:45.741 [org.springframework.kafka.KafkaListenerEndpointContainer#0-0-C-1] INFO  com.zaxxer.hikari.pool.HikariPool - HikariPool-1 - Added connection com.mysql.cj.jdbc.ConnectionImpl@4b19befa
2025-03-24 16:39:45.741 [org.springframework.kafka.KafkaListenerEndpointContainer#0-0-C-1] INFO  com.zaxxer.hikari.HikariDataSource - HikariPool-1 - Start completed.
2025-03-24 16:47:28.524 [org.springframework.kafka.KafkaListenerEndpointContainer#0-0-C-1] INFO  org.apache.kafka.clients.consumer.internals.ConsumerRebalanceListenerInvoker - [Consumer clientId=consumer-tomge-consumer-group-1, groupId=tomge-consumer-group] Revoke previously assigned partitions testtopic-0
2025-03-24 16:47:28.524 [org.springframework.kafka.KafkaListenerEndpointContainer#0-0-C-1] INFO  org.apache.kafka.clients.consumer.internals.ConsumerCoordinator - [Consumer clientId=consumer-tomge-consumer-group-1, groupId=tomge-consumer-group] Member consumer-tomge-consumer-group-1-6a52c7df-390f-4fa7-b337-7d277e9b343a sending LeaveGroup request to coordinator localhost:9092 (id: 2147483647 rack: null) due to the consumer unsubscribed from all topics
2025-03-24 16:47:28.525 [org.springframework.kafka.KafkaListenerEndpointContainer#0-0-C-1] INFO  org.apache.kafka.clients.consumer.internals.ConsumerCoordinator - [Consumer clientId=consumer-tomge-consumer-group-1, groupId=tomge-consumer-group] Resetting generation and member id due to: consumer pro-actively leaving the group
2025-03-24 16:47:28.525 [org.springframework.kafka.KafkaListenerEndpointContainer#0-0-C-1] INFO  org.apache.kafka.clients.consumer.internals.ConsumerCoordinator - [Consumer clientId=consumer-tomge-consumer-group-1, groupId=tomge-consumer-group] Request joining group due to: consumer pro-actively leaving the group
2025-03-24 16:47:28.525 [org.springframework.kafka.KafkaListenerEndpointContainer#0-0-C-1] INFO  org.apache.kafka.clients.consumer.internals.LegacyKafkaConsumer - [Consumer clientId=consumer-tomge-consumer-group-1, groupId=tomge-consumer-group] Unsubscribed all topics or patterns and assigned partitions
2025-03-24 16:47:28.526 [org.springframework.kafka.KafkaListenerEndpointContainer#0-0-C-1] INFO  org.apache.kafka.clients.consumer.internals.ConsumerCoordinator - [Consumer clientId=consumer-tomge-consumer-group-1, groupId=tomge-consumer-group] Resetting generation and member id due to: consumer pro-actively leaving the group
2025-03-24 16:47:28.526 [org.springframework.kafka.KafkaListenerEndpointContainer#0-0-C-1] INFO  org.apache.kafka.clients.consumer.internals.ConsumerCoordinator - [Consumer clientId=consumer-tomge-consumer-group-1, groupId=tomge-consumer-group] Request joining group due to: consumer pro-actively leaving the group
2025-03-24 16:47:28.810 [org.springframework.kafka.KafkaListenerEndpointContainer#0-0-C-1] INFO  org.apache.kafka.common.metrics.Metrics - Metrics scheduler closed
2025-03-24 16:47:28.810 [org.springframework.kafka.KafkaListenerEndpointContainer#0-0-C-1] INFO  org.apache.kafka.common.metrics.Metrics - Closing reporter org.apache.kafka.common.metrics.JmxReporter
2025-03-24 16:47:28.810 [org.springframework.kafka.KafkaListenerEndpointContainer#0-0-C-1] INFO  org.apache.kafka.common.metrics.Metrics - Closing reporter org.apache.kafka.common.telemetry.internals.ClientTelemetryReporter
2025-03-24 16:47:28.810 [org.springframework.kafka.KafkaListenerEndpointContainer#0-0-C-1] INFO  org.apache.kafka.common.metrics.Metrics - Metrics reporters closed
2025-03-24 16:47:28.813 [org.springframework.kafka.KafkaListenerEndpointContainer#0-0-C-1] INFO  org.apache.kafka.common.utils.AppInfoParser - App info kafka.consumer for consumer-tomge-consumer-group-1 unregistered
2025-03-24 16:47:28.822 [SpringApplicationShutdownHook] INFO  org.apache.kafka.clients.producer.KafkaProducer - [Producer clientId=testspringboot-producer-1] Closing the Kafka producer with timeoutMillis = 30000 ms.
2025-03-24 16:47:28.823 [SpringApplicationShutdownHook] INFO  org.apache.kafka.common.metrics.Metrics - Metrics scheduler closed
2025-03-24 16:47:28.824 [SpringApplicationShutdownHook] INFO  org.apache.kafka.common.metrics.Metrics - Closing reporter org.apache.kafka.common.metrics.JmxReporter
2025-03-24 16:47:28.824 [SpringApplicationShutdownHook] INFO  org.apache.kafka.common.metrics.Metrics - Closing reporter org.apache.kafka.common.telemetry.internals.ClientTelemetryReporter
2025-03-24 16:47:28.824 [SpringApplicationShutdownHook] INFO  org.apache.kafka.common.metrics.Metrics - Metrics reporters closed
2025-03-24 16:47:28.824 [SpringApplicationShutdownHook] INFO  org.apache.kafka.common.utils.AppInfoParser - App info kafka.producer for testspringboot-producer-1 unregistered
2025-03-24 16:47:28.828 [SpringApplicationShutdownHook] INFO  com.zaxxer.hikari.HikariDataSource - HikariPool-1 - Shutdown initiated...
2025-03-24 16:47:28.831 [SpringApplicationShutdownHook] INFO  com.zaxxer.hikari.HikariDataSource - HikariPool-1 - Shutdown completed.
2025-03-24 16:47:31.527 [main] INFO  com.test.testboot.TestbootApplication - Starting TestbootApplication using Java 23.0.2 with PID 9246 (/Users/zhaoxin/Documents/GitHub/testboot/target/classes started by zhaoxin in /Users/zhaoxin/Documents/GitHub/testboot)
2025-03-24 16:47:31.529 [main] INFO  com.test.testboot.TestbootApplication - No active profile set, falling back to 1 default profile: "default"
2025-03-24 16:47:32.065 [main] INFO  org.apache.coyote.http11.Http11NioProtocol - Initializing ProtocolHandler ["http-nio-9090"]
2025-03-24 16:47:32.065 [main] INFO  org.apache.catalina.core.StandardService - Starting service [Tomcat]
2025-03-24 16:47:32.065 [main] INFO  org.apache.catalina.core.StandardEngine - Starting Servlet engine: [Apache Tomcat/10.1.36]
2025-03-24 16:47:32.083 [main] INFO  org.apache.catalina.core.ContainerBase.[Tomcat].[localhost].[/] - Initializing Spring embedded WebApplicationContext
2025-03-24 16:47:32.526 [main] INFO  org.apache.coyote.http11.Http11NioProtocol - Starting ProtocolHandler ["http-nio-9090"]
2025-03-24 16:47:32.549 [main] INFO  org.apache.kafka.clients.consumer.ConsumerConfig - ConsumerConfig values: 
	allow.auto.create.topics = true
	auto.commit.interval.ms = 5000
	auto.include.jmx.reporter = true
	auto.offset.reset = latest
	bootstrap.servers = [localhost:9092]
	check.crcs = true
	client.dns.lookup = use_all_dns_ips
	client.id = consumer-tomge-consumer-group-1
	client.rack = 
	connections.max.idle.ms = 540000
	default.api.timeout.ms = 60000
	enable.auto.commit = false
	enable.metrics.push = true
	exclude.internal.topics = true
	fetch.max.bytes = 52428800
	fetch.max.wait.ms = 500
	fetch.min.bytes = 1
	group.id = tomge-consumer-group
	group.instance.id = null
	group.protocol = classic
	group.remote.assignor = null
	heartbeat.interval.ms = 3000
	interceptor.classes = []
	internal.leave.group.on.close = true
	internal.throw.on.fetch.stable.offset.unsupported = false
	isolation.level = read_uncommitted
	key.deserializer = class org.apache.kafka.common.serialization.StringDeserializer
	max.partition.fetch.bytes = 1048576
	max.poll.interval.ms = 300000
	max.poll.records = 500
	metadata.max.age.ms = 300000
	metric.reporters = []
	metrics.num.samples = 2
	metrics.recording.level = INFO
	metrics.sample.window.ms = 30000
	partition.assignment.strategy = [class org.apache.kafka.clients.consumer.RangeAssignor, class org.apache.kafka.clients.consumer.CooperativeStickyAssignor]
	receive.buffer.bytes = 65536
	reconnect.backoff.max.ms = 1000
	reconnect.backoff.ms = 50
	request.timeout.ms = 30000
	retry.backoff.max.ms = 1000
	retry.backoff.ms = 100
	sasl.client.callback.handler.class = null
	sasl.jaas.config = null
	sasl.kerberos.kinit.cmd = /usr/bin/kinit
	sasl.kerberos.min.time.before.relogin = 60000
	sasl.kerberos.service.name = null
	sasl.kerberos.ticket.renew.jitter = 0.05
	sasl.kerberos.ticket.renew.window.factor = 0.8
	sasl.login.callback.handler.class = null
	sasl.login.class = null
	sasl.login.connect.timeout.ms = null
	sasl.login.read.timeout.ms = null
	sasl.login.refresh.buffer.seconds = 300
	sasl.login.refresh.min.period.seconds = 60
	sasl.login.refresh.window.factor = 0.8
	sasl.login.refresh.window.jitter = 0.05
	sasl.login.retry.backoff.max.ms = 10000
	sasl.login.retry.backoff.ms = 100
	sasl.mechanism = GSSAPI
	sasl.oauthbearer.clock.skew.seconds = 30
	sasl.oauthbearer.expected.audience = null
	sasl.oauthbearer.expected.issuer = null
	sasl.oauthbearer.jwks.endpoint.refresh.ms = 3600000
	sasl.oauthbearer.jwks.endpoint.retry.backoff.max.ms = 10000
	sasl.oauthbearer.jwks.endpoint.retry.backoff.ms = 100
	sasl.oauthbearer.jwks.endpoint.url = null
	sasl.oauthbearer.scope.claim.name = scope
	sasl.oauthbearer.sub.claim.name = sub
	sasl.oauthbearer.token.endpoint.url = null
	security.protocol = PLAINTEXT
	security.providers = null
	send.buffer.bytes = 131072
	session.timeout.ms = 45000
	socket.connection.setup.timeout.max.ms = 30000
	socket.connection.setup.timeout.ms = 10000
	ssl.cipher.suites = null
	ssl.enabled.protocols = [TLSv1.2, TLSv1.3]
	ssl.endpoint.identification.algorithm = https
	ssl.engine.factory.class = null
	ssl.key.password = null
	ssl.keymanager.algorithm = SunX509
	ssl.keystore.certificate.chain = null
	ssl.keystore.key = null
	ssl.keystore.location = null
	ssl.keystore.password = null
	ssl.keystore.type = JKS
	ssl.protocol = TLSv1.3
	ssl.provider = null
	ssl.secure.random.implementation = null
	ssl.trustmanager.algorithm = PKIX
	ssl.truststore.certificates = null
	ssl.truststore.location = null
	ssl.truststore.password = null
	ssl.truststore.type = JKS
	value.deserializer = class org.apache.kafka.common.serialization.StringDeserializer

2025-03-24 16:47:32.567 [main] INFO  org.apache.kafka.common.telemetry.internals.KafkaMetricsCollector - initializing Kafka metrics collector
2025-03-24 16:47:32.594 [main] INFO  org.apache.kafka.common.utils.AppInfoParser - Kafka version: 3.7.2
2025-03-24 16:47:32.595 [main] INFO  org.apache.kafka.common.utils.AppInfoParser - Kafka commitId: 79a8f2b5f44f9d5a
2025-03-24 16:47:32.595 [main] INFO  org.apache.kafka.common.utils.AppInfoParser - Kafka startTimeMs: 1742806052594
2025-03-24 16:47:32.596 [main] INFO  org.apache.kafka.clients.consumer.internals.LegacyKafkaConsumer - [Consumer clientId=consumer-tomge-consumer-group-1, groupId=tomge-consumer-group] Subscribed to topic(s): testtopic
2025-03-24 16:47:32.603 [main] INFO  com.test.testboot.TestbootApplication - Started TestbootApplication in 1.283 seconds (process running for 1.526)
2025-03-24 16:47:32.708 [org.springframework.kafka.KafkaListenerEndpointContainer#0-0-C-1] INFO  org.apache.kafka.clients.Metadata - [Consumer clientId=consumer-tomge-consumer-group-1, groupId=tomge-consumer-group] Cluster ID: 55v202dzTXeo6Uf5cKQwuw
2025-03-24 16:47:32.708 [org.springframework.kafka.KafkaListenerEndpointContainer#0-0-C-1] INFO  org.apache.kafka.clients.consumer.internals.ConsumerCoordinator - [Consumer clientId=consumer-tomge-consumer-group-1, groupId=tomge-consumer-group] Discovered group coordinator localhost:9092 (id: 2147483647 rack: null)
2025-03-24 16:47:32.709 [org.springframework.kafka.KafkaListenerEndpointContainer#0-0-C-1] INFO  org.apache.kafka.clients.consumer.internals.ConsumerCoordinator - [Consumer clientId=consumer-tomge-consumer-group-1, groupId=tomge-consumer-group] (Re-)joining group
2025-03-24 16:47:32.715 [org.springframework.kafka.KafkaListenerEndpointContainer#0-0-C-1] INFO  org.apache.kafka.clients.consumer.internals.ConsumerCoordinator - [Consumer clientId=consumer-tomge-consumer-group-1, groupId=tomge-consumer-group] Request joining group due to: need to re-join with the given member-id: consumer-tomge-consumer-group-1-994b9f42-669b-4829-a784-e72ab2cbae13
2025-03-24 16:47:32.715 [org.springframework.kafka.KafkaListenerEndpointContainer#0-0-C-1] INFO  org.apache.kafka.clients.consumer.internals.ConsumerCoordinator - [Consumer clientId=consumer-tomge-consumer-group-1, groupId=tomge-consumer-group] (Re-)joining group
2025-03-24 16:47:32.716 [org.springframework.kafka.KafkaListenerEndpointContainer#0-0-C-1] INFO  org.apache.kafka.clients.consumer.internals.ConsumerCoordinator - [Consumer clientId=consumer-tomge-consumer-group-1, groupId=tomge-consumer-group] Successfully joined group with generation Generation{generationId=7, memberId='consumer-tomge-consumer-group-1-994b9f42-669b-4829-a784-e72ab2cbae13', protocol='range'}
2025-03-24 16:47:32.718 [org.springframework.kafka.KafkaListenerEndpointContainer#0-0-C-1] INFO  org.apache.kafka.clients.consumer.internals.ConsumerCoordinator - [Consumer clientId=consumer-tomge-consumer-group-1, groupId=tomge-consumer-group] Finished assignment for group at generation 7: {consumer-tomge-consumer-group-1-994b9f42-669b-4829-a784-e72ab2cbae13=Assignment(partitions=[testtopic-0])}
2025-03-24 16:47:32.722 [org.springframework.kafka.KafkaListenerEndpointContainer#0-0-C-1] INFO  org.apache.kafka.clients.consumer.internals.ConsumerCoordinator - [Consumer clientId=consumer-tomge-consumer-group-1, groupId=tomge-consumer-group] Successfully synced group in generation Generation{generationId=7, memberId='consumer-tomge-consumer-group-1-994b9f42-669b-4829-a784-e72ab2cbae13', protocol='range'}
2025-03-24 16:47:32.722 [org.springframework.kafka.KafkaListenerEndpointContainer#0-0-C-1] INFO  org.apache.kafka.clients.consumer.internals.ConsumerCoordinator - [Consumer clientId=consumer-tomge-consumer-group-1, groupId=tomge-consumer-group] Notifying assignor about the new Assignment(partitions=[testtopic-0])
2025-03-24 16:47:32.722 [org.springframework.kafka.KafkaListenerEndpointContainer#0-0-C-1] INFO  org.apache.kafka.clients.consumer.internals.ConsumerRebalanceListenerInvoker - [Consumer clientId=consumer-tomge-consumer-group-1, groupId=tomge-consumer-group] Adding newly assigned partitions: testtopic-0
2025-03-24 16:47:32.725 [org.springframework.kafka.KafkaListenerEndpointContainer#0-0-C-1] INFO  org.apache.kafka.clients.consumer.internals.ConsumerUtils - Setting offset for partition testtopic-0 to the committed offset FetchPosition{offset=16, offsetEpoch=Optional.empty, currentLeader=LeaderAndEpoch{leader=Optional[localhost:9092 (id: 0 rack: null)], epoch=0}}
2025-03-24 16:47:36.074 [http-nio-9090-exec-2] INFO  org.apache.catalina.core.ContainerBase.[Tomcat].[localhost].[/] - Initializing Spring DispatcherServlet 'dispatcherServlet'
2025-03-24 16:47:36.102 [http-nio-9090-exec-2] INFO  org.apache.kafka.clients.producer.ProducerConfig - ProducerConfig values: 
	acks = -1
	auto.include.jmx.reporter = true
	batch.size = 16384
	bootstrap.servers = [localhost:9092]
	buffer.memory = 33554432
	client.dns.lookup = use_all_dns_ips
	client.id = testspringboot-producer-1
	compression.type = none
	connections.max.idle.ms = 540000
	delivery.timeout.ms = 120000
	enable.idempotence = true
	enable.metrics.push = true
	interceptor.classes = []
	key.serializer = class org.apache.kafka.common.serialization.StringSerializer
	linger.ms = 0
	max.block.ms = 60000
	max.in.flight.requests.per.connection = 5
	max.request.size = 1048576
	metadata.max.age.ms = 300000
	metadata.max.idle.ms = 300000
	metric.reporters = []
	metrics.num.samples = 2
	metrics.recording.level = INFO
	metrics.sample.window.ms = 30000
	partitioner.adaptive.partitioning.enable = true
	partitioner.availability.timeout.ms = 0
	partitioner.class = null
	partitioner.ignore.keys = false
	receive.buffer.bytes = 32768
	reconnect.backoff.max.ms = 1000
	reconnect.backoff.ms = 50
	request.timeout.ms = 30000
	retries = 3
	retry.backoff.max.ms = 1000
	retry.backoff.ms = 100
	sasl.client.callback.handler.class = null
	sasl.jaas.config = null
	sasl.kerberos.kinit.cmd = /usr/bin/kinit
	sasl.kerberos.min.time.before.relogin = 60000
	sasl.kerberos.service.name = null
	sasl.kerberos.ticket.renew.jitter = 0.05
	sasl.kerberos.ticket.renew.window.factor = 0.8
	sasl.login.callback.handler.class = null
	sasl.login.class = null
	sasl.login.connect.timeout.ms = null
	sasl.login.read.timeout.ms = null
	sasl.login.refresh.buffer.seconds = 300
	sasl.login.refresh.min.period.seconds = 60
	sasl.login.refresh.window.factor = 0.8
	sasl.login.refresh.window.jitter = 0.05
	sasl.login.retry.backoff.max.ms = 10000
	sasl.login.retry.backoff.ms = 100
	sasl.mechanism = GSSAPI
	sasl.oauthbearer.clock.skew.seconds = 30
	sasl.oauthbearer.expected.audience = null
	sasl.oauthbearer.expected.issuer = null
	sasl.oauthbearer.jwks.endpoint.refresh.ms = 3600000
	sasl.oauthbearer.jwks.endpoint.retry.backoff.max.ms = 10000
	sasl.oauthbearer.jwks.endpoint.retry.backoff.ms = 100
	sasl.oauthbearer.jwks.endpoint.url = null
	sasl.oauthbearer.scope.claim.name = scope
	sasl.oauthbearer.sub.claim.name = sub
	sasl.oauthbearer.token.endpoint.url = null
	security.protocol = PLAINTEXT
	security.providers = null
	send.buffer.bytes = 131072
	socket.connection.setup.timeout.max.ms = 30000
	socket.connection.setup.timeout.ms = 10000
	ssl.cipher.suites = null
	ssl.enabled.protocols = [TLSv1.2, TLSv1.3]
	ssl.endpoint.identification.algorithm = https
	ssl.engine.factory.class = null
	ssl.key.password = null
	ssl.keymanager.algorithm = SunX509
	ssl.keystore.certificate.chain = null
	ssl.keystore.key = null
	ssl.keystore.location = null
	ssl.keystore.password = null
	ssl.keystore.type = JKS
	ssl.protocol = TLSv1.3
	ssl.provider = null
	ssl.secure.random.implementation = null
	ssl.trustmanager.algorithm = PKIX
	ssl.truststore.certificates = null
	ssl.truststore.location = null
	ssl.truststore.password = null
	ssl.truststore.type = JKS
	transaction.timeout.ms = 60000
	transactional.id = null
	value.serializer = class org.apache.kafka.common.serialization.StringSerializer

2025-03-24 16:47:36.103 [http-nio-9090-exec-2] INFO  org.apache.kafka.common.telemetry.internals.KafkaMetricsCollector - initializing Kafka metrics collector
2025-03-24 16:47:36.106 [http-nio-9090-exec-2] INFO  org.apache.kafka.clients.producer.KafkaProducer - [Producer clientId=testspringboot-producer-1] Instantiated an idempotent producer.
2025-03-24 16:47:36.112 [http-nio-9090-exec-2] INFO  org.apache.kafka.common.utils.AppInfoParser - Kafka version: 3.7.2
2025-03-24 16:47:36.112 [http-nio-9090-exec-2] INFO  org.apache.kafka.common.utils.AppInfoParser - Kafka commitId: 79a8f2b5f44f9d5a
2025-03-24 16:47:36.112 [http-nio-9090-exec-2] INFO  org.apache.kafka.common.utils.AppInfoParser - Kafka startTimeMs: 1742806056112
2025-03-24 16:47:36.116 [kafka-producer-network-thread | testspringboot-producer-1] INFO  org.apache.kafka.clients.Metadata - [Producer clientId=testspringboot-producer-1] Cluster ID: 55v202dzTXeo6Uf5cKQwuw
2025-03-24 16:47:36.116 [kafka-producer-network-thread | testspringboot-producer-1] INFO  org.apache.kafka.clients.producer.internals.TransactionManager - [Producer clientId=testspringboot-producer-1] ProducerId set to 1003 with epoch 0
2025-03-24 16:47:36.130 [http-nio-9090-exec-2] INFO  com.test.testboot.kafkaservice.ProducerService - SendResult [producerRecord=ProducerRecord(topic=testtopic, partition=null, headers=RecordHeaders(headers = [], isReadOnly = true), key=null, value=903, timestamp=null), recordMetadata=testtopic-0@16]
2025-03-24 16:47:36.133 [org.springframework.kafka.KafkaListenerEndpointContainer#0-0-C-1] INFO  com.test.testboot.kafkaservice.ConsumerService - Received message: 903
2025-03-24 16:47:36.140 [org.springframework.kafka.KafkaListenerEndpointContainer#0-0-C-1] INFO  com.zaxxer.hikari.HikariDataSource - HikariPool-1 - Starting...
2025-03-24 16:47:36.207 [org.springframework.kafka.KafkaListenerEndpointContainer#0-0-C-1] INFO  com.zaxxer.hikari.pool.HikariPool - HikariPool-1 - Added connection com.mysql.cj.jdbc.ConnectionImpl@101cd98c
2025-03-24 16:47:36.208 [org.springframework.kafka.KafkaListenerEndpointContainer#0-0-C-1] INFO  com.zaxxer.hikari.HikariDataSource - HikariPool-1 - Start completed.
2025-03-24 16:48:17.290 [org.springframework.kafka.KafkaListenerEndpointContainer#0-0-C-1] INFO  org.apache.kafka.clients.consumer.internals.ConsumerRebalanceListenerInvoker - [Consumer clientId=consumer-tomge-consumer-group-1, groupId=tomge-consumer-group] Revoke previously assigned partitions testtopic-0
2025-03-24 16:48:17.290 [org.springframework.kafka.KafkaListenerEndpointContainer#0-0-C-1] INFO  org.apache.kafka.clients.consumer.internals.ConsumerCoordinator - [Consumer clientId=consumer-tomge-consumer-group-1, groupId=tomge-consumer-group] Member consumer-tomge-consumer-group-1-994b9f42-669b-4829-a784-e72ab2cbae13 sending LeaveGroup request to coordinator localhost:9092 (id: 2147483647 rack: null) due to the consumer unsubscribed from all topics
2025-03-24 16:48:17.291 [org.springframework.kafka.KafkaListenerEndpointContainer#0-0-C-1] INFO  org.apache.kafka.clients.consumer.internals.ConsumerCoordinator - [Consumer clientId=consumer-tomge-consumer-group-1, groupId=tomge-consumer-group] Resetting generation and member id due to: consumer pro-actively leaving the group
2025-03-24 16:48:17.291 [org.springframework.kafka.KafkaListenerEndpointContainer#0-0-C-1] INFO  org.apache.kafka.clients.consumer.internals.ConsumerCoordinator - [Consumer clientId=consumer-tomge-consumer-group-1, groupId=tomge-consumer-group] Request joining group due to: consumer pro-actively leaving the group
2025-03-24 16:48:17.291 [org.springframework.kafka.KafkaListenerEndpointContainer#0-0-C-1] INFO  org.apache.kafka.clients.consumer.internals.LegacyKafkaConsumer - [Consumer clientId=consumer-tomge-consumer-group-1, groupId=tomge-consumer-group] Unsubscribed all topics or patterns and assigned partitions
2025-03-24 16:48:17.291 [org.springframework.kafka.KafkaListenerEndpointContainer#0-0-C-1] INFO  org.apache.kafka.clients.consumer.internals.ConsumerCoordinator - [Consumer clientId=consumer-tomge-consumer-group-1, groupId=tomge-consumer-group] Resetting generation and member id due to: consumer pro-actively leaving the group
2025-03-24 16:48:17.291 [org.springframework.kafka.KafkaListenerEndpointContainer#0-0-C-1] INFO  org.apache.kafka.clients.consumer.internals.ConsumerCoordinator - [Consumer clientId=consumer-tomge-consumer-group-1, groupId=tomge-consumer-group] Request joining group due to: consumer pro-actively leaving the group
2025-03-24 16:48:17.487 [org.springframework.kafka.KafkaListenerEndpointContainer#0-0-C-1] INFO  org.apache.kafka.common.metrics.Metrics - Metrics scheduler closed
2025-03-24 16:48:17.487 [org.springframework.kafka.KafkaListenerEndpointContainer#0-0-C-1] INFO  org.apache.kafka.common.metrics.Metrics - Closing reporter org.apache.kafka.common.metrics.JmxReporter
2025-03-24 16:48:17.487 [org.springframework.kafka.KafkaListenerEndpointContainer#0-0-C-1] INFO  org.apache.kafka.common.metrics.Metrics - Closing reporter org.apache.kafka.common.telemetry.internals.ClientTelemetryReporter
2025-03-24 16:48:17.487 [org.springframework.kafka.KafkaListenerEndpointContainer#0-0-C-1] INFO  org.apache.kafka.common.metrics.Metrics - Metrics reporters closed
2025-03-24 16:48:17.491 [org.springframework.kafka.KafkaListenerEndpointContainer#0-0-C-1] INFO  org.apache.kafka.common.utils.AppInfoParser - App info kafka.consumer for consumer-tomge-consumer-group-1 unregistered
2025-03-24 16:48:17.500 [SpringApplicationShutdownHook] INFO  org.apache.kafka.clients.producer.KafkaProducer - [Producer clientId=testspringboot-producer-1] Closing the Kafka producer with timeoutMillis = 30000 ms.
2025-03-24 16:48:17.502 [SpringApplicationShutdownHook] INFO  org.apache.kafka.common.metrics.Metrics - Metrics scheduler closed
2025-03-24 16:48:17.502 [SpringApplicationShutdownHook] INFO  org.apache.kafka.common.metrics.Metrics - Closing reporter org.apache.kafka.common.metrics.JmxReporter
2025-03-24 16:48:17.502 [SpringApplicationShutdownHook] INFO  org.apache.kafka.common.metrics.Metrics - Closing reporter org.apache.kafka.common.telemetry.internals.ClientTelemetryReporter
2025-03-24 16:48:17.502 [SpringApplicationShutdownHook] INFO  org.apache.kafka.common.metrics.Metrics - Metrics reporters closed
2025-03-24 16:48:17.502 [SpringApplicationShutdownHook] INFO  org.apache.kafka.common.utils.AppInfoParser - App info kafka.producer for testspringboot-producer-1 unregistered
2025-03-24 16:48:17.505 [SpringApplicationShutdownHook] INFO  com.zaxxer.hikari.HikariDataSource - HikariPool-1 - Shutdown initiated...
2025-03-24 16:48:17.508 [SpringApplicationShutdownHook] INFO  com.zaxxer.hikari.HikariDataSource - HikariPool-1 - Shutdown completed.
2025-03-24 16:48:20.198 [main] INFO  com.test.testboot.TestbootApplication - Starting TestbootApplication using Java 23.0.2 with PID 9264 (/Users/zhaoxin/Documents/GitHub/testboot/target/classes started by zhaoxin in /Users/zhaoxin/Documents/GitHub/testboot)
2025-03-24 16:48:20.200 [main] INFO  com.test.testboot.TestbootApplication - No active profile set, falling back to 1 default profile: "default"
2025-03-24 16:48:20.694 [main] INFO  org.apache.coyote.http11.Http11NioProtocol - Initializing ProtocolHandler ["http-nio-9090"]
2025-03-24 16:48:20.695 [main] INFO  org.apache.catalina.core.StandardService - Starting service [Tomcat]
2025-03-24 16:48:20.695 [main] INFO  org.apache.catalina.core.StandardEngine - Starting Servlet engine: [Apache Tomcat/10.1.36]
2025-03-24 16:48:20.710 [main] INFO  org.apache.catalina.core.ContainerBase.[Tomcat].[localhost].[/] - Initializing Spring embedded WebApplicationContext
2025-03-24 16:48:21.121 [main] INFO  org.apache.coyote.http11.Http11NioProtocol - Starting ProtocolHandler ["http-nio-9090"]
2025-03-24 16:48:21.139 [main] INFO  org.apache.kafka.clients.consumer.ConsumerConfig - ConsumerConfig values: 
	allow.auto.create.topics = true
	auto.commit.interval.ms = 5000
	auto.include.jmx.reporter = true
	auto.offset.reset = latest
	bootstrap.servers = [localhost:9092]
	check.crcs = true
	client.dns.lookup = use_all_dns_ips
	client.id = consumer-tomge-consumer-group-1
	client.rack = 
	connections.max.idle.ms = 540000
	default.api.timeout.ms = 60000
	enable.auto.commit = false
	enable.metrics.push = true
	exclude.internal.topics = true
	fetch.max.bytes = 52428800
	fetch.max.wait.ms = 500
	fetch.min.bytes = 1
	group.id = tomge-consumer-group
	group.instance.id = null
	group.protocol = classic
	group.remote.assignor = null
	heartbeat.interval.ms = 3000
	interceptor.classes = []
	internal.leave.group.on.close = true
	internal.throw.on.fetch.stable.offset.unsupported = false
	isolation.level = read_uncommitted
	key.deserializer = class org.apache.kafka.common.serialization.StringDeserializer
	max.partition.fetch.bytes = 1048576
	max.poll.interval.ms = 300000
	max.poll.records = 500
	metadata.max.age.ms = 300000
	metric.reporters = []
	metrics.num.samples = 2
	metrics.recording.level = INFO
	metrics.sample.window.ms = 30000
	partition.assignment.strategy = [class org.apache.kafka.clients.consumer.RangeAssignor, class org.apache.kafka.clients.consumer.CooperativeStickyAssignor]
	receive.buffer.bytes = 65536
	reconnect.backoff.max.ms = 1000
	reconnect.backoff.ms = 50
	request.timeout.ms = 30000
	retry.backoff.max.ms = 1000
	retry.backoff.ms = 100
	sasl.client.callback.handler.class = null
	sasl.jaas.config = null
	sasl.kerberos.kinit.cmd = /usr/bin/kinit
	sasl.kerberos.min.time.before.relogin = 60000
	sasl.kerberos.service.name = null
	sasl.kerberos.ticket.renew.jitter = 0.05
	sasl.kerberos.ticket.renew.window.factor = 0.8
	sasl.login.callback.handler.class = null
	sasl.login.class = null
	sasl.login.connect.timeout.ms = null
	sasl.login.read.timeout.ms = null
	sasl.login.refresh.buffer.seconds = 300
	sasl.login.refresh.min.period.seconds = 60
	sasl.login.refresh.window.factor = 0.8
	sasl.login.refresh.window.jitter = 0.05
	sasl.login.retry.backoff.max.ms = 10000
	sasl.login.retry.backoff.ms = 100
	sasl.mechanism = GSSAPI
	sasl.oauthbearer.clock.skew.seconds = 30
	sasl.oauthbearer.expected.audience = null
	sasl.oauthbearer.expected.issuer = null
	sasl.oauthbearer.jwks.endpoint.refresh.ms = 3600000
	sasl.oauthbearer.jwks.endpoint.retry.backoff.max.ms = 10000
	sasl.oauthbearer.jwks.endpoint.retry.backoff.ms = 100
	sasl.oauthbearer.jwks.endpoint.url = null
	sasl.oauthbearer.scope.claim.name = scope
	sasl.oauthbearer.sub.claim.name = sub
	sasl.oauthbearer.token.endpoint.url = null
	security.protocol = PLAINTEXT
	security.providers = null
	send.buffer.bytes = 131072
	session.timeout.ms = 45000
	socket.connection.setup.timeout.max.ms = 30000
	socket.connection.setup.timeout.ms = 10000
	ssl.cipher.suites = null
	ssl.enabled.protocols = [TLSv1.2, TLSv1.3]
	ssl.endpoint.identification.algorithm = https
	ssl.engine.factory.class = null
	ssl.key.password = null
	ssl.keymanager.algorithm = SunX509
	ssl.keystore.certificate.chain = null
	ssl.keystore.key = null
	ssl.keystore.location = null
	ssl.keystore.password = null
	ssl.keystore.type = JKS
	ssl.protocol = TLSv1.3
	ssl.provider = null
	ssl.secure.random.implementation = null
	ssl.trustmanager.algorithm = PKIX
	ssl.truststore.certificates = null
	ssl.truststore.location = null
	ssl.truststore.password = null
	ssl.truststore.type = JKS
	value.deserializer = class org.apache.kafka.common.serialization.StringDeserializer

2025-03-24 16:48:21.154 [main] INFO  org.apache.kafka.common.telemetry.internals.KafkaMetricsCollector - initializing Kafka metrics collector
2025-03-24 16:48:21.184 [main] INFO  org.apache.kafka.common.utils.AppInfoParser - Kafka version: 3.7.2
2025-03-24 16:48:21.184 [main] INFO  org.apache.kafka.common.utils.AppInfoParser - Kafka commitId: 79a8f2b5f44f9d5a
2025-03-24 16:48:21.184 [main] INFO  org.apache.kafka.common.utils.AppInfoParser - Kafka startTimeMs: 1742806101183
2025-03-24 16:48:21.186 [main] INFO  org.apache.kafka.clients.consumer.internals.LegacyKafkaConsumer - [Consumer clientId=consumer-tomge-consumer-group-1, groupId=tomge-consumer-group] Subscribed to topic(s): testtopic
2025-03-24 16:48:21.192 [main] INFO  com.test.testboot.TestbootApplication - Started TestbootApplication in 1.206 seconds (process running for 1.444)
2025-03-24 16:48:21.289 [org.springframework.kafka.KafkaListenerEndpointContainer#0-0-C-1] INFO  org.apache.kafka.clients.Metadata - [Consumer clientId=consumer-tomge-consumer-group-1, groupId=tomge-consumer-group] Cluster ID: 55v202dzTXeo6Uf5cKQwuw
2025-03-24 16:48:21.289 [org.springframework.kafka.KafkaListenerEndpointContainer#0-0-C-1] INFO  org.apache.kafka.clients.consumer.internals.ConsumerCoordinator - [Consumer clientId=consumer-tomge-consumer-group-1, groupId=tomge-consumer-group] Discovered group coordinator localhost:9092 (id: 2147483647 rack: null)
2025-03-24 16:48:21.290 [org.springframework.kafka.KafkaListenerEndpointContainer#0-0-C-1] INFO  org.apache.kafka.clients.consumer.internals.ConsumerCoordinator - [Consumer clientId=consumer-tomge-consumer-group-1, groupId=tomge-consumer-group] (Re-)joining group
2025-03-24 16:48:21.296 [org.springframework.kafka.KafkaListenerEndpointContainer#0-0-C-1] INFO  org.apache.kafka.clients.consumer.internals.ConsumerCoordinator - [Consumer clientId=consumer-tomge-consumer-group-1, groupId=tomge-consumer-group] Request joining group due to: need to re-join with the given member-id: consumer-tomge-consumer-group-1-09d1497f-03fc-4e98-aba4-2ac01a00c5a8
2025-03-24 16:48:21.296 [org.springframework.kafka.KafkaListenerEndpointContainer#0-0-C-1] INFO  org.apache.kafka.clients.consumer.internals.ConsumerCoordinator - [Consumer clientId=consumer-tomge-consumer-group-1, groupId=tomge-consumer-group] (Re-)joining group
2025-03-24 16:48:21.299 [org.springframework.kafka.KafkaListenerEndpointContainer#0-0-C-1] INFO  org.apache.kafka.clients.consumer.internals.ConsumerCoordinator - [Consumer clientId=consumer-tomge-consumer-group-1, groupId=tomge-consumer-group] Successfully joined group with generation Generation{generationId=9, memberId='consumer-tomge-consumer-group-1-09d1497f-03fc-4e98-aba4-2ac01a00c5a8', protocol='range'}
2025-03-24 16:48:21.301 [org.springframework.kafka.KafkaListenerEndpointContainer#0-0-C-1] INFO  org.apache.kafka.clients.consumer.internals.ConsumerCoordinator - [Consumer clientId=consumer-tomge-consumer-group-1, groupId=tomge-consumer-group] Finished assignment for group at generation 9: {consumer-tomge-consumer-group-1-09d1497f-03fc-4e98-aba4-2ac01a00c5a8=Assignment(partitions=[testtopic-0])}
2025-03-24 16:48:21.305 [org.springframework.kafka.KafkaListenerEndpointContainer#0-0-C-1] INFO  org.apache.kafka.clients.consumer.internals.ConsumerCoordinator - [Consumer clientId=consumer-tomge-consumer-group-1, groupId=tomge-consumer-group] Successfully synced group in generation Generation{generationId=9, memberId='consumer-tomge-consumer-group-1-09d1497f-03fc-4e98-aba4-2ac01a00c5a8', protocol='range'}
2025-03-24 16:48:21.305 [org.springframework.kafka.KafkaListenerEndpointContainer#0-0-C-1] INFO  org.apache.kafka.clients.consumer.internals.ConsumerCoordinator - [Consumer clientId=consumer-tomge-consumer-group-1, groupId=tomge-consumer-group] Notifying assignor about the new Assignment(partitions=[testtopic-0])
2025-03-24 16:48:21.306 [org.springframework.kafka.KafkaListenerEndpointContainer#0-0-C-1] INFO  org.apache.kafka.clients.consumer.internals.ConsumerRebalanceListenerInvoker - [Consumer clientId=consumer-tomge-consumer-group-1, groupId=tomge-consumer-group] Adding newly assigned partitions: testtopic-0
2025-03-24 16:48:21.309 [org.springframework.kafka.KafkaListenerEndpointContainer#0-0-C-1] INFO  org.apache.kafka.clients.consumer.internals.ConsumerUtils - Setting offset for partition testtopic-0 to the committed offset FetchPosition{offset=17, offsetEpoch=Optional.empty, currentLeader=LeaderAndEpoch{leader=Optional[localhost:9092 (id: 0 rack: null)], epoch=0}}
2025-03-24 16:48:24.307 [http-nio-9090-exec-2] INFO  org.apache.catalina.core.ContainerBase.[Tomcat].[localhost].[/] - Initializing Spring DispatcherServlet 'dispatcherServlet'
2025-03-24 16:48:24.336 [http-nio-9090-exec-2] INFO  org.apache.kafka.clients.producer.ProducerConfig - ProducerConfig values: 
	acks = -1
	auto.include.jmx.reporter = true
	batch.size = 16384
	bootstrap.servers = [localhost:9092]
	buffer.memory = 33554432
	client.dns.lookup = use_all_dns_ips
	client.id = testspringboot-producer-1
	compression.type = none
	connections.max.idle.ms = 540000
	delivery.timeout.ms = 120000
	enable.idempotence = true
	enable.metrics.push = true
	interceptor.classes = []
	key.serializer = class org.apache.kafka.common.serialization.StringSerializer
	linger.ms = 0
	max.block.ms = 60000
	max.in.flight.requests.per.connection = 5
	max.request.size = 1048576
	metadata.max.age.ms = 300000
	metadata.max.idle.ms = 300000
	metric.reporters = []
	metrics.num.samples = 2
	metrics.recording.level = INFO
	metrics.sample.window.ms = 30000
	partitioner.adaptive.partitioning.enable = true
	partitioner.availability.timeout.ms = 0
	partitioner.class = null
	partitioner.ignore.keys = false
	receive.buffer.bytes = 32768
	reconnect.backoff.max.ms = 1000
	reconnect.backoff.ms = 50
	request.timeout.ms = 30000
	retries = 3
	retry.backoff.max.ms = 1000
	retry.backoff.ms = 100
	sasl.client.callback.handler.class = null
	sasl.jaas.config = null
	sasl.kerberos.kinit.cmd = /usr/bin/kinit
	sasl.kerberos.min.time.before.relogin = 60000
	sasl.kerberos.service.name = null
	sasl.kerberos.ticket.renew.jitter = 0.05
	sasl.kerberos.ticket.renew.window.factor = 0.8
	sasl.login.callback.handler.class = null
	sasl.login.class = null
	sasl.login.connect.timeout.ms = null
	sasl.login.read.timeout.ms = null
	sasl.login.refresh.buffer.seconds = 300
	sasl.login.refresh.min.period.seconds = 60
	sasl.login.refresh.window.factor = 0.8
	sasl.login.refresh.window.jitter = 0.05
	sasl.login.retry.backoff.max.ms = 10000
	sasl.login.retry.backoff.ms = 100
	sasl.mechanism = GSSAPI
	sasl.oauthbearer.clock.skew.seconds = 30
	sasl.oauthbearer.expected.audience = null
	sasl.oauthbearer.expected.issuer = null
	sasl.oauthbearer.jwks.endpoint.refresh.ms = 3600000
	sasl.oauthbearer.jwks.endpoint.retry.backoff.max.ms = 10000
	sasl.oauthbearer.jwks.endpoint.retry.backoff.ms = 100
	sasl.oauthbearer.jwks.endpoint.url = null
	sasl.oauthbearer.scope.claim.name = scope
	sasl.oauthbearer.sub.claim.name = sub
	sasl.oauthbearer.token.endpoint.url = null
	security.protocol = PLAINTEXT
	security.providers = null
	send.buffer.bytes = 131072
	socket.connection.setup.timeout.max.ms = 30000
	socket.connection.setup.timeout.ms = 10000
	ssl.cipher.suites = null
	ssl.enabled.protocols = [TLSv1.2, TLSv1.3]
	ssl.endpoint.identification.algorithm = https
	ssl.engine.factory.class = null
	ssl.key.password = null
	ssl.keymanager.algorithm = SunX509
	ssl.keystore.certificate.chain = null
	ssl.keystore.key = null
	ssl.keystore.location = null
	ssl.keystore.password = null
	ssl.keystore.type = JKS
	ssl.protocol = TLSv1.3
	ssl.provider = null
	ssl.secure.random.implementation = null
	ssl.trustmanager.algorithm = PKIX
	ssl.truststore.certificates = null
	ssl.truststore.location = null
	ssl.truststore.password = null
	ssl.truststore.type = JKS
	transaction.timeout.ms = 60000
	transactional.id = null
	value.serializer = class org.apache.kafka.common.serialization.StringSerializer

2025-03-24 16:48:24.336 [http-nio-9090-exec-2] INFO  org.apache.kafka.common.telemetry.internals.KafkaMetricsCollector - initializing Kafka metrics collector
2025-03-24 16:48:24.340 [http-nio-9090-exec-2] INFO  org.apache.kafka.clients.producer.KafkaProducer - [Producer clientId=testspringboot-producer-1] Instantiated an idempotent producer.
2025-03-24 16:48:24.347 [http-nio-9090-exec-2] INFO  org.apache.kafka.common.utils.AppInfoParser - Kafka version: 3.7.2
2025-03-24 16:48:24.347 [http-nio-9090-exec-2] INFO  org.apache.kafka.common.utils.AppInfoParser - Kafka commitId: 79a8f2b5f44f9d5a
2025-03-24 16:48:24.347 [http-nio-9090-exec-2] INFO  org.apache.kafka.common.utils.AppInfoParser - Kafka startTimeMs: 1742806104347
2025-03-24 16:48:24.350 [kafka-producer-network-thread | testspringboot-producer-1] INFO  org.apache.kafka.clients.Metadata - [Producer clientId=testspringboot-producer-1] Cluster ID: 55v202dzTXeo6Uf5cKQwuw
2025-03-24 16:48:24.351 [kafka-producer-network-thread | testspringboot-producer-1] INFO  org.apache.kafka.clients.producer.internals.TransactionManager - [Producer clientId=testspringboot-producer-1] ProducerId set to 1004 with epoch 0
2025-03-24 16:48:24.365 [http-nio-9090-exec-2] INFO  com.test.testboot.kafkaservice.ProducerService - --------SendResult [producerRecord=ProducerRecord(topic=testtopic, partition=null, headers=RecordHeaders(headers = [], isReadOnly = true), key=null, value=903, timestamp=null), recordMetadata=testtopic-0@17]
2025-03-24 16:48:24.367 [org.springframework.kafka.KafkaListenerEndpointContainer#0-0-C-1] INFO  com.test.testboot.kafkaservice.ConsumerService - Received message: 903
2025-03-24 16:48:24.374 [org.springframework.kafka.KafkaListenerEndpointContainer#0-0-C-1] INFO  com.zaxxer.hikari.HikariDataSource - HikariPool-1 - Starting...
2025-03-24 16:48:24.444 [org.springframework.kafka.KafkaListenerEndpointContainer#0-0-C-1] INFO  com.zaxxer.hikari.pool.HikariPool - HikariPool-1 - Added connection com.mysql.cj.jdbc.ConnectionImpl@6b88076
2025-03-24 16:48:24.444 [org.springframework.kafka.KafkaListenerEndpointContainer#0-0-C-1] INFO  com.zaxxer.hikari.HikariDataSource - HikariPool-1 - Start completed.
2025-03-24 16:49:40.617 [org.springframework.kafka.KafkaListenerEndpointContainer#0-0-C-1] INFO  org.apache.kafka.clients.consumer.internals.ConsumerRebalanceListenerInvoker - [Consumer clientId=consumer-tomge-consumer-group-1, groupId=tomge-consumer-group] Revoke previously assigned partitions testtopic-0
2025-03-24 16:49:40.618 [org.springframework.kafka.KafkaListenerEndpointContainer#0-0-C-1] INFO  org.apache.kafka.clients.consumer.internals.ConsumerCoordinator - [Consumer clientId=consumer-tomge-consumer-group-1, groupId=tomge-consumer-group] Member consumer-tomge-consumer-group-1-09d1497f-03fc-4e98-aba4-2ac01a00c5a8 sending LeaveGroup request to coordinator localhost:9092 (id: 2147483647 rack: null) due to the consumer unsubscribed from all topics
2025-03-24 16:49:40.618 [org.springframework.kafka.KafkaListenerEndpointContainer#0-0-C-1] INFO  org.apache.kafka.clients.consumer.internals.ConsumerCoordinator - [Consumer clientId=consumer-tomge-consumer-group-1, groupId=tomge-consumer-group] Resetting generation and member id due to: consumer pro-actively leaving the group
2025-03-24 16:49:40.618 [org.springframework.kafka.KafkaListenerEndpointContainer#0-0-C-1] INFO  org.apache.kafka.clients.consumer.internals.ConsumerCoordinator - [Consumer clientId=consumer-tomge-consumer-group-1, groupId=tomge-consumer-group] Request joining group due to: consumer pro-actively leaving the group
2025-03-24 16:49:40.618 [org.springframework.kafka.KafkaListenerEndpointContainer#0-0-C-1] INFO  org.apache.kafka.clients.consumer.internals.LegacyKafkaConsumer - [Consumer clientId=consumer-tomge-consumer-group-1, groupId=tomge-consumer-group] Unsubscribed all topics or patterns and assigned partitions
2025-03-24 16:49:40.619 [org.springframework.kafka.KafkaListenerEndpointContainer#0-0-C-1] INFO  org.apache.kafka.clients.consumer.internals.ConsumerCoordinator - [Consumer clientId=consumer-tomge-consumer-group-1, groupId=tomge-consumer-group] Resetting generation and member id due to: consumer pro-actively leaving the group
2025-03-24 16:49:40.619 [org.springframework.kafka.KafkaListenerEndpointContainer#0-0-C-1] INFO  org.apache.kafka.clients.consumer.internals.ConsumerCoordinator - [Consumer clientId=consumer-tomge-consumer-group-1, groupId=tomge-consumer-group] Request joining group due to: consumer pro-actively leaving the group
2025-03-24 16:49:40.945 [org.springframework.kafka.KafkaListenerEndpointContainer#0-0-C-1] INFO  org.apache.kafka.common.metrics.Metrics - Metrics scheduler closed
2025-03-24 16:49:40.945 [org.springframework.kafka.KafkaListenerEndpointContainer#0-0-C-1] INFO  org.apache.kafka.common.metrics.Metrics - Closing reporter org.apache.kafka.common.metrics.JmxReporter
2025-03-24 16:49:40.945 [org.springframework.kafka.KafkaListenerEndpointContainer#0-0-C-1] INFO  org.apache.kafka.common.metrics.Metrics - Closing reporter org.apache.kafka.common.telemetry.internals.ClientTelemetryReporter
2025-03-24 16:49:40.945 [org.springframework.kafka.KafkaListenerEndpointContainer#0-0-C-1] INFO  org.apache.kafka.common.metrics.Metrics - Metrics reporters closed
2025-03-24 16:49:40.947 [org.springframework.kafka.KafkaListenerEndpointContainer#0-0-C-1] INFO  org.apache.kafka.common.utils.AppInfoParser - App info kafka.consumer for consumer-tomge-consumer-group-1 unregistered
2025-03-24 16:49:40.954 [SpringApplicationShutdownHook] INFO  org.apache.kafka.clients.producer.KafkaProducer - [Producer clientId=testspringboot-producer-1] Closing the Kafka producer with timeoutMillis = 30000 ms.
2025-03-24 16:49:40.956 [SpringApplicationShutdownHook] INFO  org.apache.kafka.common.metrics.Metrics - Metrics scheduler closed
2025-03-24 16:49:40.956 [SpringApplicationShutdownHook] INFO  org.apache.kafka.common.metrics.Metrics - Closing reporter org.apache.kafka.common.metrics.JmxReporter
2025-03-24 16:49:40.956 [SpringApplicationShutdownHook] INFO  org.apache.kafka.common.metrics.Metrics - Closing reporter org.apache.kafka.common.telemetry.internals.ClientTelemetryReporter
2025-03-24 16:49:40.956 [SpringApplicationShutdownHook] INFO  org.apache.kafka.common.metrics.Metrics - Metrics reporters closed
2025-03-24 16:49:40.956 [SpringApplicationShutdownHook] INFO  org.apache.kafka.common.utils.AppInfoParser - App info kafka.producer for testspringboot-producer-1 unregistered
2025-03-24 16:49:40.960 [SpringApplicationShutdownHook] INFO  com.zaxxer.hikari.HikariDataSource - HikariPool-1 - Shutdown initiated...
2025-03-24 16:49:40.963 [SpringApplicationShutdownHook] INFO  com.zaxxer.hikari.HikariDataSource - HikariPool-1 - Shutdown completed.
2025-03-24 16:49:43.815 [main] INFO  com.test.testboot.TestbootApplication - Starting TestbootApplication using Java 23.0.2 with PID 9296 (/Users/zhaoxin/Documents/GitHub/testboot/target/classes started by zhaoxin in /Users/zhaoxin/Documents/GitHub/testboot)
2025-03-24 16:49:43.817 [main] INFO  com.test.testboot.TestbootApplication - No active profile set, falling back to 1 default profile: "default"
2025-03-24 16:49:44.287 [main] INFO  org.apache.coyote.http11.Http11NioProtocol - Initializing ProtocolHandler ["http-nio-9090"]
2025-03-24 16:49:44.287 [main] INFO  org.apache.catalina.core.StandardService - Starting service [Tomcat]
2025-03-24 16:49:44.287 [main] INFO  org.apache.catalina.core.StandardEngine - Starting Servlet engine: [Apache Tomcat/10.1.36]
2025-03-24 16:49:44.302 [main] INFO  org.apache.catalina.core.ContainerBase.[Tomcat].[localhost].[/] - Initializing Spring embedded WebApplicationContext
2025-03-24 16:49:44.718 [main] INFO  org.apache.coyote.http11.Http11NioProtocol - Starting ProtocolHandler ["http-nio-9090"]
2025-03-24 16:49:44.740 [main] INFO  org.apache.kafka.clients.consumer.ConsumerConfig - ConsumerConfig values: 
	allow.auto.create.topics = true
	auto.commit.interval.ms = 5000
	auto.include.jmx.reporter = true
	auto.offset.reset = latest
	bootstrap.servers = [localhost:9092]
	check.crcs = true
	client.dns.lookup = use_all_dns_ips
	client.id = consumer-tomge-consumer-group-1
	client.rack = 
	connections.max.idle.ms = 540000
	default.api.timeout.ms = 60000
	enable.auto.commit = false
	enable.metrics.push = true
	exclude.internal.topics = true
	fetch.max.bytes = 52428800
	fetch.max.wait.ms = 500
	fetch.min.bytes = 1
	group.id = tomge-consumer-group
	group.instance.id = null
	group.protocol = classic
	group.remote.assignor = null
	heartbeat.interval.ms = 3000
	interceptor.classes = []
	internal.leave.group.on.close = true
	internal.throw.on.fetch.stable.offset.unsupported = false
	isolation.level = read_uncommitted
	key.deserializer = class org.apache.kafka.common.serialization.StringDeserializer
	max.partition.fetch.bytes = 1048576
	max.poll.interval.ms = 300000
	max.poll.records = 500
	metadata.max.age.ms = 300000
	metric.reporters = []
	metrics.num.samples = 2
	metrics.recording.level = INFO
	metrics.sample.window.ms = 30000
	partition.assignment.strategy = [class org.apache.kafka.clients.consumer.RangeAssignor, class org.apache.kafka.clients.consumer.CooperativeStickyAssignor]
	receive.buffer.bytes = 65536
	reconnect.backoff.max.ms = 1000
	reconnect.backoff.ms = 50
	request.timeout.ms = 30000
	retry.backoff.max.ms = 1000
	retry.backoff.ms = 100
	sasl.client.callback.handler.class = null
	sasl.jaas.config = null
	sasl.kerberos.kinit.cmd = /usr/bin/kinit
	sasl.kerberos.min.time.before.relogin = 60000
	sasl.kerberos.service.name = null
	sasl.kerberos.ticket.renew.jitter = 0.05
	sasl.kerberos.ticket.renew.window.factor = 0.8
	sasl.login.callback.handler.class = null
	sasl.login.class = null
	sasl.login.connect.timeout.ms = null
	sasl.login.read.timeout.ms = null
	sasl.login.refresh.buffer.seconds = 300
	sasl.login.refresh.min.period.seconds = 60
	sasl.login.refresh.window.factor = 0.8
	sasl.login.refresh.window.jitter = 0.05
	sasl.login.retry.backoff.max.ms = 10000
	sasl.login.retry.backoff.ms = 100
	sasl.mechanism = GSSAPI
	sasl.oauthbearer.clock.skew.seconds = 30
	sasl.oauthbearer.expected.audience = null
	sasl.oauthbearer.expected.issuer = null
	sasl.oauthbearer.jwks.endpoint.refresh.ms = 3600000
	sasl.oauthbearer.jwks.endpoint.retry.backoff.max.ms = 10000
	sasl.oauthbearer.jwks.endpoint.retry.backoff.ms = 100
	sasl.oauthbearer.jwks.endpoint.url = null
	sasl.oauthbearer.scope.claim.name = scope
	sasl.oauthbearer.sub.claim.name = sub
	sasl.oauthbearer.token.endpoint.url = null
	security.protocol = PLAINTEXT
	security.providers = null
	send.buffer.bytes = 131072
	session.timeout.ms = 45000
	socket.connection.setup.timeout.max.ms = 30000
	socket.connection.setup.timeout.ms = 10000
	ssl.cipher.suites = null
	ssl.enabled.protocols = [TLSv1.2, TLSv1.3]
	ssl.endpoint.identification.algorithm = https
	ssl.engine.factory.class = null
	ssl.key.password = null
	ssl.keymanager.algorithm = SunX509
	ssl.keystore.certificate.chain = null
	ssl.keystore.key = null
	ssl.keystore.location = null
	ssl.keystore.password = null
	ssl.keystore.type = JKS
	ssl.protocol = TLSv1.3
	ssl.provider = null
	ssl.secure.random.implementation = null
	ssl.trustmanager.algorithm = PKIX
	ssl.truststore.certificates = null
	ssl.truststore.location = null
	ssl.truststore.password = null
	ssl.truststore.type = JKS
	value.deserializer = class org.apache.kafka.common.serialization.StringDeserializer

2025-03-24 16:49:44.755 [main] INFO  org.apache.kafka.common.telemetry.internals.KafkaMetricsCollector - initializing Kafka metrics collector
2025-03-24 16:49:44.780 [main] INFO  org.apache.kafka.common.utils.AppInfoParser - Kafka version: 3.7.2
2025-03-24 16:49:44.781 [main] INFO  org.apache.kafka.common.utils.AppInfoParser - Kafka commitId: 79a8f2b5f44f9d5a
2025-03-24 16:49:44.781 [main] INFO  org.apache.kafka.common.utils.AppInfoParser - Kafka startTimeMs: 1742806184780
2025-03-24 16:49:44.782 [main] INFO  org.apache.kafka.clients.consumer.internals.LegacyKafkaConsumer - [Consumer clientId=consumer-tomge-consumer-group-1, groupId=tomge-consumer-group] Subscribed to topic(s): testtopic
2025-03-24 16:49:44.788 [main] INFO  com.test.testboot.TestbootApplication - Started TestbootApplication in 1.162 seconds (process running for 1.383)
2025-03-24 16:49:44.886 [org.springframework.kafka.KafkaListenerEndpointContainer#0-0-C-1] INFO  org.apache.kafka.clients.Metadata - [Consumer clientId=consumer-tomge-consumer-group-1, groupId=tomge-consumer-group] Cluster ID: 55v202dzTXeo6Uf5cKQwuw
2025-03-24 16:49:44.887 [org.springframework.kafka.KafkaListenerEndpointContainer#0-0-C-1] INFO  org.apache.kafka.clients.consumer.internals.ConsumerCoordinator - [Consumer clientId=consumer-tomge-consumer-group-1, groupId=tomge-consumer-group] Discovered group coordinator localhost:9092 (id: 2147483647 rack: null)
2025-03-24 16:49:44.887 [org.springframework.kafka.KafkaListenerEndpointContainer#0-0-C-1] INFO  org.apache.kafka.clients.consumer.internals.ConsumerCoordinator - [Consumer clientId=consumer-tomge-consumer-group-1, groupId=tomge-consumer-group] (Re-)joining group
2025-03-24 16:49:44.894 [org.springframework.kafka.KafkaListenerEndpointContainer#0-0-C-1] INFO  org.apache.kafka.clients.consumer.internals.ConsumerCoordinator - [Consumer clientId=consumer-tomge-consumer-group-1, groupId=tomge-consumer-group] Request joining group due to: need to re-join with the given member-id: consumer-tomge-consumer-group-1-fac468f3-b2a5-42dc-9e4d-9918a2e24973
2025-03-24 16:49:44.896 [org.springframework.kafka.KafkaListenerEndpointContainer#0-0-C-1] INFO  org.apache.kafka.clients.consumer.internals.ConsumerCoordinator - [Consumer clientId=consumer-tomge-consumer-group-1, groupId=tomge-consumer-group] (Re-)joining group
2025-03-24 16:49:44.899 [org.springframework.kafka.KafkaListenerEndpointContainer#0-0-C-1] INFO  org.apache.kafka.clients.consumer.internals.ConsumerCoordinator - [Consumer clientId=consumer-tomge-consumer-group-1, groupId=tomge-consumer-group] Successfully joined group with generation Generation{generationId=11, memberId='consumer-tomge-consumer-group-1-fac468f3-b2a5-42dc-9e4d-9918a2e24973', protocol='range'}
2025-03-24 16:49:44.901 [org.springframework.kafka.KafkaListenerEndpointContainer#0-0-C-1] INFO  org.apache.kafka.clients.consumer.internals.ConsumerCoordinator - [Consumer clientId=consumer-tomge-consumer-group-1, groupId=tomge-consumer-group] Finished assignment for group at generation 11: {consumer-tomge-consumer-group-1-fac468f3-b2a5-42dc-9e4d-9918a2e24973=Assignment(partitions=[testtopic-0])}
2025-03-24 16:49:44.903 [org.springframework.kafka.KafkaListenerEndpointContainer#0-0-C-1] INFO  org.apache.kafka.clients.consumer.internals.ConsumerCoordinator - [Consumer clientId=consumer-tomge-consumer-group-1, groupId=tomge-consumer-group] Successfully synced group in generation Generation{generationId=11, memberId='consumer-tomge-consumer-group-1-fac468f3-b2a5-42dc-9e4d-9918a2e24973', protocol='range'}
2025-03-24 16:49:44.903 [org.springframework.kafka.KafkaListenerEndpointContainer#0-0-C-1] INFO  org.apache.kafka.clients.consumer.internals.ConsumerCoordinator - [Consumer clientId=consumer-tomge-consumer-group-1, groupId=tomge-consumer-group] Notifying assignor about the new Assignment(partitions=[testtopic-0])
2025-03-24 16:49:44.904 [org.springframework.kafka.KafkaListenerEndpointContainer#0-0-C-1] INFO  org.apache.kafka.clients.consumer.internals.ConsumerRebalanceListenerInvoker - [Consumer clientId=consumer-tomge-consumer-group-1, groupId=tomge-consumer-group] Adding newly assigned partitions: testtopic-0
2025-03-24 16:49:44.907 [org.springframework.kafka.KafkaListenerEndpointContainer#0-0-C-1] INFO  org.apache.kafka.clients.consumer.internals.ConsumerUtils - Setting offset for partition testtopic-0 to the committed offset FetchPosition{offset=18, offsetEpoch=Optional.empty, currentLeader=LeaderAndEpoch{leader=Optional[localhost:9092 (id: 0 rack: null)], epoch=0}}
2025-03-24 16:49:47.820 [http-nio-9090-exec-2] INFO  org.apache.catalina.core.ContainerBase.[Tomcat].[localhost].[/] - Initializing Spring DispatcherServlet 'dispatcherServlet'
2025-03-24 16:49:47.850 [http-nio-9090-exec-2] INFO  org.apache.kafka.clients.producer.ProducerConfig - ProducerConfig values: 
	acks = -1
	auto.include.jmx.reporter = true
	batch.size = 16384
	bootstrap.servers = [localhost:9092]
	buffer.memory = 33554432
	client.dns.lookup = use_all_dns_ips
	client.id = testspringboot-producer-1
	compression.type = none
	connections.max.idle.ms = 540000
	delivery.timeout.ms = 120000
	enable.idempotence = true
	enable.metrics.push = true
	interceptor.classes = []
	key.serializer = class org.apache.kafka.common.serialization.StringSerializer
	linger.ms = 0
	max.block.ms = 60000
	max.in.flight.requests.per.connection = 5
	max.request.size = 1048576
	metadata.max.age.ms = 300000
	metadata.max.idle.ms = 300000
	metric.reporters = []
	metrics.num.samples = 2
	metrics.recording.level = INFO
	metrics.sample.window.ms = 30000
	partitioner.adaptive.partitioning.enable = true
	partitioner.availability.timeout.ms = 0
	partitioner.class = null
	partitioner.ignore.keys = false
	receive.buffer.bytes = 32768
	reconnect.backoff.max.ms = 1000
	reconnect.backoff.ms = 50
	request.timeout.ms = 30000
	retries = 3
	retry.backoff.max.ms = 1000
	retry.backoff.ms = 100
	sasl.client.callback.handler.class = null
	sasl.jaas.config = null
	sasl.kerberos.kinit.cmd = /usr/bin/kinit
	sasl.kerberos.min.time.before.relogin = 60000
	sasl.kerberos.service.name = null
	sasl.kerberos.ticket.renew.jitter = 0.05
	sasl.kerberos.ticket.renew.window.factor = 0.8
	sasl.login.callback.handler.class = null
	sasl.login.class = null
	sasl.login.connect.timeout.ms = null
	sasl.login.read.timeout.ms = null
	sasl.login.refresh.buffer.seconds = 300
	sasl.login.refresh.min.period.seconds = 60
	sasl.login.refresh.window.factor = 0.8
	sasl.login.refresh.window.jitter = 0.05
	sasl.login.retry.backoff.max.ms = 10000
	sasl.login.retry.backoff.ms = 100
	sasl.mechanism = GSSAPI
	sasl.oauthbearer.clock.skew.seconds = 30
	sasl.oauthbearer.expected.audience = null
	sasl.oauthbearer.expected.issuer = null
	sasl.oauthbearer.jwks.endpoint.refresh.ms = 3600000
	sasl.oauthbearer.jwks.endpoint.retry.backoff.max.ms = 10000
	sasl.oauthbearer.jwks.endpoint.retry.backoff.ms = 100
	sasl.oauthbearer.jwks.endpoint.url = null
	sasl.oauthbearer.scope.claim.name = scope
	sasl.oauthbearer.sub.claim.name = sub
	sasl.oauthbearer.token.endpoint.url = null
	security.protocol = PLAINTEXT
	security.providers = null
	send.buffer.bytes = 131072
	socket.connection.setup.timeout.max.ms = 30000
	socket.connection.setup.timeout.ms = 10000
	ssl.cipher.suites = null
	ssl.enabled.protocols = [TLSv1.2, TLSv1.3]
	ssl.endpoint.identification.algorithm = https
	ssl.engine.factory.class = null
	ssl.key.password = null
	ssl.keymanager.algorithm = SunX509
	ssl.keystore.certificate.chain = null
	ssl.keystore.key = null
	ssl.keystore.location = null
	ssl.keystore.password = null
	ssl.keystore.type = JKS
	ssl.protocol = TLSv1.3
	ssl.provider = null
	ssl.secure.random.implementation = null
	ssl.trustmanager.algorithm = PKIX
	ssl.truststore.certificates = null
	ssl.truststore.location = null
	ssl.truststore.password = null
	ssl.truststore.type = JKS
	transaction.timeout.ms = 60000
	transactional.id = null
	value.serializer = class org.apache.kafka.common.serialization.StringSerializer

2025-03-24 16:49:47.850 [http-nio-9090-exec-2] INFO  org.apache.kafka.common.telemetry.internals.KafkaMetricsCollector - initializing Kafka metrics collector
2025-03-24 16:49:47.854 [http-nio-9090-exec-2] INFO  org.apache.kafka.clients.producer.KafkaProducer - [Producer clientId=testspringboot-producer-1] Instantiated an idempotent producer.
2025-03-24 16:49:47.861 [http-nio-9090-exec-2] INFO  org.apache.kafka.common.utils.AppInfoParser - Kafka version: 3.7.2
2025-03-24 16:49:47.861 [http-nio-9090-exec-2] INFO  org.apache.kafka.common.utils.AppInfoParser - Kafka commitId: 79a8f2b5f44f9d5a
2025-03-24 16:49:47.861 [http-nio-9090-exec-2] INFO  org.apache.kafka.common.utils.AppInfoParser - Kafka startTimeMs: 1742806187861
2025-03-24 16:49:47.865 [kafka-producer-network-thread | testspringboot-producer-1] INFO  org.apache.kafka.clients.Metadata - [Producer clientId=testspringboot-producer-1] Cluster ID: 55v202dzTXeo6Uf5cKQwuw
2025-03-24 16:49:47.865 [kafka-producer-network-thread | testspringboot-producer-1] INFO  org.apache.kafka.clients.producer.internals.TransactionManager - [Producer clientId=testspringboot-producer-1] ProducerId set to 1005 with epoch 0
2025-03-24 16:49:47.882 [http-nio-9090-exec-2] INFO  com.test.testboot.kafkaservice.ProducerService - testtopic-0@18
2025-03-24 16:49:47.885 [org.springframework.kafka.KafkaListenerEndpointContainer#0-0-C-1] INFO  com.test.testboot.kafkaservice.ConsumerService - Received message: 903
2025-03-24 16:49:47.891 [org.springframework.kafka.KafkaListenerEndpointContainer#0-0-C-1] INFO  com.zaxxer.hikari.HikariDataSource - HikariPool-1 - Starting...
2025-03-24 16:49:47.955 [org.springframework.kafka.KafkaListenerEndpointContainer#0-0-C-1] INFO  com.zaxxer.hikari.pool.HikariPool - HikariPool-1 - Added connection com.mysql.cj.jdbc.ConnectionImpl@2d828a76
2025-03-24 16:49:47.956 [org.springframework.kafka.KafkaListenerEndpointContainer#0-0-C-1] INFO  com.zaxxer.hikari.HikariDataSource - HikariPool-1 - Start completed.
2025-03-24 16:50:51.531 [org.springframework.kafka.KafkaListenerEndpointContainer#0-0-C-1] INFO  org.apache.kafka.clients.consumer.internals.ConsumerRebalanceListenerInvoker - [Consumer clientId=consumer-tomge-consumer-group-1, groupId=tomge-consumer-group] Revoke previously assigned partitions testtopic-0
2025-03-24 16:50:51.531 [org.springframework.kafka.KafkaListenerEndpointContainer#0-0-C-1] INFO  org.apache.kafka.clients.consumer.internals.ConsumerCoordinator - [Consumer clientId=consumer-tomge-consumer-group-1, groupId=tomge-consumer-group] Member consumer-tomge-consumer-group-1-fac468f3-b2a5-42dc-9e4d-9918a2e24973 sending LeaveGroup request to coordinator localhost:9092 (id: 2147483647 rack: null) due to the consumer unsubscribed from all topics
2025-03-24 16:50:51.532 [org.springframework.kafka.KafkaListenerEndpointContainer#0-0-C-1] INFO  org.apache.kafka.clients.consumer.internals.ConsumerCoordinator - [Consumer clientId=consumer-tomge-consumer-group-1, groupId=tomge-consumer-group] Resetting generation and member id due to: consumer pro-actively leaving the group
2025-03-24 16:50:51.532 [org.springframework.kafka.KafkaListenerEndpointContainer#0-0-C-1] INFO  org.apache.kafka.clients.consumer.internals.ConsumerCoordinator - [Consumer clientId=consumer-tomge-consumer-group-1, groupId=tomge-consumer-group] Request joining group due to: consumer pro-actively leaving the group
2025-03-24 16:50:51.532 [org.springframework.kafka.KafkaListenerEndpointContainer#0-0-C-1] INFO  org.apache.kafka.clients.consumer.internals.LegacyKafkaConsumer - [Consumer clientId=consumer-tomge-consumer-group-1, groupId=tomge-consumer-group] Unsubscribed all topics or patterns and assigned partitions
2025-03-24 16:50:51.532 [org.springframework.kafka.KafkaListenerEndpointContainer#0-0-C-1] INFO  org.apache.kafka.clients.consumer.internals.ConsumerCoordinator - [Consumer clientId=consumer-tomge-consumer-group-1, groupId=tomge-consumer-group] Resetting generation and member id due to: consumer pro-actively leaving the group
2025-03-24 16:50:51.532 [org.springframework.kafka.KafkaListenerEndpointContainer#0-0-C-1] INFO  org.apache.kafka.clients.consumer.internals.ConsumerCoordinator - [Consumer clientId=consumer-tomge-consumer-group-1, groupId=tomge-consumer-group] Request joining group due to: consumer pro-actively leaving the group
2025-03-24 16:50:51.888 [org.springframework.kafka.KafkaListenerEndpointContainer#0-0-C-1] INFO  org.apache.kafka.common.metrics.Metrics - Metrics scheduler closed
2025-03-24 16:50:51.888 [org.springframework.kafka.KafkaListenerEndpointContainer#0-0-C-1] INFO  org.apache.kafka.common.metrics.Metrics - Closing reporter org.apache.kafka.common.metrics.JmxReporter
2025-03-24 16:50:51.888 [org.springframework.kafka.KafkaListenerEndpointContainer#0-0-C-1] INFO  org.apache.kafka.common.metrics.Metrics - Closing reporter org.apache.kafka.common.telemetry.internals.ClientTelemetryReporter
2025-03-24 16:50:51.888 [org.springframework.kafka.KafkaListenerEndpointContainer#0-0-C-1] INFO  org.apache.kafka.common.metrics.Metrics - Metrics reporters closed
2025-03-24 16:50:51.891 [org.springframework.kafka.KafkaListenerEndpointContainer#0-0-C-1] INFO  org.apache.kafka.common.utils.AppInfoParser - App info kafka.consumer for consumer-tomge-consumer-group-1 unregistered
2025-03-24 16:50:51.900 [SpringApplicationShutdownHook] INFO  org.apache.kafka.clients.producer.KafkaProducer - [Producer clientId=testspringboot-producer-1] Closing the Kafka producer with timeoutMillis = 30000 ms.
2025-03-24 16:50:51.902 [SpringApplicationShutdownHook] INFO  org.apache.kafka.common.metrics.Metrics - Metrics scheduler closed
2025-03-24 16:50:51.902 [SpringApplicationShutdownHook] INFO  org.apache.kafka.common.metrics.Metrics - Closing reporter org.apache.kafka.common.metrics.JmxReporter
2025-03-24 16:50:51.902 [SpringApplicationShutdownHook] INFO  org.apache.kafka.common.metrics.Metrics - Closing reporter org.apache.kafka.common.telemetry.internals.ClientTelemetryReporter
2025-03-24 16:50:51.902 [SpringApplicationShutdownHook] INFO  org.apache.kafka.common.metrics.Metrics - Metrics reporters closed
2025-03-24 16:50:51.902 [SpringApplicationShutdownHook] INFO  org.apache.kafka.common.utils.AppInfoParser - App info kafka.producer for testspringboot-producer-1 unregistered
2025-03-24 16:50:51.906 [SpringApplicationShutdownHook] INFO  com.zaxxer.hikari.HikariDataSource - HikariPool-1 - Shutdown initiated...
2025-03-24 16:50:51.909 [SpringApplicationShutdownHook] INFO  com.zaxxer.hikari.HikariDataSource - HikariPool-1 - Shutdown completed.
2025-03-24 16:50:54.279 [main] INFO  com.test.testboot.TestbootApplication - Starting TestbootApplication using Java 23.0.2 with PID 9308 (/Users/zhaoxin/Documents/GitHub/testboot/target/classes started by zhaoxin in /Users/zhaoxin/Documents/GitHub/testboot)
2025-03-24 16:50:54.281 [main] INFO  com.test.testboot.TestbootApplication - No active profile set, falling back to 1 default profile: "default"
2025-03-24 16:50:54.746 [main] INFO  org.apache.coyote.http11.Http11NioProtocol - Initializing ProtocolHandler ["http-nio-9090"]
2025-03-24 16:50:54.747 [main] INFO  org.apache.catalina.core.StandardService - Starting service [Tomcat]
2025-03-24 16:50:54.747 [main] INFO  org.apache.catalina.core.StandardEngine - Starting Servlet engine: [Apache Tomcat/10.1.36]
2025-03-24 16:50:54.762 [main] INFO  org.apache.catalina.core.ContainerBase.[Tomcat].[localhost].[/] - Initializing Spring embedded WebApplicationContext
2025-03-24 16:50:55.178 [main] INFO  org.apache.coyote.http11.Http11NioProtocol - Starting ProtocolHandler ["http-nio-9090"]
2025-03-24 16:50:55.197 [main] INFO  org.apache.kafka.clients.consumer.ConsumerConfig - ConsumerConfig values: 
	allow.auto.create.topics = true
	auto.commit.interval.ms = 5000
	auto.include.jmx.reporter = true
	auto.offset.reset = latest
	bootstrap.servers = [localhost:9092]
	check.crcs = true
	client.dns.lookup = use_all_dns_ips
	client.id = consumer-tomge-consumer-group-1
	client.rack = 
	connections.max.idle.ms = 540000
	default.api.timeout.ms = 60000
	enable.auto.commit = false
	enable.metrics.push = true
	exclude.internal.topics = true
	fetch.max.bytes = 52428800
	fetch.max.wait.ms = 500
	fetch.min.bytes = 1
	group.id = tomge-consumer-group
	group.instance.id = null
	group.protocol = classic
	group.remote.assignor = null
	heartbeat.interval.ms = 3000
	interceptor.classes = []
	internal.leave.group.on.close = true
	internal.throw.on.fetch.stable.offset.unsupported = false
	isolation.level = read_uncommitted
	key.deserializer = class org.apache.kafka.common.serialization.StringDeserializer
	max.partition.fetch.bytes = 1048576
	max.poll.interval.ms = 300000
	max.poll.records = 500
	metadata.max.age.ms = 300000
	metric.reporters = []
	metrics.num.samples = 2
	metrics.recording.level = INFO
	metrics.sample.window.ms = 30000
	partition.assignment.strategy = [class org.apache.kafka.clients.consumer.RangeAssignor, class org.apache.kafka.clients.consumer.CooperativeStickyAssignor]
	receive.buffer.bytes = 65536
	reconnect.backoff.max.ms = 1000
	reconnect.backoff.ms = 50
	request.timeout.ms = 30000
	retry.backoff.max.ms = 1000
	retry.backoff.ms = 100
	sasl.client.callback.handler.class = null
	sasl.jaas.config = null
	sasl.kerberos.kinit.cmd = /usr/bin/kinit
	sasl.kerberos.min.time.before.relogin = 60000
	sasl.kerberos.service.name = null
	sasl.kerberos.ticket.renew.jitter = 0.05
	sasl.kerberos.ticket.renew.window.factor = 0.8
	sasl.login.callback.handler.class = null
	sasl.login.class = null
	sasl.login.connect.timeout.ms = null
	sasl.login.read.timeout.ms = null
	sasl.login.refresh.buffer.seconds = 300
	sasl.login.refresh.min.period.seconds = 60
	sasl.login.refresh.window.factor = 0.8
	sasl.login.refresh.window.jitter = 0.05
	sasl.login.retry.backoff.max.ms = 10000
	sasl.login.retry.backoff.ms = 100
	sasl.mechanism = GSSAPI
	sasl.oauthbearer.clock.skew.seconds = 30
	sasl.oauthbearer.expected.audience = null
	sasl.oauthbearer.expected.issuer = null
	sasl.oauthbearer.jwks.endpoint.refresh.ms = 3600000
	sasl.oauthbearer.jwks.endpoint.retry.backoff.max.ms = 10000
	sasl.oauthbearer.jwks.endpoint.retry.backoff.ms = 100
	sasl.oauthbearer.jwks.endpoint.url = null
	sasl.oauthbearer.scope.claim.name = scope
	sasl.oauthbearer.sub.claim.name = sub
	sasl.oauthbearer.token.endpoint.url = null
	security.protocol = PLAINTEXT
	security.providers = null
	send.buffer.bytes = 131072
	session.timeout.ms = 45000
	socket.connection.setup.timeout.max.ms = 30000
	socket.connection.setup.timeout.ms = 10000
	ssl.cipher.suites = null
	ssl.enabled.protocols = [TLSv1.2, TLSv1.3]
	ssl.endpoint.identification.algorithm = https
	ssl.engine.factory.class = null
	ssl.key.password = null
	ssl.keymanager.algorithm = SunX509
	ssl.keystore.certificate.chain = null
	ssl.keystore.key = null
	ssl.keystore.location = null
	ssl.keystore.password = null
	ssl.keystore.type = JKS
	ssl.protocol = TLSv1.3
	ssl.provider = null
	ssl.secure.random.implementation = null
	ssl.trustmanager.algorithm = PKIX
	ssl.truststore.certificates = null
	ssl.truststore.location = null
	ssl.truststore.password = null
	ssl.truststore.type = JKS
	value.deserializer = class org.apache.kafka.common.serialization.StringDeserializer

2025-03-24 16:50:55.212 [main] INFO  org.apache.kafka.common.telemetry.internals.KafkaMetricsCollector - initializing Kafka metrics collector
2025-03-24 16:50:55.237 [main] INFO  org.apache.kafka.common.utils.AppInfoParser - Kafka version: 3.7.2
2025-03-24 16:50:55.237 [main] INFO  org.apache.kafka.common.utils.AppInfoParser - Kafka commitId: 79a8f2b5f44f9d5a
2025-03-24 16:50:55.237 [main] INFO  org.apache.kafka.common.utils.AppInfoParser - Kafka startTimeMs: 1742806255237
2025-03-24 16:50:55.238 [main] INFO  org.apache.kafka.clients.consumer.internals.LegacyKafkaConsumer - [Consumer clientId=consumer-tomge-consumer-group-1, groupId=tomge-consumer-group] Subscribed to topic(s): testtopic
2025-03-24 16:50:55.245 [main] INFO  com.test.testboot.TestbootApplication - Started TestbootApplication in 1.153 seconds (process running for 1.379)
2025-03-24 16:50:55.343 [org.springframework.kafka.KafkaListenerEndpointContainer#0-0-C-1] INFO  org.apache.kafka.clients.Metadata - [Consumer clientId=consumer-tomge-consumer-group-1, groupId=tomge-consumer-group] Cluster ID: 55v202dzTXeo6Uf5cKQwuw
2025-03-24 16:50:55.343 [org.springframework.kafka.KafkaListenerEndpointContainer#0-0-C-1] INFO  org.apache.kafka.clients.consumer.internals.ConsumerCoordinator - [Consumer clientId=consumer-tomge-consumer-group-1, groupId=tomge-consumer-group] Discovered group coordinator localhost:9092 (id: 2147483647 rack: null)
2025-03-24 16:50:55.344 [org.springframework.kafka.KafkaListenerEndpointContainer#0-0-C-1] INFO  org.apache.kafka.clients.consumer.internals.ConsumerCoordinator - [Consumer clientId=consumer-tomge-consumer-group-1, groupId=tomge-consumer-group] (Re-)joining group
2025-03-24 16:50:55.349 [org.springframework.kafka.KafkaListenerEndpointContainer#0-0-C-1] INFO  org.apache.kafka.clients.consumer.internals.ConsumerCoordinator - [Consumer clientId=consumer-tomge-consumer-group-1, groupId=tomge-consumer-group] Request joining group due to: need to re-join with the given member-id: consumer-tomge-consumer-group-1-de6a5a31-467f-49ca-8b34-4cdfbc475a10
2025-03-24 16:50:55.350 [org.springframework.kafka.KafkaListenerEndpointContainer#0-0-C-1] INFO  org.apache.kafka.clients.consumer.internals.ConsumerCoordinator - [Consumer clientId=consumer-tomge-consumer-group-1, groupId=tomge-consumer-group] (Re-)joining group
2025-03-24 16:50:55.352 [org.springframework.kafka.KafkaListenerEndpointContainer#0-0-C-1] INFO  org.apache.kafka.clients.consumer.internals.ConsumerCoordinator - [Consumer clientId=consumer-tomge-consumer-group-1, groupId=tomge-consumer-group] Successfully joined group with generation Generation{generationId=13, memberId='consumer-tomge-consumer-group-1-de6a5a31-467f-49ca-8b34-4cdfbc475a10', protocol='range'}
2025-03-24 16:50:55.354 [org.springframework.kafka.KafkaListenerEndpointContainer#0-0-C-1] INFO  org.apache.kafka.clients.consumer.internals.ConsumerCoordinator - [Consumer clientId=consumer-tomge-consumer-group-1, groupId=tomge-consumer-group] Finished assignment for group at generation 13: {consumer-tomge-consumer-group-1-de6a5a31-467f-49ca-8b34-4cdfbc475a10=Assignment(partitions=[testtopic-0])}
2025-03-24 16:50:55.358 [org.springframework.kafka.KafkaListenerEndpointContainer#0-0-C-1] INFO  org.apache.kafka.clients.consumer.internals.ConsumerCoordinator - [Consumer clientId=consumer-tomge-consumer-group-1, groupId=tomge-consumer-group] Successfully synced group in generation Generation{generationId=13, memberId='consumer-tomge-consumer-group-1-de6a5a31-467f-49ca-8b34-4cdfbc475a10', protocol='range'}
2025-03-24 16:50:55.358 [org.springframework.kafka.KafkaListenerEndpointContainer#0-0-C-1] INFO  org.apache.kafka.clients.consumer.internals.ConsumerCoordinator - [Consumer clientId=consumer-tomge-consumer-group-1, groupId=tomge-consumer-group] Notifying assignor about the new Assignment(partitions=[testtopic-0])
2025-03-24 16:50:55.359 [org.springframework.kafka.KafkaListenerEndpointContainer#0-0-C-1] INFO  org.apache.kafka.clients.consumer.internals.ConsumerRebalanceListenerInvoker - [Consumer clientId=consumer-tomge-consumer-group-1, groupId=tomge-consumer-group] Adding newly assigned partitions: testtopic-0
2025-03-24 16:50:55.362 [org.springframework.kafka.KafkaListenerEndpointContainer#0-0-C-1] INFO  org.apache.kafka.clients.consumer.internals.ConsumerUtils - Setting offset for partition testtopic-0 to the committed offset FetchPosition{offset=19, offsetEpoch=Optional.empty, currentLeader=LeaderAndEpoch{leader=Optional[localhost:9092 (id: 0 rack: null)], epoch=0}}
2025-03-24 16:50:58.242 [http-nio-9090-exec-2] INFO  org.apache.catalina.core.ContainerBase.[Tomcat].[localhost].[/] - Initializing Spring DispatcherServlet 'dispatcherServlet'
2025-03-24 16:50:58.272 [http-nio-9090-exec-2] INFO  org.apache.kafka.clients.producer.ProducerConfig - ProducerConfig values: 
	acks = -1
	auto.include.jmx.reporter = true
	batch.size = 16384
	bootstrap.servers = [localhost:9092]
	buffer.memory = 33554432
	client.dns.lookup = use_all_dns_ips
	client.id = testspringboot-producer-1
	compression.type = none
	connections.max.idle.ms = 540000
	delivery.timeout.ms = 120000
	enable.idempotence = true
	enable.metrics.push = true
	interceptor.classes = []
	key.serializer = class org.apache.kafka.common.serialization.StringSerializer
	linger.ms = 0
	max.block.ms = 60000
	max.in.flight.requests.per.connection = 5
	max.request.size = 1048576
	metadata.max.age.ms = 300000
	metadata.max.idle.ms = 300000
	metric.reporters = []
	metrics.num.samples = 2
	metrics.recording.level = INFO
	metrics.sample.window.ms = 30000
	partitioner.adaptive.partitioning.enable = true
	partitioner.availability.timeout.ms = 0
	partitioner.class = null
	partitioner.ignore.keys = false
	receive.buffer.bytes = 32768
	reconnect.backoff.max.ms = 1000
	reconnect.backoff.ms = 50
	request.timeout.ms = 30000
	retries = 3
	retry.backoff.max.ms = 1000
	retry.backoff.ms = 100
	sasl.client.callback.handler.class = null
	sasl.jaas.config = null
	sasl.kerberos.kinit.cmd = /usr/bin/kinit
	sasl.kerberos.min.time.before.relogin = 60000
	sasl.kerberos.service.name = null
	sasl.kerberos.ticket.renew.jitter = 0.05
	sasl.kerberos.ticket.renew.window.factor = 0.8
	sasl.login.callback.handler.class = null
	sasl.login.class = null
	sasl.login.connect.timeout.ms = null
	sasl.login.read.timeout.ms = null
	sasl.login.refresh.buffer.seconds = 300
	sasl.login.refresh.min.period.seconds = 60
	sasl.login.refresh.window.factor = 0.8
	sasl.login.refresh.window.jitter = 0.05
	sasl.login.retry.backoff.max.ms = 10000
	sasl.login.retry.backoff.ms = 100
	sasl.mechanism = GSSAPI
	sasl.oauthbearer.clock.skew.seconds = 30
	sasl.oauthbearer.expected.audience = null
	sasl.oauthbearer.expected.issuer = null
	sasl.oauthbearer.jwks.endpoint.refresh.ms = 3600000
	sasl.oauthbearer.jwks.endpoint.retry.backoff.max.ms = 10000
	sasl.oauthbearer.jwks.endpoint.retry.backoff.ms = 100
	sasl.oauthbearer.jwks.endpoint.url = null
	sasl.oauthbearer.scope.claim.name = scope
	sasl.oauthbearer.sub.claim.name = sub
	sasl.oauthbearer.token.endpoint.url = null
	security.protocol = PLAINTEXT
	security.providers = null
	send.buffer.bytes = 131072
	socket.connection.setup.timeout.max.ms = 30000
	socket.connection.setup.timeout.ms = 10000
	ssl.cipher.suites = null
	ssl.enabled.protocols = [TLSv1.2, TLSv1.3]
	ssl.endpoint.identification.algorithm = https
	ssl.engine.factory.class = null
	ssl.key.password = null
	ssl.keymanager.algorithm = SunX509
	ssl.keystore.certificate.chain = null
	ssl.keystore.key = null
	ssl.keystore.location = null
	ssl.keystore.password = null
	ssl.keystore.type = JKS
	ssl.protocol = TLSv1.3
	ssl.provider = null
	ssl.secure.random.implementation = null
	ssl.trustmanager.algorithm = PKIX
	ssl.truststore.certificates = null
	ssl.truststore.location = null
	ssl.truststore.password = null
	ssl.truststore.type = JKS
	transaction.timeout.ms = 60000
	transactional.id = null
	value.serializer = class org.apache.kafka.common.serialization.StringSerializer

2025-03-24 16:50:58.272 [http-nio-9090-exec-2] INFO  org.apache.kafka.common.telemetry.internals.KafkaMetricsCollector - initializing Kafka metrics collector
2025-03-24 16:50:58.276 [http-nio-9090-exec-2] INFO  org.apache.kafka.clients.producer.KafkaProducer - [Producer clientId=testspringboot-producer-1] Instantiated an idempotent producer.
2025-03-24 16:50:58.283 [http-nio-9090-exec-2] INFO  org.apache.kafka.common.utils.AppInfoParser - Kafka version: 3.7.2
2025-03-24 16:50:58.283 [http-nio-9090-exec-2] INFO  org.apache.kafka.common.utils.AppInfoParser - Kafka commitId: 79a8f2b5f44f9d5a
2025-03-24 16:50:58.283 [http-nio-9090-exec-2] INFO  org.apache.kafka.common.utils.AppInfoParser - Kafka startTimeMs: 1742806258283
2025-03-24 16:50:58.288 [kafka-producer-network-thread | testspringboot-producer-1] INFO  org.apache.kafka.clients.Metadata - [Producer clientId=testspringboot-producer-1] Cluster ID: 55v202dzTXeo6Uf5cKQwuw
2025-03-24 16:50:58.289 [kafka-producer-network-thread | testspringboot-producer-1] INFO  org.apache.kafka.clients.producer.internals.TransactionManager - [Producer clientId=testspringboot-producer-1] ProducerId set to 1006 with epoch 0
2025-03-24 16:50:58.304 [http-nio-9090-exec-2] INFO  com.test.testboot.kafkaservice.ProducerService - SendResult [producerRecord=ProducerRecord(topic=testtopic, partition=null, headers=RecordHeaders(headers = [], isReadOnly = true), key=null, value=903, timestamp=null), recordMetadata=testtopic-0@19]
2025-03-24 16:50:58.307 [org.springframework.kafka.KafkaListenerEndpointContainer#0-0-C-1] INFO  com.test.testboot.kafkaservice.ConsumerService - Received message: 903
2025-03-24 16:50:58.315 [org.springframework.kafka.KafkaListenerEndpointContainer#0-0-C-1] INFO  com.zaxxer.hikari.HikariDataSource - HikariPool-1 - Starting...
2025-03-24 16:50:58.380 [org.springframework.kafka.KafkaListenerEndpointContainer#0-0-C-1] INFO  com.zaxxer.hikari.pool.HikariPool - HikariPool-1 - Added connection com.mysql.cj.jdbc.ConnectionImpl@72c0d644
2025-03-24 16:50:58.381 [org.springframework.kafka.KafkaListenerEndpointContainer#0-0-C-1] INFO  com.zaxxer.hikari.HikariDataSource - HikariPool-1 - Start completed.
2025-03-24 16:52:36.502 [org.springframework.kafka.KafkaListenerEndpointContainer#0-0-C-1] INFO  org.apache.kafka.clients.consumer.internals.ConsumerRebalanceListenerInvoker - [Consumer clientId=consumer-tomge-consumer-group-1, groupId=tomge-consumer-group] Revoke previously assigned partitions testtopic-0
2025-03-24 16:52:36.502 [org.springframework.kafka.KafkaListenerEndpointContainer#0-0-C-1] INFO  org.apache.kafka.clients.consumer.internals.ConsumerCoordinator - [Consumer clientId=consumer-tomge-consumer-group-1, groupId=tomge-consumer-group] Member consumer-tomge-consumer-group-1-de6a5a31-467f-49ca-8b34-4cdfbc475a10 sending LeaveGroup request to coordinator localhost:9092 (id: 2147483647 rack: null) due to the consumer unsubscribed from all topics
2025-03-24 16:52:36.503 [org.springframework.kafka.KafkaListenerEndpointContainer#0-0-C-1] INFO  org.apache.kafka.clients.consumer.internals.ConsumerCoordinator - [Consumer clientId=consumer-tomge-consumer-group-1, groupId=tomge-consumer-group] Resetting generation and member id due to: consumer pro-actively leaving the group
2025-03-24 16:52:36.503 [org.springframework.kafka.KafkaListenerEndpointContainer#0-0-C-1] INFO  org.apache.kafka.clients.consumer.internals.ConsumerCoordinator - [Consumer clientId=consumer-tomge-consumer-group-1, groupId=tomge-consumer-group] Request joining group due to: consumer pro-actively leaving the group
2025-03-24 16:52:36.503 [org.springframework.kafka.KafkaListenerEndpointContainer#0-0-C-1] INFO  org.apache.kafka.clients.consumer.internals.LegacyKafkaConsumer - [Consumer clientId=consumer-tomge-consumer-group-1, groupId=tomge-consumer-group] Unsubscribed all topics or patterns and assigned partitions
2025-03-24 16:52:36.503 [org.springframework.kafka.KafkaListenerEndpointContainer#0-0-C-1] INFO  org.apache.kafka.clients.consumer.internals.ConsumerCoordinator - [Consumer clientId=consumer-tomge-consumer-group-1, groupId=tomge-consumer-group] Resetting generation and member id due to: consumer pro-actively leaving the group
2025-03-24 16:52:36.503 [org.springframework.kafka.KafkaListenerEndpointContainer#0-0-C-1] INFO  org.apache.kafka.clients.consumer.internals.ConsumerCoordinator - [Consumer clientId=consumer-tomge-consumer-group-1, groupId=tomge-consumer-group] Request joining group due to: consumer pro-actively leaving the group
2025-03-24 16:52:36.570 [org.springframework.kafka.KafkaListenerEndpointContainer#0-0-C-1] INFO  org.apache.kafka.common.metrics.Metrics - Metrics scheduler closed
2025-03-24 16:52:36.570 [org.springframework.kafka.KafkaListenerEndpointContainer#0-0-C-1] INFO  org.apache.kafka.common.metrics.Metrics - Closing reporter org.apache.kafka.common.metrics.JmxReporter
2025-03-24 16:52:36.570 [org.springframework.kafka.KafkaListenerEndpointContainer#0-0-C-1] INFO  org.apache.kafka.common.metrics.Metrics - Closing reporter org.apache.kafka.common.telemetry.internals.ClientTelemetryReporter
2025-03-24 16:52:36.570 [org.springframework.kafka.KafkaListenerEndpointContainer#0-0-C-1] INFO  org.apache.kafka.common.metrics.Metrics - Metrics reporters closed
2025-03-24 16:52:36.573 [org.springframework.kafka.KafkaListenerEndpointContainer#0-0-C-1] INFO  org.apache.kafka.common.utils.AppInfoParser - App info kafka.consumer for consumer-tomge-consumer-group-1 unregistered
2025-03-24 16:52:36.582 [SpringApplicationShutdownHook] INFO  org.apache.kafka.clients.producer.KafkaProducer - [Producer clientId=testspringboot-producer-1] Closing the Kafka producer with timeoutMillis = 30000 ms.
2025-03-24 16:52:36.584 [SpringApplicationShutdownHook] INFO  org.apache.kafka.common.metrics.Metrics - Metrics scheduler closed
2025-03-24 16:52:36.584 [SpringApplicationShutdownHook] INFO  org.apache.kafka.common.metrics.Metrics - Closing reporter org.apache.kafka.common.metrics.JmxReporter
2025-03-24 16:52:36.584 [SpringApplicationShutdownHook] INFO  org.apache.kafka.common.metrics.Metrics - Closing reporter org.apache.kafka.common.telemetry.internals.ClientTelemetryReporter
2025-03-24 16:52:36.584 [SpringApplicationShutdownHook] INFO  org.apache.kafka.common.metrics.Metrics - Metrics reporters closed
2025-03-24 16:52:36.585 [SpringApplicationShutdownHook] INFO  org.apache.kafka.common.utils.AppInfoParser - App info kafka.producer for testspringboot-producer-1 unregistered
2025-03-24 16:52:36.589 [SpringApplicationShutdownHook] INFO  com.zaxxer.hikari.HikariDataSource - HikariPool-1 - Shutdown initiated...
2025-03-24 16:52:36.592 [SpringApplicationShutdownHook] INFO  com.zaxxer.hikari.HikariDataSource - HikariPool-1 - Shutdown completed.
2025-03-24 16:52:40.269 [main] INFO  com.test.testboot.TestbootApplication - Starting TestbootApplication using Java 23.0.2 with PID 9332 (/Users/zhaoxin/Documents/GitHub/testboot/target/classes started by zhaoxin in /Users/zhaoxin/Documents/GitHub/testboot)
2025-03-24 16:52:40.271 [main] INFO  com.test.testboot.TestbootApplication - No active profile set, falling back to 1 default profile: "default"
2025-03-24 16:52:40.742 [main] INFO  org.apache.coyote.http11.Http11NioProtocol - Initializing ProtocolHandler ["http-nio-9090"]
2025-03-24 16:52:40.742 [main] INFO  org.apache.catalina.core.StandardService - Starting service [Tomcat]
2025-03-24 16:52:40.742 [main] INFO  org.apache.catalina.core.StandardEngine - Starting Servlet engine: [Apache Tomcat/10.1.36]
2025-03-24 16:52:40.757 [main] INFO  org.apache.catalina.core.ContainerBase.[Tomcat].[localhost].[/] - Initializing Spring embedded WebApplicationContext
2025-03-24 16:52:41.182 [main] INFO  org.apache.coyote.http11.Http11NioProtocol - Starting ProtocolHandler ["http-nio-9090"]
2025-03-24 16:52:41.201 [main] INFO  org.apache.kafka.clients.consumer.ConsumerConfig - ConsumerConfig values: 
	allow.auto.create.topics = true
	auto.commit.interval.ms = 5000
	auto.include.jmx.reporter = true
	auto.offset.reset = latest
	bootstrap.servers = [localhost:9092]
	check.crcs = true
	client.dns.lookup = use_all_dns_ips
	client.id = consumer-tomge-consumer-group-1
	client.rack = 
	connections.max.idle.ms = 540000
	default.api.timeout.ms = 60000
	enable.auto.commit = false
	enable.metrics.push = true
	exclude.internal.topics = true
	fetch.max.bytes = 52428800
	fetch.max.wait.ms = 500
	fetch.min.bytes = 1
	group.id = tomge-consumer-group
	group.instance.id = null
	group.protocol = classic
	group.remote.assignor = null
	heartbeat.interval.ms = 3000
	interceptor.classes = []
	internal.leave.group.on.close = true
	internal.throw.on.fetch.stable.offset.unsupported = false
	isolation.level = read_uncommitted
	key.deserializer = class org.apache.kafka.common.serialization.StringDeserializer
	max.partition.fetch.bytes = 1048576
	max.poll.interval.ms = 300000
	max.poll.records = 500
	metadata.max.age.ms = 300000
	metric.reporters = []
	metrics.num.samples = 2
	metrics.recording.level = INFO
	metrics.sample.window.ms = 30000
	partition.assignment.strategy = [class org.apache.kafka.clients.consumer.RangeAssignor, class org.apache.kafka.clients.consumer.CooperativeStickyAssignor]
	receive.buffer.bytes = 65536
	reconnect.backoff.max.ms = 1000
	reconnect.backoff.ms = 50
	request.timeout.ms = 30000
	retry.backoff.max.ms = 1000
	retry.backoff.ms = 100
	sasl.client.callback.handler.class = null
	sasl.jaas.config = null
	sasl.kerberos.kinit.cmd = /usr/bin/kinit
	sasl.kerberos.min.time.before.relogin = 60000
	sasl.kerberos.service.name = null
	sasl.kerberos.ticket.renew.jitter = 0.05
	sasl.kerberos.ticket.renew.window.factor = 0.8
	sasl.login.callback.handler.class = null
	sasl.login.class = null
	sasl.login.connect.timeout.ms = null
	sasl.login.read.timeout.ms = null
	sasl.login.refresh.buffer.seconds = 300
	sasl.login.refresh.min.period.seconds = 60
	sasl.login.refresh.window.factor = 0.8
	sasl.login.refresh.window.jitter = 0.05
	sasl.login.retry.backoff.max.ms = 10000
	sasl.login.retry.backoff.ms = 100
	sasl.mechanism = GSSAPI
	sasl.oauthbearer.clock.skew.seconds = 30
	sasl.oauthbearer.expected.audience = null
	sasl.oauthbearer.expected.issuer = null
	sasl.oauthbearer.jwks.endpoint.refresh.ms = 3600000
	sasl.oauthbearer.jwks.endpoint.retry.backoff.max.ms = 10000
	sasl.oauthbearer.jwks.endpoint.retry.backoff.ms = 100
	sasl.oauthbearer.jwks.endpoint.url = null
	sasl.oauthbearer.scope.claim.name = scope
	sasl.oauthbearer.sub.claim.name = sub
	sasl.oauthbearer.token.endpoint.url = null
	security.protocol = PLAINTEXT
	security.providers = null
	send.buffer.bytes = 131072
	session.timeout.ms = 45000
	socket.connection.setup.timeout.max.ms = 30000
	socket.connection.setup.timeout.ms = 10000
	ssl.cipher.suites = null
	ssl.enabled.protocols = [TLSv1.2, TLSv1.3]
	ssl.endpoint.identification.algorithm = https
	ssl.engine.factory.class = null
	ssl.key.password = null
	ssl.keymanager.algorithm = SunX509
	ssl.keystore.certificate.chain = null
	ssl.keystore.key = null
	ssl.keystore.location = null
	ssl.keystore.password = null
	ssl.keystore.type = JKS
	ssl.protocol = TLSv1.3
	ssl.provider = null
	ssl.secure.random.implementation = null
	ssl.trustmanager.algorithm = PKIX
	ssl.truststore.certificates = null
	ssl.truststore.location = null
	ssl.truststore.password = null
	ssl.truststore.type = JKS
	value.deserializer = class org.apache.kafka.common.serialization.StringDeserializer

2025-03-24 16:52:41.217 [main] INFO  org.apache.kafka.common.telemetry.internals.KafkaMetricsCollector - initializing Kafka metrics collector
2025-03-24 16:52:41.246 [main] INFO  org.apache.kafka.common.utils.AppInfoParser - Kafka version: 3.7.2
2025-03-24 16:52:41.247 [main] INFO  org.apache.kafka.common.utils.AppInfoParser - Kafka commitId: 79a8f2b5f44f9d5a
2025-03-24 16:52:41.247 [main] INFO  org.apache.kafka.common.utils.AppInfoParser - Kafka startTimeMs: 1742806361246
2025-03-24 16:52:41.248 [main] INFO  org.apache.kafka.clients.consumer.internals.LegacyKafkaConsumer - [Consumer clientId=consumer-tomge-consumer-group-1, groupId=tomge-consumer-group] Subscribed to topic(s): testtopic
2025-03-24 16:52:41.254 [main] INFO  com.test.testboot.TestbootApplication - Started TestbootApplication in 1.175 seconds (process running for 1.397)
2025-03-24 16:52:41.352 [org.springframework.kafka.KafkaListenerEndpointContainer#0-0-C-1] INFO  org.apache.kafka.clients.Metadata - [Consumer clientId=consumer-tomge-consumer-group-1, groupId=tomge-consumer-group] Cluster ID: 55v202dzTXeo6Uf5cKQwuw
2025-03-24 16:52:41.352 [org.springframework.kafka.KafkaListenerEndpointContainer#0-0-C-1] INFO  org.apache.kafka.clients.consumer.internals.ConsumerCoordinator - [Consumer clientId=consumer-tomge-consumer-group-1, groupId=tomge-consumer-group] Discovered group coordinator localhost:9092 (id: 2147483647 rack: null)
2025-03-24 16:52:41.353 [org.springframework.kafka.KafkaListenerEndpointContainer#0-0-C-1] INFO  org.apache.kafka.clients.consumer.internals.ConsumerCoordinator - [Consumer clientId=consumer-tomge-consumer-group-1, groupId=tomge-consumer-group] (Re-)joining group
2025-03-24 16:52:41.358 [org.springframework.kafka.KafkaListenerEndpointContainer#0-0-C-1] INFO  org.apache.kafka.clients.consumer.internals.ConsumerCoordinator - [Consumer clientId=consumer-tomge-consumer-group-1, groupId=tomge-consumer-group] Request joining group due to: need to re-join with the given member-id: consumer-tomge-consumer-group-1-52d5064e-8099-4ce9-bbe4-cec1b69ef4a0
2025-03-24 16:52:41.359 [org.springframework.kafka.KafkaListenerEndpointContainer#0-0-C-1] INFO  org.apache.kafka.clients.consumer.internals.ConsumerCoordinator - [Consumer clientId=consumer-tomge-consumer-group-1, groupId=tomge-consumer-group] (Re-)joining group
2025-03-24 16:52:41.361 [org.springframework.kafka.KafkaListenerEndpointContainer#0-0-C-1] INFO  org.apache.kafka.clients.consumer.internals.ConsumerCoordinator - [Consumer clientId=consumer-tomge-consumer-group-1, groupId=tomge-consumer-group] Successfully joined group with generation Generation{generationId=15, memberId='consumer-tomge-consumer-group-1-52d5064e-8099-4ce9-bbe4-cec1b69ef4a0', protocol='range'}
2025-03-24 16:52:41.362 [org.springframework.kafka.KafkaListenerEndpointContainer#0-0-C-1] INFO  org.apache.kafka.clients.consumer.internals.ConsumerCoordinator - [Consumer clientId=consumer-tomge-consumer-group-1, groupId=tomge-consumer-group] Finished assignment for group at generation 15: {consumer-tomge-consumer-group-1-52d5064e-8099-4ce9-bbe4-cec1b69ef4a0=Assignment(partitions=[testtopic-0])}
2025-03-24 16:52:41.366 [org.springframework.kafka.KafkaListenerEndpointContainer#0-0-C-1] INFO  org.apache.kafka.clients.consumer.internals.ConsumerCoordinator - [Consumer clientId=consumer-tomge-consumer-group-1, groupId=tomge-consumer-group] Successfully synced group in generation Generation{generationId=15, memberId='consumer-tomge-consumer-group-1-52d5064e-8099-4ce9-bbe4-cec1b69ef4a0', protocol='range'}
2025-03-24 16:52:41.366 [org.springframework.kafka.KafkaListenerEndpointContainer#0-0-C-1] INFO  org.apache.kafka.clients.consumer.internals.ConsumerCoordinator - [Consumer clientId=consumer-tomge-consumer-group-1, groupId=tomge-consumer-group] Notifying assignor about the new Assignment(partitions=[testtopic-0])
2025-03-24 16:52:41.367 [org.springframework.kafka.KafkaListenerEndpointContainer#0-0-C-1] INFO  org.apache.kafka.clients.consumer.internals.ConsumerRebalanceListenerInvoker - [Consumer clientId=consumer-tomge-consumer-group-1, groupId=tomge-consumer-group] Adding newly assigned partitions: testtopic-0
2025-03-24 16:52:41.370 [org.springframework.kafka.KafkaListenerEndpointContainer#0-0-C-1] INFO  org.apache.kafka.clients.consumer.internals.ConsumerUtils - Setting offset for partition testtopic-0 to the committed offset FetchPosition{offset=20, offsetEpoch=Optional.empty, currentLeader=LeaderAndEpoch{leader=Optional[localhost:9092 (id: 0 rack: null)], epoch=0}}
2025-03-24 16:52:43.680 [http-nio-9090-exec-2] INFO  org.apache.catalina.core.ContainerBase.[Tomcat].[localhost].[/] - Initializing Spring DispatcherServlet 'dispatcherServlet'
2025-03-24 16:52:43.711 [http-nio-9090-exec-2] INFO  org.apache.kafka.clients.producer.ProducerConfig - ProducerConfig values: 
	acks = -1
	auto.include.jmx.reporter = true
	batch.size = 16384
	bootstrap.servers = [localhost:9092]
	buffer.memory = 33554432
	client.dns.lookup = use_all_dns_ips
	client.id = testspringboot-producer-1
	compression.type = none
	connections.max.idle.ms = 540000
	delivery.timeout.ms = 120000
	enable.idempotence = true
	enable.metrics.push = true
	interceptor.classes = []
	key.serializer = class org.apache.kafka.common.serialization.StringSerializer
	linger.ms = 0
	max.block.ms = 60000
	max.in.flight.requests.per.connection = 5
	max.request.size = 1048576
	metadata.max.age.ms = 300000
	metadata.max.idle.ms = 300000
	metric.reporters = []
	metrics.num.samples = 2
	metrics.recording.level = INFO
	metrics.sample.window.ms = 30000
	partitioner.adaptive.partitioning.enable = true
	partitioner.availability.timeout.ms = 0
	partitioner.class = null
	partitioner.ignore.keys = false
	receive.buffer.bytes = 32768
	reconnect.backoff.max.ms = 1000
	reconnect.backoff.ms = 50
	request.timeout.ms = 30000
	retries = 3
	retry.backoff.max.ms = 1000
	retry.backoff.ms = 100
	sasl.client.callback.handler.class = null
	sasl.jaas.config = null
	sasl.kerberos.kinit.cmd = /usr/bin/kinit
	sasl.kerberos.min.time.before.relogin = 60000
	sasl.kerberos.service.name = null
	sasl.kerberos.ticket.renew.jitter = 0.05
	sasl.kerberos.ticket.renew.window.factor = 0.8
	sasl.login.callback.handler.class = null
	sasl.login.class = null
	sasl.login.connect.timeout.ms = null
	sasl.login.read.timeout.ms = null
	sasl.login.refresh.buffer.seconds = 300
	sasl.login.refresh.min.period.seconds = 60
	sasl.login.refresh.window.factor = 0.8
	sasl.login.refresh.window.jitter = 0.05
	sasl.login.retry.backoff.max.ms = 10000
	sasl.login.retry.backoff.ms = 100
	sasl.mechanism = GSSAPI
	sasl.oauthbearer.clock.skew.seconds = 30
	sasl.oauthbearer.expected.audience = null
	sasl.oauthbearer.expected.issuer = null
	sasl.oauthbearer.jwks.endpoint.refresh.ms = 3600000
	sasl.oauthbearer.jwks.endpoint.retry.backoff.max.ms = 10000
	sasl.oauthbearer.jwks.endpoint.retry.backoff.ms = 100
	sasl.oauthbearer.jwks.endpoint.url = null
	sasl.oauthbearer.scope.claim.name = scope
	sasl.oauthbearer.sub.claim.name = sub
	sasl.oauthbearer.token.endpoint.url = null
	security.protocol = PLAINTEXT
	security.providers = null
	send.buffer.bytes = 131072
	socket.connection.setup.timeout.max.ms = 30000
	socket.connection.setup.timeout.ms = 10000
	ssl.cipher.suites = null
	ssl.enabled.protocols = [TLSv1.2, TLSv1.3]
	ssl.endpoint.identification.algorithm = https
	ssl.engine.factory.class = null
	ssl.key.password = null
	ssl.keymanager.algorithm = SunX509
	ssl.keystore.certificate.chain = null
	ssl.keystore.key = null
	ssl.keystore.location = null
	ssl.keystore.password = null
	ssl.keystore.type = JKS
	ssl.protocol = TLSv1.3
	ssl.provider = null
	ssl.secure.random.implementation = null
	ssl.trustmanager.algorithm = PKIX
	ssl.truststore.certificates = null
	ssl.truststore.location = null
	ssl.truststore.password = null
	ssl.truststore.type = JKS
	transaction.timeout.ms = 60000
	transactional.id = null
	value.serializer = class org.apache.kafka.common.serialization.StringSerializer

2025-03-24 16:52:43.711 [http-nio-9090-exec-2] INFO  org.apache.kafka.common.telemetry.internals.KafkaMetricsCollector - initializing Kafka metrics collector
2025-03-24 16:52:43.715 [http-nio-9090-exec-2] INFO  org.apache.kafka.clients.producer.KafkaProducer - [Producer clientId=testspringboot-producer-1] Instantiated an idempotent producer.
2025-03-24 16:52:43.721 [http-nio-9090-exec-2] INFO  org.apache.kafka.common.utils.AppInfoParser - Kafka version: 3.7.2
2025-03-24 16:52:43.721 [http-nio-9090-exec-2] INFO  org.apache.kafka.common.utils.AppInfoParser - Kafka commitId: 79a8f2b5f44f9d5a
2025-03-24 16:52:43.721 [http-nio-9090-exec-2] INFO  org.apache.kafka.common.utils.AppInfoParser - Kafka startTimeMs: 1742806363721
2025-03-24 16:52:43.726 [kafka-producer-network-thread | testspringboot-producer-1] INFO  org.apache.kafka.clients.Metadata - [Producer clientId=testspringboot-producer-1] Cluster ID: 55v202dzTXeo6Uf5cKQwuw
2025-03-24 16:52:43.726 [kafka-producer-network-thread | testspringboot-producer-1] INFO  org.apache.kafka.clients.producer.internals.TransactionManager - [Producer clientId=testspringboot-producer-1] ProducerId set to 1007 with epoch 0
2025-03-24 16:52:43.740 [http-nio-9090-exec-2] INFO  com.test.testboot.kafkaservice.ProducerService - RecordHeaders(headers = [], isReadOnly = true)
2025-03-24 16:52:43.743 [org.springframework.kafka.KafkaListenerEndpointContainer#0-0-C-1] INFO  com.test.testboot.kafkaservice.ConsumerService - Received message: 903
2025-03-24 16:52:43.750 [org.springframework.kafka.KafkaListenerEndpointContainer#0-0-C-1] INFO  com.zaxxer.hikari.HikariDataSource - HikariPool-1 - Starting...
2025-03-24 16:52:43.816 [org.springframework.kafka.KafkaListenerEndpointContainer#0-0-C-1] INFO  com.zaxxer.hikari.pool.HikariPool - HikariPool-1 - Added connection com.mysql.cj.jdbc.ConnectionImpl@72c0d644
2025-03-24 16:52:43.816 [org.springframework.kafka.KafkaListenerEndpointContainer#0-0-C-1] INFO  com.zaxxer.hikari.HikariDataSource - HikariPool-1 - Start completed.
2025-03-24 16:53:25.486 [org.springframework.kafka.KafkaListenerEndpointContainer#0-0-C-1] INFO  org.apache.kafka.clients.consumer.internals.ConsumerRebalanceListenerInvoker - [Consumer clientId=consumer-tomge-consumer-group-1, groupId=tomge-consumer-group] Revoke previously assigned partitions testtopic-0
2025-03-24 16:53:25.487 [org.springframework.kafka.KafkaListenerEndpointContainer#0-0-C-1] INFO  org.apache.kafka.clients.consumer.internals.ConsumerCoordinator - [Consumer clientId=consumer-tomge-consumer-group-1, groupId=tomge-consumer-group] Member consumer-tomge-consumer-group-1-52d5064e-8099-4ce9-bbe4-cec1b69ef4a0 sending LeaveGroup request to coordinator localhost:9092 (id: 2147483647 rack: null) due to the consumer unsubscribed from all topics
2025-03-24 16:53:25.487 [org.springframework.kafka.KafkaListenerEndpointContainer#0-0-C-1] INFO  org.apache.kafka.clients.consumer.internals.ConsumerCoordinator - [Consumer clientId=consumer-tomge-consumer-group-1, groupId=tomge-consumer-group] Resetting generation and member id due to: consumer pro-actively leaving the group
2025-03-24 16:53:25.487 [org.springframework.kafka.KafkaListenerEndpointContainer#0-0-C-1] INFO  org.apache.kafka.clients.consumer.internals.ConsumerCoordinator - [Consumer clientId=consumer-tomge-consumer-group-1, groupId=tomge-consumer-group] Request joining group due to: consumer pro-actively leaving the group
2025-03-24 16:53:25.487 [org.springframework.kafka.KafkaListenerEndpointContainer#0-0-C-1] INFO  org.apache.kafka.clients.consumer.internals.LegacyKafkaConsumer - [Consumer clientId=consumer-tomge-consumer-group-1, groupId=tomge-consumer-group] Unsubscribed all topics or patterns and assigned partitions
2025-03-24 16:53:25.488 [org.springframework.kafka.KafkaListenerEndpointContainer#0-0-C-1] INFO  org.apache.kafka.clients.consumer.internals.ConsumerCoordinator - [Consumer clientId=consumer-tomge-consumer-group-1, groupId=tomge-consumer-group] Resetting generation and member id due to: consumer pro-actively leaving the group
2025-03-24 16:53:25.488 [org.springframework.kafka.KafkaListenerEndpointContainer#0-0-C-1] INFO  org.apache.kafka.clients.consumer.internals.ConsumerCoordinator - [Consumer clientId=consumer-tomge-consumer-group-1, groupId=tomge-consumer-group] Request joining group due to: consumer pro-actively leaving the group
2025-03-24 16:53:25.600 [org.springframework.kafka.KafkaListenerEndpointContainer#0-0-C-1] INFO  org.apache.kafka.common.metrics.Metrics - Metrics scheduler closed
2025-03-24 16:53:25.600 [org.springframework.kafka.KafkaListenerEndpointContainer#0-0-C-1] INFO  org.apache.kafka.common.metrics.Metrics - Closing reporter org.apache.kafka.common.metrics.JmxReporter
2025-03-24 16:53:25.601 [org.springframework.kafka.KafkaListenerEndpointContainer#0-0-C-1] INFO  org.apache.kafka.common.metrics.Metrics - Closing reporter org.apache.kafka.common.telemetry.internals.ClientTelemetryReporter
2025-03-24 16:53:25.601 [org.springframework.kafka.KafkaListenerEndpointContainer#0-0-C-1] INFO  org.apache.kafka.common.metrics.Metrics - Metrics reporters closed
2025-03-24 16:53:25.604 [org.springframework.kafka.KafkaListenerEndpointContainer#0-0-C-1] INFO  org.apache.kafka.common.utils.AppInfoParser - App info kafka.consumer for consumer-tomge-consumer-group-1 unregistered
2025-03-24 16:53:25.614 [SpringApplicationShutdownHook] INFO  org.apache.kafka.clients.producer.KafkaProducer - [Producer clientId=testspringboot-producer-1] Closing the Kafka producer with timeoutMillis = 30000 ms.
2025-03-24 16:53:25.616 [SpringApplicationShutdownHook] INFO  org.apache.kafka.common.metrics.Metrics - Metrics scheduler closed
2025-03-24 16:53:25.617 [SpringApplicationShutdownHook] INFO  org.apache.kafka.common.metrics.Metrics - Closing reporter org.apache.kafka.common.metrics.JmxReporter
2025-03-24 16:53:25.617 [SpringApplicationShutdownHook] INFO  org.apache.kafka.common.metrics.Metrics - Closing reporter org.apache.kafka.common.telemetry.internals.ClientTelemetryReporter
2025-03-24 16:53:25.617 [SpringApplicationShutdownHook] INFO  org.apache.kafka.common.metrics.Metrics - Metrics reporters closed
2025-03-24 16:53:25.617 [SpringApplicationShutdownHook] INFO  org.apache.kafka.common.utils.AppInfoParser - App info kafka.producer for testspringboot-producer-1 unregistered
2025-03-24 16:53:25.622 [SpringApplicationShutdownHook] INFO  com.zaxxer.hikari.HikariDataSource - HikariPool-1 - Shutdown initiated...
2025-03-24 16:53:25.625 [SpringApplicationShutdownHook] INFO  com.zaxxer.hikari.HikariDataSource - HikariPool-1 - Shutdown completed.
2025-03-24 16:53:28.081 [main] INFO  com.test.testboot.TestbootApplication - Starting TestbootApplication using Java 23.0.2 with PID 9347 (/Users/zhaoxin/Documents/GitHub/testboot/target/classes started by zhaoxin in /Users/zhaoxin/Documents/GitHub/testboot)
2025-03-24 16:53:28.083 [main] INFO  com.test.testboot.TestbootApplication - No active profile set, falling back to 1 default profile: "default"
2025-03-24 16:53:28.553 [main] INFO  org.apache.coyote.http11.Http11NioProtocol - Initializing ProtocolHandler ["http-nio-9090"]
2025-03-24 16:53:28.554 [main] INFO  org.apache.catalina.core.StandardService - Starting service [Tomcat]
2025-03-24 16:53:28.554 [main] INFO  org.apache.catalina.core.StandardEngine - Starting Servlet engine: [Apache Tomcat/10.1.36]
2025-03-24 16:53:28.570 [main] INFO  org.apache.catalina.core.ContainerBase.[Tomcat].[localhost].[/] - Initializing Spring embedded WebApplicationContext
2025-03-24 16:53:28.984 [main] INFO  org.apache.coyote.http11.Http11NioProtocol - Starting ProtocolHandler ["http-nio-9090"]
2025-03-24 16:53:29.006 [main] INFO  org.apache.kafka.clients.consumer.ConsumerConfig - ConsumerConfig values: 
	allow.auto.create.topics = true
	auto.commit.interval.ms = 5000
	auto.include.jmx.reporter = true
	auto.offset.reset = latest
	bootstrap.servers = [localhost:9092]
	check.crcs = true
	client.dns.lookup = use_all_dns_ips
	client.id = consumer-tomge-consumer-group-1
	client.rack = 
	connections.max.idle.ms = 540000
	default.api.timeout.ms = 60000
	enable.auto.commit = false
	enable.metrics.push = true
	exclude.internal.topics = true
	fetch.max.bytes = 52428800
	fetch.max.wait.ms = 500
	fetch.min.bytes = 1
	group.id = tomge-consumer-group
	group.instance.id = null
	group.protocol = classic
	group.remote.assignor = null
	heartbeat.interval.ms = 3000
	interceptor.classes = []
	internal.leave.group.on.close = true
	internal.throw.on.fetch.stable.offset.unsupported = false
	isolation.level = read_uncommitted
	key.deserializer = class org.apache.kafka.common.serialization.StringDeserializer
	max.partition.fetch.bytes = 1048576
	max.poll.interval.ms = 300000
	max.poll.records = 500
	metadata.max.age.ms = 300000
	metric.reporters = []
	metrics.num.samples = 2
	metrics.recording.level = INFO
	metrics.sample.window.ms = 30000
	partition.assignment.strategy = [class org.apache.kafka.clients.consumer.RangeAssignor, class org.apache.kafka.clients.consumer.CooperativeStickyAssignor]
	receive.buffer.bytes = 65536
	reconnect.backoff.max.ms = 1000
	reconnect.backoff.ms = 50
	request.timeout.ms = 30000
	retry.backoff.max.ms = 1000
	retry.backoff.ms = 100
	sasl.client.callback.handler.class = null
	sasl.jaas.config = null
	sasl.kerberos.kinit.cmd = /usr/bin/kinit
	sasl.kerberos.min.time.before.relogin = 60000
	sasl.kerberos.service.name = null
	sasl.kerberos.ticket.renew.jitter = 0.05
	sasl.kerberos.ticket.renew.window.factor = 0.8
	sasl.login.callback.handler.class = null
	sasl.login.class = null
	sasl.login.connect.timeout.ms = null
	sasl.login.read.timeout.ms = null
	sasl.login.refresh.buffer.seconds = 300
	sasl.login.refresh.min.period.seconds = 60
	sasl.login.refresh.window.factor = 0.8
	sasl.login.refresh.window.jitter = 0.05
	sasl.login.retry.backoff.max.ms = 10000
	sasl.login.retry.backoff.ms = 100
	sasl.mechanism = GSSAPI
	sasl.oauthbearer.clock.skew.seconds = 30
	sasl.oauthbearer.expected.audience = null
	sasl.oauthbearer.expected.issuer = null
	sasl.oauthbearer.jwks.endpoint.refresh.ms = 3600000
	sasl.oauthbearer.jwks.endpoint.retry.backoff.max.ms = 10000
	sasl.oauthbearer.jwks.endpoint.retry.backoff.ms = 100
	sasl.oauthbearer.jwks.endpoint.url = null
	sasl.oauthbearer.scope.claim.name = scope
	sasl.oauthbearer.sub.claim.name = sub
	sasl.oauthbearer.token.endpoint.url = null
	security.protocol = PLAINTEXT
	security.providers = null
	send.buffer.bytes = 131072
	session.timeout.ms = 45000
	socket.connection.setup.timeout.max.ms = 30000
	socket.connection.setup.timeout.ms = 10000
	ssl.cipher.suites = null
	ssl.enabled.protocols = [TLSv1.2, TLSv1.3]
	ssl.endpoint.identification.algorithm = https
	ssl.engine.factory.class = null
	ssl.key.password = null
	ssl.keymanager.algorithm = SunX509
	ssl.keystore.certificate.chain = null
	ssl.keystore.key = null
	ssl.keystore.location = null
	ssl.keystore.password = null
	ssl.keystore.type = JKS
	ssl.protocol = TLSv1.3
	ssl.provider = null
	ssl.secure.random.implementation = null
	ssl.trustmanager.algorithm = PKIX
	ssl.truststore.certificates = null
	ssl.truststore.location = null
	ssl.truststore.password = null
	ssl.truststore.type = JKS
	value.deserializer = class org.apache.kafka.common.serialization.StringDeserializer

2025-03-24 16:53:29.022 [main] INFO  org.apache.kafka.common.telemetry.internals.KafkaMetricsCollector - initializing Kafka metrics collector
2025-03-24 16:53:29.048 [main] INFO  org.apache.kafka.common.utils.AppInfoParser - Kafka version: 3.7.2
2025-03-24 16:53:29.049 [main] INFO  org.apache.kafka.common.utils.AppInfoParser - Kafka commitId: 79a8f2b5f44f9d5a
2025-03-24 16:53:29.049 [main] INFO  org.apache.kafka.common.utils.AppInfoParser - Kafka startTimeMs: 1742806409048
2025-03-24 16:53:29.050 [main] INFO  org.apache.kafka.clients.consumer.internals.LegacyKafkaConsumer - [Consumer clientId=consumer-tomge-consumer-group-1, groupId=tomge-consumer-group] Subscribed to topic(s): testtopic
2025-03-24 16:53:29.057 [main] INFO  com.test.testboot.TestbootApplication - Started TestbootApplication in 1.159 seconds (process running for 1.384)
2025-03-24 16:53:29.155 [org.springframework.kafka.KafkaListenerEndpointContainer#0-0-C-1] INFO  org.apache.kafka.clients.Metadata - [Consumer clientId=consumer-tomge-consumer-group-1, groupId=tomge-consumer-group] Cluster ID: 55v202dzTXeo6Uf5cKQwuw
2025-03-24 16:53:29.155 [org.springframework.kafka.KafkaListenerEndpointContainer#0-0-C-1] INFO  org.apache.kafka.clients.consumer.internals.ConsumerCoordinator - [Consumer clientId=consumer-tomge-consumer-group-1, groupId=tomge-consumer-group] Discovered group coordinator localhost:9092 (id: 2147483647 rack: null)
2025-03-24 16:53:29.156 [org.springframework.kafka.KafkaListenerEndpointContainer#0-0-C-1] INFO  org.apache.kafka.clients.consumer.internals.ConsumerCoordinator - [Consumer clientId=consumer-tomge-consumer-group-1, groupId=tomge-consumer-group] (Re-)joining group
2025-03-24 16:53:29.161 [org.springframework.kafka.KafkaListenerEndpointContainer#0-0-C-1] INFO  org.apache.kafka.clients.consumer.internals.ConsumerCoordinator - [Consumer clientId=consumer-tomge-consumer-group-1, groupId=tomge-consumer-group] Request joining group due to: need to re-join with the given member-id: consumer-tomge-consumer-group-1-37e302e7-dba3-4ea5-accc-fea73cfa6c8b
2025-03-24 16:53:29.161 [org.springframework.kafka.KafkaListenerEndpointContainer#0-0-C-1] INFO  org.apache.kafka.clients.consumer.internals.ConsumerCoordinator - [Consumer clientId=consumer-tomge-consumer-group-1, groupId=tomge-consumer-group] (Re-)joining group
2025-03-24 16:53:29.164 [org.springframework.kafka.KafkaListenerEndpointContainer#0-0-C-1] INFO  org.apache.kafka.clients.consumer.internals.ConsumerCoordinator - [Consumer clientId=consumer-tomge-consumer-group-1, groupId=tomge-consumer-group] Successfully joined group with generation Generation{generationId=17, memberId='consumer-tomge-consumer-group-1-37e302e7-dba3-4ea5-accc-fea73cfa6c8b', protocol='range'}
2025-03-24 16:53:29.166 [org.springframework.kafka.KafkaListenerEndpointContainer#0-0-C-1] INFO  org.apache.kafka.clients.consumer.internals.ConsumerCoordinator - [Consumer clientId=consumer-tomge-consumer-group-1, groupId=tomge-consumer-group] Finished assignment for group at generation 17: {consumer-tomge-consumer-group-1-37e302e7-dba3-4ea5-accc-fea73cfa6c8b=Assignment(partitions=[testtopic-0])}
2025-03-24 16:53:29.170 [org.springframework.kafka.KafkaListenerEndpointContainer#0-0-C-1] INFO  org.apache.kafka.clients.consumer.internals.ConsumerCoordinator - [Consumer clientId=consumer-tomge-consumer-group-1, groupId=tomge-consumer-group] Successfully synced group in generation Generation{generationId=17, memberId='consumer-tomge-consumer-group-1-37e302e7-dba3-4ea5-accc-fea73cfa6c8b', protocol='range'}
2025-03-24 16:53:29.170 [org.springframework.kafka.KafkaListenerEndpointContainer#0-0-C-1] INFO  org.apache.kafka.clients.consumer.internals.ConsumerCoordinator - [Consumer clientId=consumer-tomge-consumer-group-1, groupId=tomge-consumer-group] Notifying assignor about the new Assignment(partitions=[testtopic-0])
2025-03-24 16:53:29.171 [org.springframework.kafka.KafkaListenerEndpointContainer#0-0-C-1] INFO  org.apache.kafka.clients.consumer.internals.ConsumerRebalanceListenerInvoker - [Consumer clientId=consumer-tomge-consumer-group-1, groupId=tomge-consumer-group] Adding newly assigned partitions: testtopic-0
2025-03-24 16:53:29.174 [org.springframework.kafka.KafkaListenerEndpointContainer#0-0-C-1] INFO  org.apache.kafka.clients.consumer.internals.ConsumerUtils - Setting offset for partition testtopic-0 to the committed offset FetchPosition{offset=21, offsetEpoch=Optional.empty, currentLeader=LeaderAndEpoch{leader=Optional[localhost:9092 (id: 0 rack: null)], epoch=0}}
2025-03-24 16:53:32.345 [http-nio-9090-exec-2] INFO  org.apache.catalina.core.ContainerBase.[Tomcat].[localhost].[/] - Initializing Spring DispatcherServlet 'dispatcherServlet'
2025-03-24 16:53:32.375 [http-nio-9090-exec-2] INFO  org.apache.kafka.clients.producer.ProducerConfig - ProducerConfig values: 
	acks = -1
	auto.include.jmx.reporter = true
	batch.size = 16384
	bootstrap.servers = [localhost:9092]
	buffer.memory = 33554432
	client.dns.lookup = use_all_dns_ips
	client.id = testspringboot-producer-1
	compression.type = none
	connections.max.idle.ms = 540000
	delivery.timeout.ms = 120000
	enable.idempotence = true
	enable.metrics.push = true
	interceptor.classes = []
	key.serializer = class org.apache.kafka.common.serialization.StringSerializer
	linger.ms = 0
	max.block.ms = 60000
	max.in.flight.requests.per.connection = 5
	max.request.size = 1048576
	metadata.max.age.ms = 300000
	metadata.max.idle.ms = 300000
	metric.reporters = []
	metrics.num.samples = 2
	metrics.recording.level = INFO
	metrics.sample.window.ms = 30000
	partitioner.adaptive.partitioning.enable = true
	partitioner.availability.timeout.ms = 0
	partitioner.class = null
	partitioner.ignore.keys = false
	receive.buffer.bytes = 32768
	reconnect.backoff.max.ms = 1000
	reconnect.backoff.ms = 50
	request.timeout.ms = 30000
	retries = 3
	retry.backoff.max.ms = 1000
	retry.backoff.ms = 100
	sasl.client.callback.handler.class = null
	sasl.jaas.config = null
	sasl.kerberos.kinit.cmd = /usr/bin/kinit
	sasl.kerberos.min.time.before.relogin = 60000
	sasl.kerberos.service.name = null
	sasl.kerberos.ticket.renew.jitter = 0.05
	sasl.kerberos.ticket.renew.window.factor = 0.8
	sasl.login.callback.handler.class = null
	sasl.login.class = null
	sasl.login.connect.timeout.ms = null
	sasl.login.read.timeout.ms = null
	sasl.login.refresh.buffer.seconds = 300
	sasl.login.refresh.min.period.seconds = 60
	sasl.login.refresh.window.factor = 0.8
	sasl.login.refresh.window.jitter = 0.05
	sasl.login.retry.backoff.max.ms = 10000
	sasl.login.retry.backoff.ms = 100
	sasl.mechanism = GSSAPI
	sasl.oauthbearer.clock.skew.seconds = 30
	sasl.oauthbearer.expected.audience = null
	sasl.oauthbearer.expected.issuer = null
	sasl.oauthbearer.jwks.endpoint.refresh.ms = 3600000
	sasl.oauthbearer.jwks.endpoint.retry.backoff.max.ms = 10000
	sasl.oauthbearer.jwks.endpoint.retry.backoff.ms = 100
	sasl.oauthbearer.jwks.endpoint.url = null
	sasl.oauthbearer.scope.claim.name = scope
	sasl.oauthbearer.sub.claim.name = sub
	sasl.oauthbearer.token.endpoint.url = null
	security.protocol = PLAINTEXT
	security.providers = null
	send.buffer.bytes = 131072
	socket.connection.setup.timeout.max.ms = 30000
	socket.connection.setup.timeout.ms = 10000
	ssl.cipher.suites = null
	ssl.enabled.protocols = [TLSv1.2, TLSv1.3]
	ssl.endpoint.identification.algorithm = https
	ssl.engine.factory.class = null
	ssl.key.password = null
	ssl.keymanager.algorithm = SunX509
	ssl.keystore.certificate.chain = null
	ssl.keystore.key = null
	ssl.keystore.location = null
	ssl.keystore.password = null
	ssl.keystore.type = JKS
	ssl.protocol = TLSv1.3
	ssl.provider = null
	ssl.secure.random.implementation = null
	ssl.trustmanager.algorithm = PKIX
	ssl.truststore.certificates = null
	ssl.truststore.location = null
	ssl.truststore.password = null
	ssl.truststore.type = JKS
	transaction.timeout.ms = 60000
	transactional.id = null
	value.serializer = class org.apache.kafka.common.serialization.StringSerializer

2025-03-24 16:53:32.375 [http-nio-9090-exec-2] INFO  org.apache.kafka.common.telemetry.internals.KafkaMetricsCollector - initializing Kafka metrics collector
2025-03-24 16:53:32.379 [http-nio-9090-exec-2] INFO  org.apache.kafka.clients.producer.KafkaProducer - [Producer clientId=testspringboot-producer-1] Instantiated an idempotent producer.
2025-03-24 16:53:32.386 [http-nio-9090-exec-2] INFO  org.apache.kafka.common.utils.AppInfoParser - Kafka version: 3.7.2
2025-03-24 16:53:32.386 [http-nio-9090-exec-2] INFO  org.apache.kafka.common.utils.AppInfoParser - Kafka commitId: 79a8f2b5f44f9d5a
2025-03-24 16:53:32.386 [http-nio-9090-exec-2] INFO  org.apache.kafka.common.utils.AppInfoParser - Kafka startTimeMs: 1742806412386
2025-03-24 16:53:32.391 [kafka-producer-network-thread | testspringboot-producer-1] INFO  org.apache.kafka.clients.Metadata - [Producer clientId=testspringboot-producer-1] Cluster ID: 55v202dzTXeo6Uf5cKQwuw
2025-03-24 16:53:32.391 [kafka-producer-network-thread | testspringboot-producer-1] INFO  org.apache.kafka.clients.producer.internals.TransactionManager - [Producer clientId=testspringboot-producer-1] ProducerId set to 1008 with epoch 0
2025-03-24 16:53:32.407 [http-nio-9090-exec-2] INFO  com.test.testboot.kafkaservice.ProducerService - ProducerRecord(topic=testtopic, partition=null, headers=RecordHeaders(headers = [], isReadOnly = true), key=null, value=903, timestamp=null)
2025-03-24 16:53:32.409 [org.springframework.kafka.KafkaListenerEndpointContainer#0-0-C-1] INFO  com.test.testboot.kafkaservice.ConsumerService - Received message: 903
2025-03-24 16:53:32.416 [org.springframework.kafka.KafkaListenerEndpointContainer#0-0-C-1] INFO  com.zaxxer.hikari.HikariDataSource - HikariPool-1 - Starting...
2025-03-24 16:53:32.506 [org.springframework.kafka.KafkaListenerEndpointContainer#0-0-C-1] INFO  com.zaxxer.hikari.pool.HikariPool - HikariPool-1 - Added connection com.mysql.cj.jdbc.ConnectionImpl@6ff69db2
2025-03-24 16:53:32.506 [org.springframework.kafka.KafkaListenerEndpointContainer#0-0-C-1] INFO  com.zaxxer.hikari.HikariDataSource - HikariPool-1 - Start completed.
2025-03-24 16:54:17.773 [org.springframework.kafka.KafkaListenerEndpointContainer#0-0-C-1] INFO  org.apache.kafka.clients.consumer.internals.ConsumerRebalanceListenerInvoker - [Consumer clientId=consumer-tomge-consumer-group-1, groupId=tomge-consumer-group] Revoke previously assigned partitions testtopic-0
2025-03-24 16:54:17.774 [org.springframework.kafka.KafkaListenerEndpointContainer#0-0-C-1] INFO  org.apache.kafka.clients.consumer.internals.ConsumerCoordinator - [Consumer clientId=consumer-tomge-consumer-group-1, groupId=tomge-consumer-group] Member consumer-tomge-consumer-group-1-37e302e7-dba3-4ea5-accc-fea73cfa6c8b sending LeaveGroup request to coordinator localhost:9092 (id: 2147483647 rack: null) due to the consumer unsubscribed from all topics
2025-03-24 16:54:17.774 [org.springframework.kafka.KafkaListenerEndpointContainer#0-0-C-1] INFO  org.apache.kafka.clients.consumer.internals.ConsumerCoordinator - [Consumer clientId=consumer-tomge-consumer-group-1, groupId=tomge-consumer-group] Resetting generation and member id due to: consumer pro-actively leaving the group
2025-03-24 16:54:17.774 [org.springframework.kafka.KafkaListenerEndpointContainer#0-0-C-1] INFO  org.apache.kafka.clients.consumer.internals.ConsumerCoordinator - [Consumer clientId=consumer-tomge-consumer-group-1, groupId=tomge-consumer-group] Request joining group due to: consumer pro-actively leaving the group
2025-03-24 16:54:17.774 [org.springframework.kafka.KafkaListenerEndpointContainer#0-0-C-1] INFO  org.apache.kafka.clients.consumer.internals.LegacyKafkaConsumer - [Consumer clientId=consumer-tomge-consumer-group-1, groupId=tomge-consumer-group] Unsubscribed all topics or patterns and assigned partitions
2025-03-24 16:54:17.775 [org.springframework.kafka.KafkaListenerEndpointContainer#0-0-C-1] INFO  org.apache.kafka.clients.consumer.internals.ConsumerCoordinator - [Consumer clientId=consumer-tomge-consumer-group-1, groupId=tomge-consumer-group] Resetting generation and member id due to: consumer pro-actively leaving the group
2025-03-24 16:54:17.775 [org.springframework.kafka.KafkaListenerEndpointContainer#0-0-C-1] INFO  org.apache.kafka.clients.consumer.internals.ConsumerCoordinator - [Consumer clientId=consumer-tomge-consumer-group-1, groupId=tomge-consumer-group] Request joining group due to: consumer pro-actively leaving the group
2025-03-24 16:54:18.270 [org.springframework.kafka.KafkaListenerEndpointContainer#0-0-C-1] INFO  org.apache.kafka.common.metrics.Metrics - Metrics scheduler closed
2025-03-24 16:54:18.271 [org.springframework.kafka.KafkaListenerEndpointContainer#0-0-C-1] INFO  org.apache.kafka.common.metrics.Metrics - Closing reporter org.apache.kafka.common.metrics.JmxReporter
2025-03-24 16:54:18.271 [org.springframework.kafka.KafkaListenerEndpointContainer#0-0-C-1] INFO  org.apache.kafka.common.metrics.Metrics - Closing reporter org.apache.kafka.common.telemetry.internals.ClientTelemetryReporter
2025-03-24 16:54:18.271 [org.springframework.kafka.KafkaListenerEndpointContainer#0-0-C-1] INFO  org.apache.kafka.common.metrics.Metrics - Metrics reporters closed
2025-03-24 16:54:18.274 [org.springframework.kafka.KafkaListenerEndpointContainer#0-0-C-1] INFO  org.apache.kafka.common.utils.AppInfoParser - App info kafka.consumer for consumer-tomge-consumer-group-1 unregistered
2025-03-24 16:54:18.283 [SpringApplicationShutdownHook] INFO  org.apache.kafka.clients.producer.KafkaProducer - [Producer clientId=testspringboot-producer-1] Closing the Kafka producer with timeoutMillis = 30000 ms.
2025-03-24 16:54:18.285 [SpringApplicationShutdownHook] INFO  org.apache.kafka.common.metrics.Metrics - Metrics scheduler closed
2025-03-24 16:54:18.285 [SpringApplicationShutdownHook] INFO  org.apache.kafka.common.metrics.Metrics - Closing reporter org.apache.kafka.common.metrics.JmxReporter
2025-03-24 16:54:18.285 [SpringApplicationShutdownHook] INFO  org.apache.kafka.common.metrics.Metrics - Closing reporter org.apache.kafka.common.telemetry.internals.ClientTelemetryReporter
2025-03-24 16:54:18.285 [SpringApplicationShutdownHook] INFO  org.apache.kafka.common.metrics.Metrics - Metrics reporters closed
2025-03-24 16:54:18.286 [SpringApplicationShutdownHook] INFO  org.apache.kafka.common.utils.AppInfoParser - App info kafka.producer for testspringboot-producer-1 unregistered
2025-03-24 16:54:18.290 [SpringApplicationShutdownHook] INFO  com.zaxxer.hikari.HikariDataSource - HikariPool-1 - Shutdown initiated...
2025-03-24 16:54:18.293 [SpringApplicationShutdownHook] INFO  com.zaxxer.hikari.HikariDataSource - HikariPool-1 - Shutdown completed.
2025-03-24 16:54:21.194 [main] INFO  com.test.testboot.TestbootApplication - Starting TestbootApplication using Java 23.0.2 with PID 9367 (/Users/zhaoxin/Documents/GitHub/testboot/target/classes started by zhaoxin in /Users/zhaoxin/Documents/GitHub/testboot)
2025-03-24 16:54:21.196 [main] INFO  com.test.testboot.TestbootApplication - No active profile set, falling back to 1 default profile: "default"
2025-03-24 16:54:21.663 [main] INFO  org.apache.coyote.http11.Http11NioProtocol - Initializing ProtocolHandler ["http-nio-9090"]
2025-03-24 16:54:21.664 [main] INFO  org.apache.catalina.core.StandardService - Starting service [Tomcat]
2025-03-24 16:54:21.664 [main] INFO  org.apache.catalina.core.StandardEngine - Starting Servlet engine: [Apache Tomcat/10.1.36]
2025-03-24 16:54:21.679 [main] INFO  org.apache.catalina.core.ContainerBase.[Tomcat].[localhost].[/] - Initializing Spring embedded WebApplicationContext
2025-03-24 16:54:22.099 [main] INFO  org.apache.coyote.http11.Http11NioProtocol - Starting ProtocolHandler ["http-nio-9090"]
2025-03-24 16:54:22.117 [main] INFO  org.apache.kafka.clients.consumer.ConsumerConfig - ConsumerConfig values: 
	allow.auto.create.topics = true
	auto.commit.interval.ms = 5000
	auto.include.jmx.reporter = true
	auto.offset.reset = latest
	bootstrap.servers = [localhost:9092]
	check.crcs = true
	client.dns.lookup = use_all_dns_ips
	client.id = consumer-tomge-consumer-group-1
	client.rack = 
	connections.max.idle.ms = 540000
	default.api.timeout.ms = 60000
	enable.auto.commit = false
	enable.metrics.push = true
	exclude.internal.topics = true
	fetch.max.bytes = 52428800
	fetch.max.wait.ms = 500
	fetch.min.bytes = 1
	group.id = tomge-consumer-group
	group.instance.id = null
	group.protocol = classic
	group.remote.assignor = null
	heartbeat.interval.ms = 3000
	interceptor.classes = []
	internal.leave.group.on.close = true
	internal.throw.on.fetch.stable.offset.unsupported = false
	isolation.level = read_uncommitted
	key.deserializer = class org.apache.kafka.common.serialization.StringDeserializer
	max.partition.fetch.bytes = 1048576
	max.poll.interval.ms = 300000
	max.poll.records = 500
	metadata.max.age.ms = 300000
	metric.reporters = []
	metrics.num.samples = 2
	metrics.recording.level = INFO
	metrics.sample.window.ms = 30000
	partition.assignment.strategy = [class org.apache.kafka.clients.consumer.RangeAssignor, class org.apache.kafka.clients.consumer.CooperativeStickyAssignor]
	receive.buffer.bytes = 65536
	reconnect.backoff.max.ms = 1000
	reconnect.backoff.ms = 50
	request.timeout.ms = 30000
	retry.backoff.max.ms = 1000
	retry.backoff.ms = 100
	sasl.client.callback.handler.class = null
	sasl.jaas.config = null
	sasl.kerberos.kinit.cmd = /usr/bin/kinit
	sasl.kerberos.min.time.before.relogin = 60000
	sasl.kerberos.service.name = null
	sasl.kerberos.ticket.renew.jitter = 0.05
	sasl.kerberos.ticket.renew.window.factor = 0.8
	sasl.login.callback.handler.class = null
	sasl.login.class = null
	sasl.login.connect.timeout.ms = null
	sasl.login.read.timeout.ms = null
	sasl.login.refresh.buffer.seconds = 300
	sasl.login.refresh.min.period.seconds = 60
	sasl.login.refresh.window.factor = 0.8
	sasl.login.refresh.window.jitter = 0.05
	sasl.login.retry.backoff.max.ms = 10000
	sasl.login.retry.backoff.ms = 100
	sasl.mechanism = GSSAPI
	sasl.oauthbearer.clock.skew.seconds = 30
	sasl.oauthbearer.expected.audience = null
	sasl.oauthbearer.expected.issuer = null
	sasl.oauthbearer.jwks.endpoint.refresh.ms = 3600000
	sasl.oauthbearer.jwks.endpoint.retry.backoff.max.ms = 10000
	sasl.oauthbearer.jwks.endpoint.retry.backoff.ms = 100
	sasl.oauthbearer.jwks.endpoint.url = null
	sasl.oauthbearer.scope.claim.name = scope
	sasl.oauthbearer.sub.claim.name = sub
	sasl.oauthbearer.token.endpoint.url = null
	security.protocol = PLAINTEXT
	security.providers = null
	send.buffer.bytes = 131072
	session.timeout.ms = 45000
	socket.connection.setup.timeout.max.ms = 30000
	socket.connection.setup.timeout.ms = 10000
	ssl.cipher.suites = null
	ssl.enabled.protocols = [TLSv1.2, TLSv1.3]
	ssl.endpoint.identification.algorithm = https
	ssl.engine.factory.class = null
	ssl.key.password = null
	ssl.keymanager.algorithm = SunX509
	ssl.keystore.certificate.chain = null
	ssl.keystore.key = null
	ssl.keystore.location = null
	ssl.keystore.password = null
	ssl.keystore.type = JKS
	ssl.protocol = TLSv1.3
	ssl.provider = null
	ssl.secure.random.implementation = null
	ssl.trustmanager.algorithm = PKIX
	ssl.truststore.certificates = null
	ssl.truststore.location = null
	ssl.truststore.password = null
	ssl.truststore.type = JKS
	value.deserializer = class org.apache.kafka.common.serialization.StringDeserializer

2025-03-24 16:54:22.135 [main] INFO  org.apache.kafka.common.telemetry.internals.KafkaMetricsCollector - initializing Kafka metrics collector
2025-03-24 16:54:22.160 [main] INFO  org.apache.kafka.common.utils.AppInfoParser - Kafka version: 3.7.2
2025-03-24 16:54:22.160 [main] INFO  org.apache.kafka.common.utils.AppInfoParser - Kafka commitId: 79a8f2b5f44f9d5a
2025-03-24 16:54:22.161 [main] INFO  org.apache.kafka.common.utils.AppInfoParser - Kafka startTimeMs: 1742806462160
2025-03-24 16:54:22.162 [main] INFO  org.apache.kafka.clients.consumer.internals.LegacyKafkaConsumer - [Consumer clientId=consumer-tomge-consumer-group-1, groupId=tomge-consumer-group] Subscribed to topic(s): testtopic
2025-03-24 16:54:22.168 [main] INFO  com.test.testboot.TestbootApplication - Started TestbootApplication in 1.167 seconds (process running for 1.391)
2025-03-24 16:54:22.263 [org.springframework.kafka.KafkaListenerEndpointContainer#0-0-C-1] INFO  org.apache.kafka.clients.Metadata - [Consumer clientId=consumer-tomge-consumer-group-1, groupId=tomge-consumer-group] Cluster ID: 55v202dzTXeo6Uf5cKQwuw
2025-03-24 16:54:22.263 [org.springframework.kafka.KafkaListenerEndpointContainer#0-0-C-1] INFO  org.apache.kafka.clients.consumer.internals.ConsumerCoordinator - [Consumer clientId=consumer-tomge-consumer-group-1, groupId=tomge-consumer-group] Discovered group coordinator localhost:9092 (id: 2147483647 rack: null)
2025-03-24 16:54:22.264 [org.springframework.kafka.KafkaListenerEndpointContainer#0-0-C-1] INFO  org.apache.kafka.clients.consumer.internals.ConsumerCoordinator - [Consumer clientId=consumer-tomge-consumer-group-1, groupId=tomge-consumer-group] (Re-)joining group
2025-03-24 16:54:22.269 [org.springframework.kafka.KafkaListenerEndpointContainer#0-0-C-1] INFO  org.apache.kafka.clients.consumer.internals.ConsumerCoordinator - [Consumer clientId=consumer-tomge-consumer-group-1, groupId=tomge-consumer-group] Request joining group due to: need to re-join with the given member-id: consumer-tomge-consumer-group-1-2079ac6d-eadb-48a5-aabc-9e2a3e1defb2
2025-03-24 16:54:22.269 [org.springframework.kafka.KafkaListenerEndpointContainer#0-0-C-1] INFO  org.apache.kafka.clients.consumer.internals.ConsumerCoordinator - [Consumer clientId=consumer-tomge-consumer-group-1, groupId=tomge-consumer-group] (Re-)joining group
2025-03-24 16:54:22.273 [org.springframework.kafka.KafkaListenerEndpointContainer#0-0-C-1] INFO  org.apache.kafka.clients.consumer.internals.ConsumerCoordinator - [Consumer clientId=consumer-tomge-consumer-group-1, groupId=tomge-consumer-group] Successfully joined group with generation Generation{generationId=19, memberId='consumer-tomge-consumer-group-1-2079ac6d-eadb-48a5-aabc-9e2a3e1defb2', protocol='range'}
2025-03-24 16:54:22.275 [org.springframework.kafka.KafkaListenerEndpointContainer#0-0-C-1] INFO  org.apache.kafka.clients.consumer.internals.ConsumerCoordinator - [Consumer clientId=consumer-tomge-consumer-group-1, groupId=tomge-consumer-group] Finished assignment for group at generation 19: {consumer-tomge-consumer-group-1-2079ac6d-eadb-48a5-aabc-9e2a3e1defb2=Assignment(partitions=[testtopic-0])}
2025-03-24 16:54:22.278 [org.springframework.kafka.KafkaListenerEndpointContainer#0-0-C-1] INFO  org.apache.kafka.clients.consumer.internals.ConsumerCoordinator - [Consumer clientId=consumer-tomge-consumer-group-1, groupId=tomge-consumer-group] Successfully synced group in generation Generation{generationId=19, memberId='consumer-tomge-consumer-group-1-2079ac6d-eadb-48a5-aabc-9e2a3e1defb2', protocol='range'}
2025-03-24 16:54:22.279 [org.springframework.kafka.KafkaListenerEndpointContainer#0-0-C-1] INFO  org.apache.kafka.clients.consumer.internals.ConsumerCoordinator - [Consumer clientId=consumer-tomge-consumer-group-1, groupId=tomge-consumer-group] Notifying assignor about the new Assignment(partitions=[testtopic-0])
2025-03-24 16:54:22.279 [org.springframework.kafka.KafkaListenerEndpointContainer#0-0-C-1] INFO  org.apache.kafka.clients.consumer.internals.ConsumerRebalanceListenerInvoker - [Consumer clientId=consumer-tomge-consumer-group-1, groupId=tomge-consumer-group] Adding newly assigned partitions: testtopic-0
2025-03-24 16:54:22.283 [org.springframework.kafka.KafkaListenerEndpointContainer#0-0-C-1] INFO  org.apache.kafka.clients.consumer.internals.ConsumerUtils - Setting offset for partition testtopic-0 to the committed offset FetchPosition{offset=22, offsetEpoch=Optional.empty, currentLeader=LeaderAndEpoch{leader=Optional[localhost:9092 (id: 0 rack: null)], epoch=0}}
2025-03-24 16:54:25.239 [http-nio-9090-exec-2] INFO  org.apache.catalina.core.ContainerBase.[Tomcat].[localhost].[/] - Initializing Spring DispatcherServlet 'dispatcherServlet'
2025-03-24 16:54:25.270 [http-nio-9090-exec-2] INFO  org.apache.kafka.clients.producer.ProducerConfig - ProducerConfig values: 
	acks = -1
	auto.include.jmx.reporter = true
	batch.size = 16384
	bootstrap.servers = [localhost:9092]
	buffer.memory = 33554432
	client.dns.lookup = use_all_dns_ips
	client.id = testspringboot-producer-1
	compression.type = none
	connections.max.idle.ms = 540000
	delivery.timeout.ms = 120000
	enable.idempotence = true
	enable.metrics.push = true
	interceptor.classes = []
	key.serializer = class org.apache.kafka.common.serialization.StringSerializer
	linger.ms = 0
	max.block.ms = 60000
	max.in.flight.requests.per.connection = 5
	max.request.size = 1048576
	metadata.max.age.ms = 300000
	metadata.max.idle.ms = 300000
	metric.reporters = []
	metrics.num.samples = 2
	metrics.recording.level = INFO
	metrics.sample.window.ms = 30000
	partitioner.adaptive.partitioning.enable = true
	partitioner.availability.timeout.ms = 0
	partitioner.class = null
	partitioner.ignore.keys = false
	receive.buffer.bytes = 32768
	reconnect.backoff.max.ms = 1000
	reconnect.backoff.ms = 50
	request.timeout.ms = 30000
	retries = 3
	retry.backoff.max.ms = 1000
	retry.backoff.ms = 100
	sasl.client.callback.handler.class = null
	sasl.jaas.config = null
	sasl.kerberos.kinit.cmd = /usr/bin/kinit
	sasl.kerberos.min.time.before.relogin = 60000
	sasl.kerberos.service.name = null
	sasl.kerberos.ticket.renew.jitter = 0.05
	sasl.kerberos.ticket.renew.window.factor = 0.8
	sasl.login.callback.handler.class = null
	sasl.login.class = null
	sasl.login.connect.timeout.ms = null
	sasl.login.read.timeout.ms = null
	sasl.login.refresh.buffer.seconds = 300
	sasl.login.refresh.min.period.seconds = 60
	sasl.login.refresh.window.factor = 0.8
	sasl.login.refresh.window.jitter = 0.05
	sasl.login.retry.backoff.max.ms = 10000
	sasl.login.retry.backoff.ms = 100
	sasl.mechanism = GSSAPI
	sasl.oauthbearer.clock.skew.seconds = 30
	sasl.oauthbearer.expected.audience = null
	sasl.oauthbearer.expected.issuer = null
	sasl.oauthbearer.jwks.endpoint.refresh.ms = 3600000
	sasl.oauthbearer.jwks.endpoint.retry.backoff.max.ms = 10000
	sasl.oauthbearer.jwks.endpoint.retry.backoff.ms = 100
	sasl.oauthbearer.jwks.endpoint.url = null
	sasl.oauthbearer.scope.claim.name = scope
	sasl.oauthbearer.sub.claim.name = sub
	sasl.oauthbearer.token.endpoint.url = null
	security.protocol = PLAINTEXT
	security.providers = null
	send.buffer.bytes = 131072
	socket.connection.setup.timeout.max.ms = 30000
	socket.connection.setup.timeout.ms = 10000
	ssl.cipher.suites = null
	ssl.enabled.protocols = [TLSv1.2, TLSv1.3]
	ssl.endpoint.identification.algorithm = https
	ssl.engine.factory.class = null
	ssl.key.password = null
	ssl.keymanager.algorithm = SunX509
	ssl.keystore.certificate.chain = null
	ssl.keystore.key = null
	ssl.keystore.location = null
	ssl.keystore.password = null
	ssl.keystore.type = JKS
	ssl.protocol = TLSv1.3
	ssl.provider = null
	ssl.secure.random.implementation = null
	ssl.trustmanager.algorithm = PKIX
	ssl.truststore.certificates = null
	ssl.truststore.location = null
	ssl.truststore.password = null
	ssl.truststore.type = JKS
	transaction.timeout.ms = 60000
	transactional.id = null
	value.serializer = class org.apache.kafka.common.serialization.StringSerializer

2025-03-24 16:54:25.270 [http-nio-9090-exec-2] INFO  org.apache.kafka.common.telemetry.internals.KafkaMetricsCollector - initializing Kafka metrics collector
2025-03-24 16:54:25.274 [http-nio-9090-exec-2] INFO  org.apache.kafka.clients.producer.KafkaProducer - [Producer clientId=testspringboot-producer-1] Instantiated an idempotent producer.
2025-03-24 16:54:25.280 [http-nio-9090-exec-2] INFO  org.apache.kafka.common.utils.AppInfoParser - Kafka version: 3.7.2
2025-03-24 16:54:25.281 [http-nio-9090-exec-2] INFO  org.apache.kafka.common.utils.AppInfoParser - Kafka commitId: 79a8f2b5f44f9d5a
2025-03-24 16:54:25.281 [http-nio-9090-exec-2] INFO  org.apache.kafka.common.utils.AppInfoParser - Kafka startTimeMs: 1742806465280
2025-03-24 16:54:25.285 [kafka-producer-network-thread | testspringboot-producer-1] INFO  org.apache.kafka.clients.Metadata - [Producer clientId=testspringboot-producer-1] Cluster ID: 55v202dzTXeo6Uf5cKQwuw
2025-03-24 16:54:25.285 [kafka-producer-network-thread | testspringboot-producer-1] INFO  org.apache.kafka.clients.producer.internals.TransactionManager - [Producer clientId=testspringboot-producer-1] ProducerId set to 1009 with epoch 0
2025-03-24 16:54:25.300 [http-nio-9090-exec-2] INFO  com.test.testboot.kafkaservice.ProducerService - 903
2025-03-24 16:54:25.302 [org.springframework.kafka.KafkaListenerEndpointContainer#0-0-C-1] INFO  com.test.testboot.kafkaservice.ConsumerService - Received message: 903
2025-03-24 16:54:25.309 [org.springframework.kafka.KafkaListenerEndpointContainer#0-0-C-1] INFO  com.zaxxer.hikari.HikariDataSource - HikariPool-1 - Starting...
2025-03-24 16:54:25.375 [org.springframework.kafka.KafkaListenerEndpointContainer#0-0-C-1] INFO  com.zaxxer.hikari.pool.HikariPool - HikariPool-1 - Added connection com.mysql.cj.jdbc.ConnectionImpl@60600a62
2025-03-24 16:54:25.376 [org.springframework.kafka.KafkaListenerEndpointContainer#0-0-C-1] INFO  com.zaxxer.hikari.HikariDataSource - HikariPool-1 - Start completed.
2025-03-24 17:03:22.488 [org.springframework.kafka.KafkaListenerEndpointContainer#0-0-C-1] INFO  org.apache.kafka.clients.NetworkClient - [Consumer clientId=consumer-tomge-consumer-group-1, groupId=tomge-consumer-group] Node -1 disconnected.
2025-03-24 17:03:25.295 [kafka-producer-network-thread | testspringboot-producer-1] INFO  org.apache.kafka.clients.NetworkClient - [Producer clientId=testspringboot-producer-1] Node -1 disconnected.
2025-03-24 17:05:01.640 [org.springframework.kafka.KafkaListenerEndpointContainer#0-0-C-1] INFO  org.apache.kafka.clients.consumer.internals.ConsumerRebalanceListenerInvoker - [Consumer clientId=consumer-tomge-consumer-group-1, groupId=tomge-consumer-group] Revoke previously assigned partitions testtopic-0
2025-03-24 17:05:01.641 [org.springframework.kafka.KafkaListenerEndpointContainer#0-0-C-1] INFO  org.apache.kafka.clients.consumer.internals.ConsumerCoordinator - [Consumer clientId=consumer-tomge-consumer-group-1, groupId=tomge-consumer-group] Member consumer-tomge-consumer-group-1-2079ac6d-eadb-48a5-aabc-9e2a3e1defb2 sending LeaveGroup request to coordinator localhost:9092 (id: 2147483647 rack: null) due to the consumer unsubscribed from all topics
2025-03-24 17:05:01.641 [org.springframework.kafka.KafkaListenerEndpointContainer#0-0-C-1] INFO  org.apache.kafka.clients.consumer.internals.ConsumerCoordinator - [Consumer clientId=consumer-tomge-consumer-group-1, groupId=tomge-consumer-group] Resetting generation and member id due to: consumer pro-actively leaving the group
2025-03-24 17:05:01.641 [org.springframework.kafka.KafkaListenerEndpointContainer#0-0-C-1] INFO  org.apache.kafka.clients.consumer.internals.ConsumerCoordinator - [Consumer clientId=consumer-tomge-consumer-group-1, groupId=tomge-consumer-group] Request joining group due to: consumer pro-actively leaving the group
2025-03-24 17:05:01.641 [org.springframework.kafka.KafkaListenerEndpointContainer#0-0-C-1] INFO  org.apache.kafka.clients.consumer.internals.LegacyKafkaConsumer - [Consumer clientId=consumer-tomge-consumer-group-1, groupId=tomge-consumer-group] Unsubscribed all topics or patterns and assigned partitions
2025-03-24 17:05:01.642 [org.springframework.kafka.KafkaListenerEndpointContainer#0-0-C-1] INFO  org.apache.kafka.clients.consumer.internals.ConsumerCoordinator - [Consumer clientId=consumer-tomge-consumer-group-1, groupId=tomge-consumer-group] Resetting generation and member id due to: consumer pro-actively leaving the group
2025-03-24 17:05:01.642 [org.springframework.kafka.KafkaListenerEndpointContainer#0-0-C-1] INFO  org.apache.kafka.clients.consumer.internals.ConsumerCoordinator - [Consumer clientId=consumer-tomge-consumer-group-1, groupId=tomge-consumer-group] Request joining group due to: consumer pro-actively leaving the group
2025-03-24 17:05:01.839 [org.springframework.kafka.KafkaListenerEndpointContainer#0-0-C-1] INFO  org.apache.kafka.common.metrics.Metrics - Metrics scheduler closed
2025-03-24 17:05:01.840 [org.springframework.kafka.KafkaListenerEndpointContainer#0-0-C-1] INFO  org.apache.kafka.common.metrics.Metrics - Closing reporter org.apache.kafka.common.metrics.JmxReporter
2025-03-24 17:05:01.840 [org.springframework.kafka.KafkaListenerEndpointContainer#0-0-C-1] INFO  org.apache.kafka.common.metrics.Metrics - Closing reporter org.apache.kafka.common.telemetry.internals.ClientTelemetryReporter
2025-03-24 17:05:01.840 [org.springframework.kafka.KafkaListenerEndpointContainer#0-0-C-1] INFO  org.apache.kafka.common.metrics.Metrics - Metrics reporters closed
2025-03-24 17:05:01.843 [org.springframework.kafka.KafkaListenerEndpointContainer#0-0-C-1] INFO  org.apache.kafka.common.utils.AppInfoParser - App info kafka.consumer for consumer-tomge-consumer-group-1 unregistered
2025-03-24 17:05:01.852 [SpringApplicationShutdownHook] INFO  org.apache.kafka.clients.producer.KafkaProducer - [Producer clientId=testspringboot-producer-1] Closing the Kafka producer with timeoutMillis = 30000 ms.
2025-03-24 17:05:01.854 [SpringApplicationShutdownHook] INFO  org.apache.kafka.common.metrics.Metrics - Metrics scheduler closed
2025-03-24 17:05:01.854 [SpringApplicationShutdownHook] INFO  org.apache.kafka.common.metrics.Metrics - Closing reporter org.apache.kafka.common.metrics.JmxReporter
2025-03-24 17:05:01.854 [SpringApplicationShutdownHook] INFO  org.apache.kafka.common.metrics.Metrics - Closing reporter org.apache.kafka.common.telemetry.internals.ClientTelemetryReporter
2025-03-24 17:05:01.854 [SpringApplicationShutdownHook] INFO  org.apache.kafka.common.metrics.Metrics - Metrics reporters closed
2025-03-24 17:05:01.855 [SpringApplicationShutdownHook] INFO  org.apache.kafka.common.utils.AppInfoParser - App info kafka.producer for testspringboot-producer-1 unregistered
2025-03-24 17:05:01.858 [SpringApplicationShutdownHook] INFO  com.zaxxer.hikari.HikariDataSource - HikariPool-1 - Shutdown initiated...
2025-03-24 17:05:01.861 [SpringApplicationShutdownHook] INFO  com.zaxxer.hikari.HikariDataSource - HikariPool-1 - Shutdown completed.
2025-03-24 17:05:06.206 [main] INFO  com.test.testboot.TestbootApplication - Starting TestbootApplication using Java 23.0.2 with PID 9528 (/Users/zhaoxin/Documents/GitHub/testboot/target/classes started by zhaoxin in /Users/zhaoxin/Documents/GitHub/testboot)
2025-03-24 17:05:06.208 [main] INFO  com.test.testboot.TestbootApplication - No active profile set, falling back to 1 default profile: "default"
2025-03-24 17:05:06.672 [main] INFO  org.apache.coyote.http11.Http11NioProtocol - Initializing ProtocolHandler ["http-nio-9090"]
2025-03-24 17:05:06.673 [main] INFO  org.apache.catalina.core.StandardService - Starting service [Tomcat]
2025-03-24 17:05:06.673 [main] INFO  org.apache.catalina.core.StandardEngine - Starting Servlet engine: [Apache Tomcat/10.1.36]
2025-03-24 17:05:06.688 [main] INFO  org.apache.catalina.core.ContainerBase.[Tomcat].[localhost].[/] - Initializing Spring embedded WebApplicationContext
2025-03-24 17:05:07.107 [main] INFO  org.apache.coyote.http11.Http11NioProtocol - Starting ProtocolHandler ["http-nio-9090"]
2025-03-24 17:05:07.126 [main] INFO  org.apache.kafka.clients.consumer.ConsumerConfig - ConsumerConfig values: 
	allow.auto.create.topics = true
	auto.commit.interval.ms = 5000
	auto.include.jmx.reporter = true
	auto.offset.reset = latest
	bootstrap.servers = [localhost:9092]
	check.crcs = true
	client.dns.lookup = use_all_dns_ips
	client.id = consumer-tomge-consumer-group-1
	client.rack = 
	connections.max.idle.ms = 540000
	default.api.timeout.ms = 60000
	enable.auto.commit = false
	enable.metrics.push = true
	exclude.internal.topics = true
	fetch.max.bytes = 52428800
	fetch.max.wait.ms = 500
	fetch.min.bytes = 1
	group.id = tomge-consumer-group
	group.instance.id = null
	group.protocol = classic
	group.remote.assignor = null
	heartbeat.interval.ms = 3000
	interceptor.classes = []
	internal.leave.group.on.close = true
	internal.throw.on.fetch.stable.offset.unsupported = false
	isolation.level = read_uncommitted
	key.deserializer = class org.apache.kafka.common.serialization.StringDeserializer
	max.partition.fetch.bytes = 1048576
	max.poll.interval.ms = 300000
	max.poll.records = 500
	metadata.max.age.ms = 300000
	metric.reporters = []
	metrics.num.samples = 2
	metrics.recording.level = INFO
	metrics.sample.window.ms = 30000
	partition.assignment.strategy = [class org.apache.kafka.clients.consumer.RangeAssignor, class org.apache.kafka.clients.consumer.CooperativeStickyAssignor]
	receive.buffer.bytes = 65536
	reconnect.backoff.max.ms = 1000
	reconnect.backoff.ms = 50
	request.timeout.ms = 30000
	retry.backoff.max.ms = 1000
	retry.backoff.ms = 100
	sasl.client.callback.handler.class = null
	sasl.jaas.config = null
	sasl.kerberos.kinit.cmd = /usr/bin/kinit
	sasl.kerberos.min.time.before.relogin = 60000
	sasl.kerberos.service.name = null
	sasl.kerberos.ticket.renew.jitter = 0.05
	sasl.kerberos.ticket.renew.window.factor = 0.8
	sasl.login.callback.handler.class = null
	sasl.login.class = null
	sasl.login.connect.timeout.ms = null
	sasl.login.read.timeout.ms = null
	sasl.login.refresh.buffer.seconds = 300
	sasl.login.refresh.min.period.seconds = 60
	sasl.login.refresh.window.factor = 0.8
	sasl.login.refresh.window.jitter = 0.05
	sasl.login.retry.backoff.max.ms = 10000
	sasl.login.retry.backoff.ms = 100
	sasl.mechanism = GSSAPI
	sasl.oauthbearer.clock.skew.seconds = 30
	sasl.oauthbearer.expected.audience = null
	sasl.oauthbearer.expected.issuer = null
	sasl.oauthbearer.jwks.endpoint.refresh.ms = 3600000
	sasl.oauthbearer.jwks.endpoint.retry.backoff.max.ms = 10000
	sasl.oauthbearer.jwks.endpoint.retry.backoff.ms = 100
	sasl.oauthbearer.jwks.endpoint.url = null
	sasl.oauthbearer.scope.claim.name = scope
	sasl.oauthbearer.sub.claim.name = sub
	sasl.oauthbearer.token.endpoint.url = null
	security.protocol = PLAINTEXT
	security.providers = null
	send.buffer.bytes = 131072
	session.timeout.ms = 45000
	socket.connection.setup.timeout.max.ms = 30000
	socket.connection.setup.timeout.ms = 10000
	ssl.cipher.suites = null
	ssl.enabled.protocols = [TLSv1.2, TLSv1.3]
	ssl.endpoint.identification.algorithm = https
	ssl.engine.factory.class = null
	ssl.key.password = null
	ssl.keymanager.algorithm = SunX509
	ssl.keystore.certificate.chain = null
	ssl.keystore.key = null
	ssl.keystore.location = null
	ssl.keystore.password = null
	ssl.keystore.type = JKS
	ssl.protocol = TLSv1.3
	ssl.provider = null
	ssl.secure.random.implementation = null
	ssl.trustmanager.algorithm = PKIX
	ssl.truststore.certificates = null
	ssl.truststore.location = null
	ssl.truststore.password = null
	ssl.truststore.type = JKS
	value.deserializer = class org.apache.kafka.common.serialization.StringDeserializer

2025-03-24 17:05:07.141 [main] INFO  org.apache.kafka.common.telemetry.internals.KafkaMetricsCollector - initializing Kafka metrics collector
2025-03-24 17:05:07.166 [main] INFO  org.apache.kafka.common.utils.AppInfoParser - Kafka version: 3.7.2
2025-03-24 17:05:07.166 [main] INFO  org.apache.kafka.common.utils.AppInfoParser - Kafka commitId: 79a8f2b5f44f9d5a
2025-03-24 17:05:07.166 [main] INFO  org.apache.kafka.common.utils.AppInfoParser - Kafka startTimeMs: 1742807107165
2025-03-24 17:05:07.168 [main] INFO  org.apache.kafka.clients.consumer.internals.LegacyKafkaConsumer - [Consumer clientId=consumer-tomge-consumer-group-1, groupId=tomge-consumer-group] Subscribed to topic(s): testtopic
2025-03-24 17:05:07.170 [main] INFO  org.apache.kafka.clients.consumer.ConsumerConfig - ConsumerConfig values: 
	allow.auto.create.topics = true
	auto.commit.interval.ms = 5000
	auto.include.jmx.reporter = true
	auto.offset.reset = latest
	bootstrap.servers = [localhost:9092]
	check.crcs = true
	client.dns.lookup = use_all_dns_ips
	client.id = consumer-tomge-consumer-group-2
	client.rack = 
	connections.max.idle.ms = 540000
	default.api.timeout.ms = 60000
	enable.auto.commit = false
	enable.metrics.push = true
	exclude.internal.topics = true
	fetch.max.bytes = 52428800
	fetch.max.wait.ms = 500
	fetch.min.bytes = 1
	group.id = tomge-consumer-group
	group.instance.id = null
	group.protocol = classic
	group.remote.assignor = null
	heartbeat.interval.ms = 3000
	interceptor.classes = []
	internal.leave.group.on.close = true
	internal.throw.on.fetch.stable.offset.unsupported = false
	isolation.level = read_uncommitted
	key.deserializer = class org.apache.kafka.common.serialization.StringDeserializer
	max.partition.fetch.bytes = 1048576
	max.poll.interval.ms = 300000
	max.poll.records = 500
	metadata.max.age.ms = 300000
	metric.reporters = []
	metrics.num.samples = 2
	metrics.recording.level = INFO
	metrics.sample.window.ms = 30000
	partition.assignment.strategy = [class org.apache.kafka.clients.consumer.RangeAssignor, class org.apache.kafka.clients.consumer.CooperativeStickyAssignor]
	receive.buffer.bytes = 65536
	reconnect.backoff.max.ms = 1000
	reconnect.backoff.ms = 50
	request.timeout.ms = 30000
	retry.backoff.max.ms = 1000
	retry.backoff.ms = 100
	sasl.client.callback.handler.class = null
	sasl.jaas.config = null
	sasl.kerberos.kinit.cmd = /usr/bin/kinit
	sasl.kerberos.min.time.before.relogin = 60000
	sasl.kerberos.service.name = null
	sasl.kerberos.ticket.renew.jitter = 0.05
	sasl.kerberos.ticket.renew.window.factor = 0.8
	sasl.login.callback.handler.class = null
	sasl.login.class = null
	sasl.login.connect.timeout.ms = null
	sasl.login.read.timeout.ms = null
	sasl.login.refresh.buffer.seconds = 300
	sasl.login.refresh.min.period.seconds = 60
	sasl.login.refresh.window.factor = 0.8
	sasl.login.refresh.window.jitter = 0.05
	sasl.login.retry.backoff.max.ms = 10000
	sasl.login.retry.backoff.ms = 100
	sasl.mechanism = GSSAPI
	sasl.oauthbearer.clock.skew.seconds = 30
	sasl.oauthbearer.expected.audience = null
	sasl.oauthbearer.expected.issuer = null
	sasl.oauthbearer.jwks.endpoint.refresh.ms = 3600000
	sasl.oauthbearer.jwks.endpoint.retry.backoff.max.ms = 10000
	sasl.oauthbearer.jwks.endpoint.retry.backoff.ms = 100
	sasl.oauthbearer.jwks.endpoint.url = null
	sasl.oauthbearer.scope.claim.name = scope
	sasl.oauthbearer.sub.claim.name = sub
	sasl.oauthbearer.token.endpoint.url = null
	security.protocol = PLAINTEXT
	security.providers = null
	send.buffer.bytes = 131072
	session.timeout.ms = 45000
	socket.connection.setup.timeout.max.ms = 30000
	socket.connection.setup.timeout.ms = 10000
	ssl.cipher.suites = null
	ssl.enabled.protocols = [TLSv1.2, TLSv1.3]
	ssl.endpoint.identification.algorithm = https
	ssl.engine.factory.class = null
	ssl.key.password = null
	ssl.keymanager.algorithm = SunX509
	ssl.keystore.certificate.chain = null
	ssl.keystore.key = null
	ssl.keystore.location = null
	ssl.keystore.password = null
	ssl.keystore.type = JKS
	ssl.protocol = TLSv1.3
	ssl.provider = null
	ssl.secure.random.implementation = null
	ssl.trustmanager.algorithm = PKIX
	ssl.truststore.certificates = null
	ssl.truststore.location = null
	ssl.truststore.password = null
	ssl.truststore.type = JKS
	value.deserializer = class org.apache.kafka.common.serialization.StringDeserializer

2025-03-24 17:05:07.170 [main] INFO  org.apache.kafka.common.telemetry.internals.KafkaMetricsCollector - initializing Kafka metrics collector
2025-03-24 17:05:07.173 [main] INFO  org.apache.kafka.common.utils.AppInfoParser - Kafka version: 3.7.2
2025-03-24 17:05:07.173 [main] INFO  org.apache.kafka.common.utils.AppInfoParser - Kafka commitId: 79a8f2b5f44f9d5a
2025-03-24 17:05:07.173 [main] INFO  org.apache.kafka.common.utils.AppInfoParser - Kafka startTimeMs: 1742807107173
2025-03-24 17:05:07.174 [main] INFO  org.apache.kafka.clients.consumer.internals.LegacyKafkaConsumer - [Consumer clientId=consumer-tomge-consumer-group-2, groupId=tomge-consumer-group] Subscribed to topic(s): testtopic
2025-03-24 17:05:07.178 [main] INFO  com.test.testboot.TestbootApplication - Started TestbootApplication in 1.159 seconds (process running for 1.382)
2025-03-24 17:05:07.275 [org.springframework.kafka.KafkaListenerEndpointContainer#1-0-C-1] INFO  org.apache.kafka.clients.Metadata - [Consumer clientId=consumer-tomge-consumer-group-2, groupId=tomge-consumer-group] Cluster ID: 55v202dzTXeo6Uf5cKQwuw
2025-03-24 17:05:07.275 [org.springframework.kafka.KafkaListenerEndpointContainer#0-0-C-1] INFO  org.apache.kafka.clients.Metadata - [Consumer clientId=consumer-tomge-consumer-group-1, groupId=tomge-consumer-group] Cluster ID: 55v202dzTXeo6Uf5cKQwuw
2025-03-24 17:05:07.275 [org.springframework.kafka.KafkaListenerEndpointContainer#1-0-C-1] INFO  org.apache.kafka.clients.consumer.internals.ConsumerCoordinator - [Consumer clientId=consumer-tomge-consumer-group-2, groupId=tomge-consumer-group] Discovered group coordinator localhost:9092 (id: 2147483647 rack: null)
2025-03-24 17:05:07.275 [org.springframework.kafka.KafkaListenerEndpointContainer#0-0-C-1] INFO  org.apache.kafka.clients.consumer.internals.ConsumerCoordinator - [Consumer clientId=consumer-tomge-consumer-group-1, groupId=tomge-consumer-group] Discovered group coordinator localhost:9092 (id: 2147483647 rack: null)
2025-03-24 17:05:07.276 [org.springframework.kafka.KafkaListenerEndpointContainer#1-0-C-1] INFO  org.apache.kafka.clients.consumer.internals.ConsumerCoordinator - [Consumer clientId=consumer-tomge-consumer-group-2, groupId=tomge-consumer-group] (Re-)joining group
2025-03-24 17:05:07.276 [org.springframework.kafka.KafkaListenerEndpointContainer#0-0-C-1] INFO  org.apache.kafka.clients.consumer.internals.ConsumerCoordinator - [Consumer clientId=consumer-tomge-consumer-group-1, groupId=tomge-consumer-group] (Re-)joining group
2025-03-24 17:05:07.282 [org.springframework.kafka.KafkaListenerEndpointContainer#0-0-C-1] INFO  org.apache.kafka.clients.consumer.internals.ConsumerCoordinator - [Consumer clientId=consumer-tomge-consumer-group-1, groupId=tomge-consumer-group] Request joining group due to: need to re-join with the given member-id: consumer-tomge-consumer-group-1-eecacb4c-c9bc-4845-bb4c-f5f834b33b8c
2025-03-24 17:05:07.282 [org.springframework.kafka.KafkaListenerEndpointContainer#0-0-C-1] INFO  org.apache.kafka.clients.consumer.internals.ConsumerCoordinator - [Consumer clientId=consumer-tomge-consumer-group-1, groupId=tomge-consumer-group] (Re-)joining group
2025-03-24 17:05:07.283 [org.springframework.kafka.KafkaListenerEndpointContainer#1-0-C-1] INFO  org.apache.kafka.clients.consumer.internals.ConsumerCoordinator - [Consumer clientId=consumer-tomge-consumer-group-2, groupId=tomge-consumer-group] Request joining group due to: need to re-join with the given member-id: consumer-tomge-consumer-group-2-a8a712b8-8427-4ee5-ba6f-e1af32d9d7f1
2025-03-24 17:05:07.283 [org.springframework.kafka.KafkaListenerEndpointContainer#1-0-C-1] INFO  org.apache.kafka.clients.consumer.internals.ConsumerCoordinator - [Consumer clientId=consumer-tomge-consumer-group-2, groupId=tomge-consumer-group] (Re-)joining group
2025-03-24 17:05:07.286 [org.springframework.kafka.KafkaListenerEndpointContainer#1-0-C-1] INFO  org.apache.kafka.clients.consumer.internals.ConsumerCoordinator - [Consumer clientId=consumer-tomge-consumer-group-2, groupId=tomge-consumer-group] Successfully joined group with generation Generation{generationId=21, memberId='consumer-tomge-consumer-group-2-a8a712b8-8427-4ee5-ba6f-e1af32d9d7f1', protocol='range'}
2025-03-24 17:05:07.286 [org.springframework.kafka.KafkaListenerEndpointContainer#0-0-C-1] INFO  org.apache.kafka.clients.consumer.internals.ConsumerCoordinator - [Consumer clientId=consumer-tomge-consumer-group-1, groupId=tomge-consumer-group] Successfully joined group with generation Generation{generationId=21, memberId='consumer-tomge-consumer-group-1-eecacb4c-c9bc-4845-bb4c-f5f834b33b8c', protocol='range'}
2025-03-24 17:05:07.288 [org.springframework.kafka.KafkaListenerEndpointContainer#0-0-C-1] INFO  org.apache.kafka.clients.consumer.internals.ConsumerCoordinator - [Consumer clientId=consumer-tomge-consumer-group-1, groupId=tomge-consumer-group] Finished assignment for group at generation 21: {consumer-tomge-consumer-group-2-a8a712b8-8427-4ee5-ba6f-e1af32d9d7f1=Assignment(partitions=[]), consumer-tomge-consumer-group-1-eecacb4c-c9bc-4845-bb4c-f5f834b33b8c=Assignment(partitions=[testtopic-0])}
2025-03-24 17:05:07.290 [org.springframework.kafka.KafkaListenerEndpointContainer#1-0-C-1] INFO  org.apache.kafka.clients.consumer.internals.ConsumerCoordinator - [Consumer clientId=consumer-tomge-consumer-group-2, groupId=tomge-consumer-group] Successfully synced group in generation Generation{generationId=21, memberId='consumer-tomge-consumer-group-2-a8a712b8-8427-4ee5-ba6f-e1af32d9d7f1', protocol='range'}
2025-03-24 17:05:07.290 [org.springframework.kafka.KafkaListenerEndpointContainer#0-0-C-1] INFO  org.apache.kafka.clients.consumer.internals.ConsumerCoordinator - [Consumer clientId=consumer-tomge-consumer-group-1, groupId=tomge-consumer-group] Successfully synced group in generation Generation{generationId=21, memberId='consumer-tomge-consumer-group-1-eecacb4c-c9bc-4845-bb4c-f5f834b33b8c', protocol='range'}
2025-03-24 17:05:07.290 [org.springframework.kafka.KafkaListenerEndpointContainer#1-0-C-1] INFO  org.apache.kafka.clients.consumer.internals.ConsumerCoordinator - [Consumer clientId=consumer-tomge-consumer-group-2, groupId=tomge-consumer-group] Notifying assignor about the new Assignment(partitions=[])
2025-03-24 17:05:07.290 [org.springframework.kafka.KafkaListenerEndpointContainer#0-0-C-1] INFO  org.apache.kafka.clients.consumer.internals.ConsumerCoordinator - [Consumer clientId=consumer-tomge-consumer-group-1, groupId=tomge-consumer-group] Notifying assignor about the new Assignment(partitions=[testtopic-0])
2025-03-24 17:05:07.290 [org.springframework.kafka.KafkaListenerEndpointContainer#1-0-C-1] INFO  org.apache.kafka.clients.consumer.internals.ConsumerRebalanceListenerInvoker - [Consumer clientId=consumer-tomge-consumer-group-2, groupId=tomge-consumer-group] Adding newly assigned partitions: 
2025-03-24 17:05:07.291 [org.springframework.kafka.KafkaListenerEndpointContainer#0-0-C-1] INFO  org.apache.kafka.clients.consumer.internals.ConsumerRebalanceListenerInvoker - [Consumer clientId=consumer-tomge-consumer-group-1, groupId=tomge-consumer-group] Adding newly assigned partitions: testtopic-0
2025-03-24 17:05:07.293 [org.springframework.kafka.KafkaListenerEndpointContainer#0-0-C-1] INFO  org.apache.kafka.clients.consumer.internals.ConsumerUtils - Setting offset for partition testtopic-0 to the committed offset FetchPosition{offset=23, offsetEpoch=Optional.empty, currentLeader=LeaderAndEpoch{leader=Optional[localhost:9092 (id: 0 rack: null)], epoch=0}}
2025-03-24 17:05:36.527 [http-nio-9090-exec-2] INFO  org.apache.catalina.core.ContainerBase.[Tomcat].[localhost].[/] - Initializing Spring DispatcherServlet 'dispatcherServlet'
2025-03-24 17:05:36.540 [http-nio-9090-exec-2] WARN  org.springframework.web.servlet.mvc.support.DefaultHandlerExceptionResolver - Resolved [org.springframework.web.HttpRequestMethodNotSupportedException: Request method 'PUT' is not supported]
2025-03-24 17:06:00.875 [org.springframework.kafka.KafkaListenerEndpointContainer#0-0-C-1] INFO  org.apache.kafka.clients.consumer.internals.ConsumerRebalanceListenerInvoker - [Consumer clientId=consumer-tomge-consumer-group-1, groupId=tomge-consumer-group] Revoke previously assigned partitions testtopic-0
2025-03-24 17:06:00.875 [org.springframework.kafka.KafkaListenerEndpointContainer#1-0-C-1] INFO  org.apache.kafka.clients.consumer.internals.ConsumerCoordinator - [Consumer clientId=consumer-tomge-consumer-group-2, groupId=tomge-consumer-group] Member consumer-tomge-consumer-group-2-a8a712b8-8427-4ee5-ba6f-e1af32d9d7f1 sending LeaveGroup request to coordinator localhost:9092 (id: 2147483647 rack: null) due to the consumer unsubscribed from all topics
2025-03-24 17:06:00.875 [org.springframework.kafka.KafkaListenerEndpointContainer#0-0-C-1] INFO  org.apache.kafka.clients.consumer.internals.ConsumerCoordinator - [Consumer clientId=consumer-tomge-consumer-group-1, groupId=tomge-consumer-group] Member consumer-tomge-consumer-group-1-eecacb4c-c9bc-4845-bb4c-f5f834b33b8c sending LeaveGroup request to coordinator localhost:9092 (id: 2147483647 rack: null) due to the consumer unsubscribed from all topics
2025-03-24 17:06:00.875 [org.springframework.kafka.KafkaListenerEndpointContainer#1-0-C-1] INFO  org.apache.kafka.clients.consumer.internals.ConsumerCoordinator - [Consumer clientId=consumer-tomge-consumer-group-2, groupId=tomge-consumer-group] Resetting generation and member id due to: consumer pro-actively leaving the group
2025-03-24 17:06:00.875 [org.springframework.kafka.KafkaListenerEndpointContainer#0-0-C-1] INFO  org.apache.kafka.clients.consumer.internals.ConsumerCoordinator - [Consumer clientId=consumer-tomge-consumer-group-1, groupId=tomge-consumer-group] Resetting generation and member id due to: consumer pro-actively leaving the group
2025-03-24 17:06:00.875 [org.springframework.kafka.KafkaListenerEndpointContainer#1-0-C-1] INFO  org.apache.kafka.clients.consumer.internals.ConsumerCoordinator - [Consumer clientId=consumer-tomge-consumer-group-2, groupId=tomge-consumer-group] Request joining group due to: consumer pro-actively leaving the group
2025-03-24 17:06:00.875 [org.springframework.kafka.KafkaListenerEndpointContainer#0-0-C-1] INFO  org.apache.kafka.clients.consumer.internals.ConsumerCoordinator - [Consumer clientId=consumer-tomge-consumer-group-1, groupId=tomge-consumer-group] Request joining group due to: consumer pro-actively leaving the group
2025-03-24 17:06:00.875 [org.springframework.kafka.KafkaListenerEndpointContainer#1-0-C-1] INFO  org.apache.kafka.clients.consumer.internals.LegacyKafkaConsumer - [Consumer clientId=consumer-tomge-consumer-group-2, groupId=tomge-consumer-group] Unsubscribed all topics or patterns and assigned partitions
2025-03-24 17:06:00.875 [org.springframework.kafka.KafkaListenerEndpointContainer#0-0-C-1] INFO  org.apache.kafka.clients.consumer.internals.LegacyKafkaConsumer - [Consumer clientId=consumer-tomge-consumer-group-1, groupId=tomge-consumer-group] Unsubscribed all topics or patterns and assigned partitions
2025-03-24 17:06:00.876 [org.springframework.kafka.KafkaListenerEndpointContainer#0-0-C-1] INFO  org.apache.kafka.clients.consumer.internals.ConsumerCoordinator - [Consumer clientId=consumer-tomge-consumer-group-1, groupId=tomge-consumer-group] Resetting generation and member id due to: consumer pro-actively leaving the group
2025-03-24 17:06:00.876 [org.springframework.kafka.KafkaListenerEndpointContainer#1-0-C-1] INFO  org.apache.kafka.clients.consumer.internals.ConsumerCoordinator - [Consumer clientId=consumer-tomge-consumer-group-2, groupId=tomge-consumer-group] Resetting generation and member id due to: consumer pro-actively leaving the group
2025-03-24 17:06:00.876 [org.springframework.kafka.KafkaListenerEndpointContainer#0-0-C-1] INFO  org.apache.kafka.clients.consumer.internals.ConsumerCoordinator - [Consumer clientId=consumer-tomge-consumer-group-1, groupId=tomge-consumer-group] Request joining group due to: consumer pro-actively leaving the group
2025-03-24 17:06:00.876 [org.springframework.kafka.KafkaListenerEndpointContainer#1-0-C-1] INFO  org.apache.kafka.clients.consumer.internals.ConsumerCoordinator - [Consumer clientId=consumer-tomge-consumer-group-2, groupId=tomge-consumer-group] Request joining group due to: consumer pro-actively leaving the group
2025-03-24 17:06:00.879 [org.springframework.kafka.KafkaListenerEndpointContainer#1-0-C-1] INFO  org.apache.kafka.common.metrics.Metrics - Metrics scheduler closed
2025-03-24 17:06:00.879 [org.springframework.kafka.KafkaListenerEndpointContainer#1-0-C-1] INFO  org.apache.kafka.common.metrics.Metrics - Closing reporter org.apache.kafka.common.metrics.JmxReporter
2025-03-24 17:06:00.879 [org.springframework.kafka.KafkaListenerEndpointContainer#1-0-C-1] INFO  org.apache.kafka.common.metrics.Metrics - Closing reporter org.apache.kafka.common.telemetry.internals.ClientTelemetryReporter
2025-03-24 17:06:00.879 [org.springframework.kafka.KafkaListenerEndpointContainer#1-0-C-1] INFO  org.apache.kafka.common.metrics.Metrics - Metrics reporters closed
2025-03-24 17:06:00.881 [org.springframework.kafka.KafkaListenerEndpointContainer#1-0-C-1] INFO  org.apache.kafka.common.utils.AppInfoParser - App info kafka.consumer for consumer-tomge-consumer-group-2 unregistered
2025-03-24 17:06:01.255 [org.springframework.kafka.KafkaListenerEndpointContainer#0-0-C-1] INFO  org.apache.kafka.common.metrics.Metrics - Metrics scheduler closed
2025-03-24 17:06:01.256 [org.springframework.kafka.KafkaListenerEndpointContainer#0-0-C-1] INFO  org.apache.kafka.common.metrics.Metrics - Closing reporter org.apache.kafka.common.metrics.JmxReporter
2025-03-24 17:06:01.256 [org.springframework.kafka.KafkaListenerEndpointContainer#0-0-C-1] INFO  org.apache.kafka.common.metrics.Metrics - Closing reporter org.apache.kafka.common.telemetry.internals.ClientTelemetryReporter
2025-03-24 17:06:01.256 [org.springframework.kafka.KafkaListenerEndpointContainer#0-0-C-1] INFO  org.apache.kafka.common.metrics.Metrics - Metrics reporters closed
2025-03-24 17:06:01.257 [org.springframework.kafka.KafkaListenerEndpointContainer#0-0-C-1] INFO  org.apache.kafka.common.utils.AppInfoParser - App info kafka.consumer for consumer-tomge-consumer-group-1 unregistered
2025-03-24 17:06:03.791 [main] INFO  com.test.testboot.TestbootApplication - Starting TestbootApplication using Java 23.0.2 with PID 9542 (/Users/zhaoxin/Documents/GitHub/testboot/target/classes started by zhaoxin in /Users/zhaoxin/Documents/GitHub/testboot)
2025-03-24 17:06:03.793 [main] INFO  com.test.testboot.TestbootApplication - No active profile set, falling back to 1 default profile: "default"
2025-03-24 17:06:04.287 [main] INFO  org.apache.coyote.http11.Http11NioProtocol - Initializing ProtocolHandler ["http-nio-9090"]
2025-03-24 17:06:04.288 [main] INFO  org.apache.catalina.core.StandardService - Starting service [Tomcat]
2025-03-24 17:06:04.288 [main] INFO  org.apache.catalina.core.StandardEngine - Starting Servlet engine: [Apache Tomcat/10.1.36]
2025-03-24 17:06:04.304 [main] INFO  org.apache.catalina.core.ContainerBase.[Tomcat].[localhost].[/] - Initializing Spring embedded WebApplicationContext
2025-03-24 17:06:04.742 [main] INFO  org.apache.coyote.http11.Http11NioProtocol - Starting ProtocolHandler ["http-nio-9090"]
2025-03-24 17:06:04.766 [main] INFO  org.apache.kafka.clients.consumer.ConsumerConfig - ConsumerConfig values: 
	allow.auto.create.topics = true
	auto.commit.interval.ms = 5000
	auto.include.jmx.reporter = true
	auto.offset.reset = latest
	bootstrap.servers = [localhost:9092]
	check.crcs = true
	client.dns.lookup = use_all_dns_ips
	client.id = consumer-tomge-consumer-group-1
	client.rack = 
	connections.max.idle.ms = 540000
	default.api.timeout.ms = 60000
	enable.auto.commit = false
	enable.metrics.push = true
	exclude.internal.topics = true
	fetch.max.bytes = 52428800
	fetch.max.wait.ms = 500
	fetch.min.bytes = 1
	group.id = tomge-consumer-group
	group.instance.id = null
	group.protocol = classic
	group.remote.assignor = null
	heartbeat.interval.ms = 3000
	interceptor.classes = []
	internal.leave.group.on.close = true
	internal.throw.on.fetch.stable.offset.unsupported = false
	isolation.level = read_uncommitted
	key.deserializer = class org.apache.kafka.common.serialization.StringDeserializer
	max.partition.fetch.bytes = 1048576
	max.poll.interval.ms = 300000
	max.poll.records = 500
	metadata.max.age.ms = 300000
	metric.reporters = []
	metrics.num.samples = 2
	metrics.recording.level = INFO
	metrics.sample.window.ms = 30000
	partition.assignment.strategy = [class org.apache.kafka.clients.consumer.RangeAssignor, class org.apache.kafka.clients.consumer.CooperativeStickyAssignor]
	receive.buffer.bytes = 65536
	reconnect.backoff.max.ms = 1000
	reconnect.backoff.ms = 50
	request.timeout.ms = 30000
	retry.backoff.max.ms = 1000
	retry.backoff.ms = 100
	sasl.client.callback.handler.class = null
	sasl.jaas.config = null
	sasl.kerberos.kinit.cmd = /usr/bin/kinit
	sasl.kerberos.min.time.before.relogin = 60000
	sasl.kerberos.service.name = null
	sasl.kerberos.ticket.renew.jitter = 0.05
	sasl.kerberos.ticket.renew.window.factor = 0.8
	sasl.login.callback.handler.class = null
	sasl.login.class = null
	sasl.login.connect.timeout.ms = null
	sasl.login.read.timeout.ms = null
	sasl.login.refresh.buffer.seconds = 300
	sasl.login.refresh.min.period.seconds = 60
	sasl.login.refresh.window.factor = 0.8
	sasl.login.refresh.window.jitter = 0.05
	sasl.login.retry.backoff.max.ms = 10000
	sasl.login.retry.backoff.ms = 100
	sasl.mechanism = GSSAPI
	sasl.oauthbearer.clock.skew.seconds = 30
	sasl.oauthbearer.expected.audience = null
	sasl.oauthbearer.expected.issuer = null
	sasl.oauthbearer.jwks.endpoint.refresh.ms = 3600000
	sasl.oauthbearer.jwks.endpoint.retry.backoff.max.ms = 10000
	sasl.oauthbearer.jwks.endpoint.retry.backoff.ms = 100
	sasl.oauthbearer.jwks.endpoint.url = null
	sasl.oauthbearer.scope.claim.name = scope
	sasl.oauthbearer.sub.claim.name = sub
	sasl.oauthbearer.token.endpoint.url = null
	security.protocol = PLAINTEXT
	security.providers = null
	send.buffer.bytes = 131072
	session.timeout.ms = 45000
	socket.connection.setup.timeout.max.ms = 30000
	socket.connection.setup.timeout.ms = 10000
	ssl.cipher.suites = null
	ssl.enabled.protocols = [TLSv1.2, TLSv1.3]
	ssl.endpoint.identification.algorithm = https
	ssl.engine.factory.class = null
	ssl.key.password = null
	ssl.keymanager.algorithm = SunX509
	ssl.keystore.certificate.chain = null
	ssl.keystore.key = null
	ssl.keystore.location = null
	ssl.keystore.password = null
	ssl.keystore.type = JKS
	ssl.protocol = TLSv1.3
	ssl.provider = null
	ssl.secure.random.implementation = null
	ssl.trustmanager.algorithm = PKIX
	ssl.truststore.certificates = null
	ssl.truststore.location = null
	ssl.truststore.password = null
	ssl.truststore.type = JKS
	value.deserializer = class org.apache.kafka.common.serialization.StringDeserializer

2025-03-24 17:06:04.783 [main] INFO  org.apache.kafka.common.telemetry.internals.KafkaMetricsCollector - initializing Kafka metrics collector
2025-03-24 17:06:04.811 [main] INFO  org.apache.kafka.common.utils.AppInfoParser - Kafka version: 3.7.2
2025-03-24 17:06:04.812 [main] INFO  org.apache.kafka.common.utils.AppInfoParser - Kafka commitId: 79a8f2b5f44f9d5a
2025-03-24 17:06:04.812 [main] INFO  org.apache.kafka.common.utils.AppInfoParser - Kafka startTimeMs: 1742807164811
2025-03-24 17:06:04.813 [main] INFO  org.apache.kafka.clients.consumer.internals.LegacyKafkaConsumer - [Consumer clientId=consumer-tomge-consumer-group-1, groupId=tomge-consumer-group] Subscribed to topic(s): testtopic
2025-03-24 17:06:04.816 [main] INFO  org.apache.kafka.clients.consumer.ConsumerConfig - ConsumerConfig values: 
	allow.auto.create.topics = true
	auto.commit.interval.ms = 5000
	auto.include.jmx.reporter = true
	auto.offset.reset = latest
	bootstrap.servers = [localhost:9092]
	check.crcs = true
	client.dns.lookup = use_all_dns_ips
	client.id = consumer-tomge-consumer-group-2
	client.rack = 
	connections.max.idle.ms = 540000
	default.api.timeout.ms = 60000
	enable.auto.commit = false
	enable.metrics.push = true
	exclude.internal.topics = true
	fetch.max.bytes = 52428800
	fetch.max.wait.ms = 500
	fetch.min.bytes = 1
	group.id = tomge-consumer-group
	group.instance.id = null
	group.protocol = classic
	group.remote.assignor = null
	heartbeat.interval.ms = 3000
	interceptor.classes = []
	internal.leave.group.on.close = true
	internal.throw.on.fetch.stable.offset.unsupported = false
	isolation.level = read_uncommitted
	key.deserializer = class org.apache.kafka.common.serialization.StringDeserializer
	max.partition.fetch.bytes = 1048576
	max.poll.interval.ms = 300000
	max.poll.records = 500
	metadata.max.age.ms = 300000
	metric.reporters = []
	metrics.num.samples = 2
	metrics.recording.level = INFO
	metrics.sample.window.ms = 30000
	partition.assignment.strategy = [class org.apache.kafka.clients.consumer.RangeAssignor, class org.apache.kafka.clients.consumer.CooperativeStickyAssignor]
	receive.buffer.bytes = 65536
	reconnect.backoff.max.ms = 1000
	reconnect.backoff.ms = 50
	request.timeout.ms = 30000
	retry.backoff.max.ms = 1000
	retry.backoff.ms = 100
	sasl.client.callback.handler.class = null
	sasl.jaas.config = null
	sasl.kerberos.kinit.cmd = /usr/bin/kinit
	sasl.kerberos.min.time.before.relogin = 60000
	sasl.kerberos.service.name = null
	sasl.kerberos.ticket.renew.jitter = 0.05
	sasl.kerberos.ticket.renew.window.factor = 0.8
	sasl.login.callback.handler.class = null
	sasl.login.class = null
	sasl.login.connect.timeout.ms = null
	sasl.login.read.timeout.ms = null
	sasl.login.refresh.buffer.seconds = 300
	sasl.login.refresh.min.period.seconds = 60
	sasl.login.refresh.window.factor = 0.8
	sasl.login.refresh.window.jitter = 0.05
	sasl.login.retry.backoff.max.ms = 10000
	sasl.login.retry.backoff.ms = 100
	sasl.mechanism = GSSAPI
	sasl.oauthbearer.clock.skew.seconds = 30
	sasl.oauthbearer.expected.audience = null
	sasl.oauthbearer.expected.issuer = null
	sasl.oauthbearer.jwks.endpoint.refresh.ms = 3600000
	sasl.oauthbearer.jwks.endpoint.retry.backoff.max.ms = 10000
	sasl.oauthbearer.jwks.endpoint.retry.backoff.ms = 100
	sasl.oauthbearer.jwks.endpoint.url = null
	sasl.oauthbearer.scope.claim.name = scope
	sasl.oauthbearer.sub.claim.name = sub
	sasl.oauthbearer.token.endpoint.url = null
	security.protocol = PLAINTEXT
	security.providers = null
	send.buffer.bytes = 131072
	session.timeout.ms = 45000
	socket.connection.setup.timeout.max.ms = 30000
	socket.connection.setup.timeout.ms = 10000
	ssl.cipher.suites = null
	ssl.enabled.protocols = [TLSv1.2, TLSv1.3]
	ssl.endpoint.identification.algorithm = https
	ssl.engine.factory.class = null
	ssl.key.password = null
	ssl.keymanager.algorithm = SunX509
	ssl.keystore.certificate.chain = null
	ssl.keystore.key = null
	ssl.keystore.location = null
	ssl.keystore.password = null
	ssl.keystore.type = JKS
	ssl.protocol = TLSv1.3
	ssl.provider = null
	ssl.secure.random.implementation = null
	ssl.trustmanager.algorithm = PKIX
	ssl.truststore.certificates = null
	ssl.truststore.location = null
	ssl.truststore.password = null
	ssl.truststore.type = JKS
	value.deserializer = class org.apache.kafka.common.serialization.StringDeserializer

2025-03-24 17:06:04.816 [main] INFO  org.apache.kafka.common.telemetry.internals.KafkaMetricsCollector - initializing Kafka metrics collector
2025-03-24 17:06:04.819 [main] INFO  org.apache.kafka.common.utils.AppInfoParser - Kafka version: 3.7.2
2025-03-24 17:06:04.819 [main] INFO  org.apache.kafka.common.utils.AppInfoParser - Kafka commitId: 79a8f2b5f44f9d5a
2025-03-24 17:06:04.819 [main] INFO  org.apache.kafka.common.utils.AppInfoParser - Kafka startTimeMs: 1742807164819
2025-03-24 17:06:04.819 [main] INFO  org.apache.kafka.clients.consumer.internals.LegacyKafkaConsumer - [Consumer clientId=consumer-tomge-consumer-group-2, groupId=tomge-consumer-group] Subscribed to topic(s): testtopic
2025-03-24 17:06:04.823 [main] INFO  com.test.testboot.TestbootApplication - Started TestbootApplication in 1.224 seconds (process running for 1.451)
2025-03-24 17:06:04.924 [org.springframework.kafka.KafkaListenerEndpointContainer#1-0-C-1] INFO  org.apache.kafka.clients.Metadata - [Consumer clientId=consumer-tomge-consumer-group-2, groupId=tomge-consumer-group] Cluster ID: 55v202dzTXeo6Uf5cKQwuw
2025-03-24 17:06:04.924 [org.springframework.kafka.KafkaListenerEndpointContainer#0-0-C-1] INFO  org.apache.kafka.clients.Metadata - [Consumer clientId=consumer-tomge-consumer-group-1, groupId=tomge-consumer-group] Cluster ID: 55v202dzTXeo6Uf5cKQwuw
2025-03-24 17:06:04.925 [org.springframework.kafka.KafkaListenerEndpointContainer#0-0-C-1] INFO  org.apache.kafka.clients.consumer.internals.ConsumerCoordinator - [Consumer clientId=consumer-tomge-consumer-group-1, groupId=tomge-consumer-group] Discovered group coordinator localhost:9092 (id: 2147483647 rack: null)
2025-03-24 17:06:04.925 [org.springframework.kafka.KafkaListenerEndpointContainer#1-0-C-1] INFO  org.apache.kafka.clients.consumer.internals.ConsumerCoordinator - [Consumer clientId=consumer-tomge-consumer-group-2, groupId=tomge-consumer-group] Discovered group coordinator localhost:9092 (id: 2147483647 rack: null)
2025-03-24 17:06:04.926 [org.springframework.kafka.KafkaListenerEndpointContainer#0-0-C-1] INFO  org.apache.kafka.clients.consumer.internals.ConsumerCoordinator - [Consumer clientId=consumer-tomge-consumer-group-1, groupId=tomge-consumer-group] (Re-)joining group
2025-03-24 17:06:04.926 [org.springframework.kafka.KafkaListenerEndpointContainer#1-0-C-1] INFO  org.apache.kafka.clients.consumer.internals.ConsumerCoordinator - [Consumer clientId=consumer-tomge-consumer-group-2, groupId=tomge-consumer-group] (Re-)joining group
2025-03-24 17:06:04.931 [org.springframework.kafka.KafkaListenerEndpointContainer#1-0-C-1] INFO  org.apache.kafka.clients.consumer.internals.ConsumerCoordinator - [Consumer clientId=consumer-tomge-consumer-group-2, groupId=tomge-consumer-group] Request joining group due to: need to re-join with the given member-id: consumer-tomge-consumer-group-2-a258b0a0-50ae-4bfc-a2d7-5af192606cc3
2025-03-24 17:06:04.931 [org.springframework.kafka.KafkaListenerEndpointContainer#0-0-C-1] INFO  org.apache.kafka.clients.consumer.internals.ConsumerCoordinator - [Consumer clientId=consumer-tomge-consumer-group-1, groupId=tomge-consumer-group] Request joining group due to: need to re-join with the given member-id: consumer-tomge-consumer-group-1-155b46dc-3038-4c0b-80a7-7374e2821af5
2025-03-24 17:06:04.931 [org.springframework.kafka.KafkaListenerEndpointContainer#0-0-C-1] INFO  org.apache.kafka.clients.consumer.internals.ConsumerCoordinator - [Consumer clientId=consumer-tomge-consumer-group-1, groupId=tomge-consumer-group] (Re-)joining group
2025-03-24 17:06:04.931 [org.springframework.kafka.KafkaListenerEndpointContainer#1-0-C-1] INFO  org.apache.kafka.clients.consumer.internals.ConsumerCoordinator - [Consumer clientId=consumer-tomge-consumer-group-2, groupId=tomge-consumer-group] (Re-)joining group
2025-03-24 17:06:04.933 [org.springframework.kafka.KafkaListenerEndpointContainer#1-0-C-1] INFO  org.apache.kafka.clients.consumer.internals.ConsumerCoordinator - [Consumer clientId=consumer-tomge-consumer-group-2, groupId=tomge-consumer-group] Successfully joined group with generation Generation{generationId=23, memberId='consumer-tomge-consumer-group-2-a258b0a0-50ae-4bfc-a2d7-5af192606cc3', protocol='range'}
2025-03-24 17:06:04.933 [org.springframework.kafka.KafkaListenerEndpointContainer#0-0-C-1] INFO  org.apache.kafka.clients.consumer.internals.ConsumerCoordinator - [Consumer clientId=consumer-tomge-consumer-group-1, groupId=tomge-consumer-group] Successfully joined group with generation Generation{generationId=23, memberId='consumer-tomge-consumer-group-1-155b46dc-3038-4c0b-80a7-7374e2821af5', protocol='range'}
2025-03-24 17:06:04.935 [org.springframework.kafka.KafkaListenerEndpointContainer#0-0-C-1] INFO  org.apache.kafka.clients.consumer.internals.ConsumerCoordinator - [Consumer clientId=consumer-tomge-consumer-group-1, groupId=tomge-consumer-group] Finished assignment for group at generation 23: {consumer-tomge-consumer-group-2-a258b0a0-50ae-4bfc-a2d7-5af192606cc3=Assignment(partitions=[]), consumer-tomge-consumer-group-1-155b46dc-3038-4c0b-80a7-7374e2821af5=Assignment(partitions=[testtopic-0])}
2025-03-24 17:06:04.937 [org.springframework.kafka.KafkaListenerEndpointContainer#1-0-C-1] INFO  org.apache.kafka.clients.consumer.internals.ConsumerCoordinator - [Consumer clientId=consumer-tomge-consumer-group-2, groupId=tomge-consumer-group] Successfully synced group in generation Generation{generationId=23, memberId='consumer-tomge-consumer-group-2-a258b0a0-50ae-4bfc-a2d7-5af192606cc3', protocol='range'}
2025-03-24 17:06:04.937 [org.springframework.kafka.KafkaListenerEndpointContainer#0-0-C-1] INFO  org.apache.kafka.clients.consumer.internals.ConsumerCoordinator - [Consumer clientId=consumer-tomge-consumer-group-1, groupId=tomge-consumer-group] Successfully synced group in generation Generation{generationId=23, memberId='consumer-tomge-consumer-group-1-155b46dc-3038-4c0b-80a7-7374e2821af5', protocol='range'}
2025-03-24 17:06:04.938 [org.springframework.kafka.KafkaListenerEndpointContainer#1-0-C-1] INFO  org.apache.kafka.clients.consumer.internals.ConsumerCoordinator - [Consumer clientId=consumer-tomge-consumer-group-2, groupId=tomge-consumer-group] Notifying assignor about the new Assignment(partitions=[])
2025-03-24 17:06:04.938 [org.springframework.kafka.KafkaListenerEndpointContainer#0-0-C-1] INFO  org.apache.kafka.clients.consumer.internals.ConsumerCoordinator - [Consumer clientId=consumer-tomge-consumer-group-1, groupId=tomge-consumer-group] Notifying assignor about the new Assignment(partitions=[testtopic-0])
2025-03-24 17:06:04.938 [org.springframework.kafka.KafkaListenerEndpointContainer#1-0-C-1] INFO  org.apache.kafka.clients.consumer.internals.ConsumerRebalanceListenerInvoker - [Consumer clientId=consumer-tomge-consumer-group-2, groupId=tomge-consumer-group] Adding newly assigned partitions: 
2025-03-24 17:06:04.938 [org.springframework.kafka.KafkaListenerEndpointContainer#0-0-C-1] INFO  org.apache.kafka.clients.consumer.internals.ConsumerRebalanceListenerInvoker - [Consumer clientId=consumer-tomge-consumer-group-1, groupId=tomge-consumer-group] Adding newly assigned partitions: testtopic-0
2025-03-24 17:06:04.941 [org.springframework.kafka.KafkaListenerEndpointContainer#0-0-C-1] INFO  org.apache.kafka.clients.consumer.internals.ConsumerUtils - Setting offset for partition testtopic-0 to the committed offset FetchPosition{offset=23, offsetEpoch=Optional.empty, currentLeader=LeaderAndEpoch{leader=Optional[localhost:9092 (id: 0 rack: null)], epoch=0}}
2025-03-24 17:06:10.679 [http-nio-9090-exec-2] INFO  org.apache.catalina.core.ContainerBase.[Tomcat].[localhost].[/] - Initializing Spring DispatcherServlet 'dispatcherServlet'
2025-03-24 17:06:10.779 [http-nio-9090-exec-2] INFO  org.apache.kafka.clients.producer.ProducerConfig - ProducerConfig values: 
	acks = -1
	auto.include.jmx.reporter = true
	batch.size = 16384
	bootstrap.servers = [localhost:9092]
	buffer.memory = 33554432
	client.dns.lookup = use_all_dns_ips
	client.id = testspringboot-producer-1
	compression.type = none
	connections.max.idle.ms = 540000
	delivery.timeout.ms = 120000
	enable.idempotence = true
	enable.metrics.push = true
	interceptor.classes = []
	key.serializer = class org.apache.kafka.common.serialization.StringSerializer
	linger.ms = 0
	max.block.ms = 60000
	max.in.flight.requests.per.connection = 5
	max.request.size = 1048576
	metadata.max.age.ms = 300000
	metadata.max.idle.ms = 300000
	metric.reporters = []
	metrics.num.samples = 2
	metrics.recording.level = INFO
	metrics.sample.window.ms = 30000
	partitioner.adaptive.partitioning.enable = true
	partitioner.availability.timeout.ms = 0
	partitioner.class = null
	partitioner.ignore.keys = false
	receive.buffer.bytes = 32768
	reconnect.backoff.max.ms = 1000
	reconnect.backoff.ms = 50
	request.timeout.ms = 30000
	retries = 3
	retry.backoff.max.ms = 1000
	retry.backoff.ms = 100
	sasl.client.callback.handler.class = null
	sasl.jaas.config = null
	sasl.kerberos.kinit.cmd = /usr/bin/kinit
	sasl.kerberos.min.time.before.relogin = 60000
	sasl.kerberos.service.name = null
	sasl.kerberos.ticket.renew.jitter = 0.05
	sasl.kerberos.ticket.renew.window.factor = 0.8
	sasl.login.callback.handler.class = null
	sasl.login.class = null
	sasl.login.connect.timeout.ms = null
	sasl.login.read.timeout.ms = null
	sasl.login.refresh.buffer.seconds = 300
	sasl.login.refresh.min.period.seconds = 60
	sasl.login.refresh.window.factor = 0.8
	sasl.login.refresh.window.jitter = 0.05
	sasl.login.retry.backoff.max.ms = 10000
	sasl.login.retry.backoff.ms = 100
	sasl.mechanism = GSSAPI
	sasl.oauthbearer.clock.skew.seconds = 30
	sasl.oauthbearer.expected.audience = null
	sasl.oauthbearer.expected.issuer = null
	sasl.oauthbearer.jwks.endpoint.refresh.ms = 3600000
	sasl.oauthbearer.jwks.endpoint.retry.backoff.max.ms = 10000
	sasl.oauthbearer.jwks.endpoint.retry.backoff.ms = 100
	sasl.oauthbearer.jwks.endpoint.url = null
	sasl.oauthbearer.scope.claim.name = scope
	sasl.oauthbearer.sub.claim.name = sub
	sasl.oauthbearer.token.endpoint.url = null
	security.protocol = PLAINTEXT
	security.providers = null
	send.buffer.bytes = 131072
	socket.connection.setup.timeout.max.ms = 30000
	socket.connection.setup.timeout.ms = 10000
	ssl.cipher.suites = null
	ssl.enabled.protocols = [TLSv1.2, TLSv1.3]
	ssl.endpoint.identification.algorithm = https
	ssl.engine.factory.class = null
	ssl.key.password = null
	ssl.keymanager.algorithm = SunX509
	ssl.keystore.certificate.chain = null
	ssl.keystore.key = null
	ssl.keystore.location = null
	ssl.keystore.password = null
	ssl.keystore.type = JKS
	ssl.protocol = TLSv1.3
	ssl.provider = null
	ssl.secure.random.implementation = null
	ssl.trustmanager.algorithm = PKIX
	ssl.truststore.certificates = null
	ssl.truststore.location = null
	ssl.truststore.password = null
	ssl.truststore.type = JKS
	transaction.timeout.ms = 60000
	transactional.id = null
	value.serializer = class org.apache.kafka.common.serialization.StringSerializer

2025-03-24 17:06:10.780 [http-nio-9090-exec-2] INFO  org.apache.kafka.common.telemetry.internals.KafkaMetricsCollector - initializing Kafka metrics collector
2025-03-24 17:06:10.784 [http-nio-9090-exec-2] INFO  org.apache.kafka.clients.producer.KafkaProducer - [Producer clientId=testspringboot-producer-1] Instantiated an idempotent producer.
2025-03-24 17:06:10.789 [http-nio-9090-exec-2] INFO  org.apache.kafka.common.utils.AppInfoParser - Kafka version: 3.7.2
2025-03-24 17:06:10.789 [http-nio-9090-exec-2] INFO  org.apache.kafka.common.utils.AppInfoParser - Kafka commitId: 79a8f2b5f44f9d5a
2025-03-24 17:06:10.789 [http-nio-9090-exec-2] INFO  org.apache.kafka.common.utils.AppInfoParser - Kafka startTimeMs: 1742807170789
2025-03-24 17:06:10.792 [kafka-producer-network-thread | testspringboot-producer-1] INFO  org.apache.kafka.clients.Metadata - [Producer clientId=testspringboot-producer-1] Cluster ID: 55v202dzTXeo6Uf5cKQwuw
2025-03-24 17:06:10.792 [kafka-producer-network-thread | testspringboot-producer-1] INFO  org.apache.kafka.clients.producer.internals.TransactionManager - [Producer clientId=testspringboot-producer-1] ProducerId set to 1010 with epoch 0
2025-03-24 17:06:10.806 [http-nio-9090-exec-2] INFO  com.test.testboot.kafkaservice.ProducerService - {"address":"新疆维吾尔自治区伊犁哈瑟可自治州","sex":"男","name":"埃森江","birth":"2025","id":"910","department":"计算机系"}
2025-03-24 17:06:10.808 [org.springframework.kafka.KafkaListenerEndpointContainer#0-0-C-1] INFO  com.test.testboot.kafkaservice.ConsumerService - Received message: {"address":"新疆维吾尔自治区伊犁哈瑟可自治州","sex":"男","name":"埃森江","birth":"2025","id":"910","department":"计算机系"}
2025-03-24 17:06:10.822 [org.springframework.kafka.KafkaListenerEndpointContainer#0-0-C-1] INFO  org.apache.kafka.clients.consumer.internals.LegacyKafkaConsumer - [Consumer clientId=consumer-tomge-consumer-group-1, groupId=tomge-consumer-group] Seeking to offset 23 for partition testtopic-0
2025-03-24 17:06:10.822 [org.springframework.kafka.KafkaListenerEndpointContainer#0-0-C-1] ERROR org.springframework.kafka.listener.KafkaMessageListenerContainer - Error handler threw an exception
org.springframework.kafka.KafkaException: Seek to current after exception
	at org.springframework.kafka.listener.SeekUtils.seekOrRecover(SeekUtils.java:227)
	at org.springframework.kafka.listener.DefaultErrorHandler.handleRemaining(DefaultErrorHandler.java:168)
	at org.springframework.kafka.listener.KafkaMessageListenerContainer$ListenerConsumer.invokeErrorHandler(KafkaMessageListenerContainer.java:2837)
	at org.springframework.kafka.listener.KafkaMessageListenerContainer$ListenerConsumer.lambda$doInvokeRecordListener$53(KafkaMessageListenerContainer.java:2714)
	at io.micrometer.observation.Observation.observe(Observation.java:565)
	at org.springframework.kafka.listener.KafkaMessageListenerContainer$ListenerConsumer.doInvokeRecordListener(KafkaMessageListenerContainer.java:2700)
	at org.springframework.kafka.listener.KafkaMessageListenerContainer$ListenerConsumer.doInvokeWithRecords(KafkaMessageListenerContainer.java:2542)
	at org.springframework.kafka.listener.KafkaMessageListenerContainer$ListenerConsumer.invokeRecordListener(KafkaMessageListenerContainer.java:2431)
	at org.springframework.kafka.listener.KafkaMessageListenerContainer$ListenerConsumer.invokeListener(KafkaMessageListenerContainer.java:2086)
	at org.springframework.kafka.listener.KafkaMessageListenerContainer$ListenerConsumer.invokeIfHaveRecords(KafkaMessageListenerContainer.java:1462)
	at org.springframework.kafka.listener.KafkaMessageListenerContainer$ListenerConsumer.pollAndInvoke(KafkaMessageListenerContainer.java:1427)
	at org.springframework.kafka.listener.KafkaMessageListenerContainer$ListenerConsumer.run(KafkaMessageListenerContainer.java:1297)
	at java.base/java.util.concurrent.CompletableFuture$AsyncRun.run(CompletableFuture.java:1848)
	at java.base/java.lang.Thread.run(Thread.java:1575)
Caused by: org.springframework.kafka.listener.ListenerExecutionFailedException: Listener method 'public void com.test.testboot.kafkaservice.ConsumerService.studentbyidconsumeMessage(java.lang.String)' threw exception
	at org.springframework.kafka.listener.KafkaMessageListenerContainer$ListenerConsumer.decorateException(KafkaMessageListenerContainer.java:2870)
	at org.springframework.kafka.listener.KafkaMessageListenerContainer$ListenerConsumer.doInvokeOnMessage(KafkaMessageListenerContainer.java:2815)
	at org.springframework.kafka.listener.KafkaMessageListenerContainer$ListenerConsumer.invokeOnMessage(KafkaMessageListenerContainer.java:2779)
	at org.springframework.kafka.listener.KafkaMessageListenerContainer$ListenerConsumer.lambda$doInvokeRecordListener$53(KafkaMessageListenerContainer.java:2702)
	... 10 common frames omitted
	Suppressed: org.springframework.kafka.listener.ListenerExecutionFailedException: Restored Stack Trace
		at org.springframework.kafka.listener.adapter.MessagingMessageListenerAdapter.invokeHandler(MessagingMessageListenerAdapter.java:434)
		at org.springframework.kafka.listener.adapter.MessagingMessageListenerAdapter.invoke(MessagingMessageListenerAdapter.java:383)
		at org.springframework.kafka.listener.adapter.RecordMessagingMessageListenerAdapter.onMessage(RecordMessagingMessageListenerAdapter.java:85)
		at org.springframework.kafka.listener.adapter.RecordMessagingMessageListenerAdapter.onMessage(RecordMessagingMessageListenerAdapter.java:50)
		at org.springframework.kafka.listener.KafkaMessageListenerContainer$ListenerConsumer.doInvokeOnMessage(KafkaMessageListenerContainer.java:2801)
Caused by: java.lang.NumberFormatException: For input string: "{"address":"新疆维吾尔自治区伊犁哈瑟可自治州","sex":"男","name":"埃森江","birth":"2025","id":"910","department":"计算机系"}"
	at java.base/java.lang.NumberFormatException.forInputString(NumberFormatException.java:67)
	at java.base/java.lang.Integer.parseInt(Integer.java:588)
	at java.base/java.lang.Integer.parseInt(Integer.java:685)
	at com.test.testboot.kafkaservice.ConsumerService.studentbyidconsumeMessage(ConsumerService.java:26)
	at java.base/jdk.internal.reflect.DirectMethodHandleAccessor.invoke(DirectMethodHandleAccessor.java:103)
	at java.base/java.lang.reflect.Method.invoke(Method.java:580)
	at org.springframework.messaging.handler.invocation.InvocableHandlerMethod.doInvoke(InvocableHandlerMethod.java:169)
	at org.springframework.kafka.listener.adapter.KotlinAwareInvocableHandlerMethod.doInvoke(KotlinAwareInvocableHandlerMethod.java:45)
	at org.springframework.messaging.handler.invocation.InvocableHandlerMethod.invoke(InvocableHandlerMethod.java:119)
	at org.springframework.kafka.listener.adapter.HandlerAdapter.invoke(HandlerAdapter.java:77)
	at org.springframework.kafka.listener.adapter.MessagingMessageListenerAdapter.invokeHandler(MessagingMessageListenerAdapter.java:419)
	at org.springframework.kafka.listener.adapter.MessagingMessageListenerAdapter.invoke(MessagingMessageListenerAdapter.java:383)
	at org.springframework.kafka.listener.adapter.RecordMessagingMessageListenerAdapter.onMessage(RecordMessagingMessageListenerAdapter.java:85)
	at org.springframework.kafka.listener.adapter.RecordMessagingMessageListenerAdapter.onMessage(RecordMessagingMessageListenerAdapter.java:50)
	at org.springframework.kafka.listener.KafkaMessageListenerContainer$ListenerConsumer.doInvokeOnMessage(KafkaMessageListenerContainer.java:2801)
	... 12 common frames omitted
2025-03-24 17:06:11.317 [org.springframework.kafka.KafkaListenerEndpointContainer#0-0-C-1] INFO  com.test.testboot.kafkaservice.ConsumerService - Received message: {"address":"新疆维吾尔自治区伊犁哈瑟可自治州","sex":"男","name":"埃森江","birth":"2025","id":"910","department":"计算机系"}
2025-03-24 17:06:11.331 [org.springframework.kafka.KafkaListenerEndpointContainer#0-0-C-1] INFO  org.apache.kafka.clients.consumer.internals.LegacyKafkaConsumer - [Consumer clientId=consumer-tomge-consumer-group-1, groupId=tomge-consumer-group] Seeking to offset 23 for partition testtopic-0
2025-03-24 17:06:11.332 [org.springframework.kafka.KafkaListenerEndpointContainer#0-0-C-1] ERROR org.springframework.kafka.listener.KafkaMessageListenerContainer - Error handler threw an exception
org.springframework.kafka.KafkaException: Seek to current after exception
	at org.springframework.kafka.listener.SeekUtils.seekOrRecover(SeekUtils.java:227)
	at org.springframework.kafka.listener.DefaultErrorHandler.handleRemaining(DefaultErrorHandler.java:168)
	at org.springframework.kafka.listener.KafkaMessageListenerContainer$ListenerConsumer.invokeErrorHandler(KafkaMessageListenerContainer.java:2837)
	at org.springframework.kafka.listener.KafkaMessageListenerContainer$ListenerConsumer.lambda$doInvokeRecordListener$53(KafkaMessageListenerContainer.java:2714)
	at io.micrometer.observation.Observation.observe(Observation.java:565)
	at org.springframework.kafka.listener.KafkaMessageListenerContainer$ListenerConsumer.doInvokeRecordListener(KafkaMessageListenerContainer.java:2700)
	at org.springframework.kafka.listener.KafkaMessageListenerContainer$ListenerConsumer.doInvokeWithRecords(KafkaMessageListenerContainer.java:2542)
	at org.springframework.kafka.listener.KafkaMessageListenerContainer$ListenerConsumer.invokeRecordListener(KafkaMessageListenerContainer.java:2431)
	at org.springframework.kafka.listener.KafkaMessageListenerContainer$ListenerConsumer.invokeListener(KafkaMessageListenerContainer.java:2086)
	at org.springframework.kafka.listener.KafkaMessageListenerContainer$ListenerConsumer.invokeIfHaveRecords(KafkaMessageListenerContainer.java:1462)
	at org.springframework.kafka.listener.KafkaMessageListenerContainer$ListenerConsumer.pollAndInvoke(KafkaMessageListenerContainer.java:1427)
	at org.springframework.kafka.listener.KafkaMessageListenerContainer$ListenerConsumer.run(KafkaMessageListenerContainer.java:1297)
	at java.base/java.util.concurrent.CompletableFuture$AsyncRun.run(CompletableFuture.java:1848)
	at java.base/java.lang.Thread.run(Thread.java:1575)
Caused by: org.springframework.kafka.listener.ListenerExecutionFailedException: Listener method 'public void com.test.testboot.kafkaservice.ConsumerService.studentbyidconsumeMessage(java.lang.String)' threw exception
	at org.springframework.kafka.listener.KafkaMessageListenerContainer$ListenerConsumer.decorateException(KafkaMessageListenerContainer.java:2870)
	at org.springframework.kafka.listener.KafkaMessageListenerContainer$ListenerConsumer.doInvokeOnMessage(KafkaMessageListenerContainer.java:2815)
	at org.springframework.kafka.listener.KafkaMessageListenerContainer$ListenerConsumer.invokeOnMessage(KafkaMessageListenerContainer.java:2779)
	at org.springframework.kafka.listener.KafkaMessageListenerContainer$ListenerConsumer.lambda$doInvokeRecordListener$53(KafkaMessageListenerContainer.java:2702)
	... 10 common frames omitted
	Suppressed: org.springframework.kafka.listener.ListenerExecutionFailedException: Restored Stack Trace
		at org.springframework.kafka.listener.adapter.MessagingMessageListenerAdapter.invokeHandler(MessagingMessageListenerAdapter.java:434)
		at org.springframework.kafka.listener.adapter.MessagingMessageListenerAdapter.invoke(MessagingMessageListenerAdapter.java:383)
		at org.springframework.kafka.listener.adapter.RecordMessagingMessageListenerAdapter.onMessage(RecordMessagingMessageListenerAdapter.java:85)
		at org.springframework.kafka.listener.adapter.RecordMessagingMessageListenerAdapter.onMessage(RecordMessagingMessageListenerAdapter.java:50)
		at org.springframework.kafka.listener.KafkaMessageListenerContainer$ListenerConsumer.doInvokeOnMessage(KafkaMessageListenerContainer.java:2801)
Caused by: java.lang.NumberFormatException: For input string: "{"address":"新疆维吾尔自治区伊犁哈瑟可自治州","sex":"男","name":"埃森江","birth":"2025","id":"910","department":"计算机系"}"
	at java.base/java.lang.NumberFormatException.forInputString(NumberFormatException.java:67)
	at java.base/java.lang.Integer.parseInt(Integer.java:588)
	at java.base/java.lang.Integer.parseInt(Integer.java:685)
	at com.test.testboot.kafkaservice.ConsumerService.studentbyidconsumeMessage(ConsumerService.java:26)
	at java.base/jdk.internal.reflect.DirectMethodHandleAccessor.invoke(DirectMethodHandleAccessor.java:103)
	at java.base/java.lang.reflect.Method.invoke(Method.java:580)
	at org.springframework.messaging.handler.invocation.InvocableHandlerMethod.doInvoke(InvocableHandlerMethod.java:169)
	at org.springframework.kafka.listener.adapter.KotlinAwareInvocableHandlerMethod.doInvoke(KotlinAwareInvocableHandlerMethod.java:45)
	at org.springframework.messaging.handler.invocation.InvocableHandlerMethod.invoke(InvocableHandlerMethod.java:119)
	at org.springframework.kafka.listener.adapter.HandlerAdapter.invoke(HandlerAdapter.java:77)
	at org.springframework.kafka.listener.adapter.MessagingMessageListenerAdapter.invokeHandler(MessagingMessageListenerAdapter.java:419)
	at org.springframework.kafka.listener.adapter.MessagingMessageListenerAdapter.invoke(MessagingMessageListenerAdapter.java:383)
	at org.springframework.kafka.listener.adapter.RecordMessagingMessageListenerAdapter.onMessage(RecordMessagingMessageListenerAdapter.java:85)
	at org.springframework.kafka.listener.adapter.RecordMessagingMessageListenerAdapter.onMessage(RecordMessagingMessageListenerAdapter.java:50)
	at org.springframework.kafka.listener.KafkaMessageListenerContainer$ListenerConsumer.doInvokeOnMessage(KafkaMessageListenerContainer.java:2801)
	... 12 common frames omitted
2025-03-24 17:06:11.829 [org.springframework.kafka.KafkaListenerEndpointContainer#0-0-C-1] INFO  com.test.testboot.kafkaservice.ConsumerService - Received message: {"address":"新疆维吾尔自治区伊犁哈瑟可自治州","sex":"男","name":"埃森江","birth":"2025","id":"910","department":"计算机系"}
2025-03-24 17:06:11.841 [org.springframework.kafka.KafkaListenerEndpointContainer#0-0-C-1] INFO  org.apache.kafka.clients.consumer.internals.LegacyKafkaConsumer - [Consumer clientId=consumer-tomge-consumer-group-1, groupId=tomge-consumer-group] Seeking to offset 23 for partition testtopic-0
2025-03-24 17:06:11.841 [org.springframework.kafka.KafkaListenerEndpointContainer#0-0-C-1] ERROR org.springframework.kafka.listener.KafkaMessageListenerContainer - Error handler threw an exception
org.springframework.kafka.KafkaException: Seek to current after exception
	at org.springframework.kafka.listener.SeekUtils.seekOrRecover(SeekUtils.java:227)
	at org.springframework.kafka.listener.DefaultErrorHandler.handleRemaining(DefaultErrorHandler.java:168)
	at org.springframework.kafka.listener.KafkaMessageListenerContainer$ListenerConsumer.invokeErrorHandler(KafkaMessageListenerContainer.java:2837)
	at org.springframework.kafka.listener.KafkaMessageListenerContainer$ListenerConsumer.lambda$doInvokeRecordListener$53(KafkaMessageListenerContainer.java:2714)
	at io.micrometer.observation.Observation.observe(Observation.java:565)
	at org.springframework.kafka.listener.KafkaMessageListenerContainer$ListenerConsumer.doInvokeRecordListener(KafkaMessageListenerContainer.java:2700)
	at org.springframework.kafka.listener.KafkaMessageListenerContainer$ListenerConsumer.doInvokeWithRecords(KafkaMessageListenerContainer.java:2542)
	at org.springframework.kafka.listener.KafkaMessageListenerContainer$ListenerConsumer.invokeRecordListener(KafkaMessageListenerContainer.java:2431)
	at org.springframework.kafka.listener.KafkaMessageListenerContainer$ListenerConsumer.invokeListener(KafkaMessageListenerContainer.java:2086)
	at org.springframework.kafka.listener.KafkaMessageListenerContainer$ListenerConsumer.invokeIfHaveRecords(KafkaMessageListenerContainer.java:1462)
	at org.springframework.kafka.listener.KafkaMessageListenerContainer$ListenerConsumer.pollAndInvoke(KafkaMessageListenerContainer.java:1427)
	at org.springframework.kafka.listener.KafkaMessageListenerContainer$ListenerConsumer.run(KafkaMessageListenerContainer.java:1297)
	at java.base/java.util.concurrent.CompletableFuture$AsyncRun.run(CompletableFuture.java:1848)
	at java.base/java.lang.Thread.run(Thread.java:1575)
Caused by: org.springframework.kafka.listener.ListenerExecutionFailedException: Listener method 'public void com.test.testboot.kafkaservice.ConsumerService.studentbyidconsumeMessage(java.lang.String)' threw exception
	at org.springframework.kafka.listener.KafkaMessageListenerContainer$ListenerConsumer.decorateException(KafkaMessageListenerContainer.java:2870)
	at org.springframework.kafka.listener.KafkaMessageListenerContainer$ListenerConsumer.doInvokeOnMessage(KafkaMessageListenerContainer.java:2815)
	at org.springframework.kafka.listener.KafkaMessageListenerContainer$ListenerConsumer.invokeOnMessage(KafkaMessageListenerContainer.java:2779)
	at org.springframework.kafka.listener.KafkaMessageListenerContainer$ListenerConsumer.lambda$doInvokeRecordListener$53(KafkaMessageListenerContainer.java:2702)
	... 10 common frames omitted
	Suppressed: org.springframework.kafka.listener.ListenerExecutionFailedException: Restored Stack Trace
		at org.springframework.kafka.listener.adapter.MessagingMessageListenerAdapter.invokeHandler(MessagingMessageListenerAdapter.java:434)
		at org.springframework.kafka.listener.adapter.MessagingMessageListenerAdapter.invoke(MessagingMessageListenerAdapter.java:383)
		at org.springframework.kafka.listener.adapter.RecordMessagingMessageListenerAdapter.onMessage(RecordMessagingMessageListenerAdapter.java:85)
		at org.springframework.kafka.listener.adapter.RecordMessagingMessageListenerAdapter.onMessage(RecordMessagingMessageListenerAdapter.java:50)
		at org.springframework.kafka.listener.KafkaMessageListenerContainer$ListenerConsumer.doInvokeOnMessage(KafkaMessageListenerContainer.java:2801)
Caused by: java.lang.NumberFormatException: For input string: "{"address":"新疆维吾尔自治区伊犁哈瑟可自治州","sex":"男","name":"埃森江","birth":"2025","id":"910","department":"计算机系"}"
	at java.base/java.lang.NumberFormatException.forInputString(NumberFormatException.java:67)
	at java.base/java.lang.Integer.parseInt(Integer.java:588)
	at java.base/java.lang.Integer.parseInt(Integer.java:685)
	at com.test.testboot.kafkaservice.ConsumerService.studentbyidconsumeMessage(ConsumerService.java:26)
	at java.base/jdk.internal.reflect.DirectMethodHandleAccessor.invoke(DirectMethodHandleAccessor.java:103)
	at java.base/java.lang.reflect.Method.invoke(Method.java:580)
	at org.springframework.messaging.handler.invocation.InvocableHandlerMethod.doInvoke(InvocableHandlerMethod.java:169)
	at org.springframework.kafka.listener.adapter.KotlinAwareInvocableHandlerMethod.doInvoke(KotlinAwareInvocableHandlerMethod.java:45)
	at org.springframework.messaging.handler.invocation.InvocableHandlerMethod.invoke(InvocableHandlerMethod.java:119)
	at org.springframework.kafka.listener.adapter.HandlerAdapter.invoke(HandlerAdapter.java:77)
	at org.springframework.kafka.listener.adapter.MessagingMessageListenerAdapter.invokeHandler(MessagingMessageListenerAdapter.java:419)
	at org.springframework.kafka.listener.adapter.MessagingMessageListenerAdapter.invoke(MessagingMessageListenerAdapter.java:383)
	at org.springframework.kafka.listener.adapter.RecordMessagingMessageListenerAdapter.onMessage(RecordMessagingMessageListenerAdapter.java:85)
	at org.springframework.kafka.listener.adapter.RecordMessagingMessageListenerAdapter.onMessage(RecordMessagingMessageListenerAdapter.java:50)
	at org.springframework.kafka.listener.KafkaMessageListenerContainer$ListenerConsumer.doInvokeOnMessage(KafkaMessageListenerContainer.java:2801)
	... 12 common frames omitted
2025-03-24 17:06:12.338 [org.springframework.kafka.KafkaListenerEndpointContainer#0-0-C-1] INFO  com.test.testboot.kafkaservice.ConsumerService - Received message: {"address":"新疆维吾尔自治区伊犁哈瑟可自治州","sex":"男","name":"埃森江","birth":"2025","id":"910","department":"计算机系"}
2025-03-24 17:06:12.352 [org.springframework.kafka.KafkaListenerEndpointContainer#0-0-C-1] INFO  org.apache.kafka.clients.consumer.internals.LegacyKafkaConsumer - [Consumer clientId=consumer-tomge-consumer-group-1, groupId=tomge-consumer-group] Seeking to offset 23 for partition testtopic-0
2025-03-24 17:06:12.353 [org.springframework.kafka.KafkaListenerEndpointContainer#0-0-C-1] ERROR org.springframework.kafka.listener.KafkaMessageListenerContainer - Error handler threw an exception
org.springframework.kafka.KafkaException: Seek to current after exception
	at org.springframework.kafka.listener.SeekUtils.seekOrRecover(SeekUtils.java:227)
	at org.springframework.kafka.listener.DefaultErrorHandler.handleRemaining(DefaultErrorHandler.java:168)
	at org.springframework.kafka.listener.KafkaMessageListenerContainer$ListenerConsumer.invokeErrorHandler(KafkaMessageListenerContainer.java:2837)
	at org.springframework.kafka.listener.KafkaMessageListenerContainer$ListenerConsumer.lambda$doInvokeRecordListener$53(KafkaMessageListenerContainer.java:2714)
	at io.micrometer.observation.Observation.observe(Observation.java:565)
	at org.springframework.kafka.listener.KafkaMessageListenerContainer$ListenerConsumer.doInvokeRecordListener(KafkaMessageListenerContainer.java:2700)
	at org.springframework.kafka.listener.KafkaMessageListenerContainer$ListenerConsumer.doInvokeWithRecords(KafkaMessageListenerContainer.java:2542)
	at org.springframework.kafka.listener.KafkaMessageListenerContainer$ListenerConsumer.invokeRecordListener(KafkaMessageListenerContainer.java:2431)
	at org.springframework.kafka.listener.KafkaMessageListenerContainer$ListenerConsumer.invokeListener(KafkaMessageListenerContainer.java:2086)
	at org.springframework.kafka.listener.KafkaMessageListenerContainer$ListenerConsumer.invokeIfHaveRecords(KafkaMessageListenerContainer.java:1462)
	at org.springframework.kafka.listener.KafkaMessageListenerContainer$ListenerConsumer.pollAndInvoke(KafkaMessageListenerContainer.java:1427)
	at org.springframework.kafka.listener.KafkaMessageListenerContainer$ListenerConsumer.run(KafkaMessageListenerContainer.java:1297)
	at java.base/java.util.concurrent.CompletableFuture$AsyncRun.run(CompletableFuture.java:1848)
	at java.base/java.lang.Thread.run(Thread.java:1575)
Caused by: org.springframework.kafka.listener.ListenerExecutionFailedException: Listener method 'public void com.test.testboot.kafkaservice.ConsumerService.studentbyidconsumeMessage(java.lang.String)' threw exception
	at org.springframework.kafka.listener.KafkaMessageListenerContainer$ListenerConsumer.decorateException(KafkaMessageListenerContainer.java:2870)
	at org.springframework.kafka.listener.KafkaMessageListenerContainer$ListenerConsumer.doInvokeOnMessage(KafkaMessageListenerContainer.java:2815)
	at org.springframework.kafka.listener.KafkaMessageListenerContainer$ListenerConsumer.invokeOnMessage(KafkaMessageListenerContainer.java:2779)
	at org.springframework.kafka.listener.KafkaMessageListenerContainer$ListenerConsumer.lambda$doInvokeRecordListener$53(KafkaMessageListenerContainer.java:2702)
	... 10 common frames omitted
	Suppressed: org.springframework.kafka.listener.ListenerExecutionFailedException: Restored Stack Trace
		at org.springframework.kafka.listener.adapter.MessagingMessageListenerAdapter.invokeHandler(MessagingMessageListenerAdapter.java:434)
		at org.springframework.kafka.listener.adapter.MessagingMessageListenerAdapter.invoke(MessagingMessageListenerAdapter.java:383)
		at org.springframework.kafka.listener.adapter.RecordMessagingMessageListenerAdapter.onMessage(RecordMessagingMessageListenerAdapter.java:85)
		at org.springframework.kafka.listener.adapter.RecordMessagingMessageListenerAdapter.onMessage(RecordMessagingMessageListenerAdapter.java:50)
		at org.springframework.kafka.listener.KafkaMessageListenerContainer$ListenerConsumer.doInvokeOnMessage(KafkaMessageListenerContainer.java:2801)
Caused by: java.lang.NumberFormatException: For input string: "{"address":"新疆维吾尔自治区伊犁哈瑟可自治州","sex":"男","name":"埃森江","birth":"2025","id":"910","department":"计算机系"}"
	at java.base/java.lang.NumberFormatException.forInputString(NumberFormatException.java:67)
	at java.base/java.lang.Integer.parseInt(Integer.java:588)
	at java.base/java.lang.Integer.parseInt(Integer.java:685)
	at com.test.testboot.kafkaservice.ConsumerService.studentbyidconsumeMessage(ConsumerService.java:26)
	at java.base/jdk.internal.reflect.DirectMethodHandleAccessor.invoke(DirectMethodHandleAccessor.java:103)
	at java.base/java.lang.reflect.Method.invoke(Method.java:580)
	at org.springframework.messaging.handler.invocation.InvocableHandlerMethod.doInvoke(InvocableHandlerMethod.java:169)
	at org.springframework.kafka.listener.adapter.KotlinAwareInvocableHandlerMethod.doInvoke(KotlinAwareInvocableHandlerMethod.java:45)
	at org.springframework.messaging.handler.invocation.InvocableHandlerMethod.invoke(InvocableHandlerMethod.java:119)
	at org.springframework.kafka.listener.adapter.HandlerAdapter.invoke(HandlerAdapter.java:77)
	at org.springframework.kafka.listener.adapter.MessagingMessageListenerAdapter.invokeHandler(MessagingMessageListenerAdapter.java:419)
	at org.springframework.kafka.listener.adapter.MessagingMessageListenerAdapter.invoke(MessagingMessageListenerAdapter.java:383)
	at org.springframework.kafka.listener.adapter.RecordMessagingMessageListenerAdapter.onMessage(RecordMessagingMessageListenerAdapter.java:85)
	at org.springframework.kafka.listener.adapter.RecordMessagingMessageListenerAdapter.onMessage(RecordMessagingMessageListenerAdapter.java:50)
	at org.springframework.kafka.listener.KafkaMessageListenerContainer$ListenerConsumer.doInvokeOnMessage(KafkaMessageListenerContainer.java:2801)
	... 12 common frames omitted
2025-03-24 17:06:12.844 [org.springframework.kafka.KafkaListenerEndpointContainer#0-0-C-1] INFO  com.test.testboot.kafkaservice.ConsumerService - Received message: {"address":"新疆维吾尔自治区伊犁哈瑟可自治州","sex":"男","name":"埃森江","birth":"2025","id":"910","department":"计算机系"}
2025-03-24 17:06:12.857 [org.springframework.kafka.KafkaListenerEndpointContainer#0-0-C-1] INFO  org.apache.kafka.clients.consumer.internals.LegacyKafkaConsumer - [Consumer clientId=consumer-tomge-consumer-group-1, groupId=tomge-consumer-group] Seeking to offset 23 for partition testtopic-0
2025-03-24 17:06:12.857 [org.springframework.kafka.KafkaListenerEndpointContainer#0-0-C-1] ERROR org.springframework.kafka.listener.KafkaMessageListenerContainer - Error handler threw an exception
org.springframework.kafka.KafkaException: Seek to current after exception
	at org.springframework.kafka.listener.SeekUtils.seekOrRecover(SeekUtils.java:227)
	at org.springframework.kafka.listener.DefaultErrorHandler.handleRemaining(DefaultErrorHandler.java:168)
	at org.springframework.kafka.listener.KafkaMessageListenerContainer$ListenerConsumer.invokeErrorHandler(KafkaMessageListenerContainer.java:2837)
	at org.springframework.kafka.listener.KafkaMessageListenerContainer$ListenerConsumer.lambda$doInvokeRecordListener$53(KafkaMessageListenerContainer.java:2714)
	at io.micrometer.observation.Observation.observe(Observation.java:565)
	at org.springframework.kafka.listener.KafkaMessageListenerContainer$ListenerConsumer.doInvokeRecordListener(KafkaMessageListenerContainer.java:2700)
	at org.springframework.kafka.listener.KafkaMessageListenerContainer$ListenerConsumer.doInvokeWithRecords(KafkaMessageListenerContainer.java:2542)
	at org.springframework.kafka.listener.KafkaMessageListenerContainer$ListenerConsumer.invokeRecordListener(KafkaMessageListenerContainer.java:2431)
	at org.springframework.kafka.listener.KafkaMessageListenerContainer$ListenerConsumer.invokeListener(KafkaMessageListenerContainer.java:2086)
	at org.springframework.kafka.listener.KafkaMessageListenerContainer$ListenerConsumer.invokeIfHaveRecords(KafkaMessageListenerContainer.java:1462)
	at org.springframework.kafka.listener.KafkaMessageListenerContainer$ListenerConsumer.pollAndInvoke(KafkaMessageListenerContainer.java:1427)
	at org.springframework.kafka.listener.KafkaMessageListenerContainer$ListenerConsumer.run(KafkaMessageListenerContainer.java:1297)
	at java.base/java.util.concurrent.CompletableFuture$AsyncRun.run(CompletableFuture.java:1848)
	at java.base/java.lang.Thread.run(Thread.java:1575)
Caused by: org.springframework.kafka.listener.ListenerExecutionFailedException: Listener method 'public void com.test.testboot.kafkaservice.ConsumerService.studentbyidconsumeMessage(java.lang.String)' threw exception
	at org.springframework.kafka.listener.KafkaMessageListenerContainer$ListenerConsumer.decorateException(KafkaMessageListenerContainer.java:2870)
	at org.springframework.kafka.listener.KafkaMessageListenerContainer$ListenerConsumer.doInvokeOnMessage(KafkaMessageListenerContainer.java:2815)
	at org.springframework.kafka.listener.KafkaMessageListenerContainer$ListenerConsumer.invokeOnMessage(KafkaMessageListenerContainer.java:2779)
	at org.springframework.kafka.listener.KafkaMessageListenerContainer$ListenerConsumer.lambda$doInvokeRecordListener$53(KafkaMessageListenerContainer.java:2702)
	... 10 common frames omitted
	Suppressed: org.springframework.kafka.listener.ListenerExecutionFailedException: Restored Stack Trace
		at org.springframework.kafka.listener.adapter.MessagingMessageListenerAdapter.invokeHandler(MessagingMessageListenerAdapter.java:434)
		at org.springframework.kafka.listener.adapter.MessagingMessageListenerAdapter.invoke(MessagingMessageListenerAdapter.java:383)
		at org.springframework.kafka.listener.adapter.RecordMessagingMessageListenerAdapter.onMessage(RecordMessagingMessageListenerAdapter.java:85)
		at org.springframework.kafka.listener.adapter.RecordMessagingMessageListenerAdapter.onMessage(RecordMessagingMessageListenerAdapter.java:50)
		at org.springframework.kafka.listener.KafkaMessageListenerContainer$ListenerConsumer.doInvokeOnMessage(KafkaMessageListenerContainer.java:2801)
Caused by: java.lang.NumberFormatException: For input string: "{"address":"新疆维吾尔自治区伊犁哈瑟可自治州","sex":"男","name":"埃森江","birth":"2025","id":"910","department":"计算机系"}"
	at java.base/java.lang.NumberFormatException.forInputString(NumberFormatException.java:67)
	at java.base/java.lang.Integer.parseInt(Integer.java:588)
	at java.base/java.lang.Integer.parseInt(Integer.java:685)
	at com.test.testboot.kafkaservice.ConsumerService.studentbyidconsumeMessage(ConsumerService.java:26)
	at java.base/jdk.internal.reflect.DirectMethodHandleAccessor.invoke(DirectMethodHandleAccessor.java:103)
	at java.base/java.lang.reflect.Method.invoke(Method.java:580)
	at org.springframework.messaging.handler.invocation.InvocableHandlerMethod.doInvoke(InvocableHandlerMethod.java:169)
	at org.springframework.kafka.listener.adapter.KotlinAwareInvocableHandlerMethod.doInvoke(KotlinAwareInvocableHandlerMethod.java:45)
	at org.springframework.messaging.handler.invocation.InvocableHandlerMethod.invoke(InvocableHandlerMethod.java:119)
	at org.springframework.kafka.listener.adapter.HandlerAdapter.invoke(HandlerAdapter.java:77)
	at org.springframework.kafka.listener.adapter.MessagingMessageListenerAdapter.invokeHandler(MessagingMessageListenerAdapter.java:419)
	at org.springframework.kafka.listener.adapter.MessagingMessageListenerAdapter.invoke(MessagingMessageListenerAdapter.java:383)
	at org.springframework.kafka.listener.adapter.RecordMessagingMessageListenerAdapter.onMessage(RecordMessagingMessageListenerAdapter.java:85)
	at org.springframework.kafka.listener.adapter.RecordMessagingMessageListenerAdapter.onMessage(RecordMessagingMessageListenerAdapter.java:50)
	at org.springframework.kafka.listener.KafkaMessageListenerContainer$ListenerConsumer.doInvokeOnMessage(KafkaMessageListenerContainer.java:2801)
	... 12 common frames omitted
2025-03-24 17:06:13.350 [org.springframework.kafka.KafkaListenerEndpointContainer#0-0-C-1] INFO  com.test.testboot.kafkaservice.ConsumerService - Received message: {"address":"新疆维吾尔自治区伊犁哈瑟可自治州","sex":"男","name":"埃森江","birth":"2025","id":"910","department":"计算机系"}
2025-03-24 17:06:13.361 [org.springframework.kafka.KafkaListenerEndpointContainer#0-0-C-1] INFO  org.apache.kafka.clients.consumer.internals.LegacyKafkaConsumer - [Consumer clientId=consumer-tomge-consumer-group-1, groupId=tomge-consumer-group] Seeking to offset 23 for partition testtopic-0
2025-03-24 17:06:13.361 [org.springframework.kafka.KafkaListenerEndpointContainer#0-0-C-1] ERROR org.springframework.kafka.listener.KafkaMessageListenerContainer - Error handler threw an exception
org.springframework.kafka.KafkaException: Seek to current after exception
	at org.springframework.kafka.listener.SeekUtils.seekOrRecover(SeekUtils.java:227)
	at org.springframework.kafka.listener.DefaultErrorHandler.handleRemaining(DefaultErrorHandler.java:168)
	at org.springframework.kafka.listener.KafkaMessageListenerContainer$ListenerConsumer.invokeErrorHandler(KafkaMessageListenerContainer.java:2837)
	at org.springframework.kafka.listener.KafkaMessageListenerContainer$ListenerConsumer.lambda$doInvokeRecordListener$53(KafkaMessageListenerContainer.java:2714)
	at io.micrometer.observation.Observation.observe(Observation.java:565)
	at org.springframework.kafka.listener.KafkaMessageListenerContainer$ListenerConsumer.doInvokeRecordListener(KafkaMessageListenerContainer.java:2700)
	at org.springframework.kafka.listener.KafkaMessageListenerContainer$ListenerConsumer.doInvokeWithRecords(KafkaMessageListenerContainer.java:2542)
	at org.springframework.kafka.listener.KafkaMessageListenerContainer$ListenerConsumer.invokeRecordListener(KafkaMessageListenerContainer.java:2431)
	at org.springframework.kafka.listener.KafkaMessageListenerContainer$ListenerConsumer.invokeListener(KafkaMessageListenerContainer.java:2086)
	at org.springframework.kafka.listener.KafkaMessageListenerContainer$ListenerConsumer.invokeIfHaveRecords(KafkaMessageListenerContainer.java:1462)
	at org.springframework.kafka.listener.KafkaMessageListenerContainer$ListenerConsumer.pollAndInvoke(KafkaMessageListenerContainer.java:1427)
	at org.springframework.kafka.listener.KafkaMessageListenerContainer$ListenerConsumer.run(KafkaMessageListenerContainer.java:1297)
	at java.base/java.util.concurrent.CompletableFuture$AsyncRun.run(CompletableFuture.java:1848)
	at java.base/java.lang.Thread.run(Thread.java:1575)
Caused by: org.springframework.kafka.listener.ListenerExecutionFailedException: Listener method 'public void com.test.testboot.kafkaservice.ConsumerService.studentbyidconsumeMessage(java.lang.String)' threw exception
	at org.springframework.kafka.listener.KafkaMessageListenerContainer$ListenerConsumer.decorateException(KafkaMessageListenerContainer.java:2870)
	at org.springframework.kafka.listener.KafkaMessageListenerContainer$ListenerConsumer.doInvokeOnMessage(KafkaMessageListenerContainer.java:2815)
	at org.springframework.kafka.listener.KafkaMessageListenerContainer$ListenerConsumer.invokeOnMessage(KafkaMessageListenerContainer.java:2779)
	at org.springframework.kafka.listener.KafkaMessageListenerContainer$ListenerConsumer.lambda$doInvokeRecordListener$53(KafkaMessageListenerContainer.java:2702)
	... 10 common frames omitted
	Suppressed: org.springframework.kafka.listener.ListenerExecutionFailedException: Restored Stack Trace
		at org.springframework.kafka.listener.adapter.MessagingMessageListenerAdapter.invokeHandler(MessagingMessageListenerAdapter.java:434)
		at org.springframework.kafka.listener.adapter.MessagingMessageListenerAdapter.invoke(MessagingMessageListenerAdapter.java:383)
		at org.springframework.kafka.listener.adapter.RecordMessagingMessageListenerAdapter.onMessage(RecordMessagingMessageListenerAdapter.java:85)
		at org.springframework.kafka.listener.adapter.RecordMessagingMessageListenerAdapter.onMessage(RecordMessagingMessageListenerAdapter.java:50)
		at org.springframework.kafka.listener.KafkaMessageListenerContainer$ListenerConsumer.doInvokeOnMessage(KafkaMessageListenerContainer.java:2801)
Caused by: java.lang.NumberFormatException: For input string: "{"address":"新疆维吾尔自治区伊犁哈瑟可自治州","sex":"男","name":"埃森江","birth":"2025","id":"910","department":"计算机系"}"
	at java.base/java.lang.NumberFormatException.forInputString(NumberFormatException.java:67)
	at java.base/java.lang.Integer.parseInt(Integer.java:588)
	at java.base/java.lang.Integer.parseInt(Integer.java:685)
	at com.test.testboot.kafkaservice.ConsumerService.studentbyidconsumeMessage(ConsumerService.java:26)
	at java.base/jdk.internal.reflect.DirectMethodHandleAccessor.invoke(DirectMethodHandleAccessor.java:103)
	at java.base/java.lang.reflect.Method.invoke(Method.java:580)
	at org.springframework.messaging.handler.invocation.InvocableHandlerMethod.doInvoke(InvocableHandlerMethod.java:169)
	at org.springframework.kafka.listener.adapter.KotlinAwareInvocableHandlerMethod.doInvoke(KotlinAwareInvocableHandlerMethod.java:45)
	at org.springframework.messaging.handler.invocation.InvocableHandlerMethod.invoke(InvocableHandlerMethod.java:119)
	at org.springframework.kafka.listener.adapter.HandlerAdapter.invoke(HandlerAdapter.java:77)
	at org.springframework.kafka.listener.adapter.MessagingMessageListenerAdapter.invokeHandler(MessagingMessageListenerAdapter.java:419)
	at org.springframework.kafka.listener.adapter.MessagingMessageListenerAdapter.invoke(MessagingMessageListenerAdapter.java:383)
	at org.springframework.kafka.listener.adapter.RecordMessagingMessageListenerAdapter.onMessage(RecordMessagingMessageListenerAdapter.java:85)
	at org.springframework.kafka.listener.adapter.RecordMessagingMessageListenerAdapter.onMessage(RecordMessagingMessageListenerAdapter.java:50)
	at org.springframework.kafka.listener.KafkaMessageListenerContainer$ListenerConsumer.doInvokeOnMessage(KafkaMessageListenerContainer.java:2801)
	... 12 common frames omitted
2025-03-24 17:06:13.857 [org.springframework.kafka.KafkaListenerEndpointContainer#0-0-C-1] INFO  com.test.testboot.kafkaservice.ConsumerService - Received message: {"address":"新疆维吾尔自治区伊犁哈瑟可自治州","sex":"男","name":"埃森江","birth":"2025","id":"910","department":"计算机系"}
2025-03-24 17:06:13.871 [org.springframework.kafka.KafkaListenerEndpointContainer#0-0-C-1] INFO  org.apache.kafka.clients.consumer.internals.LegacyKafkaConsumer - [Consumer clientId=consumer-tomge-consumer-group-1, groupId=tomge-consumer-group] Seeking to offset 23 for partition testtopic-0
2025-03-24 17:06:13.871 [org.springframework.kafka.KafkaListenerEndpointContainer#0-0-C-1] ERROR org.springframework.kafka.listener.KafkaMessageListenerContainer - Error handler threw an exception
org.springframework.kafka.KafkaException: Seek to current after exception
	at org.springframework.kafka.listener.SeekUtils.seekOrRecover(SeekUtils.java:227)
	at org.springframework.kafka.listener.DefaultErrorHandler.handleRemaining(DefaultErrorHandler.java:168)
	at org.springframework.kafka.listener.KafkaMessageListenerContainer$ListenerConsumer.invokeErrorHandler(KafkaMessageListenerContainer.java:2837)
	at org.springframework.kafka.listener.KafkaMessageListenerContainer$ListenerConsumer.lambda$doInvokeRecordListener$53(KafkaMessageListenerContainer.java:2714)
	at io.micrometer.observation.Observation.observe(Observation.java:565)
	at org.springframework.kafka.listener.KafkaMessageListenerContainer$ListenerConsumer.doInvokeRecordListener(KafkaMessageListenerContainer.java:2700)
	at org.springframework.kafka.listener.KafkaMessageListenerContainer$ListenerConsumer.doInvokeWithRecords(KafkaMessageListenerContainer.java:2542)
	at org.springframework.kafka.listener.KafkaMessageListenerContainer$ListenerConsumer.invokeRecordListener(KafkaMessageListenerContainer.java:2431)
	at org.springframework.kafka.listener.KafkaMessageListenerContainer$ListenerConsumer.invokeListener(KafkaMessageListenerContainer.java:2086)
	at org.springframework.kafka.listener.KafkaMessageListenerContainer$ListenerConsumer.invokeIfHaveRecords(KafkaMessageListenerContainer.java:1462)
	at org.springframework.kafka.listener.KafkaMessageListenerContainer$ListenerConsumer.pollAndInvoke(KafkaMessageListenerContainer.java:1427)
	at org.springframework.kafka.listener.KafkaMessageListenerContainer$ListenerConsumer.run(KafkaMessageListenerContainer.java:1297)
	at java.base/java.util.concurrent.CompletableFuture$AsyncRun.run(CompletableFuture.java:1848)
	at java.base/java.lang.Thread.run(Thread.java:1575)
Caused by: org.springframework.kafka.listener.ListenerExecutionFailedException: Listener method 'public void com.test.testboot.kafkaservice.ConsumerService.studentbyidconsumeMessage(java.lang.String)' threw exception
	at org.springframework.kafka.listener.KafkaMessageListenerContainer$ListenerConsumer.decorateException(KafkaMessageListenerContainer.java:2870)
	at org.springframework.kafka.listener.KafkaMessageListenerContainer$ListenerConsumer.doInvokeOnMessage(KafkaMessageListenerContainer.java:2815)
	at org.springframework.kafka.listener.KafkaMessageListenerContainer$ListenerConsumer.invokeOnMessage(KafkaMessageListenerContainer.java:2779)
	at org.springframework.kafka.listener.KafkaMessageListenerContainer$ListenerConsumer.lambda$doInvokeRecordListener$53(KafkaMessageListenerContainer.java:2702)
	... 10 common frames omitted
	Suppressed: org.springframework.kafka.listener.ListenerExecutionFailedException: Restored Stack Trace
		at org.springframework.kafka.listener.adapter.MessagingMessageListenerAdapter.invokeHandler(MessagingMessageListenerAdapter.java:434)
		at org.springframework.kafka.listener.adapter.MessagingMessageListenerAdapter.invoke(MessagingMessageListenerAdapter.java:383)
		at org.springframework.kafka.listener.adapter.RecordMessagingMessageListenerAdapter.onMessage(RecordMessagingMessageListenerAdapter.java:85)
		at org.springframework.kafka.listener.adapter.RecordMessagingMessageListenerAdapter.onMessage(RecordMessagingMessageListenerAdapter.java:50)
		at org.springframework.kafka.listener.KafkaMessageListenerContainer$ListenerConsumer.doInvokeOnMessage(KafkaMessageListenerContainer.java:2801)
Caused by: java.lang.NumberFormatException: For input string: "{"address":"新疆维吾尔自治区伊犁哈瑟可自治州","sex":"男","name":"埃森江","birth":"2025","id":"910","department":"计算机系"}"
	at java.base/java.lang.NumberFormatException.forInputString(NumberFormatException.java:67)
	at java.base/java.lang.Integer.parseInt(Integer.java:588)
	at java.base/java.lang.Integer.parseInt(Integer.java:685)
	at com.test.testboot.kafkaservice.ConsumerService.studentbyidconsumeMessage(ConsumerService.java:26)
	at java.base/jdk.internal.reflect.DirectMethodHandleAccessor.invoke(DirectMethodHandleAccessor.java:103)
	at java.base/java.lang.reflect.Method.invoke(Method.java:580)
	at org.springframework.messaging.handler.invocation.InvocableHandlerMethod.doInvoke(InvocableHandlerMethod.java:169)
	at org.springframework.kafka.listener.adapter.KotlinAwareInvocableHandlerMethod.doInvoke(KotlinAwareInvocableHandlerMethod.java:45)
	at org.springframework.messaging.handler.invocation.InvocableHandlerMethod.invoke(InvocableHandlerMethod.java:119)
	at org.springframework.kafka.listener.adapter.HandlerAdapter.invoke(HandlerAdapter.java:77)
	at org.springframework.kafka.listener.adapter.MessagingMessageListenerAdapter.invokeHandler(MessagingMessageListenerAdapter.java:419)
	at org.springframework.kafka.listener.adapter.MessagingMessageListenerAdapter.invoke(MessagingMessageListenerAdapter.java:383)
	at org.springframework.kafka.listener.adapter.RecordMessagingMessageListenerAdapter.onMessage(RecordMessagingMessageListenerAdapter.java:85)
	at org.springframework.kafka.listener.adapter.RecordMessagingMessageListenerAdapter.onMessage(RecordMessagingMessageListenerAdapter.java:50)
	at org.springframework.kafka.listener.KafkaMessageListenerContainer$ListenerConsumer.doInvokeOnMessage(KafkaMessageListenerContainer.java:2801)
	... 12 common frames omitted
2025-03-24 17:06:14.366 [org.springframework.kafka.KafkaListenerEndpointContainer#0-0-C-1] INFO  com.test.testboot.kafkaservice.ConsumerService - Received message: {"address":"新疆维吾尔自治区伊犁哈瑟可自治州","sex":"男","name":"埃森江","birth":"2025","id":"910","department":"计算机系"}
2025-03-24 17:06:14.378 [org.springframework.kafka.KafkaListenerEndpointContainer#0-0-C-1] INFO  org.apache.kafka.clients.consumer.internals.LegacyKafkaConsumer - [Consumer clientId=consumer-tomge-consumer-group-1, groupId=tomge-consumer-group] Seeking to offset 23 for partition testtopic-0
2025-03-24 17:06:14.378 [org.springframework.kafka.KafkaListenerEndpointContainer#0-0-C-1] ERROR org.springframework.kafka.listener.KafkaMessageListenerContainer - Error handler threw an exception
org.springframework.kafka.KafkaException: Seek to current after exception
	at org.springframework.kafka.listener.SeekUtils.seekOrRecover(SeekUtils.java:227)
	at org.springframework.kafka.listener.DefaultErrorHandler.handleRemaining(DefaultErrorHandler.java:168)
	at org.springframework.kafka.listener.KafkaMessageListenerContainer$ListenerConsumer.invokeErrorHandler(KafkaMessageListenerContainer.java:2837)
	at org.springframework.kafka.listener.KafkaMessageListenerContainer$ListenerConsumer.lambda$doInvokeRecordListener$53(KafkaMessageListenerContainer.java:2714)
	at io.micrometer.observation.Observation.observe(Observation.java:565)
	at org.springframework.kafka.listener.KafkaMessageListenerContainer$ListenerConsumer.doInvokeRecordListener(KafkaMessageListenerContainer.java:2700)
	at org.springframework.kafka.listener.KafkaMessageListenerContainer$ListenerConsumer.doInvokeWithRecords(KafkaMessageListenerContainer.java:2542)
	at org.springframework.kafka.listener.KafkaMessageListenerContainer$ListenerConsumer.invokeRecordListener(KafkaMessageListenerContainer.java:2431)
	at org.springframework.kafka.listener.KafkaMessageListenerContainer$ListenerConsumer.invokeListener(KafkaMessageListenerContainer.java:2086)
	at org.springframework.kafka.listener.KafkaMessageListenerContainer$ListenerConsumer.invokeIfHaveRecords(KafkaMessageListenerContainer.java:1462)
	at org.springframework.kafka.listener.KafkaMessageListenerContainer$ListenerConsumer.pollAndInvoke(KafkaMessageListenerContainer.java:1427)
	at org.springframework.kafka.listener.KafkaMessageListenerContainer$ListenerConsumer.run(KafkaMessageListenerContainer.java:1297)
	at java.base/java.util.concurrent.CompletableFuture$AsyncRun.run(CompletableFuture.java:1848)
	at java.base/java.lang.Thread.run(Thread.java:1575)
Caused by: org.springframework.kafka.listener.ListenerExecutionFailedException: Listener method 'public void com.test.testboot.kafkaservice.ConsumerService.studentbyidconsumeMessage(java.lang.String)' threw exception
	at org.springframework.kafka.listener.KafkaMessageListenerContainer$ListenerConsumer.decorateException(KafkaMessageListenerContainer.java:2870)
	at org.springframework.kafka.listener.KafkaMessageListenerContainer$ListenerConsumer.doInvokeOnMessage(KafkaMessageListenerContainer.java:2815)
	at org.springframework.kafka.listener.KafkaMessageListenerContainer$ListenerConsumer.invokeOnMessage(KafkaMessageListenerContainer.java:2779)
	at org.springframework.kafka.listener.KafkaMessageListenerContainer$ListenerConsumer.lambda$doInvokeRecordListener$53(KafkaMessageListenerContainer.java:2702)
	... 10 common frames omitted
	Suppressed: org.springframework.kafka.listener.ListenerExecutionFailedException: Restored Stack Trace
		at org.springframework.kafka.listener.adapter.MessagingMessageListenerAdapter.invokeHandler(MessagingMessageListenerAdapter.java:434)
		at org.springframework.kafka.listener.adapter.MessagingMessageListenerAdapter.invoke(MessagingMessageListenerAdapter.java:383)
		at org.springframework.kafka.listener.adapter.RecordMessagingMessageListenerAdapter.onMessage(RecordMessagingMessageListenerAdapter.java:85)
		at org.springframework.kafka.listener.adapter.RecordMessagingMessageListenerAdapter.onMessage(RecordMessagingMessageListenerAdapter.java:50)
		at org.springframework.kafka.listener.KafkaMessageListenerContainer$ListenerConsumer.doInvokeOnMessage(KafkaMessageListenerContainer.java:2801)
Caused by: java.lang.NumberFormatException: For input string: "{"address":"新疆维吾尔自治区伊犁哈瑟可自治州","sex":"男","name":"埃森江","birth":"2025","id":"910","department":"计算机系"}"
	at java.base/java.lang.NumberFormatException.forInputString(NumberFormatException.java:67)
	at java.base/java.lang.Integer.parseInt(Integer.java:588)
	at java.base/java.lang.Integer.parseInt(Integer.java:685)
	at com.test.testboot.kafkaservice.ConsumerService.studentbyidconsumeMessage(ConsumerService.java:26)
	at java.base/jdk.internal.reflect.DirectMethodHandleAccessor.invoke(DirectMethodHandleAccessor.java:103)
	at java.base/java.lang.reflect.Method.invoke(Method.java:580)
	at org.springframework.messaging.handler.invocation.InvocableHandlerMethod.doInvoke(InvocableHandlerMethod.java:169)
	at org.springframework.kafka.listener.adapter.KotlinAwareInvocableHandlerMethod.doInvoke(KotlinAwareInvocableHandlerMethod.java:45)
	at org.springframework.messaging.handler.invocation.InvocableHandlerMethod.invoke(InvocableHandlerMethod.java:119)
	at org.springframework.kafka.listener.adapter.HandlerAdapter.invoke(HandlerAdapter.java:77)
	at org.springframework.kafka.listener.adapter.MessagingMessageListenerAdapter.invokeHandler(MessagingMessageListenerAdapter.java:419)
	at org.springframework.kafka.listener.adapter.MessagingMessageListenerAdapter.invoke(MessagingMessageListenerAdapter.java:383)
	at org.springframework.kafka.listener.adapter.RecordMessagingMessageListenerAdapter.onMessage(RecordMessagingMessageListenerAdapter.java:85)
	at org.springframework.kafka.listener.adapter.RecordMessagingMessageListenerAdapter.onMessage(RecordMessagingMessageListenerAdapter.java:50)
	at org.springframework.kafka.listener.KafkaMessageListenerContainer$ListenerConsumer.doInvokeOnMessage(KafkaMessageListenerContainer.java:2801)
	... 12 common frames omitted
2025-03-24 17:06:14.871 [org.springframework.kafka.KafkaListenerEndpointContainer#0-0-C-1] INFO  com.test.testboot.kafkaservice.ConsumerService - Received message: {"address":"新疆维吾尔自治区伊犁哈瑟可自治州","sex":"男","name":"埃森江","birth":"2025","id":"910","department":"计算机系"}
2025-03-24 17:06:14.882 [org.springframework.kafka.KafkaListenerEndpointContainer#0-0-C-1] INFO  org.apache.kafka.clients.consumer.internals.LegacyKafkaConsumer - [Consumer clientId=consumer-tomge-consumer-group-1, groupId=tomge-consumer-group] Seeking to offset 23 for partition testtopic-0
2025-03-24 17:06:14.882 [org.springframework.kafka.KafkaListenerEndpointContainer#0-0-C-1] ERROR org.springframework.kafka.listener.KafkaMessageListenerContainer - Error handler threw an exception
org.springframework.kafka.KafkaException: Seek to current after exception
	at org.springframework.kafka.listener.SeekUtils.seekOrRecover(SeekUtils.java:227)
	at org.springframework.kafka.listener.DefaultErrorHandler.handleRemaining(DefaultErrorHandler.java:168)
	at org.springframework.kafka.listener.KafkaMessageListenerContainer$ListenerConsumer.invokeErrorHandler(KafkaMessageListenerContainer.java:2837)
	at org.springframework.kafka.listener.KafkaMessageListenerContainer$ListenerConsumer.lambda$doInvokeRecordListener$53(KafkaMessageListenerContainer.java:2714)
	at io.micrometer.observation.Observation.observe(Observation.java:565)
	at org.springframework.kafka.listener.KafkaMessageListenerContainer$ListenerConsumer.doInvokeRecordListener(KafkaMessageListenerContainer.java:2700)
	at org.springframework.kafka.listener.KafkaMessageListenerContainer$ListenerConsumer.doInvokeWithRecords(KafkaMessageListenerContainer.java:2542)
	at org.springframework.kafka.listener.KafkaMessageListenerContainer$ListenerConsumer.invokeRecordListener(KafkaMessageListenerContainer.java:2431)
	at org.springframework.kafka.listener.KafkaMessageListenerContainer$ListenerConsumer.invokeListener(KafkaMessageListenerContainer.java:2086)
	at org.springframework.kafka.listener.KafkaMessageListenerContainer$ListenerConsumer.invokeIfHaveRecords(KafkaMessageListenerContainer.java:1462)
	at org.springframework.kafka.listener.KafkaMessageListenerContainer$ListenerConsumer.pollAndInvoke(KafkaMessageListenerContainer.java:1427)
	at org.springframework.kafka.listener.KafkaMessageListenerContainer$ListenerConsumer.run(KafkaMessageListenerContainer.java:1297)
	at java.base/java.util.concurrent.CompletableFuture$AsyncRun.run(CompletableFuture.java:1848)
	at java.base/java.lang.Thread.run(Thread.java:1575)
Caused by: org.springframework.kafka.listener.ListenerExecutionFailedException: Listener method 'public void com.test.testboot.kafkaservice.ConsumerService.studentbyidconsumeMessage(java.lang.String)' threw exception
	at org.springframework.kafka.listener.KafkaMessageListenerContainer$ListenerConsumer.decorateException(KafkaMessageListenerContainer.java:2870)
	at org.springframework.kafka.listener.KafkaMessageListenerContainer$ListenerConsumer.doInvokeOnMessage(KafkaMessageListenerContainer.java:2815)
	at org.springframework.kafka.listener.KafkaMessageListenerContainer$ListenerConsumer.invokeOnMessage(KafkaMessageListenerContainer.java:2779)
	at org.springframework.kafka.listener.KafkaMessageListenerContainer$ListenerConsumer.lambda$doInvokeRecordListener$53(KafkaMessageListenerContainer.java:2702)
	... 10 common frames omitted
	Suppressed: org.springframework.kafka.listener.ListenerExecutionFailedException: Restored Stack Trace
		at org.springframework.kafka.listener.adapter.MessagingMessageListenerAdapter.invokeHandler(MessagingMessageListenerAdapter.java:434)
		at org.springframework.kafka.listener.adapter.MessagingMessageListenerAdapter.invoke(MessagingMessageListenerAdapter.java:383)
		at org.springframework.kafka.listener.adapter.RecordMessagingMessageListenerAdapter.onMessage(RecordMessagingMessageListenerAdapter.java:85)
		at org.springframework.kafka.listener.adapter.RecordMessagingMessageListenerAdapter.onMessage(RecordMessagingMessageListenerAdapter.java:50)
		at org.springframework.kafka.listener.KafkaMessageListenerContainer$ListenerConsumer.doInvokeOnMessage(KafkaMessageListenerContainer.java:2801)
Caused by: java.lang.NumberFormatException: For input string: "{"address":"新疆维吾尔自治区伊犁哈瑟可自治州","sex":"男","name":"埃森江","birth":"2025","id":"910","department":"计算机系"}"
	at java.base/java.lang.NumberFormatException.forInputString(NumberFormatException.java:67)
	at java.base/java.lang.Integer.parseInt(Integer.java:588)
	at java.base/java.lang.Integer.parseInt(Integer.java:685)
	at com.test.testboot.kafkaservice.ConsumerService.studentbyidconsumeMessage(ConsumerService.java:26)
	at java.base/jdk.internal.reflect.DirectMethodHandleAccessor.invoke(DirectMethodHandleAccessor.java:103)
	at java.base/java.lang.reflect.Method.invoke(Method.java:580)
	at org.springframework.messaging.handler.invocation.InvocableHandlerMethod.doInvoke(InvocableHandlerMethod.java:169)
	at org.springframework.kafka.listener.adapter.KotlinAwareInvocableHandlerMethod.doInvoke(KotlinAwareInvocableHandlerMethod.java:45)
	at org.springframework.messaging.handler.invocation.InvocableHandlerMethod.invoke(InvocableHandlerMethod.java:119)
	at org.springframework.kafka.listener.adapter.HandlerAdapter.invoke(HandlerAdapter.java:77)
	at org.springframework.kafka.listener.adapter.MessagingMessageListenerAdapter.invokeHandler(MessagingMessageListenerAdapter.java:419)
	at org.springframework.kafka.listener.adapter.MessagingMessageListenerAdapter.invoke(MessagingMessageListenerAdapter.java:383)
	at org.springframework.kafka.listener.adapter.RecordMessagingMessageListenerAdapter.onMessage(RecordMessagingMessageListenerAdapter.java:85)
	at org.springframework.kafka.listener.adapter.RecordMessagingMessageListenerAdapter.onMessage(RecordMessagingMessageListenerAdapter.java:50)
	at org.springframework.kafka.listener.KafkaMessageListenerContainer$ListenerConsumer.doInvokeOnMessage(KafkaMessageListenerContainer.java:2801)
	... 12 common frames omitted
2025-03-24 17:06:15.378 [org.springframework.kafka.KafkaListenerEndpointContainer#0-0-C-1] INFO  com.test.testboot.kafkaservice.ConsumerService - Received message: {"address":"新疆维吾尔自治区伊犁哈瑟可自治州","sex":"男","name":"埃森江","birth":"2025","id":"910","department":"计算机系"}
2025-03-24 17:06:15.385 [org.springframework.kafka.KafkaListenerEndpointContainer#0-0-C-1] ERROR org.springframework.kafka.listener.DefaultErrorHandler - Backoff FixedBackOff{interval=0, currentAttempts=10, maxAttempts=9} exhausted for testtopic-0@23
org.springframework.kafka.listener.ListenerExecutionFailedException: Listener method 'public void com.test.testboot.kafkaservice.ConsumerService.studentbyidconsumeMessage(java.lang.String)' threw exception
	at org.springframework.kafka.listener.KafkaMessageListenerContainer$ListenerConsumer.decorateException(KafkaMessageListenerContainer.java:2870)
	at org.springframework.kafka.listener.KafkaMessageListenerContainer$ListenerConsumer.doInvokeOnMessage(KafkaMessageListenerContainer.java:2815)
	at org.springframework.kafka.listener.KafkaMessageListenerContainer$ListenerConsumer.invokeOnMessage(KafkaMessageListenerContainer.java:2779)
	at org.springframework.kafka.listener.KafkaMessageListenerContainer$ListenerConsumer.lambda$doInvokeRecordListener$53(KafkaMessageListenerContainer.java:2702)
	at io.micrometer.observation.Observation.observe(Observation.java:565)
	at org.springframework.kafka.listener.KafkaMessageListenerContainer$ListenerConsumer.doInvokeRecordListener(KafkaMessageListenerContainer.java:2700)
	at org.springframework.kafka.listener.KafkaMessageListenerContainer$ListenerConsumer.doInvokeWithRecords(KafkaMessageListenerContainer.java:2542)
	at org.springframework.kafka.listener.KafkaMessageListenerContainer$ListenerConsumer.invokeRecordListener(KafkaMessageListenerContainer.java:2431)
	at org.springframework.kafka.listener.KafkaMessageListenerContainer$ListenerConsumer.invokeListener(KafkaMessageListenerContainer.java:2086)
	at org.springframework.kafka.listener.KafkaMessageListenerContainer$ListenerConsumer.invokeIfHaveRecords(KafkaMessageListenerContainer.java:1462)
	at org.springframework.kafka.listener.KafkaMessageListenerContainer$ListenerConsumer.pollAndInvoke(KafkaMessageListenerContainer.java:1427)
	at org.springframework.kafka.listener.KafkaMessageListenerContainer$ListenerConsumer.run(KafkaMessageListenerContainer.java:1297)
	at java.base/java.util.concurrent.CompletableFuture$AsyncRun.run(CompletableFuture.java:1848)
	at java.base/java.lang.Thread.run(Thread.java:1575)
	Suppressed: org.springframework.kafka.listener.ListenerExecutionFailedException: Restored Stack Trace
		at org.springframework.kafka.listener.adapter.MessagingMessageListenerAdapter.invokeHandler(MessagingMessageListenerAdapter.java:434)
		at org.springframework.kafka.listener.adapter.MessagingMessageListenerAdapter.invoke(MessagingMessageListenerAdapter.java:383)
		at org.springframework.kafka.listener.adapter.RecordMessagingMessageListenerAdapter.onMessage(RecordMessagingMessageListenerAdapter.java:85)
		at org.springframework.kafka.listener.adapter.RecordMessagingMessageListenerAdapter.onMessage(RecordMessagingMessageListenerAdapter.java:50)
		at org.springframework.kafka.listener.KafkaMessageListenerContainer$ListenerConsumer.doInvokeOnMessage(KafkaMessageListenerContainer.java:2801)
Caused by: java.lang.NumberFormatException: For input string: "{"address":"新疆维吾尔自治区伊犁哈瑟可自治州","sex":"男","name":"埃森江","birth":"2025","id":"910","department":"计算机系"}"
	at java.base/java.lang.NumberFormatException.forInputString(NumberFormatException.java:67)
	at java.base/java.lang.Integer.parseInt(Integer.java:588)
	at java.base/java.lang.Integer.parseInt(Integer.java:685)
	at com.test.testboot.kafkaservice.ConsumerService.studentbyidconsumeMessage(ConsumerService.java:26)
	at java.base/jdk.internal.reflect.DirectMethodHandleAccessor.invoke(DirectMethodHandleAccessor.java:103)
	at java.base/java.lang.reflect.Method.invoke(Method.java:580)
	at org.springframework.messaging.handler.invocation.InvocableHandlerMethod.doInvoke(InvocableHandlerMethod.java:169)
	at org.springframework.kafka.listener.adapter.KotlinAwareInvocableHandlerMethod.doInvoke(KotlinAwareInvocableHandlerMethod.java:45)
	at org.springframework.messaging.handler.invocation.InvocableHandlerMethod.invoke(InvocableHandlerMethod.java:119)
	at org.springframework.kafka.listener.adapter.HandlerAdapter.invoke(HandlerAdapter.java:77)
	at org.springframework.kafka.listener.adapter.MessagingMessageListenerAdapter.invokeHandler(MessagingMessageListenerAdapter.java:419)
	at org.springframework.kafka.listener.adapter.MessagingMessageListenerAdapter.invoke(MessagingMessageListenerAdapter.java:383)
	at org.springframework.kafka.listener.adapter.RecordMessagingMessageListenerAdapter.onMessage(RecordMessagingMessageListenerAdapter.java:85)
	at org.springframework.kafka.listener.adapter.RecordMessagingMessageListenerAdapter.onMessage(RecordMessagingMessageListenerAdapter.java:50)
	at org.springframework.kafka.listener.KafkaMessageListenerContainer$ListenerConsumer.doInvokeOnMessage(KafkaMessageListenerContainer.java:2801)
	... 12 common frames omitted
2025-03-24 17:15:04.970 [org.springframework.kafka.KafkaListenerEndpointContainer#1-0-C-1] INFO  org.apache.kafka.clients.NetworkClient - [Consumer clientId=consumer-tomge-consumer-group-2, groupId=tomge-consumer-group] Node -1 disconnected.
2025-03-24 17:15:05.135 [org.springframework.kafka.KafkaListenerEndpointContainer#0-0-C-1] INFO  org.apache.kafka.clients.NetworkClient - [Consumer clientId=consumer-tomge-consumer-group-1, groupId=tomge-consumer-group] Node -1 disconnected.
2025-03-24 17:15:10.804 [kafka-producer-network-thread | testspringboot-producer-1] INFO  org.apache.kafka.clients.NetworkClient - [Producer clientId=testspringboot-producer-1] Node -1 disconnected.
2025-03-24 17:25:04.943 [org.springframework.kafka.KafkaListenerEndpointContainer#1-0-C-1] INFO  org.apache.kafka.clients.NetworkClient - [Consumer clientId=consumer-tomge-consumer-group-2, groupId=tomge-consumer-group] Node -1 disconnected.
2025-03-24 17:25:05.074 [org.springframework.kafka.KafkaListenerEndpointContainer#0-0-C-1] INFO  org.apache.kafka.clients.NetworkClient - [Consumer clientId=consumer-tomge-consumer-group-1, groupId=tomge-consumer-group] Node -1 disconnected.
2025-03-24 17:25:10.811 [kafka-producer-network-thread | testspringboot-producer-1] INFO  org.apache.kafka.clients.NetworkClient - [Producer clientId=testspringboot-producer-1] Node -1 disconnected.
2025-03-24 17:37:25.198 [org.springframework.kafka.KafkaListenerEndpointContainer#0-0-C-1] INFO  org.apache.kafka.clients.consumer.internals.ConsumerRebalanceListenerInvoker - [Consumer clientId=consumer-tomge-consumer-group-1, groupId=tomge-consumer-group] Revoke previously assigned partitions testtopic-0
2025-03-24 17:37:25.198 [org.springframework.kafka.KafkaListenerEndpointContainer#1-0-C-1] INFO  org.apache.kafka.clients.consumer.internals.ConsumerCoordinator - [Consumer clientId=consumer-tomge-consumer-group-2, groupId=tomge-consumer-group] Member consumer-tomge-consumer-group-2-a258b0a0-50ae-4bfc-a2d7-5af192606cc3 sending LeaveGroup request to coordinator localhost:9092 (id: 2147483647 rack: null) due to the consumer unsubscribed from all topics
2025-03-24 17:37:25.199 [org.springframework.kafka.KafkaListenerEndpointContainer#0-0-C-1] INFO  org.apache.kafka.clients.consumer.internals.ConsumerCoordinator - [Consumer clientId=consumer-tomge-consumer-group-1, groupId=tomge-consumer-group] Member consumer-tomge-consumer-group-1-155b46dc-3038-4c0b-80a7-7374e2821af5 sending LeaveGroup request to coordinator localhost:9092 (id: 2147483647 rack: null) due to the consumer unsubscribed from all topics
2025-03-24 17:37:25.199 [org.springframework.kafka.KafkaListenerEndpointContainer#1-0-C-1] INFO  org.apache.kafka.clients.consumer.internals.ConsumerCoordinator - [Consumer clientId=consumer-tomge-consumer-group-2, groupId=tomge-consumer-group] Resetting generation and member id due to: consumer pro-actively leaving the group
2025-03-24 17:37:25.199 [org.springframework.kafka.KafkaListenerEndpointContainer#0-0-C-1] INFO  org.apache.kafka.clients.consumer.internals.ConsumerCoordinator - [Consumer clientId=consumer-tomge-consumer-group-1, groupId=tomge-consumer-group] Resetting generation and member id due to: consumer pro-actively leaving the group
2025-03-24 17:37:25.200 [org.springframework.kafka.KafkaListenerEndpointContainer#1-0-C-1] INFO  org.apache.kafka.clients.consumer.internals.ConsumerCoordinator - [Consumer clientId=consumer-tomge-consumer-group-2, groupId=tomge-consumer-group] Request joining group due to: consumer pro-actively leaving the group
2025-03-24 17:37:25.200 [org.springframework.kafka.KafkaListenerEndpointContainer#0-0-C-1] INFO  org.apache.kafka.clients.consumer.internals.ConsumerCoordinator - [Consumer clientId=consumer-tomge-consumer-group-1, groupId=tomge-consumer-group] Request joining group due to: consumer pro-actively leaving the group
2025-03-24 17:37:25.200 [org.springframework.kafka.KafkaListenerEndpointContainer#1-0-C-1] INFO  org.apache.kafka.clients.consumer.internals.LegacyKafkaConsumer - [Consumer clientId=consumer-tomge-consumer-group-2, groupId=tomge-consumer-group] Unsubscribed all topics or patterns and assigned partitions
2025-03-24 17:37:25.200 [org.springframework.kafka.KafkaListenerEndpointContainer#0-0-C-1] INFO  org.apache.kafka.clients.consumer.internals.LegacyKafkaConsumer - [Consumer clientId=consumer-tomge-consumer-group-1, groupId=tomge-consumer-group] Unsubscribed all topics or patterns and assigned partitions
2025-03-24 17:37:25.201 [org.springframework.kafka.KafkaListenerEndpointContainer#0-0-C-1] INFO  org.apache.kafka.clients.consumer.internals.ConsumerCoordinator - [Consumer clientId=consumer-tomge-consumer-group-1, groupId=tomge-consumer-group] Resetting generation and member id due to: consumer pro-actively leaving the group
2025-03-24 17:37:25.201 [org.springframework.kafka.KafkaListenerEndpointContainer#0-0-C-1] INFO  org.apache.kafka.clients.consumer.internals.ConsumerCoordinator - [Consumer clientId=consumer-tomge-consumer-group-1, groupId=tomge-consumer-group] Request joining group due to: consumer pro-actively leaving the group
2025-03-24 17:37:25.201 [org.springframework.kafka.KafkaListenerEndpointContainer#1-0-C-1] INFO  org.apache.kafka.clients.consumer.internals.ConsumerCoordinator - [Consumer clientId=consumer-tomge-consumer-group-2, groupId=tomge-consumer-group] Resetting generation and member id due to: consumer pro-actively leaving the group
2025-03-24 17:37:25.201 [org.springframework.kafka.KafkaListenerEndpointContainer#1-0-C-1] INFO  org.apache.kafka.clients.consumer.internals.ConsumerCoordinator - [Consumer clientId=consumer-tomge-consumer-group-2, groupId=tomge-consumer-group] Request joining group due to: consumer pro-actively leaving the group
2025-03-24 17:37:25.203 [org.springframework.kafka.KafkaListenerEndpointContainer#1-0-C-1] INFO  org.apache.kafka.common.metrics.Metrics - Metrics scheduler closed
2025-03-24 17:37:25.203 [org.springframework.kafka.KafkaListenerEndpointContainer#1-0-C-1] INFO  org.apache.kafka.common.metrics.Metrics - Closing reporter org.apache.kafka.common.metrics.JmxReporter
2025-03-24 17:37:25.203 [org.springframework.kafka.KafkaListenerEndpointContainer#1-0-C-1] INFO  org.apache.kafka.common.metrics.Metrics - Closing reporter org.apache.kafka.common.telemetry.internals.ClientTelemetryReporter
2025-03-24 17:37:25.203 [org.springframework.kafka.KafkaListenerEndpointContainer#1-0-C-1] INFO  org.apache.kafka.common.metrics.Metrics - Metrics reporters closed
2025-03-24 17:37:25.205 [org.springframework.kafka.KafkaListenerEndpointContainer#1-0-C-1] INFO  org.apache.kafka.common.utils.AppInfoParser - App info kafka.consumer for consumer-tomge-consumer-group-2 unregistered
2025-03-24 17:37:25.620 [org.springframework.kafka.KafkaListenerEndpointContainer#0-0-C-1] INFO  org.apache.kafka.common.metrics.Metrics - Metrics scheduler closed
2025-03-24 17:37:25.620 [org.springframework.kafka.KafkaListenerEndpointContainer#0-0-C-1] INFO  org.apache.kafka.common.metrics.Metrics - Closing reporter org.apache.kafka.common.metrics.JmxReporter
2025-03-24 17:37:25.620 [org.springframework.kafka.KafkaListenerEndpointContainer#0-0-C-1] INFO  org.apache.kafka.common.metrics.Metrics - Closing reporter org.apache.kafka.common.telemetry.internals.ClientTelemetryReporter
2025-03-24 17:37:25.620 [org.springframework.kafka.KafkaListenerEndpointContainer#0-0-C-1] INFO  org.apache.kafka.common.metrics.Metrics - Metrics reporters closed
2025-03-24 17:37:25.621 [org.springframework.kafka.KafkaListenerEndpointContainer#0-0-C-1] INFO  org.apache.kafka.common.utils.AppInfoParser - App info kafka.consumer for consumer-tomge-consumer-group-1 unregistered
2025-03-24 17:37:25.633 [SpringApplicationShutdownHook] INFO  org.apache.kafka.clients.producer.KafkaProducer - [Producer clientId=testspringboot-producer-1] Closing the Kafka producer with timeoutMillis = 30000 ms.
2025-03-24 17:37:25.635 [SpringApplicationShutdownHook] INFO  org.apache.kafka.common.metrics.Metrics - Metrics scheduler closed
2025-03-24 17:37:25.635 [SpringApplicationShutdownHook] INFO  org.apache.kafka.common.metrics.Metrics - Closing reporter org.apache.kafka.common.metrics.JmxReporter
2025-03-24 17:37:25.635 [SpringApplicationShutdownHook] INFO  org.apache.kafka.common.metrics.Metrics - Closing reporter org.apache.kafka.common.telemetry.internals.ClientTelemetryReporter
2025-03-24 17:37:25.635 [SpringApplicationShutdownHook] INFO  org.apache.kafka.common.metrics.Metrics - Metrics reporters closed
2025-03-24 17:37:25.635 [SpringApplicationShutdownHook] INFO  org.apache.kafka.common.utils.AppInfoParser - App info kafka.producer for testspringboot-producer-1 unregistered
2025-03-24 17:37:28.593 [main] INFO  com.test.testboot.TestbootApplication - Starting TestbootApplication using Java 23.0.2 with PID 9778 (/Users/zhaoxin/Documents/GitHub/testboot/target/classes started by zhaoxin in /Users/zhaoxin/Documents/GitHub/testboot)
2025-03-24 17:37:28.595 [main] INFO  com.test.testboot.TestbootApplication - No active profile set, falling back to 1 default profile: "default"
2025-03-24 17:37:29.097 [main] INFO  org.apache.coyote.http11.Http11NioProtocol - Initializing ProtocolHandler ["http-nio-9090"]
2025-03-24 17:37:29.098 [main] INFO  org.apache.catalina.core.StandardService - Starting service [Tomcat]
2025-03-24 17:37:29.098 [main] INFO  org.apache.catalina.core.StandardEngine - Starting Servlet engine: [Apache Tomcat/10.1.36]
2025-03-24 17:37:29.115 [main] INFO  org.apache.catalina.core.ContainerBase.[Tomcat].[localhost].[/] - Initializing Spring embedded WebApplicationContext
2025-03-24 17:37:29.564 [main] INFO  org.apache.coyote.http11.Http11NioProtocol - Starting ProtocolHandler ["http-nio-9090"]
2025-03-24 17:37:29.585 [main] INFO  org.apache.kafka.clients.consumer.ConsumerConfig - ConsumerConfig values: 
	allow.auto.create.topics = true
	auto.commit.interval.ms = 5000
	auto.include.jmx.reporter = true
	auto.offset.reset = latest
	bootstrap.servers = [localhost:9092]
	check.crcs = true
	client.dns.lookup = use_all_dns_ips
	client.id = consumer-tomge-consumer-group-1
	client.rack = 
	connections.max.idle.ms = 540000
	default.api.timeout.ms = 60000
	enable.auto.commit = false
	enable.metrics.push = true
	exclude.internal.topics = true
	fetch.max.bytes = 52428800
	fetch.max.wait.ms = 500
	fetch.min.bytes = 1
	group.id = tomge-consumer-group
	group.instance.id = null
	group.protocol = classic
	group.remote.assignor = null
	heartbeat.interval.ms = 3000
	interceptor.classes = []
	internal.leave.group.on.close = true
	internal.throw.on.fetch.stable.offset.unsupported = false
	isolation.level = read_uncommitted
	key.deserializer = class org.apache.kafka.common.serialization.StringDeserializer
	max.partition.fetch.bytes = 1048576
	max.poll.interval.ms = 300000
	max.poll.records = 500
	metadata.max.age.ms = 300000
	metric.reporters = []
	metrics.num.samples = 2
	metrics.recording.level = INFO
	metrics.sample.window.ms = 30000
	partition.assignment.strategy = [class org.apache.kafka.clients.consumer.RangeAssignor, class org.apache.kafka.clients.consumer.CooperativeStickyAssignor]
	receive.buffer.bytes = 65536
	reconnect.backoff.max.ms = 1000
	reconnect.backoff.ms = 50
	request.timeout.ms = 30000
	retry.backoff.max.ms = 1000
	retry.backoff.ms = 100
	sasl.client.callback.handler.class = null
	sasl.jaas.config = null
	sasl.kerberos.kinit.cmd = /usr/bin/kinit
	sasl.kerberos.min.time.before.relogin = 60000
	sasl.kerberos.service.name = null
	sasl.kerberos.ticket.renew.jitter = 0.05
	sasl.kerberos.ticket.renew.window.factor = 0.8
	sasl.login.callback.handler.class = null
	sasl.login.class = null
	sasl.login.connect.timeout.ms = null
	sasl.login.read.timeout.ms = null
	sasl.login.refresh.buffer.seconds = 300
	sasl.login.refresh.min.period.seconds = 60
	sasl.login.refresh.window.factor = 0.8
	sasl.login.refresh.window.jitter = 0.05
	sasl.login.retry.backoff.max.ms = 10000
	sasl.login.retry.backoff.ms = 100
	sasl.mechanism = GSSAPI
	sasl.oauthbearer.clock.skew.seconds = 30
	sasl.oauthbearer.expected.audience = null
	sasl.oauthbearer.expected.issuer = null
	sasl.oauthbearer.jwks.endpoint.refresh.ms = 3600000
	sasl.oauthbearer.jwks.endpoint.retry.backoff.max.ms = 10000
	sasl.oauthbearer.jwks.endpoint.retry.backoff.ms = 100
	sasl.oauthbearer.jwks.endpoint.url = null
	sasl.oauthbearer.scope.claim.name = scope
	sasl.oauthbearer.sub.claim.name = sub
	sasl.oauthbearer.token.endpoint.url = null
	security.protocol = PLAINTEXT
	security.providers = null
	send.buffer.bytes = 131072
	session.timeout.ms = 45000
	socket.connection.setup.timeout.max.ms = 30000
	socket.connection.setup.timeout.ms = 10000
	ssl.cipher.suites = null
	ssl.enabled.protocols = [TLSv1.2, TLSv1.3]
	ssl.endpoint.identification.algorithm = https
	ssl.engine.factory.class = null
	ssl.key.password = null
	ssl.keymanager.algorithm = SunX509
	ssl.keystore.certificate.chain = null
	ssl.keystore.key = null
	ssl.keystore.location = null
	ssl.keystore.password = null
	ssl.keystore.type = JKS
	ssl.protocol = TLSv1.3
	ssl.provider = null
	ssl.secure.random.implementation = null
	ssl.trustmanager.algorithm = PKIX
	ssl.truststore.certificates = null
	ssl.truststore.location = null
	ssl.truststore.password = null
	ssl.truststore.type = JKS
	value.deserializer = class org.apache.kafka.common.serialization.StringDeserializer

2025-03-24 17:37:29.604 [main] INFO  org.apache.kafka.common.telemetry.internals.KafkaMetricsCollector - initializing Kafka metrics collector
2025-03-24 17:37:29.635 [main] INFO  org.apache.kafka.common.utils.AppInfoParser - Kafka version: 3.7.2
2025-03-24 17:37:29.635 [main] INFO  org.apache.kafka.common.utils.AppInfoParser - Kafka commitId: 79a8f2b5f44f9d5a
2025-03-24 17:37:29.636 [main] INFO  org.apache.kafka.common.utils.AppInfoParser - Kafka startTimeMs: 1742809049635
2025-03-24 17:37:29.637 [main] INFO  org.apache.kafka.clients.consumer.internals.LegacyKafkaConsumer - [Consumer clientId=consumer-tomge-consumer-group-1, groupId=tomge-consumer-group] Subscribed to topic(s): testtopic
2025-03-24 17:37:29.640 [main] INFO  org.apache.kafka.clients.consumer.ConsumerConfig - ConsumerConfig values: 
	allow.auto.create.topics = true
	auto.commit.interval.ms = 5000
	auto.include.jmx.reporter = true
	auto.offset.reset = latest
	bootstrap.servers = [localhost:9092]
	check.crcs = true
	client.dns.lookup = use_all_dns_ips
	client.id = consumer-tomge-consumer-group-2
	client.rack = 
	connections.max.idle.ms = 540000
	default.api.timeout.ms = 60000
	enable.auto.commit = false
	enable.metrics.push = true
	exclude.internal.topics = true
	fetch.max.bytes = 52428800
	fetch.max.wait.ms = 500
	fetch.min.bytes = 1
	group.id = tomge-consumer-group
	group.instance.id = null
	group.protocol = classic
	group.remote.assignor = null
	heartbeat.interval.ms = 3000
	interceptor.classes = []
	internal.leave.group.on.close = true
	internal.throw.on.fetch.stable.offset.unsupported = false
	isolation.level = read_uncommitted
	key.deserializer = class org.apache.kafka.common.serialization.StringDeserializer
	max.partition.fetch.bytes = 1048576
	max.poll.interval.ms = 300000
	max.poll.records = 500
	metadata.max.age.ms = 300000
	metric.reporters = []
	metrics.num.samples = 2
	metrics.recording.level = INFO
	metrics.sample.window.ms = 30000
	partition.assignment.strategy = [class org.apache.kafka.clients.consumer.RangeAssignor, class org.apache.kafka.clients.consumer.CooperativeStickyAssignor]
	receive.buffer.bytes = 65536
	reconnect.backoff.max.ms = 1000
	reconnect.backoff.ms = 50
	request.timeout.ms = 30000
	retry.backoff.max.ms = 1000
	retry.backoff.ms = 100
	sasl.client.callback.handler.class = null
	sasl.jaas.config = null
	sasl.kerberos.kinit.cmd = /usr/bin/kinit
	sasl.kerberos.min.time.before.relogin = 60000
	sasl.kerberos.service.name = null
	sasl.kerberos.ticket.renew.jitter = 0.05
	sasl.kerberos.ticket.renew.window.factor = 0.8
	sasl.login.callback.handler.class = null
	sasl.login.class = null
	sasl.login.connect.timeout.ms = null
	sasl.login.read.timeout.ms = null
	sasl.login.refresh.buffer.seconds = 300
	sasl.login.refresh.min.period.seconds = 60
	sasl.login.refresh.window.factor = 0.8
	sasl.login.refresh.window.jitter = 0.05
	sasl.login.retry.backoff.max.ms = 10000
	sasl.login.retry.backoff.ms = 100
	sasl.mechanism = GSSAPI
	sasl.oauthbearer.clock.skew.seconds = 30
	sasl.oauthbearer.expected.audience = null
	sasl.oauthbearer.expected.issuer = null
	sasl.oauthbearer.jwks.endpoint.refresh.ms = 3600000
	sasl.oauthbearer.jwks.endpoint.retry.backoff.max.ms = 10000
	sasl.oauthbearer.jwks.endpoint.retry.backoff.ms = 100
	sasl.oauthbearer.jwks.endpoint.url = null
	sasl.oauthbearer.scope.claim.name = scope
	sasl.oauthbearer.sub.claim.name = sub
	sasl.oauthbearer.token.endpoint.url = null
	security.protocol = PLAINTEXT
	security.providers = null
	send.buffer.bytes = 131072
	session.timeout.ms = 45000
	socket.connection.setup.timeout.max.ms = 30000
	socket.connection.setup.timeout.ms = 10000
	ssl.cipher.suites = null
	ssl.enabled.protocols = [TLSv1.2, TLSv1.3]
	ssl.endpoint.identification.algorithm = https
	ssl.engine.factory.class = null
	ssl.key.password = null
	ssl.keymanager.algorithm = SunX509
	ssl.keystore.certificate.chain = null
	ssl.keystore.key = null
	ssl.keystore.location = null
	ssl.keystore.password = null
	ssl.keystore.type = JKS
	ssl.protocol = TLSv1.3
	ssl.provider = null
	ssl.secure.random.implementation = null
	ssl.trustmanager.algorithm = PKIX
	ssl.truststore.certificates = null
	ssl.truststore.location = null
	ssl.truststore.password = null
	ssl.truststore.type = JKS
	value.deserializer = class org.apache.kafka.common.serialization.StringDeserializer

2025-03-24 17:37:29.640 [main] INFO  org.apache.kafka.common.telemetry.internals.KafkaMetricsCollector - initializing Kafka metrics collector
2025-03-24 17:37:29.643 [main] INFO  org.apache.kafka.common.utils.AppInfoParser - Kafka version: 3.7.2
2025-03-24 17:37:29.643 [main] INFO  org.apache.kafka.common.utils.AppInfoParser - Kafka commitId: 79a8f2b5f44f9d5a
2025-03-24 17:37:29.643 [main] INFO  org.apache.kafka.common.utils.AppInfoParser - Kafka startTimeMs: 1742809049643
2025-03-24 17:37:29.643 [main] INFO  org.apache.kafka.clients.consumer.internals.LegacyKafkaConsumer - [Consumer clientId=consumer-tomge-consumer-group-2, groupId=tomge-consumer-group] Subscribed to topic(s): testtopic
2025-03-24 17:37:29.647 [main] INFO  com.test.testboot.TestbootApplication - Started TestbootApplication in 1.24 seconds (process running for 1.472)
2025-03-24 17:37:29.747 [org.springframework.kafka.KafkaListenerEndpointContainer#1-0-C-1] INFO  org.apache.kafka.clients.Metadata - [Consumer clientId=consumer-tomge-consumer-group-2, groupId=tomge-consumer-group] Cluster ID: 55v202dzTXeo6Uf5cKQwuw
2025-03-24 17:37:29.747 [org.springframework.kafka.KafkaListenerEndpointContainer#0-0-C-1] INFO  org.apache.kafka.clients.Metadata - [Consumer clientId=consumer-tomge-consumer-group-1, groupId=tomge-consumer-group] Cluster ID: 55v202dzTXeo6Uf5cKQwuw
2025-03-24 17:37:29.747 [org.springframework.kafka.KafkaListenerEndpointContainer#1-0-C-1] INFO  org.apache.kafka.clients.consumer.internals.ConsumerCoordinator - [Consumer clientId=consumer-tomge-consumer-group-2, groupId=tomge-consumer-group] Discovered group coordinator localhost:9092 (id: 2147483647 rack: null)
2025-03-24 17:37:29.747 [org.springframework.kafka.KafkaListenerEndpointContainer#0-0-C-1] INFO  org.apache.kafka.clients.consumer.internals.ConsumerCoordinator - [Consumer clientId=consumer-tomge-consumer-group-1, groupId=tomge-consumer-group] Discovered group coordinator localhost:9092 (id: 2147483647 rack: null)
2025-03-24 17:37:29.748 [org.springframework.kafka.KafkaListenerEndpointContainer#1-0-C-1] INFO  org.apache.kafka.clients.consumer.internals.ConsumerCoordinator - [Consumer clientId=consumer-tomge-consumer-group-2, groupId=tomge-consumer-group] (Re-)joining group
2025-03-24 17:37:29.748 [org.springframework.kafka.KafkaListenerEndpointContainer#0-0-C-1] INFO  org.apache.kafka.clients.consumer.internals.ConsumerCoordinator - [Consumer clientId=consumer-tomge-consumer-group-1, groupId=tomge-consumer-group] (Re-)joining group
2025-03-24 17:37:29.754 [org.springframework.kafka.KafkaListenerEndpointContainer#0-0-C-1] INFO  org.apache.kafka.clients.consumer.internals.ConsumerCoordinator - [Consumer clientId=consumer-tomge-consumer-group-1, groupId=tomge-consumer-group] Request joining group due to: need to re-join with the given member-id: consumer-tomge-consumer-group-1-c624de8a-1130-4c01-a9fa-e75caa648231
2025-03-24 17:37:29.754 [org.springframework.kafka.KafkaListenerEndpointContainer#1-0-C-1] INFO  org.apache.kafka.clients.consumer.internals.ConsumerCoordinator - [Consumer clientId=consumer-tomge-consumer-group-2, groupId=tomge-consumer-group] Request joining group due to: need to re-join with the given member-id: consumer-tomge-consumer-group-2-fc16348e-8b53-49fb-9d51-165f1e710864
2025-03-24 17:37:29.754 [org.springframework.kafka.KafkaListenerEndpointContainer#0-0-C-1] INFO  org.apache.kafka.clients.consumer.internals.ConsumerCoordinator - [Consumer clientId=consumer-tomge-consumer-group-1, groupId=tomge-consumer-group] (Re-)joining group
2025-03-24 17:37:29.754 [org.springframework.kafka.KafkaListenerEndpointContainer#1-0-C-1] INFO  org.apache.kafka.clients.consumer.internals.ConsumerCoordinator - [Consumer clientId=consumer-tomge-consumer-group-2, groupId=tomge-consumer-group] (Re-)joining group
2025-03-24 17:37:29.758 [org.springframework.kafka.KafkaListenerEndpointContainer#1-0-C-1] INFO  org.apache.kafka.clients.consumer.internals.ConsumerCoordinator - [Consumer clientId=consumer-tomge-consumer-group-2, groupId=tomge-consumer-group] Successfully joined group with generation Generation{generationId=25, memberId='consumer-tomge-consumer-group-2-fc16348e-8b53-49fb-9d51-165f1e710864', protocol='range'}
2025-03-24 17:37:29.758 [org.springframework.kafka.KafkaListenerEndpointContainer#0-0-C-1] INFO  org.apache.kafka.clients.consumer.internals.ConsumerCoordinator - [Consumer clientId=consumer-tomge-consumer-group-1, groupId=tomge-consumer-group] Successfully joined group with generation Generation{generationId=25, memberId='consumer-tomge-consumer-group-1-c624de8a-1130-4c01-a9fa-e75caa648231', protocol='range'}
2025-03-24 17:37:29.760 [org.springframework.kafka.KafkaListenerEndpointContainer#0-0-C-1] INFO  org.apache.kafka.clients.consumer.internals.ConsumerCoordinator - [Consumer clientId=consumer-tomge-consumer-group-1, groupId=tomge-consumer-group] Finished assignment for group at generation 25: {consumer-tomge-consumer-group-1-c624de8a-1130-4c01-a9fa-e75caa648231=Assignment(partitions=[testtopic-0]), consumer-tomge-consumer-group-2-fc16348e-8b53-49fb-9d51-165f1e710864=Assignment(partitions=[])}
2025-03-24 17:37:29.763 [org.springframework.kafka.KafkaListenerEndpointContainer#1-0-C-1] INFO  org.apache.kafka.clients.consumer.internals.ConsumerCoordinator - [Consumer clientId=consumer-tomge-consumer-group-2, groupId=tomge-consumer-group] Successfully synced group in generation Generation{generationId=25, memberId='consumer-tomge-consumer-group-2-fc16348e-8b53-49fb-9d51-165f1e710864', protocol='range'}
2025-03-24 17:37:29.763 [org.springframework.kafka.KafkaListenerEndpointContainer#0-0-C-1] INFO  org.apache.kafka.clients.consumer.internals.ConsumerCoordinator - [Consumer clientId=consumer-tomge-consumer-group-1, groupId=tomge-consumer-group] Successfully synced group in generation Generation{generationId=25, memberId='consumer-tomge-consumer-group-1-c624de8a-1130-4c01-a9fa-e75caa648231', protocol='range'}
2025-03-24 17:37:29.763 [org.springframework.kafka.KafkaListenerEndpointContainer#1-0-C-1] INFO  org.apache.kafka.clients.consumer.internals.ConsumerCoordinator - [Consumer clientId=consumer-tomge-consumer-group-2, groupId=tomge-consumer-group] Notifying assignor about the new Assignment(partitions=[])
2025-03-24 17:37:29.763 [org.springframework.kafka.KafkaListenerEndpointContainer#0-0-C-1] INFO  org.apache.kafka.clients.consumer.internals.ConsumerCoordinator - [Consumer clientId=consumer-tomge-consumer-group-1, groupId=tomge-consumer-group] Notifying assignor about the new Assignment(partitions=[testtopic-0])
2025-03-24 17:37:29.763 [org.springframework.kafka.KafkaListenerEndpointContainer#1-0-C-1] INFO  org.apache.kafka.clients.consumer.internals.ConsumerRebalanceListenerInvoker - [Consumer clientId=consumer-tomge-consumer-group-2, groupId=tomge-consumer-group] Adding newly assigned partitions: 
2025-03-24 17:37:29.764 [org.springframework.kafka.KafkaListenerEndpointContainer#0-0-C-1] INFO  org.apache.kafka.clients.consumer.internals.ConsumerRebalanceListenerInvoker - [Consumer clientId=consumer-tomge-consumer-group-1, groupId=tomge-consumer-group] Adding newly assigned partitions: testtopic-0
2025-03-24 17:37:29.766 [org.springframework.kafka.KafkaListenerEndpointContainer#0-0-C-1] INFO  org.apache.kafka.clients.consumer.internals.ConsumerUtils - Setting offset for partition testtopic-0 to the committed offset FetchPosition{offset=24, offsetEpoch=Optional.empty, currentLeader=LeaderAndEpoch{leader=Optional[localhost:9092 (id: 0 rack: null)], epoch=0}}
2025-03-24 17:37:33.203 [http-nio-9090-exec-2] INFO  org.apache.catalina.core.ContainerBase.[Tomcat].[localhost].[/] - Initializing Spring DispatcherServlet 'dispatcherServlet'
2025-03-24 17:37:33.303 [http-nio-9090-exec-2] INFO  org.apache.kafka.clients.producer.ProducerConfig - ProducerConfig values: 
	acks = -1
	auto.include.jmx.reporter = true
	batch.size = 16384
	bootstrap.servers = [localhost:9092]
	buffer.memory = 33554432
	client.dns.lookup = use_all_dns_ips
	client.id = testspringboot-producer-1
	compression.type = none
	connections.max.idle.ms = 540000
	delivery.timeout.ms = 120000
	enable.idempotence = true
	enable.metrics.push = true
	interceptor.classes = []
	key.serializer = class org.apache.kafka.common.serialization.StringSerializer
	linger.ms = 0
	max.block.ms = 60000
	max.in.flight.requests.per.connection = 5
	max.request.size = 1048576
	metadata.max.age.ms = 300000
	metadata.max.idle.ms = 300000
	metric.reporters = []
	metrics.num.samples = 2
	metrics.recording.level = INFO
	metrics.sample.window.ms = 30000
	partitioner.adaptive.partitioning.enable = true
	partitioner.availability.timeout.ms = 0
	partitioner.class = null
	partitioner.ignore.keys = false
	receive.buffer.bytes = 32768
	reconnect.backoff.max.ms = 1000
	reconnect.backoff.ms = 50
	request.timeout.ms = 30000
	retries = 3
	retry.backoff.max.ms = 1000
	retry.backoff.ms = 100
	sasl.client.callback.handler.class = null
	sasl.jaas.config = null
	sasl.kerberos.kinit.cmd = /usr/bin/kinit
	sasl.kerberos.min.time.before.relogin = 60000
	sasl.kerberos.service.name = null
	sasl.kerberos.ticket.renew.jitter = 0.05
	sasl.kerberos.ticket.renew.window.factor = 0.8
	sasl.login.callback.handler.class = null
	sasl.login.class = null
	sasl.login.connect.timeout.ms = null
	sasl.login.read.timeout.ms = null
	sasl.login.refresh.buffer.seconds = 300
	sasl.login.refresh.min.period.seconds = 60
	sasl.login.refresh.window.factor = 0.8
	sasl.login.refresh.window.jitter = 0.05
	sasl.login.retry.backoff.max.ms = 10000
	sasl.login.retry.backoff.ms = 100
	sasl.mechanism = GSSAPI
	sasl.oauthbearer.clock.skew.seconds = 30
	sasl.oauthbearer.expected.audience = null
	sasl.oauthbearer.expected.issuer = null
	sasl.oauthbearer.jwks.endpoint.refresh.ms = 3600000
	sasl.oauthbearer.jwks.endpoint.retry.backoff.max.ms = 10000
	sasl.oauthbearer.jwks.endpoint.retry.backoff.ms = 100
	sasl.oauthbearer.jwks.endpoint.url = null
	sasl.oauthbearer.scope.claim.name = scope
	sasl.oauthbearer.sub.claim.name = sub
	sasl.oauthbearer.token.endpoint.url = null
	security.protocol = PLAINTEXT
	security.providers = null
	send.buffer.bytes = 131072
	socket.connection.setup.timeout.max.ms = 30000
	socket.connection.setup.timeout.ms = 10000
	ssl.cipher.suites = null
	ssl.enabled.protocols = [TLSv1.2, TLSv1.3]
	ssl.endpoint.identification.algorithm = https
	ssl.engine.factory.class = null
	ssl.key.password = null
	ssl.keymanager.algorithm = SunX509
	ssl.keystore.certificate.chain = null
	ssl.keystore.key = null
	ssl.keystore.location = null
	ssl.keystore.password = null
	ssl.keystore.type = JKS
	ssl.protocol = TLSv1.3
	ssl.provider = null
	ssl.secure.random.implementation = null
	ssl.trustmanager.algorithm = PKIX
	ssl.truststore.certificates = null
	ssl.truststore.location = null
	ssl.truststore.password = null
	ssl.truststore.type = JKS
	transaction.timeout.ms = 60000
	transactional.id = null
	value.serializer = class org.apache.kafka.common.serialization.StringSerializer

2025-03-24 17:37:33.303 [http-nio-9090-exec-2] INFO  org.apache.kafka.common.telemetry.internals.KafkaMetricsCollector - initializing Kafka metrics collector
2025-03-24 17:37:33.306 [http-nio-9090-exec-2] INFO  org.apache.kafka.clients.producer.KafkaProducer - [Producer clientId=testspringboot-producer-1] Instantiated an idempotent producer.
2025-03-24 17:37:33.312 [http-nio-9090-exec-2] INFO  org.apache.kafka.common.utils.AppInfoParser - Kafka version: 3.7.2
2025-03-24 17:37:33.312 [http-nio-9090-exec-2] INFO  org.apache.kafka.common.utils.AppInfoParser - Kafka commitId: 79a8f2b5f44f9d5a
2025-03-24 17:37:33.312 [http-nio-9090-exec-2] INFO  org.apache.kafka.common.utils.AppInfoParser - Kafka startTimeMs: 1742809053312
2025-03-24 17:37:33.315 [kafka-producer-network-thread | testspringboot-producer-1] INFO  org.apache.kafka.clients.Metadata - [Producer clientId=testspringboot-producer-1] Cluster ID: 55v202dzTXeo6Uf5cKQwuw
2025-03-24 17:37:33.315 [kafka-producer-network-thread | testspringboot-producer-1] INFO  org.apache.kafka.clients.producer.internals.TransactionManager - [Producer clientId=testspringboot-producer-1] ProducerId set to 1011 with epoch 0
2025-03-24 17:37:33.329 [http-nio-9090-exec-2] INFO  com.test.testboot.kafkaservice.ProducerService - {"address":"新疆维吾尔自治区伊犁哈瑟可自治州","sex":"男","name":"埃森江","birth":"2025","id":"910","department":"计算机系"}
2025-03-24 17:37:33.330 [org.springframework.kafka.KafkaListenerEndpointContainer#0-0-C-1] INFO  com.test.testboot.kafkaservice.ConsumerService - Received message: {"address":"新疆维吾尔自治区伊犁哈瑟可自治州","sex":"男","name":"埃森江","birth":"2025","id":"910","department":"计算机系"}
2025-03-24 17:37:33.343 [org.springframework.kafka.KafkaListenerEndpointContainer#0-0-C-1] INFO  org.apache.kafka.clients.consumer.internals.LegacyKafkaConsumer - [Consumer clientId=consumer-tomge-consumer-group-1, groupId=tomge-consumer-group] Seeking to offset 24 for partition testtopic-0
2025-03-24 17:37:33.344 [org.springframework.kafka.KafkaListenerEndpointContainer#0-0-C-1] ERROR org.springframework.kafka.listener.KafkaMessageListenerContainer - Error handler threw an exception
org.springframework.kafka.KafkaException: Seek to current after exception
	at org.springframework.kafka.listener.SeekUtils.seekOrRecover(SeekUtils.java:227)
	at org.springframework.kafka.listener.DefaultErrorHandler.handleRemaining(DefaultErrorHandler.java:168)
	at org.springframework.kafka.listener.KafkaMessageListenerContainer$ListenerConsumer.invokeErrorHandler(KafkaMessageListenerContainer.java:2837)
	at org.springframework.kafka.listener.KafkaMessageListenerContainer$ListenerConsumer.lambda$doInvokeRecordListener$53(KafkaMessageListenerContainer.java:2714)
	at io.micrometer.observation.Observation.observe(Observation.java:565)
	at org.springframework.kafka.listener.KafkaMessageListenerContainer$ListenerConsumer.doInvokeRecordListener(KafkaMessageListenerContainer.java:2700)
	at org.springframework.kafka.listener.KafkaMessageListenerContainer$ListenerConsumer.doInvokeWithRecords(KafkaMessageListenerContainer.java:2542)
	at org.springframework.kafka.listener.KafkaMessageListenerContainer$ListenerConsumer.invokeRecordListener(KafkaMessageListenerContainer.java:2431)
	at org.springframework.kafka.listener.KafkaMessageListenerContainer$ListenerConsumer.invokeListener(KafkaMessageListenerContainer.java:2086)
	at org.springframework.kafka.listener.KafkaMessageListenerContainer$ListenerConsumer.invokeIfHaveRecords(KafkaMessageListenerContainer.java:1462)
	at org.springframework.kafka.listener.KafkaMessageListenerContainer$ListenerConsumer.pollAndInvoke(KafkaMessageListenerContainer.java:1427)
	at org.springframework.kafka.listener.KafkaMessageListenerContainer$ListenerConsumer.run(KafkaMessageListenerContainer.java:1297)
	at java.base/java.util.concurrent.CompletableFuture$AsyncRun.run(CompletableFuture.java:1848)
	at java.base/java.lang.Thread.run(Thread.java:1575)
Caused by: org.springframework.kafka.listener.ListenerExecutionFailedException: Listener method 'public void com.test.testboot.kafkaservice.ConsumerService.studentbyidconsumeMessage(java.lang.String)' threw exception
	at org.springframework.kafka.listener.KafkaMessageListenerContainer$ListenerConsumer.decorateException(KafkaMessageListenerContainer.java:2870)
	at org.springframework.kafka.listener.KafkaMessageListenerContainer$ListenerConsumer.doInvokeOnMessage(KafkaMessageListenerContainer.java:2815)
	at org.springframework.kafka.listener.KafkaMessageListenerContainer$ListenerConsumer.invokeOnMessage(KafkaMessageListenerContainer.java:2779)
	at org.springframework.kafka.listener.KafkaMessageListenerContainer$ListenerConsumer.lambda$doInvokeRecordListener$53(KafkaMessageListenerContainer.java:2702)
	... 10 common frames omitted
	Suppressed: org.springframework.kafka.listener.ListenerExecutionFailedException: Restored Stack Trace
		at org.springframework.kafka.listener.adapter.MessagingMessageListenerAdapter.invokeHandler(MessagingMessageListenerAdapter.java:434)
		at org.springframework.kafka.listener.adapter.MessagingMessageListenerAdapter.invoke(MessagingMessageListenerAdapter.java:383)
		at org.springframework.kafka.listener.adapter.RecordMessagingMessageListenerAdapter.onMessage(RecordMessagingMessageListenerAdapter.java:85)
		at org.springframework.kafka.listener.adapter.RecordMessagingMessageListenerAdapter.onMessage(RecordMessagingMessageListenerAdapter.java:50)
		at org.springframework.kafka.listener.KafkaMessageListenerContainer$ListenerConsumer.doInvokeOnMessage(KafkaMessageListenerContainer.java:2801)
Caused by: java.lang.NumberFormatException: For input string: "{"address":"新疆维吾尔自治区伊犁哈瑟可自治州","sex":"男","name":"埃森江","birth":"2025","id":"910","department":"计算机系"}"
	at java.base/java.lang.NumberFormatException.forInputString(NumberFormatException.java:67)
	at java.base/java.lang.Integer.parseInt(Integer.java:588)
	at java.base/java.lang.Integer.parseInt(Integer.java:685)
	at com.test.testboot.kafkaservice.ConsumerService.studentbyidconsumeMessage(ConsumerService.java:28)
	at java.base/jdk.internal.reflect.DirectMethodHandleAccessor.invoke(DirectMethodHandleAccessor.java:103)
	at java.base/java.lang.reflect.Method.invoke(Method.java:580)
	at org.springframework.messaging.handler.invocation.InvocableHandlerMethod.doInvoke(InvocableHandlerMethod.java:169)
	at org.springframework.kafka.listener.adapter.KotlinAwareInvocableHandlerMethod.doInvoke(KotlinAwareInvocableHandlerMethod.java:45)
	at org.springframework.messaging.handler.invocation.InvocableHandlerMethod.invoke(InvocableHandlerMethod.java:119)
	at org.springframework.kafka.listener.adapter.HandlerAdapter.invoke(HandlerAdapter.java:77)
	at org.springframework.kafka.listener.adapter.MessagingMessageListenerAdapter.invokeHandler(MessagingMessageListenerAdapter.java:419)
	at org.springframework.kafka.listener.adapter.MessagingMessageListenerAdapter.invoke(MessagingMessageListenerAdapter.java:383)
	at org.springframework.kafka.listener.adapter.RecordMessagingMessageListenerAdapter.onMessage(RecordMessagingMessageListenerAdapter.java:85)
	at org.springframework.kafka.listener.adapter.RecordMessagingMessageListenerAdapter.onMessage(RecordMessagingMessageListenerAdapter.java:50)
	at org.springframework.kafka.listener.KafkaMessageListenerContainer$ListenerConsumer.doInvokeOnMessage(KafkaMessageListenerContainer.java:2801)
	... 12 common frames omitted
2025-03-24 17:37:33.835 [org.springframework.kafka.KafkaListenerEndpointContainer#0-0-C-1] INFO  com.test.testboot.kafkaservice.ConsumerService - Received message: {"address":"新疆维吾尔自治区伊犁哈瑟可自治州","sex":"男","name":"埃森江","birth":"2025","id":"910","department":"计算机系"}
2025-03-24 17:37:33.849 [org.springframework.kafka.KafkaListenerEndpointContainer#0-0-C-1] INFO  org.apache.kafka.clients.consumer.internals.LegacyKafkaConsumer - [Consumer clientId=consumer-tomge-consumer-group-1, groupId=tomge-consumer-group] Seeking to offset 24 for partition testtopic-0
2025-03-24 17:37:33.850 [org.springframework.kafka.KafkaListenerEndpointContainer#0-0-C-1] ERROR org.springframework.kafka.listener.KafkaMessageListenerContainer - Error handler threw an exception
org.springframework.kafka.KafkaException: Seek to current after exception
	at org.springframework.kafka.listener.SeekUtils.seekOrRecover(SeekUtils.java:227)
	at org.springframework.kafka.listener.DefaultErrorHandler.handleRemaining(DefaultErrorHandler.java:168)
	at org.springframework.kafka.listener.KafkaMessageListenerContainer$ListenerConsumer.invokeErrorHandler(KafkaMessageListenerContainer.java:2837)
	at org.springframework.kafka.listener.KafkaMessageListenerContainer$ListenerConsumer.lambda$doInvokeRecordListener$53(KafkaMessageListenerContainer.java:2714)
	at io.micrometer.observation.Observation.observe(Observation.java:565)
	at org.springframework.kafka.listener.KafkaMessageListenerContainer$ListenerConsumer.doInvokeRecordListener(KafkaMessageListenerContainer.java:2700)
	at org.springframework.kafka.listener.KafkaMessageListenerContainer$ListenerConsumer.doInvokeWithRecords(KafkaMessageListenerContainer.java:2542)
	at org.springframework.kafka.listener.KafkaMessageListenerContainer$ListenerConsumer.invokeRecordListener(KafkaMessageListenerContainer.java:2431)
	at org.springframework.kafka.listener.KafkaMessageListenerContainer$ListenerConsumer.invokeListener(KafkaMessageListenerContainer.java:2086)
	at org.springframework.kafka.listener.KafkaMessageListenerContainer$ListenerConsumer.invokeIfHaveRecords(KafkaMessageListenerContainer.java:1462)
	at org.springframework.kafka.listener.KafkaMessageListenerContainer$ListenerConsumer.pollAndInvoke(KafkaMessageListenerContainer.java:1427)
	at org.springframework.kafka.listener.KafkaMessageListenerContainer$ListenerConsumer.run(KafkaMessageListenerContainer.java:1297)
	at java.base/java.util.concurrent.CompletableFuture$AsyncRun.run(CompletableFuture.java:1848)
	at java.base/java.lang.Thread.run(Thread.java:1575)
Caused by: org.springframework.kafka.listener.ListenerExecutionFailedException: Listener method 'public void com.test.testboot.kafkaservice.ConsumerService.studentbyidconsumeMessage(java.lang.String)' threw exception
	at org.springframework.kafka.listener.KafkaMessageListenerContainer$ListenerConsumer.decorateException(KafkaMessageListenerContainer.java:2870)
	at org.springframework.kafka.listener.KafkaMessageListenerContainer$ListenerConsumer.doInvokeOnMessage(KafkaMessageListenerContainer.java:2815)
	at org.springframework.kafka.listener.KafkaMessageListenerContainer$ListenerConsumer.invokeOnMessage(KafkaMessageListenerContainer.java:2779)
	at org.springframework.kafka.listener.KafkaMessageListenerContainer$ListenerConsumer.lambda$doInvokeRecordListener$53(KafkaMessageListenerContainer.java:2702)
	... 10 common frames omitted
	Suppressed: org.springframework.kafka.listener.ListenerExecutionFailedException: Restored Stack Trace
		at org.springframework.kafka.listener.adapter.MessagingMessageListenerAdapter.invokeHandler(MessagingMessageListenerAdapter.java:434)
		at org.springframework.kafka.listener.adapter.MessagingMessageListenerAdapter.invoke(MessagingMessageListenerAdapter.java:383)
		at org.springframework.kafka.listener.adapter.RecordMessagingMessageListenerAdapter.onMessage(RecordMessagingMessageListenerAdapter.java:85)
		at org.springframework.kafka.listener.adapter.RecordMessagingMessageListenerAdapter.onMessage(RecordMessagingMessageListenerAdapter.java:50)
		at org.springframework.kafka.listener.KafkaMessageListenerContainer$ListenerConsumer.doInvokeOnMessage(KafkaMessageListenerContainer.java:2801)
Caused by: java.lang.NumberFormatException: For input string: "{"address":"新疆维吾尔自治区伊犁哈瑟可自治州","sex":"男","name":"埃森江","birth":"2025","id":"910","department":"计算机系"}"
	at java.base/java.lang.NumberFormatException.forInputString(NumberFormatException.java:67)
	at java.base/java.lang.Integer.parseInt(Integer.java:588)
	at java.base/java.lang.Integer.parseInt(Integer.java:685)
	at com.test.testboot.kafkaservice.ConsumerService.studentbyidconsumeMessage(ConsumerService.java:28)
	at java.base/jdk.internal.reflect.DirectMethodHandleAccessor.invoke(DirectMethodHandleAccessor.java:103)
	at java.base/java.lang.reflect.Method.invoke(Method.java:580)
	at org.springframework.messaging.handler.invocation.InvocableHandlerMethod.doInvoke(InvocableHandlerMethod.java:169)
	at org.springframework.kafka.listener.adapter.KotlinAwareInvocableHandlerMethod.doInvoke(KotlinAwareInvocableHandlerMethod.java:45)
	at org.springframework.messaging.handler.invocation.InvocableHandlerMethod.invoke(InvocableHandlerMethod.java:119)
	at org.springframework.kafka.listener.adapter.HandlerAdapter.invoke(HandlerAdapter.java:77)
	at org.springframework.kafka.listener.adapter.MessagingMessageListenerAdapter.invokeHandler(MessagingMessageListenerAdapter.java:419)
	at org.springframework.kafka.listener.adapter.MessagingMessageListenerAdapter.invoke(MessagingMessageListenerAdapter.java:383)
	at org.springframework.kafka.listener.adapter.RecordMessagingMessageListenerAdapter.onMessage(RecordMessagingMessageListenerAdapter.java:85)
	at org.springframework.kafka.listener.adapter.RecordMessagingMessageListenerAdapter.onMessage(RecordMessagingMessageListenerAdapter.java:50)
	at org.springframework.kafka.listener.KafkaMessageListenerContainer$ListenerConsumer.doInvokeOnMessage(KafkaMessageListenerContainer.java:2801)
	... 12 common frames omitted
2025-03-24 17:37:34.344 [org.springframework.kafka.KafkaListenerEndpointContainer#0-0-C-1] INFO  com.test.testboot.kafkaservice.ConsumerService - Received message: {"address":"新疆维吾尔自治区伊犁哈瑟可自治州","sex":"男","name":"埃森江","birth":"2025","id":"910","department":"计算机系"}
2025-03-24 17:37:34.358 [org.springframework.kafka.KafkaListenerEndpointContainer#0-0-C-1] INFO  org.apache.kafka.clients.consumer.internals.LegacyKafkaConsumer - [Consumer clientId=consumer-tomge-consumer-group-1, groupId=tomge-consumer-group] Seeking to offset 24 for partition testtopic-0
2025-03-24 17:37:34.359 [org.springframework.kafka.KafkaListenerEndpointContainer#0-0-C-1] ERROR org.springframework.kafka.listener.KafkaMessageListenerContainer - Error handler threw an exception
org.springframework.kafka.KafkaException: Seek to current after exception
	at org.springframework.kafka.listener.SeekUtils.seekOrRecover(SeekUtils.java:227)
	at org.springframework.kafka.listener.DefaultErrorHandler.handleRemaining(DefaultErrorHandler.java:168)
	at org.springframework.kafka.listener.KafkaMessageListenerContainer$ListenerConsumer.invokeErrorHandler(KafkaMessageListenerContainer.java:2837)
	at org.springframework.kafka.listener.KafkaMessageListenerContainer$ListenerConsumer.lambda$doInvokeRecordListener$53(KafkaMessageListenerContainer.java:2714)
	at io.micrometer.observation.Observation.observe(Observation.java:565)
	at org.springframework.kafka.listener.KafkaMessageListenerContainer$ListenerConsumer.doInvokeRecordListener(KafkaMessageListenerContainer.java:2700)
	at org.springframework.kafka.listener.KafkaMessageListenerContainer$ListenerConsumer.doInvokeWithRecords(KafkaMessageListenerContainer.java:2542)
	at org.springframework.kafka.listener.KafkaMessageListenerContainer$ListenerConsumer.invokeRecordListener(KafkaMessageListenerContainer.java:2431)
	at org.springframework.kafka.listener.KafkaMessageListenerContainer$ListenerConsumer.invokeListener(KafkaMessageListenerContainer.java:2086)
	at org.springframework.kafka.listener.KafkaMessageListenerContainer$ListenerConsumer.invokeIfHaveRecords(KafkaMessageListenerContainer.java:1462)
	at org.springframework.kafka.listener.KafkaMessageListenerContainer$ListenerConsumer.pollAndInvoke(KafkaMessageListenerContainer.java:1427)
	at org.springframework.kafka.listener.KafkaMessageListenerContainer$ListenerConsumer.run(KafkaMessageListenerContainer.java:1297)
	at java.base/java.util.concurrent.CompletableFuture$AsyncRun.run(CompletableFuture.java:1848)
	at java.base/java.lang.Thread.run(Thread.java:1575)
Caused by: org.springframework.kafka.listener.ListenerExecutionFailedException: Listener method 'public void com.test.testboot.kafkaservice.ConsumerService.studentbyidconsumeMessage(java.lang.String)' threw exception
	at org.springframework.kafka.listener.KafkaMessageListenerContainer$ListenerConsumer.decorateException(KafkaMessageListenerContainer.java:2870)
	at org.springframework.kafka.listener.KafkaMessageListenerContainer$ListenerConsumer.doInvokeOnMessage(KafkaMessageListenerContainer.java:2815)
	at org.springframework.kafka.listener.KafkaMessageListenerContainer$ListenerConsumer.invokeOnMessage(KafkaMessageListenerContainer.java:2779)
	at org.springframework.kafka.listener.KafkaMessageListenerContainer$ListenerConsumer.lambda$doInvokeRecordListener$53(KafkaMessageListenerContainer.java:2702)
	... 10 common frames omitted
	Suppressed: org.springframework.kafka.listener.ListenerExecutionFailedException: Restored Stack Trace
		at org.springframework.kafka.listener.adapter.MessagingMessageListenerAdapter.invokeHandler(MessagingMessageListenerAdapter.java:434)
		at org.springframework.kafka.listener.adapter.MessagingMessageListenerAdapter.invoke(MessagingMessageListenerAdapter.java:383)
		at org.springframework.kafka.listener.adapter.RecordMessagingMessageListenerAdapter.onMessage(RecordMessagingMessageListenerAdapter.java:85)
		at org.springframework.kafka.listener.adapter.RecordMessagingMessageListenerAdapter.onMessage(RecordMessagingMessageListenerAdapter.java:50)
		at org.springframework.kafka.listener.KafkaMessageListenerContainer$ListenerConsumer.doInvokeOnMessage(KafkaMessageListenerContainer.java:2801)
Caused by: java.lang.NumberFormatException: For input string: "{"address":"新疆维吾尔自治区伊犁哈瑟可自治州","sex":"男","name":"埃森江","birth":"2025","id":"910","department":"计算机系"}"
	at java.base/java.lang.NumberFormatException.forInputString(NumberFormatException.java:67)
	at java.base/java.lang.Integer.parseInt(Integer.java:588)
	at java.base/java.lang.Integer.parseInt(Integer.java:685)
	at com.test.testboot.kafkaservice.ConsumerService.studentbyidconsumeMessage(ConsumerService.java:28)
	at java.base/jdk.internal.reflect.DirectMethodHandleAccessor.invoke(DirectMethodHandleAccessor.java:103)
	at java.base/java.lang.reflect.Method.invoke(Method.java:580)
	at org.springframework.messaging.handler.invocation.InvocableHandlerMethod.doInvoke(InvocableHandlerMethod.java:169)
	at org.springframework.kafka.listener.adapter.KotlinAwareInvocableHandlerMethod.doInvoke(KotlinAwareInvocableHandlerMethod.java:45)
	at org.springframework.messaging.handler.invocation.InvocableHandlerMethod.invoke(InvocableHandlerMethod.java:119)
	at org.springframework.kafka.listener.adapter.HandlerAdapter.invoke(HandlerAdapter.java:77)
	at org.springframework.kafka.listener.adapter.MessagingMessageListenerAdapter.invokeHandler(MessagingMessageListenerAdapter.java:419)
	at org.springframework.kafka.listener.adapter.MessagingMessageListenerAdapter.invoke(MessagingMessageListenerAdapter.java:383)
	at org.springframework.kafka.listener.adapter.RecordMessagingMessageListenerAdapter.onMessage(RecordMessagingMessageListenerAdapter.java:85)
	at org.springframework.kafka.listener.adapter.RecordMessagingMessageListenerAdapter.onMessage(RecordMessagingMessageListenerAdapter.java:50)
	at org.springframework.kafka.listener.KafkaMessageListenerContainer$ListenerConsumer.doInvokeOnMessage(KafkaMessageListenerContainer.java:2801)
	... 12 common frames omitted
2025-03-24 17:37:34.851 [org.springframework.kafka.KafkaListenerEndpointContainer#0-0-C-1] INFO  com.test.testboot.kafkaservice.ConsumerService - Received message: {"address":"新疆维吾尔自治区伊犁哈瑟可自治州","sex":"男","name":"埃森江","birth":"2025","id":"910","department":"计算机系"}
2025-03-24 17:37:34.865 [org.springframework.kafka.KafkaListenerEndpointContainer#0-0-C-1] INFO  org.apache.kafka.clients.consumer.internals.LegacyKafkaConsumer - [Consumer clientId=consumer-tomge-consumer-group-1, groupId=tomge-consumer-group] Seeking to offset 24 for partition testtopic-0
2025-03-24 17:37:34.865 [org.springframework.kafka.KafkaListenerEndpointContainer#0-0-C-1] ERROR org.springframework.kafka.listener.KafkaMessageListenerContainer - Error handler threw an exception
org.springframework.kafka.KafkaException: Seek to current after exception
	at org.springframework.kafka.listener.SeekUtils.seekOrRecover(SeekUtils.java:227)
	at org.springframework.kafka.listener.DefaultErrorHandler.handleRemaining(DefaultErrorHandler.java:168)
	at org.springframework.kafka.listener.KafkaMessageListenerContainer$ListenerConsumer.invokeErrorHandler(KafkaMessageListenerContainer.java:2837)
	at org.springframework.kafka.listener.KafkaMessageListenerContainer$ListenerConsumer.lambda$doInvokeRecordListener$53(KafkaMessageListenerContainer.java:2714)
	at io.micrometer.observation.Observation.observe(Observation.java:565)
	at org.springframework.kafka.listener.KafkaMessageListenerContainer$ListenerConsumer.doInvokeRecordListener(KafkaMessageListenerContainer.java:2700)
	at org.springframework.kafka.listener.KafkaMessageListenerContainer$ListenerConsumer.doInvokeWithRecords(KafkaMessageListenerContainer.java:2542)
	at org.springframework.kafka.listener.KafkaMessageListenerContainer$ListenerConsumer.invokeRecordListener(KafkaMessageListenerContainer.java:2431)
	at org.springframework.kafka.listener.KafkaMessageListenerContainer$ListenerConsumer.invokeListener(KafkaMessageListenerContainer.java:2086)
	at org.springframework.kafka.listener.KafkaMessageListenerContainer$ListenerConsumer.invokeIfHaveRecords(KafkaMessageListenerContainer.java:1462)
	at org.springframework.kafka.listener.KafkaMessageListenerContainer$ListenerConsumer.pollAndInvoke(KafkaMessageListenerContainer.java:1427)
	at org.springframework.kafka.listener.KafkaMessageListenerContainer$ListenerConsumer.run(KafkaMessageListenerContainer.java:1297)
	at java.base/java.util.concurrent.CompletableFuture$AsyncRun.run(CompletableFuture.java:1848)
	at java.base/java.lang.Thread.run(Thread.java:1575)
Caused by: org.springframework.kafka.listener.ListenerExecutionFailedException: Listener method 'public void com.test.testboot.kafkaservice.ConsumerService.studentbyidconsumeMessage(java.lang.String)' threw exception
	at org.springframework.kafka.listener.KafkaMessageListenerContainer$ListenerConsumer.decorateException(KafkaMessageListenerContainer.java:2870)
	at org.springframework.kafka.listener.KafkaMessageListenerContainer$ListenerConsumer.doInvokeOnMessage(KafkaMessageListenerContainer.java:2815)
	at org.springframework.kafka.listener.KafkaMessageListenerContainer$ListenerConsumer.invokeOnMessage(KafkaMessageListenerContainer.java:2779)
	at org.springframework.kafka.listener.KafkaMessageListenerContainer$ListenerConsumer.lambda$doInvokeRecordListener$53(KafkaMessageListenerContainer.java:2702)
	... 10 common frames omitted
	Suppressed: org.springframework.kafka.listener.ListenerExecutionFailedException: Restored Stack Trace
		at org.springframework.kafka.listener.adapter.MessagingMessageListenerAdapter.invokeHandler(MessagingMessageListenerAdapter.java:434)
		at org.springframework.kafka.listener.adapter.MessagingMessageListenerAdapter.invoke(MessagingMessageListenerAdapter.java:383)
		at org.springframework.kafka.listener.adapter.RecordMessagingMessageListenerAdapter.onMessage(RecordMessagingMessageListenerAdapter.java:85)
		at org.springframework.kafka.listener.adapter.RecordMessagingMessageListenerAdapter.onMessage(RecordMessagingMessageListenerAdapter.java:50)
		at org.springframework.kafka.listener.KafkaMessageListenerContainer$ListenerConsumer.doInvokeOnMessage(KafkaMessageListenerContainer.java:2801)
Caused by: java.lang.NumberFormatException: For input string: "{"address":"新疆维吾尔自治区伊犁哈瑟可自治州","sex":"男","name":"埃森江","birth":"2025","id":"910","department":"计算机系"}"
	at java.base/java.lang.NumberFormatException.forInputString(NumberFormatException.java:67)
	at java.base/java.lang.Integer.parseInt(Integer.java:588)
	at java.base/java.lang.Integer.parseInt(Integer.java:685)
	at com.test.testboot.kafkaservice.ConsumerService.studentbyidconsumeMessage(ConsumerService.java:28)
	at java.base/jdk.internal.reflect.DirectMethodHandleAccessor.invoke(DirectMethodHandleAccessor.java:103)
	at java.base/java.lang.reflect.Method.invoke(Method.java:580)
	at org.springframework.messaging.handler.invocation.InvocableHandlerMethod.doInvoke(InvocableHandlerMethod.java:169)
	at org.springframework.kafka.listener.adapter.KotlinAwareInvocableHandlerMethod.doInvoke(KotlinAwareInvocableHandlerMethod.java:45)
	at org.springframework.messaging.handler.invocation.InvocableHandlerMethod.invoke(InvocableHandlerMethod.java:119)
	at org.springframework.kafka.listener.adapter.HandlerAdapter.invoke(HandlerAdapter.java:77)
	at org.springframework.kafka.listener.adapter.MessagingMessageListenerAdapter.invokeHandler(MessagingMessageListenerAdapter.java:419)
	at org.springframework.kafka.listener.adapter.MessagingMessageListenerAdapter.invoke(MessagingMessageListenerAdapter.java:383)
	at org.springframework.kafka.listener.adapter.RecordMessagingMessageListenerAdapter.onMessage(RecordMessagingMessageListenerAdapter.java:85)
	at org.springframework.kafka.listener.adapter.RecordMessagingMessageListenerAdapter.onMessage(RecordMessagingMessageListenerAdapter.java:50)
	at org.springframework.kafka.listener.KafkaMessageListenerContainer$ListenerConsumer.doInvokeOnMessage(KafkaMessageListenerContainer.java:2801)
	... 12 common frames omitted
2025-03-24 17:37:35.356 [org.springframework.kafka.KafkaListenerEndpointContainer#0-0-C-1] INFO  com.test.testboot.kafkaservice.ConsumerService - Received message: {"address":"新疆维吾尔自治区伊犁哈瑟可自治州","sex":"男","name":"埃森江","birth":"2025","id":"910","department":"计算机系"}
2025-03-24 17:37:35.367 [org.springframework.kafka.KafkaListenerEndpointContainer#0-0-C-1] INFO  org.apache.kafka.clients.consumer.internals.LegacyKafkaConsumer - [Consumer clientId=consumer-tomge-consumer-group-1, groupId=tomge-consumer-group] Seeking to offset 24 for partition testtopic-0
2025-03-24 17:37:35.367 [org.springframework.kafka.KafkaListenerEndpointContainer#0-0-C-1] ERROR org.springframework.kafka.listener.KafkaMessageListenerContainer - Error handler threw an exception
org.springframework.kafka.KafkaException: Seek to current after exception
	at org.springframework.kafka.listener.SeekUtils.seekOrRecover(SeekUtils.java:227)
	at org.springframework.kafka.listener.DefaultErrorHandler.handleRemaining(DefaultErrorHandler.java:168)
	at org.springframework.kafka.listener.KafkaMessageListenerContainer$ListenerConsumer.invokeErrorHandler(KafkaMessageListenerContainer.java:2837)
	at org.springframework.kafka.listener.KafkaMessageListenerContainer$ListenerConsumer.lambda$doInvokeRecordListener$53(KafkaMessageListenerContainer.java:2714)
	at io.micrometer.observation.Observation.observe(Observation.java:565)
	at org.springframework.kafka.listener.KafkaMessageListenerContainer$ListenerConsumer.doInvokeRecordListener(KafkaMessageListenerContainer.java:2700)
	at org.springframework.kafka.listener.KafkaMessageListenerContainer$ListenerConsumer.doInvokeWithRecords(KafkaMessageListenerContainer.java:2542)
	at org.springframework.kafka.listener.KafkaMessageListenerContainer$ListenerConsumer.invokeRecordListener(KafkaMessageListenerContainer.java:2431)
	at org.springframework.kafka.listener.KafkaMessageListenerContainer$ListenerConsumer.invokeListener(KafkaMessageListenerContainer.java:2086)
	at org.springframework.kafka.listener.KafkaMessageListenerContainer$ListenerConsumer.invokeIfHaveRecords(KafkaMessageListenerContainer.java:1462)
	at org.springframework.kafka.listener.KafkaMessageListenerContainer$ListenerConsumer.pollAndInvoke(KafkaMessageListenerContainer.java:1427)
	at org.springframework.kafka.listener.KafkaMessageListenerContainer$ListenerConsumer.run(KafkaMessageListenerContainer.java:1297)
	at java.base/java.util.concurrent.CompletableFuture$AsyncRun.run(CompletableFuture.java:1848)
	at java.base/java.lang.Thread.run(Thread.java:1575)
Caused by: org.springframework.kafka.listener.ListenerExecutionFailedException: Listener method 'public void com.test.testboot.kafkaservice.ConsumerService.studentbyidconsumeMessage(java.lang.String)' threw exception
	at org.springframework.kafka.listener.KafkaMessageListenerContainer$ListenerConsumer.decorateException(KafkaMessageListenerContainer.java:2870)
	at org.springframework.kafka.listener.KafkaMessageListenerContainer$ListenerConsumer.doInvokeOnMessage(KafkaMessageListenerContainer.java:2815)
	at org.springframework.kafka.listener.KafkaMessageListenerContainer$ListenerConsumer.invokeOnMessage(KafkaMessageListenerContainer.java:2779)
	at org.springframework.kafka.listener.KafkaMessageListenerContainer$ListenerConsumer.lambda$doInvokeRecordListener$53(KafkaMessageListenerContainer.java:2702)
	... 10 common frames omitted
	Suppressed: org.springframework.kafka.listener.ListenerExecutionFailedException: Restored Stack Trace
		at org.springframework.kafka.listener.adapter.MessagingMessageListenerAdapter.invokeHandler(MessagingMessageListenerAdapter.java:434)
		at org.springframework.kafka.listener.adapter.MessagingMessageListenerAdapter.invoke(MessagingMessageListenerAdapter.java:383)
		at org.springframework.kafka.listener.adapter.RecordMessagingMessageListenerAdapter.onMessage(RecordMessagingMessageListenerAdapter.java:85)
		at org.springframework.kafka.listener.adapter.RecordMessagingMessageListenerAdapter.onMessage(RecordMessagingMessageListenerAdapter.java:50)
		at org.springframework.kafka.listener.KafkaMessageListenerContainer$ListenerConsumer.doInvokeOnMessage(KafkaMessageListenerContainer.java:2801)
Caused by: java.lang.NumberFormatException: For input string: "{"address":"新疆维吾尔自治区伊犁哈瑟可自治州","sex":"男","name":"埃森江","birth":"2025","id":"910","department":"计算机系"}"
	at java.base/java.lang.NumberFormatException.forInputString(NumberFormatException.java:67)
	at java.base/java.lang.Integer.parseInt(Integer.java:588)
	at java.base/java.lang.Integer.parseInt(Integer.java:685)
	at com.test.testboot.kafkaservice.ConsumerService.studentbyidconsumeMessage(ConsumerService.java:28)
	at java.base/jdk.internal.reflect.DirectMethodHandleAccessor.invoke(DirectMethodHandleAccessor.java:103)
	at java.base/java.lang.reflect.Method.invoke(Method.java:580)
	at org.springframework.messaging.handler.invocation.InvocableHandlerMethod.doInvoke(InvocableHandlerMethod.java:169)
	at org.springframework.kafka.listener.adapter.KotlinAwareInvocableHandlerMethod.doInvoke(KotlinAwareInvocableHandlerMethod.java:45)
	at org.springframework.messaging.handler.invocation.InvocableHandlerMethod.invoke(InvocableHandlerMethod.java:119)
	at org.springframework.kafka.listener.adapter.HandlerAdapter.invoke(HandlerAdapter.java:77)
	at org.springframework.kafka.listener.adapter.MessagingMessageListenerAdapter.invokeHandler(MessagingMessageListenerAdapter.java:419)
	at org.springframework.kafka.listener.adapter.MessagingMessageListenerAdapter.invoke(MessagingMessageListenerAdapter.java:383)
	at org.springframework.kafka.listener.adapter.RecordMessagingMessageListenerAdapter.onMessage(RecordMessagingMessageListenerAdapter.java:85)
	at org.springframework.kafka.listener.adapter.RecordMessagingMessageListenerAdapter.onMessage(RecordMessagingMessageListenerAdapter.java:50)
	at org.springframework.kafka.listener.KafkaMessageListenerContainer$ListenerConsumer.doInvokeOnMessage(KafkaMessageListenerContainer.java:2801)
	... 12 common frames omitted
2025-03-24 17:37:35.864 [org.springframework.kafka.KafkaListenerEndpointContainer#0-0-C-1] INFO  com.test.testboot.kafkaservice.ConsumerService - Received message: {"address":"新疆维吾尔自治区伊犁哈瑟可自治州","sex":"男","name":"埃森江","birth":"2025","id":"910","department":"计算机系"}
2025-03-24 17:37:35.877 [org.springframework.kafka.KafkaListenerEndpointContainer#0-0-C-1] INFO  org.apache.kafka.clients.consumer.internals.LegacyKafkaConsumer - [Consumer clientId=consumer-tomge-consumer-group-1, groupId=tomge-consumer-group] Seeking to offset 24 for partition testtopic-0
2025-03-24 17:37:35.877 [org.springframework.kafka.KafkaListenerEndpointContainer#0-0-C-1] ERROR org.springframework.kafka.listener.KafkaMessageListenerContainer - Error handler threw an exception
org.springframework.kafka.KafkaException: Seek to current after exception
	at org.springframework.kafka.listener.SeekUtils.seekOrRecover(SeekUtils.java:227)
	at org.springframework.kafka.listener.DefaultErrorHandler.handleRemaining(DefaultErrorHandler.java:168)
	at org.springframework.kafka.listener.KafkaMessageListenerContainer$ListenerConsumer.invokeErrorHandler(KafkaMessageListenerContainer.java:2837)
	at org.springframework.kafka.listener.KafkaMessageListenerContainer$ListenerConsumer.lambda$doInvokeRecordListener$53(KafkaMessageListenerContainer.java:2714)
	at io.micrometer.observation.Observation.observe(Observation.java:565)
	at org.springframework.kafka.listener.KafkaMessageListenerContainer$ListenerConsumer.doInvokeRecordListener(KafkaMessageListenerContainer.java:2700)
	at org.springframework.kafka.listener.KafkaMessageListenerContainer$ListenerConsumer.doInvokeWithRecords(KafkaMessageListenerContainer.java:2542)
	at org.springframework.kafka.listener.KafkaMessageListenerContainer$ListenerConsumer.invokeRecordListener(KafkaMessageListenerContainer.java:2431)
	at org.springframework.kafka.listener.KafkaMessageListenerContainer$ListenerConsumer.invokeListener(KafkaMessageListenerContainer.java:2086)
	at org.springframework.kafka.listener.KafkaMessageListenerContainer$ListenerConsumer.invokeIfHaveRecords(KafkaMessageListenerContainer.java:1462)
	at org.springframework.kafka.listener.KafkaMessageListenerContainer$ListenerConsumer.pollAndInvoke(KafkaMessageListenerContainer.java:1427)
	at org.springframework.kafka.listener.KafkaMessageListenerContainer$ListenerConsumer.run(KafkaMessageListenerContainer.java:1297)
	at java.base/java.util.concurrent.CompletableFuture$AsyncRun.run(CompletableFuture.java:1848)
	at java.base/java.lang.Thread.run(Thread.java:1575)
Caused by: org.springframework.kafka.listener.ListenerExecutionFailedException: Listener method 'public void com.test.testboot.kafkaservice.ConsumerService.studentbyidconsumeMessage(java.lang.String)' threw exception
	at org.springframework.kafka.listener.KafkaMessageListenerContainer$ListenerConsumer.decorateException(KafkaMessageListenerContainer.java:2870)
	at org.springframework.kafka.listener.KafkaMessageListenerContainer$ListenerConsumer.doInvokeOnMessage(KafkaMessageListenerContainer.java:2815)
	at org.springframework.kafka.listener.KafkaMessageListenerContainer$ListenerConsumer.invokeOnMessage(KafkaMessageListenerContainer.java:2779)
	at org.springframework.kafka.listener.KafkaMessageListenerContainer$ListenerConsumer.lambda$doInvokeRecordListener$53(KafkaMessageListenerContainer.java:2702)
	... 10 common frames omitted
	Suppressed: org.springframework.kafka.listener.ListenerExecutionFailedException: Restored Stack Trace
		at org.springframework.kafka.listener.adapter.MessagingMessageListenerAdapter.invokeHandler(MessagingMessageListenerAdapter.java:434)
		at org.springframework.kafka.listener.adapter.MessagingMessageListenerAdapter.invoke(MessagingMessageListenerAdapter.java:383)
		at org.springframework.kafka.listener.adapter.RecordMessagingMessageListenerAdapter.onMessage(RecordMessagingMessageListenerAdapter.java:85)
		at org.springframework.kafka.listener.adapter.RecordMessagingMessageListenerAdapter.onMessage(RecordMessagingMessageListenerAdapter.java:50)
		at org.springframework.kafka.listener.KafkaMessageListenerContainer$ListenerConsumer.doInvokeOnMessage(KafkaMessageListenerContainer.java:2801)
Caused by: java.lang.NumberFormatException: For input string: "{"address":"新疆维吾尔自治区伊犁哈瑟可自治州","sex":"男","name":"埃森江","birth":"2025","id":"910","department":"计算机系"}"
	at java.base/java.lang.NumberFormatException.forInputString(NumberFormatException.java:67)
	at java.base/java.lang.Integer.parseInt(Integer.java:588)
	at java.base/java.lang.Integer.parseInt(Integer.java:685)
	at com.test.testboot.kafkaservice.ConsumerService.studentbyidconsumeMessage(ConsumerService.java:28)
	at java.base/jdk.internal.reflect.DirectMethodHandleAccessor.invoke(DirectMethodHandleAccessor.java:103)
	at java.base/java.lang.reflect.Method.invoke(Method.java:580)
	at org.springframework.messaging.handler.invocation.InvocableHandlerMethod.doInvoke(InvocableHandlerMethod.java:169)
	at org.springframework.kafka.listener.adapter.KotlinAwareInvocableHandlerMethod.doInvoke(KotlinAwareInvocableHandlerMethod.java:45)
	at org.springframework.messaging.handler.invocation.InvocableHandlerMethod.invoke(InvocableHandlerMethod.java:119)
	at org.springframework.kafka.listener.adapter.HandlerAdapter.invoke(HandlerAdapter.java:77)
	at org.springframework.kafka.listener.adapter.MessagingMessageListenerAdapter.invokeHandler(MessagingMessageListenerAdapter.java:419)
	at org.springframework.kafka.listener.adapter.MessagingMessageListenerAdapter.invoke(MessagingMessageListenerAdapter.java:383)
	at org.springframework.kafka.listener.adapter.RecordMessagingMessageListenerAdapter.onMessage(RecordMessagingMessageListenerAdapter.java:85)
	at org.springframework.kafka.listener.adapter.RecordMessagingMessageListenerAdapter.onMessage(RecordMessagingMessageListenerAdapter.java:50)
	at org.springframework.kafka.listener.KafkaMessageListenerContainer$ListenerConsumer.doInvokeOnMessage(KafkaMessageListenerContainer.java:2801)
	... 12 common frames omitted
2025-03-24 17:37:36.369 [org.springframework.kafka.KafkaListenerEndpointContainer#0-0-C-1] INFO  com.test.testboot.kafkaservice.ConsumerService - Received message: {"address":"新疆维吾尔自治区伊犁哈瑟可自治州","sex":"男","name":"埃森江","birth":"2025","id":"910","department":"计算机系"}
2025-03-24 17:37:36.384 [org.springframework.kafka.KafkaListenerEndpointContainer#0-0-C-1] INFO  org.apache.kafka.clients.consumer.internals.LegacyKafkaConsumer - [Consumer clientId=consumer-tomge-consumer-group-1, groupId=tomge-consumer-group] Seeking to offset 24 for partition testtopic-0
2025-03-24 17:37:36.384 [org.springframework.kafka.KafkaListenerEndpointContainer#0-0-C-1] ERROR org.springframework.kafka.listener.KafkaMessageListenerContainer - Error handler threw an exception
org.springframework.kafka.KafkaException: Seek to current after exception
	at org.springframework.kafka.listener.SeekUtils.seekOrRecover(SeekUtils.java:227)
	at org.springframework.kafka.listener.DefaultErrorHandler.handleRemaining(DefaultErrorHandler.java:168)
	at org.springframework.kafka.listener.KafkaMessageListenerContainer$ListenerConsumer.invokeErrorHandler(KafkaMessageListenerContainer.java:2837)
	at org.springframework.kafka.listener.KafkaMessageListenerContainer$ListenerConsumer.lambda$doInvokeRecordListener$53(KafkaMessageListenerContainer.java:2714)
	at io.micrometer.observation.Observation.observe(Observation.java:565)
	at org.springframework.kafka.listener.KafkaMessageListenerContainer$ListenerConsumer.doInvokeRecordListener(KafkaMessageListenerContainer.java:2700)
	at org.springframework.kafka.listener.KafkaMessageListenerContainer$ListenerConsumer.doInvokeWithRecords(KafkaMessageListenerContainer.java:2542)
	at org.springframework.kafka.listener.KafkaMessageListenerContainer$ListenerConsumer.invokeRecordListener(KafkaMessageListenerContainer.java:2431)
	at org.springframework.kafka.listener.KafkaMessageListenerContainer$ListenerConsumer.invokeListener(KafkaMessageListenerContainer.java:2086)
	at org.springframework.kafka.listener.KafkaMessageListenerContainer$ListenerConsumer.invokeIfHaveRecords(KafkaMessageListenerContainer.java:1462)
	at org.springframework.kafka.listener.KafkaMessageListenerContainer$ListenerConsumer.pollAndInvoke(KafkaMessageListenerContainer.java:1427)
	at org.springframework.kafka.listener.KafkaMessageListenerContainer$ListenerConsumer.run(KafkaMessageListenerContainer.java:1297)
	at java.base/java.util.concurrent.CompletableFuture$AsyncRun.run(CompletableFuture.java:1848)
	at java.base/java.lang.Thread.run(Thread.java:1575)
Caused by: org.springframework.kafka.listener.ListenerExecutionFailedException: Listener method 'public void com.test.testboot.kafkaservice.ConsumerService.studentbyidconsumeMessage(java.lang.String)' threw exception
	at org.springframework.kafka.listener.KafkaMessageListenerContainer$ListenerConsumer.decorateException(KafkaMessageListenerContainer.java:2870)
	at org.springframework.kafka.listener.KafkaMessageListenerContainer$ListenerConsumer.doInvokeOnMessage(KafkaMessageListenerContainer.java:2815)
	at org.springframework.kafka.listener.KafkaMessageListenerContainer$ListenerConsumer.invokeOnMessage(KafkaMessageListenerContainer.java:2779)
	at org.springframework.kafka.listener.KafkaMessageListenerContainer$ListenerConsumer.lambda$doInvokeRecordListener$53(KafkaMessageListenerContainer.java:2702)
	... 10 common frames omitted
	Suppressed: org.springframework.kafka.listener.ListenerExecutionFailedException: Restored Stack Trace
		at org.springframework.kafka.listener.adapter.MessagingMessageListenerAdapter.invokeHandler(MessagingMessageListenerAdapter.java:434)
		at org.springframework.kafka.listener.adapter.MessagingMessageListenerAdapter.invoke(MessagingMessageListenerAdapter.java:383)
		at org.springframework.kafka.listener.adapter.RecordMessagingMessageListenerAdapter.onMessage(RecordMessagingMessageListenerAdapter.java:85)
		at org.springframework.kafka.listener.adapter.RecordMessagingMessageListenerAdapter.onMessage(RecordMessagingMessageListenerAdapter.java:50)
		at org.springframework.kafka.listener.KafkaMessageListenerContainer$ListenerConsumer.doInvokeOnMessage(KafkaMessageListenerContainer.java:2801)
Caused by: java.lang.NumberFormatException: For input string: "{"address":"新疆维吾尔自治区伊犁哈瑟可自治州","sex":"男","name":"埃森江","birth":"2025","id":"910","department":"计算机系"}"
	at java.base/java.lang.NumberFormatException.forInputString(NumberFormatException.java:67)
	at java.base/java.lang.Integer.parseInt(Integer.java:588)
	at java.base/java.lang.Integer.parseInt(Integer.java:685)
	at com.test.testboot.kafkaservice.ConsumerService.studentbyidconsumeMessage(ConsumerService.java:28)
	at java.base/jdk.internal.reflect.DirectMethodHandleAccessor.invoke(DirectMethodHandleAccessor.java:103)
	at java.base/java.lang.reflect.Method.invoke(Method.java:580)
	at org.springframework.messaging.handler.invocation.InvocableHandlerMethod.doInvoke(InvocableHandlerMethod.java:169)
	at org.springframework.kafka.listener.adapter.KotlinAwareInvocableHandlerMethod.doInvoke(KotlinAwareInvocableHandlerMethod.java:45)
	at org.springframework.messaging.handler.invocation.InvocableHandlerMethod.invoke(InvocableHandlerMethod.java:119)
	at org.springframework.kafka.listener.adapter.HandlerAdapter.invoke(HandlerAdapter.java:77)
	at org.springframework.kafka.listener.adapter.MessagingMessageListenerAdapter.invokeHandler(MessagingMessageListenerAdapter.java:419)
	at org.springframework.kafka.listener.adapter.MessagingMessageListenerAdapter.invoke(MessagingMessageListenerAdapter.java:383)
	at org.springframework.kafka.listener.adapter.RecordMessagingMessageListenerAdapter.onMessage(RecordMessagingMessageListenerAdapter.java:85)
	at org.springframework.kafka.listener.adapter.RecordMessagingMessageListenerAdapter.onMessage(RecordMessagingMessageListenerAdapter.java:50)
	at org.springframework.kafka.listener.KafkaMessageListenerContainer$ListenerConsumer.doInvokeOnMessage(KafkaMessageListenerContainer.java:2801)
	... 12 common frames omitted
2025-03-24 17:37:36.875 [org.springframework.kafka.KafkaListenerEndpointContainer#0-0-C-1] INFO  com.test.testboot.kafkaservice.ConsumerService - Received message: {"address":"新疆维吾尔自治区伊犁哈瑟可自治州","sex":"男","name":"埃森江","birth":"2025","id":"910","department":"计算机系"}
2025-03-24 17:37:36.889 [org.springframework.kafka.KafkaListenerEndpointContainer#0-0-C-1] INFO  org.apache.kafka.clients.consumer.internals.LegacyKafkaConsumer - [Consumer clientId=consumer-tomge-consumer-group-1, groupId=tomge-consumer-group] Seeking to offset 24 for partition testtopic-0
2025-03-24 17:37:36.890 [org.springframework.kafka.KafkaListenerEndpointContainer#0-0-C-1] ERROR org.springframework.kafka.listener.KafkaMessageListenerContainer - Error handler threw an exception
org.springframework.kafka.KafkaException: Seek to current after exception
	at org.springframework.kafka.listener.SeekUtils.seekOrRecover(SeekUtils.java:227)
	at org.springframework.kafka.listener.DefaultErrorHandler.handleRemaining(DefaultErrorHandler.java:168)
	at org.springframework.kafka.listener.KafkaMessageListenerContainer$ListenerConsumer.invokeErrorHandler(KafkaMessageListenerContainer.java:2837)
	at org.springframework.kafka.listener.KafkaMessageListenerContainer$ListenerConsumer.lambda$doInvokeRecordListener$53(KafkaMessageListenerContainer.java:2714)
	at io.micrometer.observation.Observation.observe(Observation.java:565)
	at org.springframework.kafka.listener.KafkaMessageListenerContainer$ListenerConsumer.doInvokeRecordListener(KafkaMessageListenerContainer.java:2700)
	at org.springframework.kafka.listener.KafkaMessageListenerContainer$ListenerConsumer.doInvokeWithRecords(KafkaMessageListenerContainer.java:2542)
	at org.springframework.kafka.listener.KafkaMessageListenerContainer$ListenerConsumer.invokeRecordListener(KafkaMessageListenerContainer.java:2431)
	at org.springframework.kafka.listener.KafkaMessageListenerContainer$ListenerConsumer.invokeListener(KafkaMessageListenerContainer.java:2086)
	at org.springframework.kafka.listener.KafkaMessageListenerContainer$ListenerConsumer.invokeIfHaveRecords(KafkaMessageListenerContainer.java:1462)
	at org.springframework.kafka.listener.KafkaMessageListenerContainer$ListenerConsumer.pollAndInvoke(KafkaMessageListenerContainer.java:1427)
	at org.springframework.kafka.listener.KafkaMessageListenerContainer$ListenerConsumer.run(KafkaMessageListenerContainer.java:1297)
	at java.base/java.util.concurrent.CompletableFuture$AsyncRun.run(CompletableFuture.java:1848)
	at java.base/java.lang.Thread.run(Thread.java:1575)
Caused by: org.springframework.kafka.listener.ListenerExecutionFailedException: Listener method 'public void com.test.testboot.kafkaservice.ConsumerService.studentbyidconsumeMessage(java.lang.String)' threw exception
	at org.springframework.kafka.listener.KafkaMessageListenerContainer$ListenerConsumer.decorateException(KafkaMessageListenerContainer.java:2870)
	at org.springframework.kafka.listener.KafkaMessageListenerContainer$ListenerConsumer.doInvokeOnMessage(KafkaMessageListenerContainer.java:2815)
	at org.springframework.kafka.listener.KafkaMessageListenerContainer$ListenerConsumer.invokeOnMessage(KafkaMessageListenerContainer.java:2779)
	at org.springframework.kafka.listener.KafkaMessageListenerContainer$ListenerConsumer.lambda$doInvokeRecordListener$53(KafkaMessageListenerContainer.java:2702)
	... 10 common frames omitted
	Suppressed: org.springframework.kafka.listener.ListenerExecutionFailedException: Restored Stack Trace
		at org.springframework.kafka.listener.adapter.MessagingMessageListenerAdapter.invokeHandler(MessagingMessageListenerAdapter.java:434)
		at org.springframework.kafka.listener.adapter.MessagingMessageListenerAdapter.invoke(MessagingMessageListenerAdapter.java:383)
		at org.springframework.kafka.listener.adapter.RecordMessagingMessageListenerAdapter.onMessage(RecordMessagingMessageListenerAdapter.java:85)
		at org.springframework.kafka.listener.adapter.RecordMessagingMessageListenerAdapter.onMessage(RecordMessagingMessageListenerAdapter.java:50)
		at org.springframework.kafka.listener.KafkaMessageListenerContainer$ListenerConsumer.doInvokeOnMessage(KafkaMessageListenerContainer.java:2801)
Caused by: java.lang.NumberFormatException: For input string: "{"address":"新疆维吾尔自治区伊犁哈瑟可自治州","sex":"男","name":"埃森江","birth":"2025","id":"910","department":"计算机系"}"
	at java.base/java.lang.NumberFormatException.forInputString(NumberFormatException.java:67)
	at java.base/java.lang.Integer.parseInt(Integer.java:588)
	at java.base/java.lang.Integer.parseInt(Integer.java:685)
	at com.test.testboot.kafkaservice.ConsumerService.studentbyidconsumeMessage(ConsumerService.java:28)
	at java.base/jdk.internal.reflect.DirectMethodHandleAccessor.invoke(DirectMethodHandleAccessor.java:103)
	at java.base/java.lang.reflect.Method.invoke(Method.java:580)
	at org.springframework.messaging.handler.invocation.InvocableHandlerMethod.doInvoke(InvocableHandlerMethod.java:169)
	at org.springframework.kafka.listener.adapter.KotlinAwareInvocableHandlerMethod.doInvoke(KotlinAwareInvocableHandlerMethod.java:45)
	at org.springframework.messaging.handler.invocation.InvocableHandlerMethod.invoke(InvocableHandlerMethod.java:119)
	at org.springframework.kafka.listener.adapter.HandlerAdapter.invoke(HandlerAdapter.java:77)
	at org.springframework.kafka.listener.adapter.MessagingMessageListenerAdapter.invokeHandler(MessagingMessageListenerAdapter.java:419)
	at org.springframework.kafka.listener.adapter.MessagingMessageListenerAdapter.invoke(MessagingMessageListenerAdapter.java:383)
	at org.springframework.kafka.listener.adapter.RecordMessagingMessageListenerAdapter.onMessage(RecordMessagingMessageListenerAdapter.java:85)
	at org.springframework.kafka.listener.adapter.RecordMessagingMessageListenerAdapter.onMessage(RecordMessagingMessageListenerAdapter.java:50)
	at org.springframework.kafka.listener.KafkaMessageListenerContainer$ListenerConsumer.doInvokeOnMessage(KafkaMessageListenerContainer.java:2801)
	... 12 common frames omitted
2025-03-24 17:37:37.384 [org.springframework.kafka.KafkaListenerEndpointContainer#0-0-C-1] INFO  com.test.testboot.kafkaservice.ConsumerService - Received message: {"address":"新疆维吾尔自治区伊犁哈瑟可自治州","sex":"男","name":"埃森江","birth":"2025","id":"910","department":"计算机系"}
2025-03-24 17:37:37.397 [org.springframework.kafka.KafkaListenerEndpointContainer#0-0-C-1] INFO  org.apache.kafka.clients.consumer.internals.LegacyKafkaConsumer - [Consumer clientId=consumer-tomge-consumer-group-1, groupId=tomge-consumer-group] Seeking to offset 24 for partition testtopic-0
2025-03-24 17:37:37.398 [org.springframework.kafka.KafkaListenerEndpointContainer#0-0-C-1] ERROR org.springframework.kafka.listener.KafkaMessageListenerContainer - Error handler threw an exception
org.springframework.kafka.KafkaException: Seek to current after exception
	at org.springframework.kafka.listener.SeekUtils.seekOrRecover(SeekUtils.java:227)
	at org.springframework.kafka.listener.DefaultErrorHandler.handleRemaining(DefaultErrorHandler.java:168)
	at org.springframework.kafka.listener.KafkaMessageListenerContainer$ListenerConsumer.invokeErrorHandler(KafkaMessageListenerContainer.java:2837)
	at org.springframework.kafka.listener.KafkaMessageListenerContainer$ListenerConsumer.lambda$doInvokeRecordListener$53(KafkaMessageListenerContainer.java:2714)
	at io.micrometer.observation.Observation.observe(Observation.java:565)
	at org.springframework.kafka.listener.KafkaMessageListenerContainer$ListenerConsumer.doInvokeRecordListener(KafkaMessageListenerContainer.java:2700)
	at org.springframework.kafka.listener.KafkaMessageListenerContainer$ListenerConsumer.doInvokeWithRecords(KafkaMessageListenerContainer.java:2542)
	at org.springframework.kafka.listener.KafkaMessageListenerContainer$ListenerConsumer.invokeRecordListener(KafkaMessageListenerContainer.java:2431)
	at org.springframework.kafka.listener.KafkaMessageListenerContainer$ListenerConsumer.invokeListener(KafkaMessageListenerContainer.java:2086)
	at org.springframework.kafka.listener.KafkaMessageListenerContainer$ListenerConsumer.invokeIfHaveRecords(KafkaMessageListenerContainer.java:1462)
	at org.springframework.kafka.listener.KafkaMessageListenerContainer$ListenerConsumer.pollAndInvoke(KafkaMessageListenerContainer.java:1427)
	at org.springframework.kafka.listener.KafkaMessageListenerContainer$ListenerConsumer.run(KafkaMessageListenerContainer.java:1297)
	at java.base/java.util.concurrent.CompletableFuture$AsyncRun.run(CompletableFuture.java:1848)
	at java.base/java.lang.Thread.run(Thread.java:1575)
Caused by: org.springframework.kafka.listener.ListenerExecutionFailedException: Listener method 'public void com.test.testboot.kafkaservice.ConsumerService.studentbyidconsumeMessage(java.lang.String)' threw exception
	at org.springframework.kafka.listener.KafkaMessageListenerContainer$ListenerConsumer.decorateException(KafkaMessageListenerContainer.java:2870)
	at org.springframework.kafka.listener.KafkaMessageListenerContainer$ListenerConsumer.doInvokeOnMessage(KafkaMessageListenerContainer.java:2815)
	at org.springframework.kafka.listener.KafkaMessageListenerContainer$ListenerConsumer.invokeOnMessage(KafkaMessageListenerContainer.java:2779)
	at org.springframework.kafka.listener.KafkaMessageListenerContainer$ListenerConsumer.lambda$doInvokeRecordListener$53(KafkaMessageListenerContainer.java:2702)
	... 10 common frames omitted
	Suppressed: org.springframework.kafka.listener.ListenerExecutionFailedException: Restored Stack Trace
		at org.springframework.kafka.listener.adapter.MessagingMessageListenerAdapter.invokeHandler(MessagingMessageListenerAdapter.java:434)
		at org.springframework.kafka.listener.adapter.MessagingMessageListenerAdapter.invoke(MessagingMessageListenerAdapter.java:383)
		at org.springframework.kafka.listener.adapter.RecordMessagingMessageListenerAdapter.onMessage(RecordMessagingMessageListenerAdapter.java:85)
		at org.springframework.kafka.listener.adapter.RecordMessagingMessageListenerAdapter.onMessage(RecordMessagingMessageListenerAdapter.java:50)
		at org.springframework.kafka.listener.KafkaMessageListenerContainer$ListenerConsumer.doInvokeOnMessage(KafkaMessageListenerContainer.java:2801)
Caused by: java.lang.NumberFormatException: For input string: "{"address":"新疆维吾尔自治区伊犁哈瑟可自治州","sex":"男","name":"埃森江","birth":"2025","id":"910","department":"计算机系"}"
	at java.base/java.lang.NumberFormatException.forInputString(NumberFormatException.java:67)
	at java.base/java.lang.Integer.parseInt(Integer.java:588)
	at java.base/java.lang.Integer.parseInt(Integer.java:685)
	at com.test.testboot.kafkaservice.ConsumerService.studentbyidconsumeMessage(ConsumerService.java:28)
	at java.base/jdk.internal.reflect.DirectMethodHandleAccessor.invoke(DirectMethodHandleAccessor.java:103)
	at java.base/java.lang.reflect.Method.invoke(Method.java:580)
	at org.springframework.messaging.handler.invocation.InvocableHandlerMethod.doInvoke(InvocableHandlerMethod.java:169)
	at org.springframework.kafka.listener.adapter.KotlinAwareInvocableHandlerMethod.doInvoke(KotlinAwareInvocableHandlerMethod.java:45)
	at org.springframework.messaging.handler.invocation.InvocableHandlerMethod.invoke(InvocableHandlerMethod.java:119)
	at org.springframework.kafka.listener.adapter.HandlerAdapter.invoke(HandlerAdapter.java:77)
	at org.springframework.kafka.listener.adapter.MessagingMessageListenerAdapter.invokeHandler(MessagingMessageListenerAdapter.java:419)
	at org.springframework.kafka.listener.adapter.MessagingMessageListenerAdapter.invoke(MessagingMessageListenerAdapter.java:383)
	at org.springframework.kafka.listener.adapter.RecordMessagingMessageListenerAdapter.onMessage(RecordMessagingMessageListenerAdapter.java:85)
	at org.springframework.kafka.listener.adapter.RecordMessagingMessageListenerAdapter.onMessage(RecordMessagingMessageListenerAdapter.java:50)
	at org.springframework.kafka.listener.KafkaMessageListenerContainer$ListenerConsumer.doInvokeOnMessage(KafkaMessageListenerContainer.java:2801)
	... 12 common frames omitted
2025-03-24 17:37:37.893 [org.springframework.kafka.KafkaListenerEndpointContainer#0-0-C-1] INFO  com.test.testboot.kafkaservice.ConsumerService - Received message: {"address":"新疆维吾尔自治区伊犁哈瑟可自治州","sex":"男","name":"埃森江","birth":"2025","id":"910","department":"计算机系"}
2025-03-24 17:37:37.900 [org.springframework.kafka.KafkaListenerEndpointContainer#0-0-C-1] ERROR org.springframework.kafka.listener.DefaultErrorHandler - Backoff FixedBackOff{interval=0, currentAttempts=10, maxAttempts=9} exhausted for testtopic-0@24
org.springframework.kafka.listener.ListenerExecutionFailedException: Listener method 'public void com.test.testboot.kafkaservice.ConsumerService.studentbyidconsumeMessage(java.lang.String)' threw exception
	at org.springframework.kafka.listener.KafkaMessageListenerContainer$ListenerConsumer.decorateException(KafkaMessageListenerContainer.java:2870)
	at org.springframework.kafka.listener.KafkaMessageListenerContainer$ListenerConsumer.doInvokeOnMessage(KafkaMessageListenerContainer.java:2815)
	at org.springframework.kafka.listener.KafkaMessageListenerContainer$ListenerConsumer.invokeOnMessage(KafkaMessageListenerContainer.java:2779)
	at org.springframework.kafka.listener.KafkaMessageListenerContainer$ListenerConsumer.lambda$doInvokeRecordListener$53(KafkaMessageListenerContainer.java:2702)
	at io.micrometer.observation.Observation.observe(Observation.java:565)
	at org.springframework.kafka.listener.KafkaMessageListenerContainer$ListenerConsumer.doInvokeRecordListener(KafkaMessageListenerContainer.java:2700)
	at org.springframework.kafka.listener.KafkaMessageListenerContainer$ListenerConsumer.doInvokeWithRecords(KafkaMessageListenerContainer.java:2542)
	at org.springframework.kafka.listener.KafkaMessageListenerContainer$ListenerConsumer.invokeRecordListener(KafkaMessageListenerContainer.java:2431)
	at org.springframework.kafka.listener.KafkaMessageListenerContainer$ListenerConsumer.invokeListener(KafkaMessageListenerContainer.java:2086)
	at org.springframework.kafka.listener.KafkaMessageListenerContainer$ListenerConsumer.invokeIfHaveRecords(KafkaMessageListenerContainer.java:1462)
	at org.springframework.kafka.listener.KafkaMessageListenerContainer$ListenerConsumer.pollAndInvoke(KafkaMessageListenerContainer.java:1427)
	at org.springframework.kafka.listener.KafkaMessageListenerContainer$ListenerConsumer.run(KafkaMessageListenerContainer.java:1297)
	at java.base/java.util.concurrent.CompletableFuture$AsyncRun.run(CompletableFuture.java:1848)
	at java.base/java.lang.Thread.run(Thread.java:1575)
	Suppressed: org.springframework.kafka.listener.ListenerExecutionFailedException: Restored Stack Trace
		at org.springframework.kafka.listener.adapter.MessagingMessageListenerAdapter.invokeHandler(MessagingMessageListenerAdapter.java:434)
		at org.springframework.kafka.listener.adapter.MessagingMessageListenerAdapter.invoke(MessagingMessageListenerAdapter.java:383)
		at org.springframework.kafka.listener.adapter.RecordMessagingMessageListenerAdapter.onMessage(RecordMessagingMessageListenerAdapter.java:85)
		at org.springframework.kafka.listener.adapter.RecordMessagingMessageListenerAdapter.onMessage(RecordMessagingMessageListenerAdapter.java:50)
		at org.springframework.kafka.listener.KafkaMessageListenerContainer$ListenerConsumer.doInvokeOnMessage(KafkaMessageListenerContainer.java:2801)
Caused by: java.lang.NumberFormatException: For input string: "{"address":"新疆维吾尔自治区伊犁哈瑟可自治州","sex":"男","name":"埃森江","birth":"2025","id":"910","department":"计算机系"}"
	at java.base/java.lang.NumberFormatException.forInputString(NumberFormatException.java:67)
	at java.base/java.lang.Integer.parseInt(Integer.java:588)
	at java.base/java.lang.Integer.parseInt(Integer.java:685)
	at com.test.testboot.kafkaservice.ConsumerService.studentbyidconsumeMessage(ConsumerService.java:28)
	at java.base/jdk.internal.reflect.DirectMethodHandleAccessor.invoke(DirectMethodHandleAccessor.java:103)
	at java.base/java.lang.reflect.Method.invoke(Method.java:580)
	at org.springframework.messaging.handler.invocation.InvocableHandlerMethod.doInvoke(InvocableHandlerMethod.java:169)
	at org.springframework.kafka.listener.adapter.KotlinAwareInvocableHandlerMethod.doInvoke(KotlinAwareInvocableHandlerMethod.java:45)
	at org.springframework.messaging.handler.invocation.InvocableHandlerMethod.invoke(InvocableHandlerMethod.java:119)
	at org.springframework.kafka.listener.adapter.HandlerAdapter.invoke(HandlerAdapter.java:77)
	at org.springframework.kafka.listener.adapter.MessagingMessageListenerAdapter.invokeHandler(MessagingMessageListenerAdapter.java:419)
	at org.springframework.kafka.listener.adapter.MessagingMessageListenerAdapter.invoke(MessagingMessageListenerAdapter.java:383)
	at org.springframework.kafka.listener.adapter.RecordMessagingMessageListenerAdapter.onMessage(RecordMessagingMessageListenerAdapter.java:85)
	at org.springframework.kafka.listener.adapter.RecordMessagingMessageListenerAdapter.onMessage(RecordMessagingMessageListenerAdapter.java:50)
	at org.springframework.kafka.listener.KafkaMessageListenerContainer$ListenerConsumer.doInvokeOnMessage(KafkaMessageListenerContainer.java:2801)
	... 12 common frames omitted
2025-03-24 17:46:29.805 [org.springframework.kafka.KafkaListenerEndpointContainer#1-0-C-1] INFO  org.apache.kafka.clients.NetworkClient - [Consumer clientId=consumer-tomge-consumer-group-2, groupId=tomge-consumer-group] Node -1 disconnected.
2025-03-24 17:46:29.955 [org.springframework.kafka.KafkaListenerEndpointContainer#0-0-C-1] INFO  org.apache.kafka.clients.NetworkClient - [Consumer clientId=consumer-tomge-consumer-group-1, groupId=tomge-consumer-group] Node -1 disconnected.
2025-03-24 17:46:33.326 [kafka-producer-network-thread | testspringboot-producer-1] INFO  org.apache.kafka.clients.NetworkClient - [Producer clientId=testspringboot-producer-1] Node -1 disconnected.
2025-03-24 17:56:29.926 [org.springframework.kafka.KafkaListenerEndpointContainer#1-0-C-1] INFO  org.apache.kafka.clients.NetworkClient - [Consumer clientId=consumer-tomge-consumer-group-2, groupId=tomge-consumer-group] Node -1 disconnected.
2025-03-24 17:56:29.966 [org.springframework.kafka.KafkaListenerEndpointContainer#0-0-C-1] INFO  org.apache.kafka.clients.NetworkClient - [Consumer clientId=consumer-tomge-consumer-group-1, groupId=tomge-consumer-group] Node -1 disconnected.
2025-03-24 17:57:03.337 [kafka-producer-network-thread | testspringboot-producer-1] INFO  org.apache.kafka.clients.NetworkClient - [Producer clientId=testspringboot-producer-1] Node -1 disconnected.
2025-03-24 18:50:17.135 [kafka-coordinator-heartbeat-thread | tomge-consumer-group] INFO  org.apache.kafka.clients.consumer.internals.ConsumerCoordinator - [Consumer clientId=consumer-tomge-consumer-group-2, groupId=tomge-consumer-group] Group coordinator localhost:9092 (id: 2147483647 rack: null) is unavailable or invalid due to cause: session timed out without receiving a heartbeat response. isDisconnected: false. Rediscovery will be attempted.
2025-03-24 18:50:17.216 [kafka-coordinator-heartbeat-thread | tomge-consumer-group] INFO  org.apache.kafka.clients.consumer.internals.ConsumerCoordinator - [Consumer clientId=consumer-tomge-consumer-group-1, groupId=tomge-consumer-group] Group coordinator localhost:9092 (id: 2147483647 rack: null) is unavailable or invalid due to cause: session timed out without receiving a heartbeat response. isDisconnected: false. Rediscovery will be attempted.
2025-03-24 18:50:17.239 [kafka-coordinator-heartbeat-thread | tomge-consumer-group] INFO  org.apache.kafka.clients.consumer.internals.ConsumerCoordinator - [Consumer clientId=consumer-tomge-consumer-group-2, groupId=tomge-consumer-group] Requesting disconnect from last known coordinator localhost:9092 (id: 2147483647 rack: null)
2025-03-24 18:50:17.242 [kafka-coordinator-heartbeat-thread | tomge-consumer-group] INFO  org.apache.kafka.clients.consumer.internals.ConsumerCoordinator - [Consumer clientId=consumer-tomge-consumer-group-1, groupId=tomge-consumer-group] Requesting disconnect from last known coordinator localhost:9092 (id: 2147483647 rack: null)
2025-03-24 18:50:17.242 [kafka-coordinator-heartbeat-thread | tomge-consumer-group] INFO  org.apache.kafka.clients.NetworkClient - [Consumer clientId=consumer-tomge-consumer-group-1, groupId=tomge-consumer-group] Client requested disconnect from node 2147483647
2025-03-24 18:50:17.242 [kafka-coordinator-heartbeat-thread | tomge-consumer-group] INFO  org.apache.kafka.clients.NetworkClient - [Consumer clientId=consumer-tomge-consumer-group-2, groupId=tomge-consumer-group] Client requested disconnect from node 2147483647
2025-03-24 18:50:17.246 [org.springframework.kafka.KafkaListenerEndpointContainer#1-0-C-1] INFO  org.apache.kafka.clients.consumer.internals.ConsumerCoordinator - [Consumer clientId=consumer-tomge-consumer-group-2, groupId=tomge-consumer-group] Discovered group coordinator localhost:9092 (id: 2147483647 rack: null)
2025-03-24 18:50:17.246 [org.springframework.kafka.KafkaListenerEndpointContainer#1-0-C-1] INFO  org.apache.kafka.clients.consumer.internals.ConsumerCoordinator - [Consumer clientId=consumer-tomge-consumer-group-2, groupId=tomge-consumer-group] Group coordinator localhost:9092 (id: 2147483647 rack: null) is unavailable or invalid due to cause: coordinator unavailable. isDisconnected: false. Rediscovery will be attempted.
2025-03-24 18:50:17.246 [org.springframework.kafka.KafkaListenerEndpointContainer#0-0-C-1] INFO  org.apache.kafka.clients.consumer.internals.ConsumerCoordinator - [Consumer clientId=consumer-tomge-consumer-group-1, groupId=tomge-consumer-group] Discovered group coordinator localhost:9092 (id: 2147483647 rack: null)
2025-03-24 18:50:17.246 [org.springframework.kafka.KafkaListenerEndpointContainer#1-0-C-1] INFO  org.apache.kafka.clients.consumer.internals.ConsumerCoordinator - [Consumer clientId=consumer-tomge-consumer-group-2, groupId=tomge-consumer-group] Requesting disconnect from last known coordinator localhost:9092 (id: 2147483647 rack: null)
2025-03-24 18:50:17.246 [org.springframework.kafka.KafkaListenerEndpointContainer#0-0-C-1] INFO  org.apache.kafka.clients.consumer.internals.ConsumerCoordinator - [Consumer clientId=consumer-tomge-consumer-group-1, groupId=tomge-consumer-group] Group coordinator localhost:9092 (id: 2147483647 rack: null) is unavailable or invalid due to cause: coordinator unavailable. isDisconnected: false. Rediscovery will be attempted.
2025-03-24 18:50:17.246 [org.springframework.kafka.KafkaListenerEndpointContainer#0-0-C-1] INFO  org.apache.kafka.clients.consumer.internals.ConsumerCoordinator - [Consumer clientId=consumer-tomge-consumer-group-1, groupId=tomge-consumer-group] Requesting disconnect from last known coordinator localhost:9092 (id: 2147483647 rack: null)
2025-03-24 18:50:17.508 [org.springframework.kafka.KafkaListenerEndpointContainer#1-0-C-1] INFO  org.apache.kafka.clients.consumer.internals.ConsumerCoordinator - [Consumer clientId=consumer-tomge-consumer-group-2, groupId=tomge-consumer-group] Discovered group coordinator localhost:9092 (id: 2147483647 rack: null)
2025-03-24 18:50:17.526 [org.springframework.kafka.KafkaListenerEndpointContainer#0-0-C-1] INFO  org.apache.kafka.clients.consumer.internals.ConsumerCoordinator - [Consumer clientId=consumer-tomge-consumer-group-1, groupId=tomge-consumer-group] Discovered group coordinator localhost:9092 (id: 2147483647 rack: null)
2025-03-24 19:09:02.901 [org.springframework.kafka.KafkaListenerEndpointContainer#0-0-C-1] INFO  org.apache.kafka.clients.consumer.internals.ConsumerRebalanceListenerInvoker - [Consumer clientId=consumer-tomge-consumer-group-1, groupId=tomge-consumer-group] Revoke previously assigned partitions testtopic-0
2025-03-24 19:09:02.901 [org.springframework.kafka.KafkaListenerEndpointContainer#1-0-C-1] INFO  org.apache.kafka.clients.consumer.internals.ConsumerCoordinator - [Consumer clientId=consumer-tomge-consumer-group-2, groupId=tomge-consumer-group] Member consumer-tomge-consumer-group-2-fc16348e-8b53-49fb-9d51-165f1e710864 sending LeaveGroup request to coordinator localhost:9092 (id: 2147483647 rack: null) due to the consumer unsubscribed from all topics
2025-03-24 19:09:02.902 [org.springframework.kafka.KafkaListenerEndpointContainer#0-0-C-1] INFO  org.apache.kafka.clients.consumer.internals.ConsumerCoordinator - [Consumer clientId=consumer-tomge-consumer-group-1, groupId=tomge-consumer-group] Member consumer-tomge-consumer-group-1-c624de8a-1130-4c01-a9fa-e75caa648231 sending LeaveGroup request to coordinator localhost:9092 (id: 2147483647 rack: null) due to the consumer unsubscribed from all topics
2025-03-24 19:09:02.902 [org.springframework.kafka.KafkaListenerEndpointContainer#1-0-C-1] INFO  org.apache.kafka.clients.consumer.internals.ConsumerCoordinator - [Consumer clientId=consumer-tomge-consumer-group-2, groupId=tomge-consumer-group] Resetting generation and member id due to: consumer pro-actively leaving the group
2025-03-24 19:09:02.902 [org.springframework.kafka.KafkaListenerEndpointContainer#1-0-C-1] INFO  org.apache.kafka.clients.consumer.internals.ConsumerCoordinator - [Consumer clientId=consumer-tomge-consumer-group-2, groupId=tomge-consumer-group] Request joining group due to: consumer pro-actively leaving the group
2025-03-24 19:09:02.902 [org.springframework.kafka.KafkaListenerEndpointContainer#0-0-C-1] INFO  org.apache.kafka.clients.consumer.internals.ConsumerCoordinator - [Consumer clientId=consumer-tomge-consumer-group-1, groupId=tomge-consumer-group] Resetting generation and member id due to: consumer pro-actively leaving the group
2025-03-24 19:09:02.903 [org.springframework.kafka.KafkaListenerEndpointContainer#1-0-C-1] INFO  org.apache.kafka.clients.consumer.internals.LegacyKafkaConsumer - [Consumer clientId=consumer-tomge-consumer-group-2, groupId=tomge-consumer-group] Unsubscribed all topics or patterns and assigned partitions
2025-03-24 19:09:02.903 [org.springframework.kafka.KafkaListenerEndpointContainer#0-0-C-1] INFO  org.apache.kafka.clients.consumer.internals.ConsumerCoordinator - [Consumer clientId=consumer-tomge-consumer-group-1, groupId=tomge-consumer-group] Request joining group due to: consumer pro-actively leaving the group
2025-03-24 19:09:02.903 [org.springframework.kafka.KafkaListenerEndpointContainer#0-0-C-1] INFO  org.apache.kafka.clients.consumer.internals.LegacyKafkaConsumer - [Consumer clientId=consumer-tomge-consumer-group-1, groupId=tomge-consumer-group] Unsubscribed all topics or patterns and assigned partitions
2025-03-24 19:09:02.905 [org.springframework.kafka.KafkaListenerEndpointContainer#1-0-C-1] INFO  org.apache.kafka.clients.consumer.internals.ConsumerCoordinator - [Consumer clientId=consumer-tomge-consumer-group-2, groupId=tomge-consumer-group] Resetting generation and member id due to: consumer pro-actively leaving the group
2025-03-24 19:09:02.905 [org.springframework.kafka.KafkaListenerEndpointContainer#0-0-C-1] INFO  org.apache.kafka.clients.consumer.internals.ConsumerCoordinator - [Consumer clientId=consumer-tomge-consumer-group-1, groupId=tomge-consumer-group] Resetting generation and member id due to: consumer pro-actively leaving the group
2025-03-24 19:09:02.905 [org.springframework.kafka.KafkaListenerEndpointContainer#1-0-C-1] INFO  org.apache.kafka.clients.consumer.internals.ConsumerCoordinator - [Consumer clientId=consumer-tomge-consumer-group-2, groupId=tomge-consumer-group] Request joining group due to: consumer pro-actively leaving the group
2025-03-24 19:09:02.905 [org.springframework.kafka.KafkaListenerEndpointContainer#0-0-C-1] INFO  org.apache.kafka.clients.consumer.internals.ConsumerCoordinator - [Consumer clientId=consumer-tomge-consumer-group-1, groupId=tomge-consumer-group] Request joining group due to: consumer pro-actively leaving the group
2025-03-24 19:09:02.911 [org.springframework.kafka.KafkaListenerEndpointContainer#1-0-C-1] INFO  org.apache.kafka.common.metrics.Metrics - Metrics scheduler closed
2025-03-24 19:09:02.911 [org.springframework.kafka.KafkaListenerEndpointContainer#1-0-C-1] INFO  org.apache.kafka.common.metrics.Metrics - Closing reporter org.apache.kafka.common.metrics.JmxReporter
2025-03-24 19:09:02.911 [org.springframework.kafka.KafkaListenerEndpointContainer#1-0-C-1] INFO  org.apache.kafka.common.metrics.Metrics - Closing reporter org.apache.kafka.common.telemetry.internals.ClientTelemetryReporter
2025-03-24 19:09:02.911 [org.springframework.kafka.KafkaListenerEndpointContainer#1-0-C-1] INFO  org.apache.kafka.common.metrics.Metrics - Metrics reporters closed
2025-03-24 19:09:02.915 [org.springframework.kafka.KafkaListenerEndpointContainer#1-0-C-1] INFO  org.apache.kafka.common.utils.AppInfoParser - App info kafka.consumer for consumer-tomge-consumer-group-2 unregistered
2025-03-24 19:09:03.345 [org.springframework.kafka.KafkaListenerEndpointContainer#0-0-C-1] INFO  org.apache.kafka.common.metrics.Metrics - Metrics scheduler closed
2025-03-24 19:09:03.345 [org.springframework.kafka.KafkaListenerEndpointContainer#0-0-C-1] INFO  org.apache.kafka.common.metrics.Metrics - Closing reporter org.apache.kafka.common.metrics.JmxReporter
2025-03-24 19:09:03.346 [org.springframework.kafka.KafkaListenerEndpointContainer#0-0-C-1] INFO  org.apache.kafka.common.metrics.Metrics - Closing reporter org.apache.kafka.common.telemetry.internals.ClientTelemetryReporter
2025-03-24 19:09:03.346 [org.springframework.kafka.KafkaListenerEndpointContainer#0-0-C-1] INFO  org.apache.kafka.common.metrics.Metrics - Metrics reporters closed
2025-03-24 19:09:03.353 [org.springframework.kafka.KafkaListenerEndpointContainer#0-0-C-1] INFO  org.apache.kafka.common.utils.AppInfoParser - App info kafka.consumer for consumer-tomge-consumer-group-1 unregistered
2025-03-24 19:09:03.379 [SpringApplicationShutdownHook] INFO  org.apache.kafka.clients.producer.KafkaProducer - [Producer clientId=testspringboot-producer-1] Closing the Kafka producer with timeoutMillis = 30000 ms.
2025-03-24 19:09:03.384 [SpringApplicationShutdownHook] INFO  org.apache.kafka.common.metrics.Metrics - Metrics scheduler closed
2025-03-24 19:09:03.384 [SpringApplicationShutdownHook] INFO  org.apache.kafka.common.metrics.Metrics - Closing reporter org.apache.kafka.common.metrics.JmxReporter
2025-03-24 19:09:03.384 [SpringApplicationShutdownHook] INFO  org.apache.kafka.common.metrics.Metrics - Closing reporter org.apache.kafka.common.telemetry.internals.ClientTelemetryReporter
2025-03-24 19:09:03.384 [SpringApplicationShutdownHook] INFO  org.apache.kafka.common.metrics.Metrics - Metrics reporters closed
2025-03-24 19:09:03.385 [SpringApplicationShutdownHook] INFO  org.apache.kafka.common.utils.AppInfoParser - App info kafka.producer for testspringboot-producer-1 unregistered
2025-03-24 20:41:43.169 [main] INFO  com.test.testboot.TestbootApplication - Starting TestbootApplication using Java 23.0.2 with PID 11314 (/Users/zhaoxin/Documents/GitHub/testboot/target/classes started by zhaoxin in /Users/zhaoxin/Documents/GitHub/testboot)
2025-03-24 20:41:43.171 [main] INFO  com.test.testboot.TestbootApplication - No active profile set, falling back to 1 default profile: "default"
2025-03-24 20:41:43.704 [main] INFO  org.apache.coyote.http11.Http11NioProtocol - Initializing ProtocolHandler ["http-nio-9090"]
2025-03-24 20:41:43.705 [main] INFO  org.apache.catalina.core.StandardService - Starting service [Tomcat]
2025-03-24 20:41:43.705 [main] INFO  org.apache.catalina.core.StandardEngine - Starting Servlet engine: [Apache Tomcat/10.1.36]
2025-03-24 20:41:43.721 [main] INFO  org.apache.catalina.core.ContainerBase.[Tomcat].[localhost].[/] - Initializing Spring embedded WebApplicationContext
2025-03-24 20:41:44.200 [main] INFO  org.apache.coyote.http11.Http11NioProtocol - Starting ProtocolHandler ["http-nio-9090"]
2025-03-24 20:41:44.225 [main] INFO  org.apache.kafka.clients.consumer.ConsumerConfig - ConsumerConfig values: 
	allow.auto.create.topics = true
	auto.commit.interval.ms = 5000
	auto.include.jmx.reporter = true
	auto.offset.reset = latest
	bootstrap.servers = [localhost:9092]
	check.crcs = true
	client.dns.lookup = use_all_dns_ips
	client.id = consumer-tomge-consumer-group-1
	client.rack = 
	connections.max.idle.ms = 540000
	default.api.timeout.ms = 60000
	enable.auto.commit = false
	enable.metrics.push = true
	exclude.internal.topics = true
	fetch.max.bytes = 52428800
	fetch.max.wait.ms = 500
	fetch.min.bytes = 1
	group.id = tomge-consumer-group
	group.instance.id = null
	group.protocol = classic
	group.remote.assignor = null
	heartbeat.interval.ms = 3000
	interceptor.classes = []
	internal.leave.group.on.close = true
	internal.throw.on.fetch.stable.offset.unsupported = false
	isolation.level = read_uncommitted
	key.deserializer = class org.apache.kafka.common.serialization.StringDeserializer
	max.partition.fetch.bytes = 1048576
	max.poll.interval.ms = 300000
	max.poll.records = 500
	metadata.max.age.ms = 300000
	metric.reporters = []
	metrics.num.samples = 2
	metrics.recording.level = INFO
	metrics.sample.window.ms = 30000
	partition.assignment.strategy = [class org.apache.kafka.clients.consumer.RangeAssignor, class org.apache.kafka.clients.consumer.CooperativeStickyAssignor]
	receive.buffer.bytes = 65536
	reconnect.backoff.max.ms = 1000
	reconnect.backoff.ms = 50
	request.timeout.ms = 30000
	retry.backoff.max.ms = 1000
	retry.backoff.ms = 100
	sasl.client.callback.handler.class = null
	sasl.jaas.config = null
	sasl.kerberos.kinit.cmd = /usr/bin/kinit
	sasl.kerberos.min.time.before.relogin = 60000
	sasl.kerberos.service.name = null
	sasl.kerberos.ticket.renew.jitter = 0.05
	sasl.kerberos.ticket.renew.window.factor = 0.8
	sasl.login.callback.handler.class = null
	sasl.login.class = null
	sasl.login.connect.timeout.ms = null
	sasl.login.read.timeout.ms = null
	sasl.login.refresh.buffer.seconds = 300
	sasl.login.refresh.min.period.seconds = 60
	sasl.login.refresh.window.factor = 0.8
	sasl.login.refresh.window.jitter = 0.05
	sasl.login.retry.backoff.max.ms = 10000
	sasl.login.retry.backoff.ms = 100
	sasl.mechanism = GSSAPI
	sasl.oauthbearer.clock.skew.seconds = 30
	sasl.oauthbearer.expected.audience = null
	sasl.oauthbearer.expected.issuer = null
	sasl.oauthbearer.jwks.endpoint.refresh.ms = 3600000
	sasl.oauthbearer.jwks.endpoint.retry.backoff.max.ms = 10000
	sasl.oauthbearer.jwks.endpoint.retry.backoff.ms = 100
	sasl.oauthbearer.jwks.endpoint.url = null
	sasl.oauthbearer.scope.claim.name = scope
	sasl.oauthbearer.sub.claim.name = sub
	sasl.oauthbearer.token.endpoint.url = null
	security.protocol = PLAINTEXT
	security.providers = null
	send.buffer.bytes = 131072
	session.timeout.ms = 45000
	socket.connection.setup.timeout.max.ms = 30000
	socket.connection.setup.timeout.ms = 10000
	ssl.cipher.suites = null
	ssl.enabled.protocols = [TLSv1.2, TLSv1.3]
	ssl.endpoint.identification.algorithm = https
	ssl.engine.factory.class = null
	ssl.key.password = null
	ssl.keymanager.algorithm = SunX509
	ssl.keystore.certificate.chain = null
	ssl.keystore.key = null
	ssl.keystore.location = null
	ssl.keystore.password = null
	ssl.keystore.type = JKS
	ssl.protocol = TLSv1.3
	ssl.provider = null
	ssl.secure.random.implementation = null
	ssl.trustmanager.algorithm = PKIX
	ssl.truststore.certificates = null
	ssl.truststore.location = null
	ssl.truststore.password = null
	ssl.truststore.type = JKS
	value.deserializer = class org.apache.kafka.common.serialization.StringDeserializer

2025-03-24 20:41:44.247 [main] INFO  org.apache.kafka.common.telemetry.internals.KafkaMetricsCollector - initializing Kafka metrics collector
2025-03-24 20:41:44.282 [main] INFO  org.apache.kafka.common.utils.AppInfoParser - Kafka version: 3.7.2
2025-03-24 20:41:44.283 [main] INFO  org.apache.kafka.common.utils.AppInfoParser - Kafka commitId: 79a8f2b5f44f9d5a
2025-03-24 20:41:44.283 [main] INFO  org.apache.kafka.common.utils.AppInfoParser - Kafka startTimeMs: 1742820104282
2025-03-24 20:41:44.284 [main] INFO  org.apache.kafka.clients.consumer.internals.LegacyKafkaConsumer - [Consumer clientId=consumer-tomge-consumer-group-1, groupId=tomge-consumer-group] Subscribed to topic(s): testtopic
2025-03-24 20:41:44.289 [main] INFO  org.apache.kafka.clients.consumer.ConsumerConfig - ConsumerConfig values: 
	allow.auto.create.topics = true
	auto.commit.interval.ms = 5000
	auto.include.jmx.reporter = true
	auto.offset.reset = latest
	bootstrap.servers = [localhost:9092]
	check.crcs = true
	client.dns.lookup = use_all_dns_ips
	client.id = consumer-tomge-consumer-group-2
	client.rack = 
	connections.max.idle.ms = 540000
	default.api.timeout.ms = 60000
	enable.auto.commit = false
	enable.metrics.push = true
	exclude.internal.topics = true
	fetch.max.bytes = 52428800
	fetch.max.wait.ms = 500
	fetch.min.bytes = 1
	group.id = tomge-consumer-group
	group.instance.id = null
	group.protocol = classic
	group.remote.assignor = null
	heartbeat.interval.ms = 3000
	interceptor.classes = []
	internal.leave.group.on.close = true
	internal.throw.on.fetch.stable.offset.unsupported = false
	isolation.level = read_uncommitted
	key.deserializer = class org.apache.kafka.common.serialization.StringDeserializer
	max.partition.fetch.bytes = 1048576
	max.poll.interval.ms = 300000
	max.poll.records = 500
	metadata.max.age.ms = 300000
	metric.reporters = []
	metrics.num.samples = 2
	metrics.recording.level = INFO
	metrics.sample.window.ms = 30000
	partition.assignment.strategy = [class org.apache.kafka.clients.consumer.RangeAssignor, class org.apache.kafka.clients.consumer.CooperativeStickyAssignor]
	receive.buffer.bytes = 65536
	reconnect.backoff.max.ms = 1000
	reconnect.backoff.ms = 50
	request.timeout.ms = 30000
	retry.backoff.max.ms = 1000
	retry.backoff.ms = 100
	sasl.client.callback.handler.class = null
	sasl.jaas.config = null
	sasl.kerberos.kinit.cmd = /usr/bin/kinit
	sasl.kerberos.min.time.before.relogin = 60000
	sasl.kerberos.service.name = null
	sasl.kerberos.ticket.renew.jitter = 0.05
	sasl.kerberos.ticket.renew.window.factor = 0.8
	sasl.login.callback.handler.class = null
	sasl.login.class = null
	sasl.login.connect.timeout.ms = null
	sasl.login.read.timeout.ms = null
	sasl.login.refresh.buffer.seconds = 300
	sasl.login.refresh.min.period.seconds = 60
	sasl.login.refresh.window.factor = 0.8
	sasl.login.refresh.window.jitter = 0.05
	sasl.login.retry.backoff.max.ms = 10000
	sasl.login.retry.backoff.ms = 100
	sasl.mechanism = GSSAPI
	sasl.oauthbearer.clock.skew.seconds = 30
	sasl.oauthbearer.expected.audience = null
	sasl.oauthbearer.expected.issuer = null
	sasl.oauthbearer.jwks.endpoint.refresh.ms = 3600000
	sasl.oauthbearer.jwks.endpoint.retry.backoff.max.ms = 10000
	sasl.oauthbearer.jwks.endpoint.retry.backoff.ms = 100
	sasl.oauthbearer.jwks.endpoint.url = null
	sasl.oauthbearer.scope.claim.name = scope
	sasl.oauthbearer.sub.claim.name = sub
	sasl.oauthbearer.token.endpoint.url = null
	security.protocol = PLAINTEXT
	security.providers = null
	send.buffer.bytes = 131072
	session.timeout.ms = 45000
	socket.connection.setup.timeout.max.ms = 30000
	socket.connection.setup.timeout.ms = 10000
	ssl.cipher.suites = null
	ssl.enabled.protocols = [TLSv1.2, TLSv1.3]
	ssl.endpoint.identification.algorithm = https
	ssl.engine.factory.class = null
	ssl.key.password = null
	ssl.keymanager.algorithm = SunX509
	ssl.keystore.certificate.chain = null
	ssl.keystore.key = null
	ssl.keystore.location = null
	ssl.keystore.password = null
	ssl.keystore.type = JKS
	ssl.protocol = TLSv1.3
	ssl.provider = null
	ssl.secure.random.implementation = null
	ssl.trustmanager.algorithm = PKIX
	ssl.truststore.certificates = null
	ssl.truststore.location = null
	ssl.truststore.password = null
	ssl.truststore.type = JKS
	value.deserializer = class org.apache.kafka.common.serialization.StringDeserializer

2025-03-24 20:41:44.289 [main] INFO  org.apache.kafka.common.telemetry.internals.KafkaMetricsCollector - initializing Kafka metrics collector
2025-03-24 20:41:44.292 [main] INFO  org.apache.kafka.common.utils.AppInfoParser - Kafka version: 3.7.2
2025-03-24 20:41:44.292 [main] INFO  org.apache.kafka.common.utils.AppInfoParser - Kafka commitId: 79a8f2b5f44f9d5a
2025-03-24 20:41:44.292 [main] INFO  org.apache.kafka.common.utils.AppInfoParser - Kafka startTimeMs: 1742820104292
2025-03-24 20:41:44.292 [main] INFO  org.apache.kafka.clients.consumer.internals.LegacyKafkaConsumer - [Consumer clientId=consumer-tomge-consumer-group-2, groupId=tomge-consumer-group] Subscribed to topic(s): testtopic
2025-03-24 20:41:44.297 [main] INFO  com.test.testboot.TestbootApplication - Started TestbootApplication in 1.343 seconds (process running for 1.616)
2025-03-24 20:41:44.407 [org.springframework.kafka.KafkaListenerEndpointContainer#0-0-C-1] INFO  org.apache.kafka.clients.Metadata - [Consumer clientId=consumer-tomge-consumer-group-1, groupId=tomge-consumer-group] Cluster ID: 55v202dzTXeo6Uf5cKQwuw
2025-03-24 20:41:44.407 [org.springframework.kafka.KafkaListenerEndpointContainer#1-0-C-1] INFO  org.apache.kafka.clients.Metadata - [Consumer clientId=consumer-tomge-consumer-group-2, groupId=tomge-consumer-group] Cluster ID: 55v202dzTXeo6Uf5cKQwuw
2025-03-24 20:41:44.411 [org.springframework.kafka.KafkaListenerEndpointContainer#0-0-C-1] INFO  org.apache.kafka.clients.consumer.internals.ConsumerCoordinator - [Consumer clientId=consumer-tomge-consumer-group-1, groupId=tomge-consumer-group] Discovered group coordinator localhost:9092 (id: 2147483647 rack: null)
2025-03-24 20:41:44.411 [org.springframework.kafka.KafkaListenerEndpointContainer#1-0-C-1] INFO  org.apache.kafka.clients.consumer.internals.ConsumerCoordinator - [Consumer clientId=consumer-tomge-consumer-group-2, groupId=tomge-consumer-group] Discovered group coordinator localhost:9092 (id: 2147483647 rack: null)
2025-03-24 20:41:44.415 [org.springframework.kafka.KafkaListenerEndpointContainer#1-0-C-1] INFO  org.apache.kafka.clients.consumer.internals.ConsumerCoordinator - [Consumer clientId=consumer-tomge-consumer-group-2, groupId=tomge-consumer-group] (Re-)joining group
2025-03-24 20:41:44.415 [org.springframework.kafka.KafkaListenerEndpointContainer#0-0-C-1] INFO  org.apache.kafka.clients.consumer.internals.ConsumerCoordinator - [Consumer clientId=consumer-tomge-consumer-group-1, groupId=tomge-consumer-group] (Re-)joining group
2025-03-24 20:41:44.424 [org.springframework.kafka.KafkaListenerEndpointContainer#0-0-C-1] INFO  org.apache.kafka.clients.consumer.internals.ConsumerCoordinator - [Consumer clientId=consumer-tomge-consumer-group-1, groupId=tomge-consumer-group] Request joining group due to: need to re-join with the given member-id: consumer-tomge-consumer-group-1-a882591f-51db-4ce8-a097-29937c5d2ceb
2025-03-24 20:41:44.424 [org.springframework.kafka.KafkaListenerEndpointContainer#1-0-C-1] INFO  org.apache.kafka.clients.consumer.internals.ConsumerCoordinator - [Consumer clientId=consumer-tomge-consumer-group-2, groupId=tomge-consumer-group] Request joining group due to: need to re-join with the given member-id: consumer-tomge-consumer-group-2-91c5a3a2-86b5-455d-8a3e-5194795d72bd
2025-03-24 20:41:44.424 [org.springframework.kafka.KafkaListenerEndpointContainer#0-0-C-1] INFO  org.apache.kafka.clients.consumer.internals.ConsumerCoordinator - [Consumer clientId=consumer-tomge-consumer-group-1, groupId=tomge-consumer-group] (Re-)joining group
2025-03-24 20:41:44.424 [org.springframework.kafka.KafkaListenerEndpointContainer#1-0-C-1] INFO  org.apache.kafka.clients.consumer.internals.ConsumerCoordinator - [Consumer clientId=consumer-tomge-consumer-group-2, groupId=tomge-consumer-group] (Re-)joining group
2025-03-24 20:41:44.427 [org.springframework.kafka.KafkaListenerEndpointContainer#1-0-C-1] INFO  org.apache.kafka.clients.consumer.internals.ConsumerCoordinator - [Consumer clientId=consumer-tomge-consumer-group-2, groupId=tomge-consumer-group] Successfully joined group with generation Generation{generationId=27, memberId='consumer-tomge-consumer-group-2-91c5a3a2-86b5-455d-8a3e-5194795d72bd', protocol='range'}
2025-03-24 20:41:44.428 [org.springframework.kafka.KafkaListenerEndpointContainer#0-0-C-1] INFO  org.apache.kafka.clients.consumer.internals.ConsumerCoordinator - [Consumer clientId=consumer-tomge-consumer-group-1, groupId=tomge-consumer-group] Successfully joined group with generation Generation{generationId=27, memberId='consumer-tomge-consumer-group-1-a882591f-51db-4ce8-a097-29937c5d2ceb', protocol='range'}
2025-03-24 20:41:44.430 [org.springframework.kafka.KafkaListenerEndpointContainer#1-0-C-1] INFO  org.apache.kafka.clients.consumer.internals.ConsumerCoordinator - [Consumer clientId=consumer-tomge-consumer-group-2, groupId=tomge-consumer-group] Finished assignment for group at generation 27: {consumer-tomge-consumer-group-2-91c5a3a2-86b5-455d-8a3e-5194795d72bd=Assignment(partitions=[]), consumer-tomge-consumer-group-1-a882591f-51db-4ce8-a097-29937c5d2ceb=Assignment(partitions=[testtopic-0])}
2025-03-24 20:41:44.434 [org.springframework.kafka.KafkaListenerEndpointContainer#1-0-C-1] INFO  org.apache.kafka.clients.consumer.internals.ConsumerCoordinator - [Consumer clientId=consumer-tomge-consumer-group-2, groupId=tomge-consumer-group] Successfully synced group in generation Generation{generationId=27, memberId='consumer-tomge-consumer-group-2-91c5a3a2-86b5-455d-8a3e-5194795d72bd', protocol='range'}
2025-03-24 20:41:44.434 [org.springframework.kafka.KafkaListenerEndpointContainer#0-0-C-1] INFO  org.apache.kafka.clients.consumer.internals.ConsumerCoordinator - [Consumer clientId=consumer-tomge-consumer-group-1, groupId=tomge-consumer-group] Successfully synced group in generation Generation{generationId=27, memberId='consumer-tomge-consumer-group-1-a882591f-51db-4ce8-a097-29937c5d2ceb', protocol='range'}
2025-03-24 20:41:44.434 [org.springframework.kafka.KafkaListenerEndpointContainer#1-0-C-1] INFO  org.apache.kafka.clients.consumer.internals.ConsumerCoordinator - [Consumer clientId=consumer-tomge-consumer-group-2, groupId=tomge-consumer-group] Notifying assignor about the new Assignment(partitions=[])
2025-03-24 20:41:44.434 [org.springframework.kafka.KafkaListenerEndpointContainer#0-0-C-1] INFO  org.apache.kafka.clients.consumer.internals.ConsumerCoordinator - [Consumer clientId=consumer-tomge-consumer-group-1, groupId=tomge-consumer-group] Notifying assignor about the new Assignment(partitions=[testtopic-0])
2025-03-24 20:41:44.434 [org.springframework.kafka.KafkaListenerEndpointContainer#1-0-C-1] INFO  org.apache.kafka.clients.consumer.internals.ConsumerRebalanceListenerInvoker - [Consumer clientId=consumer-tomge-consumer-group-2, groupId=tomge-consumer-group] Adding newly assigned partitions: 
2025-03-24 20:41:44.435 [org.springframework.kafka.KafkaListenerEndpointContainer#0-0-C-1] INFO  org.apache.kafka.clients.consumer.internals.ConsumerRebalanceListenerInvoker - [Consumer clientId=consumer-tomge-consumer-group-1, groupId=tomge-consumer-group] Adding newly assigned partitions: testtopic-0
2025-03-24 20:41:44.438 [org.springframework.kafka.KafkaListenerEndpointContainer#0-0-C-1] INFO  org.apache.kafka.clients.consumer.internals.ConsumerUtils - Setting offset for partition testtopic-0 to the committed offset FetchPosition{offset=25, offsetEpoch=Optional.empty, currentLeader=LeaderAndEpoch{leader=Optional[localhost:9092 (id: 0 rack: null)], epoch=0}}
2025-03-24 20:41:49.524 [http-nio-9090-exec-2] INFO  org.apache.catalina.core.ContainerBase.[Tomcat].[localhost].[/] - Initializing Spring DispatcherServlet 'dispatcherServlet'
2025-03-24 20:41:49.625 [http-nio-9090-exec-2] INFO  com.test.testboot.controller.StudentController - {"address":"新疆维吾尔自治区伊犁哈瑟可自治州","sex":"男","name":"埃森江","birth":"2025","id":910,"department":"计算机系"}
2025-03-24 20:41:49.632 [http-nio-9090-exec-2] INFO  org.apache.kafka.clients.producer.ProducerConfig - ProducerConfig values: 
	acks = -1
	auto.include.jmx.reporter = true
	batch.size = 16384
	bootstrap.servers = [localhost:9092]
	buffer.memory = 33554432
	client.dns.lookup = use_all_dns_ips
	client.id = testspringboot-producer-1
	compression.type = none
	connections.max.idle.ms = 540000
	delivery.timeout.ms = 120000
	enable.idempotence = true
	enable.metrics.push = true
	interceptor.classes = []
	key.serializer = class org.apache.kafka.common.serialization.StringSerializer
	linger.ms = 0
	max.block.ms = 60000
	max.in.flight.requests.per.connection = 5
	max.request.size = 1048576
	metadata.max.age.ms = 300000
	metadata.max.idle.ms = 300000
	metric.reporters = []
	metrics.num.samples = 2
	metrics.recording.level = INFO
	metrics.sample.window.ms = 30000
	partitioner.adaptive.partitioning.enable = true
	partitioner.availability.timeout.ms = 0
	partitioner.class = null
	partitioner.ignore.keys = false
	receive.buffer.bytes = 32768
	reconnect.backoff.max.ms = 1000
	reconnect.backoff.ms = 50
	request.timeout.ms = 30000
	retries = 3
	retry.backoff.max.ms = 1000
	retry.backoff.ms = 100
	sasl.client.callback.handler.class = null
	sasl.jaas.config = null
	sasl.kerberos.kinit.cmd = /usr/bin/kinit
	sasl.kerberos.min.time.before.relogin = 60000
	sasl.kerberos.service.name = null
	sasl.kerberos.ticket.renew.jitter = 0.05
	sasl.kerberos.ticket.renew.window.factor = 0.8
	sasl.login.callback.handler.class = null
	sasl.login.class = null
	sasl.login.connect.timeout.ms = null
	sasl.login.read.timeout.ms = null
	sasl.login.refresh.buffer.seconds = 300
	sasl.login.refresh.min.period.seconds = 60
	sasl.login.refresh.window.factor = 0.8
	sasl.login.refresh.window.jitter = 0.05
	sasl.login.retry.backoff.max.ms = 10000
	sasl.login.retry.backoff.ms = 100
	sasl.mechanism = GSSAPI
	sasl.oauthbearer.clock.skew.seconds = 30
	sasl.oauthbearer.expected.audience = null
	sasl.oauthbearer.expected.issuer = null
	sasl.oauthbearer.jwks.endpoint.refresh.ms = 3600000
	sasl.oauthbearer.jwks.endpoint.retry.backoff.max.ms = 10000
	sasl.oauthbearer.jwks.endpoint.retry.backoff.ms = 100
	sasl.oauthbearer.jwks.endpoint.url = null
	sasl.oauthbearer.scope.claim.name = scope
	sasl.oauthbearer.sub.claim.name = sub
	sasl.oauthbearer.token.endpoint.url = null
	security.protocol = PLAINTEXT
	security.providers = null
	send.buffer.bytes = 131072
	socket.connection.setup.timeout.max.ms = 30000
	socket.connection.setup.timeout.ms = 10000
	ssl.cipher.suites = null
	ssl.enabled.protocols = [TLSv1.2, TLSv1.3]
	ssl.endpoint.identification.algorithm = https
	ssl.engine.factory.class = null
	ssl.key.password = null
	ssl.keymanager.algorithm = SunX509
	ssl.keystore.certificate.chain = null
	ssl.keystore.key = null
	ssl.keystore.location = null
	ssl.keystore.password = null
	ssl.keystore.type = JKS
	ssl.protocol = TLSv1.3
	ssl.provider = null
	ssl.secure.random.implementation = null
	ssl.trustmanager.algorithm = PKIX
	ssl.truststore.certificates = null
	ssl.truststore.location = null
	ssl.truststore.password = null
	ssl.truststore.type = JKS
	transaction.timeout.ms = 60000
	transactional.id = null
	value.serializer = class org.apache.kafka.common.serialization.StringSerializer

2025-03-24 20:41:49.632 [http-nio-9090-exec-2] INFO  org.apache.kafka.common.telemetry.internals.KafkaMetricsCollector - initializing Kafka metrics collector
2025-03-24 20:41:49.637 [http-nio-9090-exec-2] INFO  org.apache.kafka.clients.producer.KafkaProducer - [Producer clientId=testspringboot-producer-1] Instantiated an idempotent producer.
2025-03-24 20:41:49.642 [http-nio-9090-exec-2] INFO  org.apache.kafka.common.utils.AppInfoParser - Kafka version: 3.7.2
2025-03-24 20:41:49.642 [http-nio-9090-exec-2] INFO  org.apache.kafka.common.utils.AppInfoParser - Kafka commitId: 79a8f2b5f44f9d5a
2025-03-24 20:41:49.642 [http-nio-9090-exec-2] INFO  org.apache.kafka.common.utils.AppInfoParser - Kafka startTimeMs: 1742820109642
2025-03-24 20:41:49.645 [kafka-producer-network-thread | testspringboot-producer-1] INFO  org.apache.kafka.clients.Metadata - [Producer clientId=testspringboot-producer-1] Cluster ID: 55v202dzTXeo6Uf5cKQwuw
2025-03-24 20:41:49.645 [kafka-producer-network-thread | testspringboot-producer-1] INFO  org.apache.kafka.clients.producer.internals.TransactionManager - [Producer clientId=testspringboot-producer-1] ProducerId set to 1012 with epoch 0
2025-03-24 20:41:49.660 [http-nio-9090-exec-2] INFO  com.test.testboot.kafkaservice.ProducerService - {"address":"新疆维吾尔自治区伊犁哈瑟可自治州","sex":"男","name":"埃森江","birth":"2025","id":910,"department":"计算机系"}
2025-03-24 20:41:49.662 [org.springframework.kafka.KafkaListenerEndpointContainer#0-0-C-1] INFO  com.test.testboot.kafkaservice.ConsumerService - Received message: {"address":"新疆维吾尔自治区伊犁哈瑟可自治州","sex":"男","name":"埃森江","birth":"2025","id":910,"department":"计算机系"}
2025-03-24 20:41:49.683 [org.springframework.kafka.KafkaListenerEndpointContainer#0-0-C-1] INFO  com.zaxxer.hikari.HikariDataSource - HikariPool-1 - Starting...
2025-03-24 20:41:49.759 [org.springframework.kafka.KafkaListenerEndpointContainer#0-0-C-1] INFO  com.zaxxer.hikari.pool.HikariPool - HikariPool-1 - Added connection com.mysql.cj.jdbc.ConnectionImpl@46dcf5f0
2025-03-24 20:41:49.760 [org.springframework.kafka.KafkaListenerEndpointContainer#0-0-C-1] INFO  com.zaxxer.hikari.HikariDataSource - HikariPool-1 - Start completed.
2025-03-24 20:43:17.856 [org.springframework.kafka.KafkaListenerEndpointContainer#1-0-C-1] INFO  org.apache.kafka.clients.consumer.internals.ConsumerCoordinator - [Consumer clientId=consumer-tomge-consumer-group-2, groupId=tomge-consumer-group] Member consumer-tomge-consumer-group-2-91c5a3a2-86b5-455d-8a3e-5194795d72bd sending LeaveGroup request to coordinator localhost:9092 (id: 2147483647 rack: null) due to the consumer unsubscribed from all topics
2025-03-24 20:43:17.856 [org.springframework.kafka.KafkaListenerEndpointContainer#0-0-C-1] INFO  org.apache.kafka.clients.consumer.internals.ConsumerRebalanceListenerInvoker - [Consumer clientId=consumer-tomge-consumer-group-1, groupId=tomge-consumer-group] Revoke previously assigned partitions testtopic-0
2025-03-24 20:43:17.857 [org.springframework.kafka.KafkaListenerEndpointContainer#0-0-C-1] INFO  org.apache.kafka.clients.consumer.internals.ConsumerCoordinator - [Consumer clientId=consumer-tomge-consumer-group-1, groupId=tomge-consumer-group] Member consumer-tomge-consumer-group-1-a882591f-51db-4ce8-a097-29937c5d2ceb sending LeaveGroup request to coordinator localhost:9092 (id: 2147483647 rack: null) due to the consumer unsubscribed from all topics
2025-03-24 20:43:17.857 [org.springframework.kafka.KafkaListenerEndpointContainer#1-0-C-1] INFO  org.apache.kafka.clients.consumer.internals.ConsumerCoordinator - [Consumer clientId=consumer-tomge-consumer-group-2, groupId=tomge-consumer-group] Resetting generation and member id due to: consumer pro-actively leaving the group
2025-03-24 20:43:17.857 [org.springframework.kafka.KafkaListenerEndpointContainer#1-0-C-1] INFO  org.apache.kafka.clients.consumer.internals.ConsumerCoordinator - [Consumer clientId=consumer-tomge-consumer-group-2, groupId=tomge-consumer-group] Request joining group due to: consumer pro-actively leaving the group
2025-03-24 20:43:17.857 [org.springframework.kafka.KafkaListenerEndpointContainer#1-0-C-1] INFO  org.apache.kafka.clients.consumer.internals.LegacyKafkaConsumer - [Consumer clientId=consumer-tomge-consumer-group-2, groupId=tomge-consumer-group] Unsubscribed all topics or patterns and assigned partitions
2025-03-24 20:43:17.857 [org.springframework.kafka.KafkaListenerEndpointContainer#0-0-C-1] INFO  org.apache.kafka.clients.consumer.internals.ConsumerCoordinator - [Consumer clientId=consumer-tomge-consumer-group-1, groupId=tomge-consumer-group] Resetting generation and member id due to: consumer pro-actively leaving the group
2025-03-24 20:43:17.857 [org.springframework.kafka.KafkaListenerEndpointContainer#0-0-C-1] INFO  org.apache.kafka.clients.consumer.internals.ConsumerCoordinator - [Consumer clientId=consumer-tomge-consumer-group-1, groupId=tomge-consumer-group] Request joining group due to: consumer pro-actively leaving the group
2025-03-24 20:43:17.857 [org.springframework.kafka.KafkaListenerEndpointContainer#0-0-C-1] INFO  org.apache.kafka.clients.consumer.internals.LegacyKafkaConsumer - [Consumer clientId=consumer-tomge-consumer-group-1, groupId=tomge-consumer-group] Unsubscribed all topics or patterns and assigned partitions
2025-03-24 20:43:17.858 [org.springframework.kafka.KafkaListenerEndpointContainer#0-0-C-1] INFO  org.apache.kafka.clients.consumer.internals.ConsumerCoordinator - [Consumer clientId=consumer-tomge-consumer-group-1, groupId=tomge-consumer-group] Resetting generation and member id due to: consumer pro-actively leaving the group
2025-03-24 20:43:17.858 [org.springframework.kafka.KafkaListenerEndpointContainer#1-0-C-1] INFO  org.apache.kafka.clients.consumer.internals.ConsumerCoordinator - [Consumer clientId=consumer-tomge-consumer-group-2, groupId=tomge-consumer-group] Resetting generation and member id due to: consumer pro-actively leaving the group
2025-03-24 20:43:17.858 [org.springframework.kafka.KafkaListenerEndpointContainer#0-0-C-1] INFO  org.apache.kafka.clients.consumer.internals.ConsumerCoordinator - [Consumer clientId=consumer-tomge-consumer-group-1, groupId=tomge-consumer-group] Request joining group due to: consumer pro-actively leaving the group
2025-03-24 20:43:17.858 [org.springframework.kafka.KafkaListenerEndpointContainer#1-0-C-1] INFO  org.apache.kafka.clients.consumer.internals.ConsumerCoordinator - [Consumer clientId=consumer-tomge-consumer-group-2, groupId=tomge-consumer-group] Request joining group due to: consumer pro-actively leaving the group
2025-03-24 20:43:17.860 [org.springframework.kafka.KafkaListenerEndpointContainer#1-0-C-1] INFO  org.apache.kafka.common.metrics.Metrics - Metrics scheduler closed
2025-03-24 20:43:17.860 [org.springframework.kafka.KafkaListenerEndpointContainer#1-0-C-1] INFO  org.apache.kafka.common.metrics.Metrics - Closing reporter org.apache.kafka.common.metrics.JmxReporter
2025-03-24 20:43:17.860 [org.springframework.kafka.KafkaListenerEndpointContainer#1-0-C-1] INFO  org.apache.kafka.common.metrics.Metrics - Closing reporter org.apache.kafka.common.telemetry.internals.ClientTelemetryReporter
2025-03-24 20:43:17.861 [org.springframework.kafka.KafkaListenerEndpointContainer#1-0-C-1] INFO  org.apache.kafka.common.metrics.Metrics - Metrics reporters closed
2025-03-24 20:43:17.863 [org.springframework.kafka.KafkaListenerEndpointContainer#1-0-C-1] INFO  org.apache.kafka.common.utils.AppInfoParser - App info kafka.consumer for consumer-tomge-consumer-group-2 unregistered
2025-03-24 20:43:18.267 [org.springframework.kafka.KafkaListenerEndpointContainer#0-0-C-1] INFO  org.apache.kafka.common.metrics.Metrics - Metrics scheduler closed
2025-03-24 20:43:18.268 [org.springframework.kafka.KafkaListenerEndpointContainer#0-0-C-1] INFO  org.apache.kafka.common.metrics.Metrics - Closing reporter org.apache.kafka.common.metrics.JmxReporter
2025-03-24 20:43:18.268 [org.springframework.kafka.KafkaListenerEndpointContainer#0-0-C-1] INFO  org.apache.kafka.common.metrics.Metrics - Closing reporter org.apache.kafka.common.telemetry.internals.ClientTelemetryReporter
2025-03-24 20:43:18.268 [org.springframework.kafka.KafkaListenerEndpointContainer#0-0-C-1] INFO  org.apache.kafka.common.metrics.Metrics - Metrics reporters closed
2025-03-24 20:43:18.269 [org.springframework.kafka.KafkaListenerEndpointContainer#0-0-C-1] INFO  org.apache.kafka.common.utils.AppInfoParser - App info kafka.consumer for consumer-tomge-consumer-group-1 unregistered
2025-03-24 20:43:18.279 [SpringApplicationShutdownHook] INFO  org.apache.kafka.clients.producer.KafkaProducer - [Producer clientId=testspringboot-producer-1] Closing the Kafka producer with timeoutMillis = 30000 ms.
2025-03-24 20:43:18.280 [SpringApplicationShutdownHook] INFO  org.apache.kafka.common.metrics.Metrics - Metrics scheduler closed
2025-03-24 20:43:18.280 [SpringApplicationShutdownHook] INFO  org.apache.kafka.common.metrics.Metrics - Closing reporter org.apache.kafka.common.metrics.JmxReporter
2025-03-24 20:43:18.280 [SpringApplicationShutdownHook] INFO  org.apache.kafka.common.metrics.Metrics - Closing reporter org.apache.kafka.common.telemetry.internals.ClientTelemetryReporter
2025-03-24 20:43:18.280 [SpringApplicationShutdownHook] INFO  org.apache.kafka.common.metrics.Metrics - Metrics reporters closed
2025-03-24 20:43:18.280 [SpringApplicationShutdownHook] INFO  org.apache.kafka.common.utils.AppInfoParser - App info kafka.producer for testspringboot-producer-1 unregistered
2025-03-24 20:43:18.286 [SpringApplicationShutdownHook] INFO  com.zaxxer.hikari.HikariDataSource - HikariPool-1 - Shutdown initiated...
2025-03-24 20:43:18.290 [SpringApplicationShutdownHook] INFO  com.zaxxer.hikari.HikariDataSource - HikariPool-1 - Shutdown completed.
2025-03-24 20:43:22.186 [main] INFO  com.test.testboot.TestbootApplication - Starting TestbootApplication using Java 23.0.2 with PID 11330 (/Users/zhaoxin/Documents/GitHub/testboot/target/classes started by zhaoxin in /Users/zhaoxin/Documents/GitHub/testboot)
2025-03-24 20:43:22.188 [main] INFO  com.test.testboot.TestbootApplication - No active profile set, falling back to 1 default profile: "default"
2025-03-24 20:43:22.692 [main] INFO  org.apache.coyote.http11.Http11NioProtocol - Initializing ProtocolHandler ["http-nio-9090"]
2025-03-24 20:43:22.692 [main] INFO  org.apache.catalina.core.StandardService - Starting service [Tomcat]
2025-03-24 20:43:22.692 [main] INFO  org.apache.catalina.core.StandardEngine - Starting Servlet engine: [Apache Tomcat/10.1.36]
2025-03-24 20:43:22.708 [main] INFO  org.apache.catalina.core.ContainerBase.[Tomcat].[localhost].[/] - Initializing Spring embedded WebApplicationContext
2025-03-24 20:43:23.147 [main] INFO  org.apache.coyote.http11.Http11NioProtocol - Starting ProtocolHandler ["http-nio-9090"]
2025-03-24 20:43:23.166 [main] INFO  org.apache.kafka.clients.consumer.ConsumerConfig - ConsumerConfig values: 
	allow.auto.create.topics = true
	auto.commit.interval.ms = 5000
	auto.include.jmx.reporter = true
	auto.offset.reset = latest
	bootstrap.servers = [localhost:9092]
	check.crcs = true
	client.dns.lookup = use_all_dns_ips
	client.id = consumer-tomge-consumer-group-1
	client.rack = 
	connections.max.idle.ms = 540000
	default.api.timeout.ms = 60000
	enable.auto.commit = false
	enable.metrics.push = true
	exclude.internal.topics = true
	fetch.max.bytes = 52428800
	fetch.max.wait.ms = 500
	fetch.min.bytes = 1
	group.id = tomge-consumer-group
	group.instance.id = null
	group.protocol = classic
	group.remote.assignor = null
	heartbeat.interval.ms = 3000
	interceptor.classes = []
	internal.leave.group.on.close = true
	internal.throw.on.fetch.stable.offset.unsupported = false
	isolation.level = read_uncommitted
	key.deserializer = class org.apache.kafka.common.serialization.StringDeserializer
	max.partition.fetch.bytes = 1048576
	max.poll.interval.ms = 300000
	max.poll.records = 500
	metadata.max.age.ms = 300000
	metric.reporters = []
	metrics.num.samples = 2
	metrics.recording.level = INFO
	metrics.sample.window.ms = 30000
	partition.assignment.strategy = [class org.apache.kafka.clients.consumer.RangeAssignor, class org.apache.kafka.clients.consumer.CooperativeStickyAssignor]
	receive.buffer.bytes = 65536
	reconnect.backoff.max.ms = 1000
	reconnect.backoff.ms = 50
	request.timeout.ms = 30000
	retry.backoff.max.ms = 1000
	retry.backoff.ms = 100
	sasl.client.callback.handler.class = null
	sasl.jaas.config = null
	sasl.kerberos.kinit.cmd = /usr/bin/kinit
	sasl.kerberos.min.time.before.relogin = 60000
	sasl.kerberos.service.name = null
	sasl.kerberos.ticket.renew.jitter = 0.05
	sasl.kerberos.ticket.renew.window.factor = 0.8
	sasl.login.callback.handler.class = null
	sasl.login.class = null
	sasl.login.connect.timeout.ms = null
	sasl.login.read.timeout.ms = null
	sasl.login.refresh.buffer.seconds = 300
	sasl.login.refresh.min.period.seconds = 60
	sasl.login.refresh.window.factor = 0.8
	sasl.login.refresh.window.jitter = 0.05
	sasl.login.retry.backoff.max.ms = 10000
	sasl.login.retry.backoff.ms = 100
	sasl.mechanism = GSSAPI
	sasl.oauthbearer.clock.skew.seconds = 30
	sasl.oauthbearer.expected.audience = null
	sasl.oauthbearer.expected.issuer = null
	sasl.oauthbearer.jwks.endpoint.refresh.ms = 3600000
	sasl.oauthbearer.jwks.endpoint.retry.backoff.max.ms = 10000
	sasl.oauthbearer.jwks.endpoint.retry.backoff.ms = 100
	sasl.oauthbearer.jwks.endpoint.url = null
	sasl.oauthbearer.scope.claim.name = scope
	sasl.oauthbearer.sub.claim.name = sub
	sasl.oauthbearer.token.endpoint.url = null
	security.protocol = PLAINTEXT
	security.providers = null
	send.buffer.bytes = 131072
	session.timeout.ms = 45000
	socket.connection.setup.timeout.max.ms = 30000
	socket.connection.setup.timeout.ms = 10000
	ssl.cipher.suites = null
	ssl.enabled.protocols = [TLSv1.2, TLSv1.3]
	ssl.endpoint.identification.algorithm = https
	ssl.engine.factory.class = null
	ssl.key.password = null
	ssl.keymanager.algorithm = SunX509
	ssl.keystore.certificate.chain = null
	ssl.keystore.key = null
	ssl.keystore.location = null
	ssl.keystore.password = null
	ssl.keystore.type = JKS
	ssl.protocol = TLSv1.3
	ssl.provider = null
	ssl.secure.random.implementation = null
	ssl.trustmanager.algorithm = PKIX
	ssl.truststore.certificates = null
	ssl.truststore.location = null
	ssl.truststore.password = null
	ssl.truststore.type = JKS
	value.deserializer = class org.apache.kafka.common.serialization.StringDeserializer

2025-03-24 20:43:23.184 [main] INFO  org.apache.kafka.common.telemetry.internals.KafkaMetricsCollector - initializing Kafka metrics collector
2025-03-24 20:43:23.216 [main] INFO  org.apache.kafka.common.utils.AppInfoParser - Kafka version: 3.7.2
2025-03-24 20:43:23.216 [main] INFO  org.apache.kafka.common.utils.AppInfoParser - Kafka commitId: 79a8f2b5f44f9d5a
2025-03-24 20:43:23.216 [main] INFO  org.apache.kafka.common.utils.AppInfoParser - Kafka startTimeMs: 1742820203215
2025-03-24 20:43:23.217 [main] INFO  org.apache.kafka.clients.consumer.internals.LegacyKafkaConsumer - [Consumer clientId=consumer-tomge-consumer-group-1, groupId=tomge-consumer-group] Subscribed to topic(s): testtopic
2025-03-24 20:43:23.220 [main] INFO  org.apache.kafka.clients.consumer.ConsumerConfig - ConsumerConfig values: 
	allow.auto.create.topics = true
	auto.commit.interval.ms = 5000
	auto.include.jmx.reporter = true
	auto.offset.reset = latest
	bootstrap.servers = [localhost:9092]
	check.crcs = true
	client.dns.lookup = use_all_dns_ips
	client.id = consumer-tomge-consumer-group-2
	client.rack = 
	connections.max.idle.ms = 540000
	default.api.timeout.ms = 60000
	enable.auto.commit = false
	enable.metrics.push = true
	exclude.internal.topics = true
	fetch.max.bytes = 52428800
	fetch.max.wait.ms = 500
	fetch.min.bytes = 1
	group.id = tomge-consumer-group
	group.instance.id = null
	group.protocol = classic
	group.remote.assignor = null
	heartbeat.interval.ms = 3000
	interceptor.classes = []
	internal.leave.group.on.close = true
	internal.throw.on.fetch.stable.offset.unsupported = false
	isolation.level = read_uncommitted
	key.deserializer = class org.apache.kafka.common.serialization.StringDeserializer
	max.partition.fetch.bytes = 1048576
	max.poll.interval.ms = 300000
	max.poll.records = 500
	metadata.max.age.ms = 300000
	metric.reporters = []
	metrics.num.samples = 2
	metrics.recording.level = INFO
	metrics.sample.window.ms = 30000
	partition.assignment.strategy = [class org.apache.kafka.clients.consumer.RangeAssignor, class org.apache.kafka.clients.consumer.CooperativeStickyAssignor]
	receive.buffer.bytes = 65536
	reconnect.backoff.max.ms = 1000
	reconnect.backoff.ms = 50
	request.timeout.ms = 30000
	retry.backoff.max.ms = 1000
	retry.backoff.ms = 100
	sasl.client.callback.handler.class = null
	sasl.jaas.config = null
	sasl.kerberos.kinit.cmd = /usr/bin/kinit
	sasl.kerberos.min.time.before.relogin = 60000
	sasl.kerberos.service.name = null
	sasl.kerberos.ticket.renew.jitter = 0.05
	sasl.kerberos.ticket.renew.window.factor = 0.8
	sasl.login.callback.handler.class = null
	sasl.login.class = null
	sasl.login.connect.timeout.ms = null
	sasl.login.read.timeout.ms = null
	sasl.login.refresh.buffer.seconds = 300
	sasl.login.refresh.min.period.seconds = 60
	sasl.login.refresh.window.factor = 0.8
	sasl.login.refresh.window.jitter = 0.05
	sasl.login.retry.backoff.max.ms = 10000
	sasl.login.retry.backoff.ms = 100
	sasl.mechanism = GSSAPI
	sasl.oauthbearer.clock.skew.seconds = 30
	sasl.oauthbearer.expected.audience = null
	sasl.oauthbearer.expected.issuer = null
	sasl.oauthbearer.jwks.endpoint.refresh.ms = 3600000
	sasl.oauthbearer.jwks.endpoint.retry.backoff.max.ms = 10000
	sasl.oauthbearer.jwks.endpoint.retry.backoff.ms = 100
	sasl.oauthbearer.jwks.endpoint.url = null
	sasl.oauthbearer.scope.claim.name = scope
	sasl.oauthbearer.sub.claim.name = sub
	sasl.oauthbearer.token.endpoint.url = null
	security.protocol = PLAINTEXT
	security.providers = null
	send.buffer.bytes = 131072
	session.timeout.ms = 45000
	socket.connection.setup.timeout.max.ms = 30000
	socket.connection.setup.timeout.ms = 10000
	ssl.cipher.suites = null
	ssl.enabled.protocols = [TLSv1.2, TLSv1.3]
	ssl.endpoint.identification.algorithm = https
	ssl.engine.factory.class = null
	ssl.key.password = null
	ssl.keymanager.algorithm = SunX509
	ssl.keystore.certificate.chain = null
	ssl.keystore.key = null
	ssl.keystore.location = null
	ssl.keystore.password = null
	ssl.keystore.type = JKS
	ssl.protocol = TLSv1.3
	ssl.provider = null
	ssl.secure.random.implementation = null
	ssl.trustmanager.algorithm = PKIX
	ssl.truststore.certificates = null
	ssl.truststore.location = null
	ssl.truststore.password = null
	ssl.truststore.type = JKS
	value.deserializer = class org.apache.kafka.common.serialization.StringDeserializer

2025-03-24 20:43:23.220 [main] INFO  org.apache.kafka.common.telemetry.internals.KafkaMetricsCollector - initializing Kafka metrics collector
2025-03-24 20:43:23.223 [main] INFO  org.apache.kafka.common.utils.AppInfoParser - Kafka version: 3.7.2
2025-03-24 20:43:23.223 [main] INFO  org.apache.kafka.common.utils.AppInfoParser - Kafka commitId: 79a8f2b5f44f9d5a
2025-03-24 20:43:23.223 [main] INFO  org.apache.kafka.common.utils.AppInfoParser - Kafka startTimeMs: 1742820203223
2025-03-24 20:43:23.223 [main] INFO  org.apache.kafka.clients.consumer.internals.LegacyKafkaConsumer - [Consumer clientId=consumer-tomge-consumer-group-2, groupId=tomge-consumer-group] Subscribed to topic(s): testtopic
2025-03-24 20:43:23.228 [main] INFO  com.test.testboot.TestbootApplication - Started TestbootApplication in 1.235 seconds (process running for 1.474)
2025-03-24 20:43:23.330 [org.springframework.kafka.KafkaListenerEndpointContainer#1-0-C-1] INFO  org.apache.kafka.clients.Metadata - [Consumer clientId=consumer-tomge-consumer-group-2, groupId=tomge-consumer-group] Cluster ID: 55v202dzTXeo6Uf5cKQwuw
2025-03-24 20:43:23.330 [org.springframework.kafka.KafkaListenerEndpointContainer#0-0-C-1] INFO  org.apache.kafka.clients.Metadata - [Consumer clientId=consumer-tomge-consumer-group-1, groupId=tomge-consumer-group] Cluster ID: 55v202dzTXeo6Uf5cKQwuw
2025-03-24 20:43:23.330 [org.springframework.kafka.KafkaListenerEndpointContainer#0-0-C-1] INFO  org.apache.kafka.clients.consumer.internals.ConsumerCoordinator - [Consumer clientId=consumer-tomge-consumer-group-1, groupId=tomge-consumer-group] Discovered group coordinator localhost:9092 (id: 2147483647 rack: null)
2025-03-24 20:43:23.330 [org.springframework.kafka.KafkaListenerEndpointContainer#1-0-C-1] INFO  org.apache.kafka.clients.consumer.internals.ConsumerCoordinator - [Consumer clientId=consumer-tomge-consumer-group-2, groupId=tomge-consumer-group] Discovered group coordinator localhost:9092 (id: 2147483647 rack: null)
2025-03-24 20:43:23.331 [org.springframework.kafka.KafkaListenerEndpointContainer#1-0-C-1] INFO  org.apache.kafka.clients.consumer.internals.ConsumerCoordinator - [Consumer clientId=consumer-tomge-consumer-group-2, groupId=tomge-consumer-group] (Re-)joining group
2025-03-24 20:43:23.331 [org.springframework.kafka.KafkaListenerEndpointContainer#0-0-C-1] INFO  org.apache.kafka.clients.consumer.internals.ConsumerCoordinator - [Consumer clientId=consumer-tomge-consumer-group-1, groupId=tomge-consumer-group] (Re-)joining group
2025-03-24 20:43:23.337 [org.springframework.kafka.KafkaListenerEndpointContainer#1-0-C-1] INFO  org.apache.kafka.clients.consumer.internals.ConsumerCoordinator - [Consumer clientId=consumer-tomge-consumer-group-2, groupId=tomge-consumer-group] Request joining group due to: need to re-join with the given member-id: consumer-tomge-consumer-group-2-31111bd2-b0ae-46d0-a070-17349b86b290
2025-03-24 20:43:23.337 [org.springframework.kafka.KafkaListenerEndpointContainer#1-0-C-1] INFO  org.apache.kafka.clients.consumer.internals.ConsumerCoordinator - [Consumer clientId=consumer-tomge-consumer-group-2, groupId=tomge-consumer-group] (Re-)joining group
2025-03-24 20:43:23.337 [org.springframework.kafka.KafkaListenerEndpointContainer#0-0-C-1] INFO  org.apache.kafka.clients.consumer.internals.ConsumerCoordinator - [Consumer clientId=consumer-tomge-consumer-group-1, groupId=tomge-consumer-group] Request joining group due to: need to re-join with the given member-id: consumer-tomge-consumer-group-1-0dd4db1f-db53-4790-a35f-d53ef633a4e5
2025-03-24 20:43:23.337 [org.springframework.kafka.KafkaListenerEndpointContainer#0-0-C-1] INFO  org.apache.kafka.clients.consumer.internals.ConsumerCoordinator - [Consumer clientId=consumer-tomge-consumer-group-1, groupId=tomge-consumer-group] (Re-)joining group
2025-03-24 20:43:23.340 [org.springframework.kafka.KafkaListenerEndpointContainer#0-0-C-1] INFO  org.apache.kafka.clients.consumer.internals.ConsumerCoordinator - [Consumer clientId=consumer-tomge-consumer-group-1, groupId=tomge-consumer-group] Successfully joined group with generation Generation{generationId=29, memberId='consumer-tomge-consumer-group-1-0dd4db1f-db53-4790-a35f-d53ef633a4e5', protocol='range'}
2025-03-24 20:43:23.340 [org.springframework.kafka.KafkaListenerEndpointContainer#1-0-C-1] INFO  org.apache.kafka.clients.consumer.internals.ConsumerCoordinator - [Consumer clientId=consumer-tomge-consumer-group-2, groupId=tomge-consumer-group] Successfully joined group with generation Generation{generationId=29, memberId='consumer-tomge-consumer-group-2-31111bd2-b0ae-46d0-a070-17349b86b290', protocol='range'}
2025-03-24 20:43:23.342 [org.springframework.kafka.KafkaListenerEndpointContainer#1-0-C-1] INFO  org.apache.kafka.clients.consumer.internals.ConsumerCoordinator - [Consumer clientId=consumer-tomge-consumer-group-2, groupId=tomge-consumer-group] Finished assignment for group at generation 29: {consumer-tomge-consumer-group-1-0dd4db1f-db53-4790-a35f-d53ef633a4e5=Assignment(partitions=[testtopic-0]), consumer-tomge-consumer-group-2-31111bd2-b0ae-46d0-a070-17349b86b290=Assignment(partitions=[])}
2025-03-24 20:43:23.345 [org.springframework.kafka.KafkaListenerEndpointContainer#0-0-C-1] INFO  org.apache.kafka.clients.consumer.internals.ConsumerCoordinator - [Consumer clientId=consumer-tomge-consumer-group-1, groupId=tomge-consumer-group] Successfully synced group in generation Generation{generationId=29, memberId='consumer-tomge-consumer-group-1-0dd4db1f-db53-4790-a35f-d53ef633a4e5', protocol='range'}
2025-03-24 20:43:23.345 [org.springframework.kafka.KafkaListenerEndpointContainer#0-0-C-1] INFO  org.apache.kafka.clients.consumer.internals.ConsumerCoordinator - [Consumer clientId=consumer-tomge-consumer-group-1, groupId=tomge-consumer-group] Notifying assignor about the new Assignment(partitions=[testtopic-0])
2025-03-24 20:43:23.345 [org.springframework.kafka.KafkaListenerEndpointContainer#1-0-C-1] INFO  org.apache.kafka.clients.consumer.internals.ConsumerCoordinator - [Consumer clientId=consumer-tomge-consumer-group-2, groupId=tomge-consumer-group] Successfully synced group in generation Generation{generationId=29, memberId='consumer-tomge-consumer-group-2-31111bd2-b0ae-46d0-a070-17349b86b290', protocol='range'}
2025-03-24 20:43:23.346 [org.springframework.kafka.KafkaListenerEndpointContainer#1-0-C-1] INFO  org.apache.kafka.clients.consumer.internals.ConsumerCoordinator - [Consumer clientId=consumer-tomge-consumer-group-2, groupId=tomge-consumer-group] Notifying assignor about the new Assignment(partitions=[])
2025-03-24 20:43:23.346 [org.springframework.kafka.KafkaListenerEndpointContainer#1-0-C-1] INFO  org.apache.kafka.clients.consumer.internals.ConsumerRebalanceListenerInvoker - [Consumer clientId=consumer-tomge-consumer-group-2, groupId=tomge-consumer-group] Adding newly assigned partitions: 
2025-03-24 20:43:23.346 [org.springframework.kafka.KafkaListenerEndpointContainer#0-0-C-1] INFO  org.apache.kafka.clients.consumer.internals.ConsumerRebalanceListenerInvoker - [Consumer clientId=consumer-tomge-consumer-group-1, groupId=tomge-consumer-group] Adding newly assigned partitions: testtopic-0
2025-03-24 20:43:23.348 [org.springframework.kafka.KafkaListenerEndpointContainer#0-0-C-1] INFO  org.apache.kafka.clients.consumer.internals.ConsumerUtils - Setting offset for partition testtopic-0 to the committed offset FetchPosition{offset=26, offsetEpoch=Optional.empty, currentLeader=LeaderAndEpoch{leader=Optional[localhost:9092 (id: 0 rack: null)], epoch=0}}
2025-03-24 20:43:34.440 [http-nio-9090-exec-2] INFO  org.apache.catalina.core.ContainerBase.[Tomcat].[localhost].[/] - Initializing Spring DispatcherServlet 'dispatcherServlet'
2025-03-24 20:43:34.535 [http-nio-9090-exec-2] INFO  com.test.testboot.controller.StudentController - {"data":{"address":"新疆维吾尔自治区伊犁哈瑟可自治州","sex":"男","name":"埃森江","birth":"2025","id":908,"department":"计算机系"},"message":"json"}
2025-03-24 20:43:34.542 [http-nio-9090-exec-2] INFO  org.apache.kafka.clients.producer.ProducerConfig - ProducerConfig values: 
	acks = -1
	auto.include.jmx.reporter = true
	batch.size = 16384
	bootstrap.servers = [localhost:9092]
	buffer.memory = 33554432
	client.dns.lookup = use_all_dns_ips
	client.id = testspringboot-producer-1
	compression.type = none
	connections.max.idle.ms = 540000
	delivery.timeout.ms = 120000
	enable.idempotence = true
	enable.metrics.push = true
	interceptor.classes = []
	key.serializer = class org.apache.kafka.common.serialization.StringSerializer
	linger.ms = 0
	max.block.ms = 60000
	max.in.flight.requests.per.connection = 5
	max.request.size = 1048576
	metadata.max.age.ms = 300000
	metadata.max.idle.ms = 300000
	metric.reporters = []
	metrics.num.samples = 2
	metrics.recording.level = INFO
	metrics.sample.window.ms = 30000
	partitioner.adaptive.partitioning.enable = true
	partitioner.availability.timeout.ms = 0
	partitioner.class = null
	partitioner.ignore.keys = false
	receive.buffer.bytes = 32768
	reconnect.backoff.max.ms = 1000
	reconnect.backoff.ms = 50
	request.timeout.ms = 30000
	retries = 3
	retry.backoff.max.ms = 1000
	retry.backoff.ms = 100
	sasl.client.callback.handler.class = null
	sasl.jaas.config = null
	sasl.kerberos.kinit.cmd = /usr/bin/kinit
	sasl.kerberos.min.time.before.relogin = 60000
	sasl.kerberos.service.name = null
	sasl.kerberos.ticket.renew.jitter = 0.05
	sasl.kerberos.ticket.renew.window.factor = 0.8
	sasl.login.callback.handler.class = null
	sasl.login.class = null
	sasl.login.connect.timeout.ms = null
	sasl.login.read.timeout.ms = null
	sasl.login.refresh.buffer.seconds = 300
	sasl.login.refresh.min.period.seconds = 60
	sasl.login.refresh.window.factor = 0.8
	sasl.login.refresh.window.jitter = 0.05
	sasl.login.retry.backoff.max.ms = 10000
	sasl.login.retry.backoff.ms = 100
	sasl.mechanism = GSSAPI
	sasl.oauthbearer.clock.skew.seconds = 30
	sasl.oauthbearer.expected.audience = null
	sasl.oauthbearer.expected.issuer = null
	sasl.oauthbearer.jwks.endpoint.refresh.ms = 3600000
	sasl.oauthbearer.jwks.endpoint.retry.backoff.max.ms = 10000
	sasl.oauthbearer.jwks.endpoint.retry.backoff.ms = 100
	sasl.oauthbearer.jwks.endpoint.url = null
	sasl.oauthbearer.scope.claim.name = scope
	sasl.oauthbearer.sub.claim.name = sub
	sasl.oauthbearer.token.endpoint.url = null
	security.protocol = PLAINTEXT
	security.providers = null
	send.buffer.bytes = 131072
	socket.connection.setup.timeout.max.ms = 30000
	socket.connection.setup.timeout.ms = 10000
	ssl.cipher.suites = null
	ssl.enabled.protocols = [TLSv1.2, TLSv1.3]
	ssl.endpoint.identification.algorithm = https
	ssl.engine.factory.class = null
	ssl.key.password = null
	ssl.keymanager.algorithm = SunX509
	ssl.keystore.certificate.chain = null
	ssl.keystore.key = null
	ssl.keystore.location = null
	ssl.keystore.password = null
	ssl.keystore.type = JKS
	ssl.protocol = TLSv1.3
	ssl.provider = null
	ssl.secure.random.implementation = null
	ssl.trustmanager.algorithm = PKIX
	ssl.truststore.certificates = null
	ssl.truststore.location = null
	ssl.truststore.password = null
	ssl.truststore.type = JKS
	transaction.timeout.ms = 60000
	transactional.id = null
	value.serializer = class org.apache.kafka.common.serialization.StringSerializer

2025-03-24 20:43:34.542 [http-nio-9090-exec-2] INFO  org.apache.kafka.common.telemetry.internals.KafkaMetricsCollector - initializing Kafka metrics collector
2025-03-24 20:43:34.547 [http-nio-9090-exec-2] INFO  org.apache.kafka.clients.producer.KafkaProducer - [Producer clientId=testspringboot-producer-1] Instantiated an idempotent producer.
2025-03-24 20:43:34.553 [http-nio-9090-exec-2] INFO  org.apache.kafka.common.utils.AppInfoParser - Kafka version: 3.7.2
2025-03-24 20:43:34.553 [http-nio-9090-exec-2] INFO  org.apache.kafka.common.utils.AppInfoParser - Kafka commitId: 79a8f2b5f44f9d5a
2025-03-24 20:43:34.553 [http-nio-9090-exec-2] INFO  org.apache.kafka.common.utils.AppInfoParser - Kafka startTimeMs: 1742820214553
2025-03-24 20:43:34.555 [kafka-producer-network-thread | testspringboot-producer-1] INFO  org.apache.kafka.clients.Metadata - [Producer clientId=testspringboot-producer-1] Cluster ID: 55v202dzTXeo6Uf5cKQwuw
2025-03-24 20:43:34.555 [kafka-producer-network-thread | testspringboot-producer-1] INFO  org.apache.kafka.clients.producer.internals.TransactionManager - [Producer clientId=testspringboot-producer-1] ProducerId set to 1013 with epoch 0
2025-03-24 20:43:34.582 [http-nio-9090-exec-2] INFO  com.test.testboot.kafkaservice.ProducerService - {"data":{"address":"新疆维吾尔自治区伊犁哈瑟可自治州","sex":"男","name":"埃森江","birth":"2025","id":908,"department":"计算机系"},"message":"json"}
2025-03-24 20:43:34.590 [org.springframework.kafka.KafkaListenerEndpointContainer#0-0-C-1] INFO  com.test.testboot.kafkaservice.ConsumerService - Received message: {"data":{"address":"新疆维吾尔自治区伊犁哈瑟可自治州","sex":"男","name":"埃森江","birth":"2025","id":908,"department":"计算机系"},"message":"json"}
2025-03-24 20:43:34.604 [org.springframework.kafka.KafkaListenerEndpointContainer#0-0-C-1] INFO  org.apache.kafka.clients.consumer.internals.LegacyKafkaConsumer - [Consumer clientId=consumer-tomge-consumer-group-1, groupId=tomge-consumer-group] Seeking to offset 26 for partition testtopic-0
2025-03-24 20:43:34.605 [org.springframework.kafka.KafkaListenerEndpointContainer#0-0-C-1] ERROR org.springframework.kafka.listener.KafkaMessageListenerContainer - Error handler threw an exception
org.springframework.kafka.KafkaException: Seek to current after exception
	at org.springframework.kafka.listener.SeekUtils.seekOrRecover(SeekUtils.java:227)
	at org.springframework.kafka.listener.DefaultErrorHandler.handleRemaining(DefaultErrorHandler.java:168)
	at org.springframework.kafka.listener.KafkaMessageListenerContainer$ListenerConsumer.invokeErrorHandler(KafkaMessageListenerContainer.java:2837)
	at org.springframework.kafka.listener.KafkaMessageListenerContainer$ListenerConsumer.lambda$doInvokeRecordListener$53(KafkaMessageListenerContainer.java:2714)
	at io.micrometer.observation.Observation.observe(Observation.java:565)
	at org.springframework.kafka.listener.KafkaMessageListenerContainer$ListenerConsumer.doInvokeRecordListener(KafkaMessageListenerContainer.java:2700)
	at org.springframework.kafka.listener.KafkaMessageListenerContainer$ListenerConsumer.doInvokeWithRecords(KafkaMessageListenerContainer.java:2542)
	at org.springframework.kafka.listener.KafkaMessageListenerContainer$ListenerConsumer.invokeRecordListener(KafkaMessageListenerContainer.java:2431)
	at org.springframework.kafka.listener.KafkaMessageListenerContainer$ListenerConsumer.invokeListener(KafkaMessageListenerContainer.java:2086)
	at org.springframework.kafka.listener.KafkaMessageListenerContainer$ListenerConsumer.invokeIfHaveRecords(KafkaMessageListenerContainer.java:1462)
	at org.springframework.kafka.listener.KafkaMessageListenerContainer$ListenerConsumer.pollAndInvoke(KafkaMessageListenerContainer.java:1427)
	at org.springframework.kafka.listener.KafkaMessageListenerContainer$ListenerConsumer.run(KafkaMessageListenerContainer.java:1297)
	at java.base/java.util.concurrent.CompletableFuture$AsyncRun.run(CompletableFuture.java:1848)
	at java.base/java.lang.Thread.run(Thread.java:1575)
Caused by: org.springframework.kafka.listener.ListenerExecutionFailedException: Listener method 'public void com.test.testboot.kafkaservice.ConsumerService.studentbyidconsumeMessage(java.lang.String)' threw exception
	at org.springframework.kafka.listener.KafkaMessageListenerContainer$ListenerConsumer.decorateException(KafkaMessageListenerContainer.java:2870)
	at org.springframework.kafka.listener.KafkaMessageListenerContainer$ListenerConsumer.doInvokeOnMessage(KafkaMessageListenerContainer.java:2815)
	at org.springframework.kafka.listener.KafkaMessageListenerContainer$ListenerConsumer.invokeOnMessage(KafkaMessageListenerContainer.java:2779)
	at org.springframework.kafka.listener.KafkaMessageListenerContainer$ListenerConsumer.lambda$doInvokeRecordListener$53(KafkaMessageListenerContainer.java:2702)
	... 10 common frames omitted
	Suppressed: org.springframework.kafka.listener.ListenerExecutionFailedException: Restored Stack Trace
		at org.springframework.kafka.listener.adapter.MessagingMessageListenerAdapter.invokeHandler(MessagingMessageListenerAdapter.java:434)
		at org.springframework.kafka.listener.adapter.MessagingMessageListenerAdapter.invoke(MessagingMessageListenerAdapter.java:383)
		at org.springframework.kafka.listener.adapter.RecordMessagingMessageListenerAdapter.onMessage(RecordMessagingMessageListenerAdapter.java:85)
		at org.springframework.kafka.listener.adapter.RecordMessagingMessageListenerAdapter.onMessage(RecordMessagingMessageListenerAdapter.java:50)
		at org.springframework.kafka.listener.KafkaMessageListenerContainer$ListenerConsumer.doInvokeOnMessage(KafkaMessageListenerContainer.java:2801)
Caused by: java.lang.NumberFormatException: For input string: "{"data":{"address":"新疆维吾尔自治区伊犁哈瑟可自治州","sex":"男","name":"埃森江","birth":"2025","id":908,"department":"计算机系"},"message":"json"}"
	at java.base/java.lang.NumberFormatException.forInputString(NumberFormatException.java:67)
	at java.base/java.lang.Integer.parseInt(Integer.java:588)
	at java.base/java.lang.Integer.parseInt(Integer.java:685)
	at com.test.testboot.kafkaservice.ConsumerService.studentbyidconsumeMessage(ConsumerService.java:27)
	at java.base/jdk.internal.reflect.DirectMethodHandleAccessor.invoke(DirectMethodHandleAccessor.java:103)
	at java.base/java.lang.reflect.Method.invoke(Method.java:580)
	at org.springframework.messaging.handler.invocation.InvocableHandlerMethod.doInvoke(InvocableHandlerMethod.java:169)
	at org.springframework.kafka.listener.adapter.KotlinAwareInvocableHandlerMethod.doInvoke(KotlinAwareInvocableHandlerMethod.java:45)
	at org.springframework.messaging.handler.invocation.InvocableHandlerMethod.invoke(InvocableHandlerMethod.java:119)
	at org.springframework.kafka.listener.adapter.HandlerAdapter.invoke(HandlerAdapter.java:77)
	at org.springframework.kafka.listener.adapter.MessagingMessageListenerAdapter.invokeHandler(MessagingMessageListenerAdapter.java:419)
	at org.springframework.kafka.listener.adapter.MessagingMessageListenerAdapter.invoke(MessagingMessageListenerAdapter.java:383)
	at org.springframework.kafka.listener.adapter.RecordMessagingMessageListenerAdapter.onMessage(RecordMessagingMessageListenerAdapter.java:85)
	at org.springframework.kafka.listener.adapter.RecordMessagingMessageListenerAdapter.onMessage(RecordMessagingMessageListenerAdapter.java:50)
	at org.springframework.kafka.listener.KafkaMessageListenerContainer$ListenerConsumer.doInvokeOnMessage(KafkaMessageListenerContainer.java:2801)
	... 12 common frames omitted
2025-03-24 20:43:35.081 [org.springframework.kafka.KafkaListenerEndpointContainer#0-0-C-1] INFO  com.test.testboot.kafkaservice.ConsumerService - Received message: {"data":{"address":"新疆维吾尔自治区伊犁哈瑟可自治州","sex":"男","name":"埃森江","birth":"2025","id":908,"department":"计算机系"},"message":"json"}
2025-03-24 20:43:35.095 [org.springframework.kafka.KafkaListenerEndpointContainer#0-0-C-1] INFO  org.apache.kafka.clients.consumer.internals.LegacyKafkaConsumer - [Consumer clientId=consumer-tomge-consumer-group-1, groupId=tomge-consumer-group] Seeking to offset 26 for partition testtopic-0
2025-03-24 20:43:35.096 [org.springframework.kafka.KafkaListenerEndpointContainer#0-0-C-1] ERROR org.springframework.kafka.listener.KafkaMessageListenerContainer - Error handler threw an exception
org.springframework.kafka.KafkaException: Seek to current after exception
	at org.springframework.kafka.listener.SeekUtils.seekOrRecover(SeekUtils.java:227)
	at org.springframework.kafka.listener.DefaultErrorHandler.handleRemaining(DefaultErrorHandler.java:168)
	at org.springframework.kafka.listener.KafkaMessageListenerContainer$ListenerConsumer.invokeErrorHandler(KafkaMessageListenerContainer.java:2837)
	at org.springframework.kafka.listener.KafkaMessageListenerContainer$ListenerConsumer.lambda$doInvokeRecordListener$53(KafkaMessageListenerContainer.java:2714)
	at io.micrometer.observation.Observation.observe(Observation.java:565)
	at org.springframework.kafka.listener.KafkaMessageListenerContainer$ListenerConsumer.doInvokeRecordListener(KafkaMessageListenerContainer.java:2700)
	at org.springframework.kafka.listener.KafkaMessageListenerContainer$ListenerConsumer.doInvokeWithRecords(KafkaMessageListenerContainer.java:2542)
	at org.springframework.kafka.listener.KafkaMessageListenerContainer$ListenerConsumer.invokeRecordListener(KafkaMessageListenerContainer.java:2431)
	at org.springframework.kafka.listener.KafkaMessageListenerContainer$ListenerConsumer.invokeListener(KafkaMessageListenerContainer.java:2086)
	at org.springframework.kafka.listener.KafkaMessageListenerContainer$ListenerConsumer.invokeIfHaveRecords(KafkaMessageListenerContainer.java:1462)
	at org.springframework.kafka.listener.KafkaMessageListenerContainer$ListenerConsumer.pollAndInvoke(KafkaMessageListenerContainer.java:1427)
	at org.springframework.kafka.listener.KafkaMessageListenerContainer$ListenerConsumer.run(KafkaMessageListenerContainer.java:1297)
	at java.base/java.util.concurrent.CompletableFuture$AsyncRun.run(CompletableFuture.java:1848)
	at java.base/java.lang.Thread.run(Thread.java:1575)
Caused by: org.springframework.kafka.listener.ListenerExecutionFailedException: Listener method 'public void com.test.testboot.kafkaservice.ConsumerService.studentbyidconsumeMessage(java.lang.String)' threw exception
	at org.springframework.kafka.listener.KafkaMessageListenerContainer$ListenerConsumer.decorateException(KafkaMessageListenerContainer.java:2870)
	at org.springframework.kafka.listener.KafkaMessageListenerContainer$ListenerConsumer.doInvokeOnMessage(KafkaMessageListenerContainer.java:2815)
	at org.springframework.kafka.listener.KafkaMessageListenerContainer$ListenerConsumer.invokeOnMessage(KafkaMessageListenerContainer.java:2779)
	at org.springframework.kafka.listener.KafkaMessageListenerContainer$ListenerConsumer.lambda$doInvokeRecordListener$53(KafkaMessageListenerContainer.java:2702)
	... 10 common frames omitted
	Suppressed: org.springframework.kafka.listener.ListenerExecutionFailedException: Restored Stack Trace
		at org.springframework.kafka.listener.adapter.MessagingMessageListenerAdapter.invokeHandler(MessagingMessageListenerAdapter.java:434)
		at org.springframework.kafka.listener.adapter.MessagingMessageListenerAdapter.invoke(MessagingMessageListenerAdapter.java:383)
		at org.springframework.kafka.listener.adapter.RecordMessagingMessageListenerAdapter.onMessage(RecordMessagingMessageListenerAdapter.java:85)
		at org.springframework.kafka.listener.adapter.RecordMessagingMessageListenerAdapter.onMessage(RecordMessagingMessageListenerAdapter.java:50)
		at org.springframework.kafka.listener.KafkaMessageListenerContainer$ListenerConsumer.doInvokeOnMessage(KafkaMessageListenerContainer.java:2801)
Caused by: java.lang.NumberFormatException: For input string: "{"data":{"address":"新疆维吾尔自治区伊犁哈瑟可自治州","sex":"男","name":"埃森江","birth":"2025","id":908,"department":"计算机系"},"message":"json"}"
	at java.base/java.lang.NumberFormatException.forInputString(NumberFormatException.java:67)
	at java.base/java.lang.Integer.parseInt(Integer.java:588)
	at java.base/java.lang.Integer.parseInt(Integer.java:685)
	at com.test.testboot.kafkaservice.ConsumerService.studentbyidconsumeMessage(ConsumerService.java:27)
	at java.base/jdk.internal.reflect.DirectMethodHandleAccessor.invoke(DirectMethodHandleAccessor.java:103)
	at java.base/java.lang.reflect.Method.invoke(Method.java:580)
	at org.springframework.messaging.handler.invocation.InvocableHandlerMethod.doInvoke(InvocableHandlerMethod.java:169)
	at org.springframework.kafka.listener.adapter.KotlinAwareInvocableHandlerMethod.doInvoke(KotlinAwareInvocableHandlerMethod.java:45)
	at org.springframework.messaging.handler.invocation.InvocableHandlerMethod.invoke(InvocableHandlerMethod.java:119)
	at org.springframework.kafka.listener.adapter.HandlerAdapter.invoke(HandlerAdapter.java:77)
	at org.springframework.kafka.listener.adapter.MessagingMessageListenerAdapter.invokeHandler(MessagingMessageListenerAdapter.java:419)
	at org.springframework.kafka.listener.adapter.MessagingMessageListenerAdapter.invoke(MessagingMessageListenerAdapter.java:383)
	at org.springframework.kafka.listener.adapter.RecordMessagingMessageListenerAdapter.onMessage(RecordMessagingMessageListenerAdapter.java:85)
	at org.springframework.kafka.listener.adapter.RecordMessagingMessageListenerAdapter.onMessage(RecordMessagingMessageListenerAdapter.java:50)
	at org.springframework.kafka.listener.KafkaMessageListenerContainer$ListenerConsumer.doInvokeOnMessage(KafkaMessageListenerContainer.java:2801)
	... 12 common frames omitted
2025-03-24 20:43:35.588 [org.springframework.kafka.KafkaListenerEndpointContainer#0-0-C-1] INFO  com.test.testboot.kafkaservice.ConsumerService - Received message: {"data":{"address":"新疆维吾尔自治区伊犁哈瑟可自治州","sex":"男","name":"埃森江","birth":"2025","id":908,"department":"计算机系"},"message":"json"}
2025-03-24 20:43:35.601 [org.springframework.kafka.KafkaListenerEndpointContainer#0-0-C-1] INFO  org.apache.kafka.clients.consumer.internals.LegacyKafkaConsumer - [Consumer clientId=consumer-tomge-consumer-group-1, groupId=tomge-consumer-group] Seeking to offset 26 for partition testtopic-0
2025-03-24 20:43:35.602 [org.springframework.kafka.KafkaListenerEndpointContainer#0-0-C-1] ERROR org.springframework.kafka.listener.KafkaMessageListenerContainer - Error handler threw an exception
org.springframework.kafka.KafkaException: Seek to current after exception
	at org.springframework.kafka.listener.SeekUtils.seekOrRecover(SeekUtils.java:227)
	at org.springframework.kafka.listener.DefaultErrorHandler.handleRemaining(DefaultErrorHandler.java:168)
	at org.springframework.kafka.listener.KafkaMessageListenerContainer$ListenerConsumer.invokeErrorHandler(KafkaMessageListenerContainer.java:2837)
	at org.springframework.kafka.listener.KafkaMessageListenerContainer$ListenerConsumer.lambda$doInvokeRecordListener$53(KafkaMessageListenerContainer.java:2714)
	at io.micrometer.observation.Observation.observe(Observation.java:565)
	at org.springframework.kafka.listener.KafkaMessageListenerContainer$ListenerConsumer.doInvokeRecordListener(KafkaMessageListenerContainer.java:2700)
	at org.springframework.kafka.listener.KafkaMessageListenerContainer$ListenerConsumer.doInvokeWithRecords(KafkaMessageListenerContainer.java:2542)
	at org.springframework.kafka.listener.KafkaMessageListenerContainer$ListenerConsumer.invokeRecordListener(KafkaMessageListenerContainer.java:2431)
	at org.springframework.kafka.listener.KafkaMessageListenerContainer$ListenerConsumer.invokeListener(KafkaMessageListenerContainer.java:2086)
	at org.springframework.kafka.listener.KafkaMessageListenerContainer$ListenerConsumer.invokeIfHaveRecords(KafkaMessageListenerContainer.java:1462)
	at org.springframework.kafka.listener.KafkaMessageListenerContainer$ListenerConsumer.pollAndInvoke(KafkaMessageListenerContainer.java:1427)
	at org.springframework.kafka.listener.KafkaMessageListenerContainer$ListenerConsumer.run(KafkaMessageListenerContainer.java:1297)
	at java.base/java.util.concurrent.CompletableFuture$AsyncRun.run(CompletableFuture.java:1848)
	at java.base/java.lang.Thread.run(Thread.java:1575)
Caused by: org.springframework.kafka.listener.ListenerExecutionFailedException: Listener method 'public void com.test.testboot.kafkaservice.ConsumerService.studentbyidconsumeMessage(java.lang.String)' threw exception
	at org.springframework.kafka.listener.KafkaMessageListenerContainer$ListenerConsumer.decorateException(KafkaMessageListenerContainer.java:2870)
	at org.springframework.kafka.listener.KafkaMessageListenerContainer$ListenerConsumer.doInvokeOnMessage(KafkaMessageListenerContainer.java:2815)
	at org.springframework.kafka.listener.KafkaMessageListenerContainer$ListenerConsumer.invokeOnMessage(KafkaMessageListenerContainer.java:2779)
	at org.springframework.kafka.listener.KafkaMessageListenerContainer$ListenerConsumer.lambda$doInvokeRecordListener$53(KafkaMessageListenerContainer.java:2702)
	... 10 common frames omitted
	Suppressed: org.springframework.kafka.listener.ListenerExecutionFailedException: Restored Stack Trace
		at org.springframework.kafka.listener.adapter.MessagingMessageListenerAdapter.invokeHandler(MessagingMessageListenerAdapter.java:434)
		at org.springframework.kafka.listener.adapter.MessagingMessageListenerAdapter.invoke(MessagingMessageListenerAdapter.java:383)
		at org.springframework.kafka.listener.adapter.RecordMessagingMessageListenerAdapter.onMessage(RecordMessagingMessageListenerAdapter.java:85)
		at org.springframework.kafka.listener.adapter.RecordMessagingMessageListenerAdapter.onMessage(RecordMessagingMessageListenerAdapter.java:50)
		at org.springframework.kafka.listener.KafkaMessageListenerContainer$ListenerConsumer.doInvokeOnMessage(KafkaMessageListenerContainer.java:2801)
Caused by: java.lang.NumberFormatException: For input string: "{"data":{"address":"新疆维吾尔自治区伊犁哈瑟可自治州","sex":"男","name":"埃森江","birth":"2025","id":908,"department":"计算机系"},"message":"json"}"
	at java.base/java.lang.NumberFormatException.forInputString(NumberFormatException.java:67)
	at java.base/java.lang.Integer.parseInt(Integer.java:588)
	at java.base/java.lang.Integer.parseInt(Integer.java:685)
	at com.test.testboot.kafkaservice.ConsumerService.studentbyidconsumeMessage(ConsumerService.java:27)
	at java.base/jdk.internal.reflect.DirectMethodHandleAccessor.invoke(DirectMethodHandleAccessor.java:103)
	at java.base/java.lang.reflect.Method.invoke(Method.java:580)
	at org.springframework.messaging.handler.invocation.InvocableHandlerMethod.doInvoke(InvocableHandlerMethod.java:169)
	at org.springframework.kafka.listener.adapter.KotlinAwareInvocableHandlerMethod.doInvoke(KotlinAwareInvocableHandlerMethod.java:45)
	at org.springframework.messaging.handler.invocation.InvocableHandlerMethod.invoke(InvocableHandlerMethod.java:119)
	at org.springframework.kafka.listener.adapter.HandlerAdapter.invoke(HandlerAdapter.java:77)
	at org.springframework.kafka.listener.adapter.MessagingMessageListenerAdapter.invokeHandler(MessagingMessageListenerAdapter.java:419)
	at org.springframework.kafka.listener.adapter.MessagingMessageListenerAdapter.invoke(MessagingMessageListenerAdapter.java:383)
	at org.springframework.kafka.listener.adapter.RecordMessagingMessageListenerAdapter.onMessage(RecordMessagingMessageListenerAdapter.java:85)
	at org.springframework.kafka.listener.adapter.RecordMessagingMessageListenerAdapter.onMessage(RecordMessagingMessageListenerAdapter.java:50)
	at org.springframework.kafka.listener.KafkaMessageListenerContainer$ListenerConsumer.doInvokeOnMessage(KafkaMessageListenerContainer.java:2801)
	... 12 common frames omitted
2025-03-24 20:43:36.093 [org.springframework.kafka.KafkaListenerEndpointContainer#0-0-C-1] INFO  com.test.testboot.kafkaservice.ConsumerService - Received message: {"data":{"address":"新疆维吾尔自治区伊犁哈瑟可自治州","sex":"男","name":"埃森江","birth":"2025","id":908,"department":"计算机系"},"message":"json"}
2025-03-24 20:43:36.106 [org.springframework.kafka.KafkaListenerEndpointContainer#0-0-C-1] INFO  org.apache.kafka.clients.consumer.internals.LegacyKafkaConsumer - [Consumer clientId=consumer-tomge-consumer-group-1, groupId=tomge-consumer-group] Seeking to offset 26 for partition testtopic-0
2025-03-24 20:43:36.106 [org.springframework.kafka.KafkaListenerEndpointContainer#0-0-C-1] ERROR org.springframework.kafka.listener.KafkaMessageListenerContainer - Error handler threw an exception
org.springframework.kafka.KafkaException: Seek to current after exception
	at org.springframework.kafka.listener.SeekUtils.seekOrRecover(SeekUtils.java:227)
	at org.springframework.kafka.listener.DefaultErrorHandler.handleRemaining(DefaultErrorHandler.java:168)
	at org.springframework.kafka.listener.KafkaMessageListenerContainer$ListenerConsumer.invokeErrorHandler(KafkaMessageListenerContainer.java:2837)
	at org.springframework.kafka.listener.KafkaMessageListenerContainer$ListenerConsumer.lambda$doInvokeRecordListener$53(KafkaMessageListenerContainer.java:2714)
	at io.micrometer.observation.Observation.observe(Observation.java:565)
	at org.springframework.kafka.listener.KafkaMessageListenerContainer$ListenerConsumer.doInvokeRecordListener(KafkaMessageListenerContainer.java:2700)
	at org.springframework.kafka.listener.KafkaMessageListenerContainer$ListenerConsumer.doInvokeWithRecords(KafkaMessageListenerContainer.java:2542)
	at org.springframework.kafka.listener.KafkaMessageListenerContainer$ListenerConsumer.invokeRecordListener(KafkaMessageListenerContainer.java:2431)
	at org.springframework.kafka.listener.KafkaMessageListenerContainer$ListenerConsumer.invokeListener(KafkaMessageListenerContainer.java:2086)
	at org.springframework.kafka.listener.KafkaMessageListenerContainer$ListenerConsumer.invokeIfHaveRecords(KafkaMessageListenerContainer.java:1462)
	at org.springframework.kafka.listener.KafkaMessageListenerContainer$ListenerConsumer.pollAndInvoke(KafkaMessageListenerContainer.java:1427)
	at org.springframework.kafka.listener.KafkaMessageListenerContainer$ListenerConsumer.run(KafkaMessageListenerContainer.java:1297)
	at java.base/java.util.concurrent.CompletableFuture$AsyncRun.run(CompletableFuture.java:1848)
	at java.base/java.lang.Thread.run(Thread.java:1575)
Caused by: org.springframework.kafka.listener.ListenerExecutionFailedException: Listener method 'public void com.test.testboot.kafkaservice.ConsumerService.studentbyidconsumeMessage(java.lang.String)' threw exception
	at org.springframework.kafka.listener.KafkaMessageListenerContainer$ListenerConsumer.decorateException(KafkaMessageListenerContainer.java:2870)
	at org.springframework.kafka.listener.KafkaMessageListenerContainer$ListenerConsumer.doInvokeOnMessage(KafkaMessageListenerContainer.java:2815)
	at org.springframework.kafka.listener.KafkaMessageListenerContainer$ListenerConsumer.invokeOnMessage(KafkaMessageListenerContainer.java:2779)
	at org.springframework.kafka.listener.KafkaMessageListenerContainer$ListenerConsumer.lambda$doInvokeRecordListener$53(KafkaMessageListenerContainer.java:2702)
	... 10 common frames omitted
	Suppressed: org.springframework.kafka.listener.ListenerExecutionFailedException: Restored Stack Trace
		at org.springframework.kafka.listener.adapter.MessagingMessageListenerAdapter.invokeHandler(MessagingMessageListenerAdapter.java:434)
		at org.springframework.kafka.listener.adapter.MessagingMessageListenerAdapter.invoke(MessagingMessageListenerAdapter.java:383)
		at org.springframework.kafka.listener.adapter.RecordMessagingMessageListenerAdapter.onMessage(RecordMessagingMessageListenerAdapter.java:85)
		at org.springframework.kafka.listener.adapter.RecordMessagingMessageListenerAdapter.onMessage(RecordMessagingMessageListenerAdapter.java:50)
		at org.springframework.kafka.listener.KafkaMessageListenerContainer$ListenerConsumer.doInvokeOnMessage(KafkaMessageListenerContainer.java:2801)
Caused by: java.lang.NumberFormatException: For input string: "{"data":{"address":"新疆维吾尔自治区伊犁哈瑟可自治州","sex":"男","name":"埃森江","birth":"2025","id":908,"department":"计算机系"},"message":"json"}"
	at java.base/java.lang.NumberFormatException.forInputString(NumberFormatException.java:67)
	at java.base/java.lang.Integer.parseInt(Integer.java:588)
	at java.base/java.lang.Integer.parseInt(Integer.java:685)
	at com.test.testboot.kafkaservice.ConsumerService.studentbyidconsumeMessage(ConsumerService.java:27)
	at java.base/jdk.internal.reflect.DirectMethodHandleAccessor.invoke(DirectMethodHandleAccessor.java:103)
	at java.base/java.lang.reflect.Method.invoke(Method.java:580)
	at org.springframework.messaging.handler.invocation.InvocableHandlerMethod.doInvoke(InvocableHandlerMethod.java:169)
	at org.springframework.kafka.listener.adapter.KotlinAwareInvocableHandlerMethod.doInvoke(KotlinAwareInvocableHandlerMethod.java:45)
	at org.springframework.messaging.handler.invocation.InvocableHandlerMethod.invoke(InvocableHandlerMethod.java:119)
	at org.springframework.kafka.listener.adapter.HandlerAdapter.invoke(HandlerAdapter.java:77)
	at org.springframework.kafka.listener.adapter.MessagingMessageListenerAdapter.invokeHandler(MessagingMessageListenerAdapter.java:419)
	at org.springframework.kafka.listener.adapter.MessagingMessageListenerAdapter.invoke(MessagingMessageListenerAdapter.java:383)
	at org.springframework.kafka.listener.adapter.RecordMessagingMessageListenerAdapter.onMessage(RecordMessagingMessageListenerAdapter.java:85)
	at org.springframework.kafka.listener.adapter.RecordMessagingMessageListenerAdapter.onMessage(RecordMessagingMessageListenerAdapter.java:50)
	at org.springframework.kafka.listener.KafkaMessageListenerContainer$ListenerConsumer.doInvokeOnMessage(KafkaMessageListenerContainer.java:2801)
	... 12 common frames omitted
2025-03-24 20:43:36.600 [org.springframework.kafka.KafkaListenerEndpointContainer#0-0-C-1] INFO  com.test.testboot.kafkaservice.ConsumerService - Received message: {"data":{"address":"新疆维吾尔自治区伊犁哈瑟可自治州","sex":"男","name":"埃森江","birth":"2025","id":908,"department":"计算机系"},"message":"json"}
2025-03-24 20:43:36.612 [org.springframework.kafka.KafkaListenerEndpointContainer#0-0-C-1] INFO  org.apache.kafka.clients.consumer.internals.LegacyKafkaConsumer - [Consumer clientId=consumer-tomge-consumer-group-1, groupId=tomge-consumer-group] Seeking to offset 26 for partition testtopic-0
2025-03-24 20:43:36.612 [org.springframework.kafka.KafkaListenerEndpointContainer#0-0-C-1] ERROR org.springframework.kafka.listener.KafkaMessageListenerContainer - Error handler threw an exception
org.springframework.kafka.KafkaException: Seek to current after exception
	at org.springframework.kafka.listener.SeekUtils.seekOrRecover(SeekUtils.java:227)
	at org.springframework.kafka.listener.DefaultErrorHandler.handleRemaining(DefaultErrorHandler.java:168)
	at org.springframework.kafka.listener.KafkaMessageListenerContainer$ListenerConsumer.invokeErrorHandler(KafkaMessageListenerContainer.java:2837)
	at org.springframework.kafka.listener.KafkaMessageListenerContainer$ListenerConsumer.lambda$doInvokeRecordListener$53(KafkaMessageListenerContainer.java:2714)
	at io.micrometer.observation.Observation.observe(Observation.java:565)
	at org.springframework.kafka.listener.KafkaMessageListenerContainer$ListenerConsumer.doInvokeRecordListener(KafkaMessageListenerContainer.java:2700)
	at org.springframework.kafka.listener.KafkaMessageListenerContainer$ListenerConsumer.doInvokeWithRecords(KafkaMessageListenerContainer.java:2542)
	at org.springframework.kafka.listener.KafkaMessageListenerContainer$ListenerConsumer.invokeRecordListener(KafkaMessageListenerContainer.java:2431)
	at org.springframework.kafka.listener.KafkaMessageListenerContainer$ListenerConsumer.invokeListener(KafkaMessageListenerContainer.java:2086)
	at org.springframework.kafka.listener.KafkaMessageListenerContainer$ListenerConsumer.invokeIfHaveRecords(KafkaMessageListenerContainer.java:1462)
	at org.springframework.kafka.listener.KafkaMessageListenerContainer$ListenerConsumer.pollAndInvoke(KafkaMessageListenerContainer.java:1427)
	at org.springframework.kafka.listener.KafkaMessageListenerContainer$ListenerConsumer.run(KafkaMessageListenerContainer.java:1297)
	at java.base/java.util.concurrent.CompletableFuture$AsyncRun.run(CompletableFuture.java:1848)
	at java.base/java.lang.Thread.run(Thread.java:1575)
Caused by: org.springframework.kafka.listener.ListenerExecutionFailedException: Listener method 'public void com.test.testboot.kafkaservice.ConsumerService.studentbyidconsumeMessage(java.lang.String)' threw exception
	at org.springframework.kafka.listener.KafkaMessageListenerContainer$ListenerConsumer.decorateException(KafkaMessageListenerContainer.java:2870)
	at org.springframework.kafka.listener.KafkaMessageListenerContainer$ListenerConsumer.doInvokeOnMessage(KafkaMessageListenerContainer.java:2815)
	at org.springframework.kafka.listener.KafkaMessageListenerContainer$ListenerConsumer.invokeOnMessage(KafkaMessageListenerContainer.java:2779)
	at org.springframework.kafka.listener.KafkaMessageListenerContainer$ListenerConsumer.lambda$doInvokeRecordListener$53(KafkaMessageListenerContainer.java:2702)
	... 10 common frames omitted
	Suppressed: org.springframework.kafka.listener.ListenerExecutionFailedException: Restored Stack Trace
		at org.springframework.kafka.listener.adapter.MessagingMessageListenerAdapter.invokeHandler(MessagingMessageListenerAdapter.java:434)
		at org.springframework.kafka.listener.adapter.MessagingMessageListenerAdapter.invoke(MessagingMessageListenerAdapter.java:383)
		at org.springframework.kafka.listener.adapter.RecordMessagingMessageListenerAdapter.onMessage(RecordMessagingMessageListenerAdapter.java:85)
		at org.springframework.kafka.listener.adapter.RecordMessagingMessageListenerAdapter.onMessage(RecordMessagingMessageListenerAdapter.java:50)
		at org.springframework.kafka.listener.KafkaMessageListenerContainer$ListenerConsumer.doInvokeOnMessage(KafkaMessageListenerContainer.java:2801)
Caused by: java.lang.NumberFormatException: For input string: "{"data":{"address":"新疆维吾尔自治区伊犁哈瑟可自治州","sex":"男","name":"埃森江","birth":"2025","id":908,"department":"计算机系"},"message":"json"}"
	at java.base/java.lang.NumberFormatException.forInputString(NumberFormatException.java:67)
	at java.base/java.lang.Integer.parseInt(Integer.java:588)
	at java.base/java.lang.Integer.parseInt(Integer.java:685)
	at com.test.testboot.kafkaservice.ConsumerService.studentbyidconsumeMessage(ConsumerService.java:27)
	at java.base/jdk.internal.reflect.DirectMethodHandleAccessor.invoke(DirectMethodHandleAccessor.java:103)
	at java.base/java.lang.reflect.Method.invoke(Method.java:580)
	at org.springframework.messaging.handler.invocation.InvocableHandlerMethod.doInvoke(InvocableHandlerMethod.java:169)
	at org.springframework.kafka.listener.adapter.KotlinAwareInvocableHandlerMethod.doInvoke(KotlinAwareInvocableHandlerMethod.java:45)
	at org.springframework.messaging.handler.invocation.InvocableHandlerMethod.invoke(InvocableHandlerMethod.java:119)
	at org.springframework.kafka.listener.adapter.HandlerAdapter.invoke(HandlerAdapter.java:77)
	at org.springframework.kafka.listener.adapter.MessagingMessageListenerAdapter.invokeHandler(MessagingMessageListenerAdapter.java:419)
	at org.springframework.kafka.listener.adapter.MessagingMessageListenerAdapter.invoke(MessagingMessageListenerAdapter.java:383)
	at org.springframework.kafka.listener.adapter.RecordMessagingMessageListenerAdapter.onMessage(RecordMessagingMessageListenerAdapter.java:85)
	at org.springframework.kafka.listener.adapter.RecordMessagingMessageListenerAdapter.onMessage(RecordMessagingMessageListenerAdapter.java:50)
	at org.springframework.kafka.listener.KafkaMessageListenerContainer$ListenerConsumer.doInvokeOnMessage(KafkaMessageListenerContainer.java:2801)
	... 12 common frames omitted
2025-03-24 20:43:37.103 [org.springframework.kafka.KafkaListenerEndpointContainer#0-0-C-1] INFO  com.test.testboot.kafkaservice.ConsumerService - Received message: {"data":{"address":"新疆维吾尔自治区伊犁哈瑟可自治州","sex":"男","name":"埃森江","birth":"2025","id":908,"department":"计算机系"},"message":"json"}
2025-03-24 20:43:37.116 [org.springframework.kafka.KafkaListenerEndpointContainer#0-0-C-1] INFO  org.apache.kafka.clients.consumer.internals.LegacyKafkaConsumer - [Consumer clientId=consumer-tomge-consumer-group-1, groupId=tomge-consumer-group] Seeking to offset 26 for partition testtopic-0
2025-03-24 20:43:37.116 [org.springframework.kafka.KafkaListenerEndpointContainer#0-0-C-1] ERROR org.springframework.kafka.listener.KafkaMessageListenerContainer - Error handler threw an exception
org.springframework.kafka.KafkaException: Seek to current after exception
	at org.springframework.kafka.listener.SeekUtils.seekOrRecover(SeekUtils.java:227)
	at org.springframework.kafka.listener.DefaultErrorHandler.handleRemaining(DefaultErrorHandler.java:168)
	at org.springframework.kafka.listener.KafkaMessageListenerContainer$ListenerConsumer.invokeErrorHandler(KafkaMessageListenerContainer.java:2837)
	at org.springframework.kafka.listener.KafkaMessageListenerContainer$ListenerConsumer.lambda$doInvokeRecordListener$53(KafkaMessageListenerContainer.java:2714)
	at io.micrometer.observation.Observation.observe(Observation.java:565)
	at org.springframework.kafka.listener.KafkaMessageListenerContainer$ListenerConsumer.doInvokeRecordListener(KafkaMessageListenerContainer.java:2700)
	at org.springframework.kafka.listener.KafkaMessageListenerContainer$ListenerConsumer.doInvokeWithRecords(KafkaMessageListenerContainer.java:2542)
	at org.springframework.kafka.listener.KafkaMessageListenerContainer$ListenerConsumer.invokeRecordListener(KafkaMessageListenerContainer.java:2431)
	at org.springframework.kafka.listener.KafkaMessageListenerContainer$ListenerConsumer.invokeListener(KafkaMessageListenerContainer.java:2086)
	at org.springframework.kafka.listener.KafkaMessageListenerContainer$ListenerConsumer.invokeIfHaveRecords(KafkaMessageListenerContainer.java:1462)
	at org.springframework.kafka.listener.KafkaMessageListenerContainer$ListenerConsumer.pollAndInvoke(KafkaMessageListenerContainer.java:1427)
	at org.springframework.kafka.listener.KafkaMessageListenerContainer$ListenerConsumer.run(KafkaMessageListenerContainer.java:1297)
	at java.base/java.util.concurrent.CompletableFuture$AsyncRun.run(CompletableFuture.java:1848)
	at java.base/java.lang.Thread.run(Thread.java:1575)
Caused by: org.springframework.kafka.listener.ListenerExecutionFailedException: Listener method 'public void com.test.testboot.kafkaservice.ConsumerService.studentbyidconsumeMessage(java.lang.String)' threw exception
	at org.springframework.kafka.listener.KafkaMessageListenerContainer$ListenerConsumer.decorateException(KafkaMessageListenerContainer.java:2870)
	at org.springframework.kafka.listener.KafkaMessageListenerContainer$ListenerConsumer.doInvokeOnMessage(KafkaMessageListenerContainer.java:2815)
	at org.springframework.kafka.listener.KafkaMessageListenerContainer$ListenerConsumer.invokeOnMessage(KafkaMessageListenerContainer.java:2779)
	at org.springframework.kafka.listener.KafkaMessageListenerContainer$ListenerConsumer.lambda$doInvokeRecordListener$53(KafkaMessageListenerContainer.java:2702)
	... 10 common frames omitted
	Suppressed: org.springframework.kafka.listener.ListenerExecutionFailedException: Restored Stack Trace
		at org.springframework.kafka.listener.adapter.MessagingMessageListenerAdapter.invokeHandler(MessagingMessageListenerAdapter.java:434)
		at org.springframework.kafka.listener.adapter.MessagingMessageListenerAdapter.invoke(MessagingMessageListenerAdapter.java:383)
		at org.springframework.kafka.listener.adapter.RecordMessagingMessageListenerAdapter.onMessage(RecordMessagingMessageListenerAdapter.java:85)
		at org.springframework.kafka.listener.adapter.RecordMessagingMessageListenerAdapter.onMessage(RecordMessagingMessageListenerAdapter.java:50)
		at org.springframework.kafka.listener.KafkaMessageListenerContainer$ListenerConsumer.doInvokeOnMessage(KafkaMessageListenerContainer.java:2801)
Caused by: java.lang.NumberFormatException: For input string: "{"data":{"address":"新疆维吾尔自治区伊犁哈瑟可自治州","sex":"男","name":"埃森江","birth":"2025","id":908,"department":"计算机系"},"message":"json"}"
	at java.base/java.lang.NumberFormatException.forInputString(NumberFormatException.java:67)
	at java.base/java.lang.Integer.parseInt(Integer.java:588)
	at java.base/java.lang.Integer.parseInt(Integer.java:685)
	at com.test.testboot.kafkaservice.ConsumerService.studentbyidconsumeMessage(ConsumerService.java:27)
	at java.base/jdk.internal.reflect.DirectMethodHandleAccessor.invoke(DirectMethodHandleAccessor.java:103)
	at java.base/java.lang.reflect.Method.invoke(Method.java:580)
	at org.springframework.messaging.handler.invocation.InvocableHandlerMethod.doInvoke(InvocableHandlerMethod.java:169)
	at org.springframework.kafka.listener.adapter.KotlinAwareInvocableHandlerMethod.doInvoke(KotlinAwareInvocableHandlerMethod.java:45)
	at org.springframework.messaging.handler.invocation.InvocableHandlerMethod.invoke(InvocableHandlerMethod.java:119)
	at org.springframework.kafka.listener.adapter.HandlerAdapter.invoke(HandlerAdapter.java:77)
	at org.springframework.kafka.listener.adapter.MessagingMessageListenerAdapter.invokeHandler(MessagingMessageListenerAdapter.java:419)
	at org.springframework.kafka.listener.adapter.MessagingMessageListenerAdapter.invoke(MessagingMessageListenerAdapter.java:383)
	at org.springframework.kafka.listener.adapter.RecordMessagingMessageListenerAdapter.onMessage(RecordMessagingMessageListenerAdapter.java:85)
	at org.springframework.kafka.listener.adapter.RecordMessagingMessageListenerAdapter.onMessage(RecordMessagingMessageListenerAdapter.java:50)
	at org.springframework.kafka.listener.KafkaMessageListenerContainer$ListenerConsumer.doInvokeOnMessage(KafkaMessageListenerContainer.java:2801)
	... 12 common frames omitted
2025-03-24 20:43:37.609 [org.springframework.kafka.KafkaListenerEndpointContainer#0-0-C-1] INFO  com.test.testboot.kafkaservice.ConsumerService - Received message: {"data":{"address":"新疆维吾尔自治区伊犁哈瑟可自治州","sex":"男","name":"埃森江","birth":"2025","id":908,"department":"计算机系"},"message":"json"}
2025-03-24 20:43:37.622 [org.springframework.kafka.KafkaListenerEndpointContainer#0-0-C-1] INFO  org.apache.kafka.clients.consumer.internals.LegacyKafkaConsumer - [Consumer clientId=consumer-tomge-consumer-group-1, groupId=tomge-consumer-group] Seeking to offset 26 for partition testtopic-0
2025-03-24 20:43:37.622 [org.springframework.kafka.KafkaListenerEndpointContainer#0-0-C-1] ERROR org.springframework.kafka.listener.KafkaMessageListenerContainer - Error handler threw an exception
org.springframework.kafka.KafkaException: Seek to current after exception
	at org.springframework.kafka.listener.SeekUtils.seekOrRecover(SeekUtils.java:227)
	at org.springframework.kafka.listener.DefaultErrorHandler.handleRemaining(DefaultErrorHandler.java:168)
	at org.springframework.kafka.listener.KafkaMessageListenerContainer$ListenerConsumer.invokeErrorHandler(KafkaMessageListenerContainer.java:2837)
	at org.springframework.kafka.listener.KafkaMessageListenerContainer$ListenerConsumer.lambda$doInvokeRecordListener$53(KafkaMessageListenerContainer.java:2714)
	at io.micrometer.observation.Observation.observe(Observation.java:565)
	at org.springframework.kafka.listener.KafkaMessageListenerContainer$ListenerConsumer.doInvokeRecordListener(KafkaMessageListenerContainer.java:2700)
	at org.springframework.kafka.listener.KafkaMessageListenerContainer$ListenerConsumer.doInvokeWithRecords(KafkaMessageListenerContainer.java:2542)
	at org.springframework.kafka.listener.KafkaMessageListenerContainer$ListenerConsumer.invokeRecordListener(KafkaMessageListenerContainer.java:2431)
	at org.springframework.kafka.listener.KafkaMessageListenerContainer$ListenerConsumer.invokeListener(KafkaMessageListenerContainer.java:2086)
	at org.springframework.kafka.listener.KafkaMessageListenerContainer$ListenerConsumer.invokeIfHaveRecords(KafkaMessageListenerContainer.java:1462)
	at org.springframework.kafka.listener.KafkaMessageListenerContainer$ListenerConsumer.pollAndInvoke(KafkaMessageListenerContainer.java:1427)
	at org.springframework.kafka.listener.KafkaMessageListenerContainer$ListenerConsumer.run(KafkaMessageListenerContainer.java:1297)
	at java.base/java.util.concurrent.CompletableFuture$AsyncRun.run(CompletableFuture.java:1848)
	at java.base/java.lang.Thread.run(Thread.java:1575)
Caused by: org.springframework.kafka.listener.ListenerExecutionFailedException: Listener method 'public void com.test.testboot.kafkaservice.ConsumerService.studentbyidconsumeMessage(java.lang.String)' threw exception
	at org.springframework.kafka.listener.KafkaMessageListenerContainer$ListenerConsumer.decorateException(KafkaMessageListenerContainer.java:2870)
	at org.springframework.kafka.listener.KafkaMessageListenerContainer$ListenerConsumer.doInvokeOnMessage(KafkaMessageListenerContainer.java:2815)
	at org.springframework.kafka.listener.KafkaMessageListenerContainer$ListenerConsumer.invokeOnMessage(KafkaMessageListenerContainer.java:2779)
	at org.springframework.kafka.listener.KafkaMessageListenerContainer$ListenerConsumer.lambda$doInvokeRecordListener$53(KafkaMessageListenerContainer.java:2702)
	... 10 common frames omitted
	Suppressed: org.springframework.kafka.listener.ListenerExecutionFailedException: Restored Stack Trace
		at org.springframework.kafka.listener.adapter.MessagingMessageListenerAdapter.invokeHandler(MessagingMessageListenerAdapter.java:434)
		at org.springframework.kafka.listener.adapter.MessagingMessageListenerAdapter.invoke(MessagingMessageListenerAdapter.java:383)
		at org.springframework.kafka.listener.adapter.RecordMessagingMessageListenerAdapter.onMessage(RecordMessagingMessageListenerAdapter.java:85)
		at org.springframework.kafka.listener.adapter.RecordMessagingMessageListenerAdapter.onMessage(RecordMessagingMessageListenerAdapter.java:50)
		at org.springframework.kafka.listener.KafkaMessageListenerContainer$ListenerConsumer.doInvokeOnMessage(KafkaMessageListenerContainer.java:2801)
Caused by: java.lang.NumberFormatException: For input string: "{"data":{"address":"新疆维吾尔自治区伊犁哈瑟可自治州","sex":"男","name":"埃森江","birth":"2025","id":908,"department":"计算机系"},"message":"json"}"
	at java.base/java.lang.NumberFormatException.forInputString(NumberFormatException.java:67)
	at java.base/java.lang.Integer.parseInt(Integer.java:588)
	at java.base/java.lang.Integer.parseInt(Integer.java:685)
	at com.test.testboot.kafkaservice.ConsumerService.studentbyidconsumeMessage(ConsumerService.java:27)
	at java.base/jdk.internal.reflect.DirectMethodHandleAccessor.invoke(DirectMethodHandleAccessor.java:103)
	at java.base/java.lang.reflect.Method.invoke(Method.java:580)
	at org.springframework.messaging.handler.invocation.InvocableHandlerMethod.doInvoke(InvocableHandlerMethod.java:169)
	at org.springframework.kafka.listener.adapter.KotlinAwareInvocableHandlerMethod.doInvoke(KotlinAwareInvocableHandlerMethod.java:45)
	at org.springframework.messaging.handler.invocation.InvocableHandlerMethod.invoke(InvocableHandlerMethod.java:119)
	at org.springframework.kafka.listener.adapter.HandlerAdapter.invoke(HandlerAdapter.java:77)
	at org.springframework.kafka.listener.adapter.MessagingMessageListenerAdapter.invokeHandler(MessagingMessageListenerAdapter.java:419)
	at org.springframework.kafka.listener.adapter.MessagingMessageListenerAdapter.invoke(MessagingMessageListenerAdapter.java:383)
	at org.springframework.kafka.listener.adapter.RecordMessagingMessageListenerAdapter.onMessage(RecordMessagingMessageListenerAdapter.java:85)
	at org.springframework.kafka.listener.adapter.RecordMessagingMessageListenerAdapter.onMessage(RecordMessagingMessageListenerAdapter.java:50)
	at org.springframework.kafka.listener.KafkaMessageListenerContainer$ListenerConsumer.doInvokeOnMessage(KafkaMessageListenerContainer.java:2801)
	... 12 common frames omitted
2025-03-24 20:43:38.116 [org.springframework.kafka.KafkaListenerEndpointContainer#0-0-C-1] INFO  com.test.testboot.kafkaservice.ConsumerService - Received message: {"data":{"address":"新疆维吾尔自治区伊犁哈瑟可自治州","sex":"男","name":"埃森江","birth":"2025","id":908,"department":"计算机系"},"message":"json"}
2025-03-24 20:43:38.129 [org.springframework.kafka.KafkaListenerEndpointContainer#0-0-C-1] INFO  org.apache.kafka.clients.consumer.internals.LegacyKafkaConsumer - [Consumer clientId=consumer-tomge-consumer-group-1, groupId=tomge-consumer-group] Seeking to offset 26 for partition testtopic-0
2025-03-24 20:43:38.129 [org.springframework.kafka.KafkaListenerEndpointContainer#0-0-C-1] ERROR org.springframework.kafka.listener.KafkaMessageListenerContainer - Error handler threw an exception
org.springframework.kafka.KafkaException: Seek to current after exception
	at org.springframework.kafka.listener.SeekUtils.seekOrRecover(SeekUtils.java:227)
	at org.springframework.kafka.listener.DefaultErrorHandler.handleRemaining(DefaultErrorHandler.java:168)
	at org.springframework.kafka.listener.KafkaMessageListenerContainer$ListenerConsumer.invokeErrorHandler(KafkaMessageListenerContainer.java:2837)
	at org.springframework.kafka.listener.KafkaMessageListenerContainer$ListenerConsumer.lambda$doInvokeRecordListener$53(KafkaMessageListenerContainer.java:2714)
	at io.micrometer.observation.Observation.observe(Observation.java:565)
	at org.springframework.kafka.listener.KafkaMessageListenerContainer$ListenerConsumer.doInvokeRecordListener(KafkaMessageListenerContainer.java:2700)
	at org.springframework.kafka.listener.KafkaMessageListenerContainer$ListenerConsumer.doInvokeWithRecords(KafkaMessageListenerContainer.java:2542)
	at org.springframework.kafka.listener.KafkaMessageListenerContainer$ListenerConsumer.invokeRecordListener(KafkaMessageListenerContainer.java:2431)
	at org.springframework.kafka.listener.KafkaMessageListenerContainer$ListenerConsumer.invokeListener(KafkaMessageListenerContainer.java:2086)
	at org.springframework.kafka.listener.KafkaMessageListenerContainer$ListenerConsumer.invokeIfHaveRecords(KafkaMessageListenerContainer.java:1462)
	at org.springframework.kafka.listener.KafkaMessageListenerContainer$ListenerConsumer.pollAndInvoke(KafkaMessageListenerContainer.java:1427)
	at org.springframework.kafka.listener.KafkaMessageListenerContainer$ListenerConsumer.run(KafkaMessageListenerContainer.java:1297)
	at java.base/java.util.concurrent.CompletableFuture$AsyncRun.run(CompletableFuture.java:1848)
	at java.base/java.lang.Thread.run(Thread.java:1575)
Caused by: org.springframework.kafka.listener.ListenerExecutionFailedException: Listener method 'public void com.test.testboot.kafkaservice.ConsumerService.studentbyidconsumeMessage(java.lang.String)' threw exception
	at org.springframework.kafka.listener.KafkaMessageListenerContainer$ListenerConsumer.decorateException(KafkaMessageListenerContainer.java:2870)
	at org.springframework.kafka.listener.KafkaMessageListenerContainer$ListenerConsumer.doInvokeOnMessage(KafkaMessageListenerContainer.java:2815)
	at org.springframework.kafka.listener.KafkaMessageListenerContainer$ListenerConsumer.invokeOnMessage(KafkaMessageListenerContainer.java:2779)
	at org.springframework.kafka.listener.KafkaMessageListenerContainer$ListenerConsumer.lambda$doInvokeRecordListener$53(KafkaMessageListenerContainer.java:2702)
	... 10 common frames omitted
	Suppressed: org.springframework.kafka.listener.ListenerExecutionFailedException: Restored Stack Trace
		at org.springframework.kafka.listener.adapter.MessagingMessageListenerAdapter.invokeHandler(MessagingMessageListenerAdapter.java:434)
		at org.springframework.kafka.listener.adapter.MessagingMessageListenerAdapter.invoke(MessagingMessageListenerAdapter.java:383)
		at org.springframework.kafka.listener.adapter.RecordMessagingMessageListenerAdapter.onMessage(RecordMessagingMessageListenerAdapter.java:85)
		at org.springframework.kafka.listener.adapter.RecordMessagingMessageListenerAdapter.onMessage(RecordMessagingMessageListenerAdapter.java:50)
		at org.springframework.kafka.listener.KafkaMessageListenerContainer$ListenerConsumer.doInvokeOnMessage(KafkaMessageListenerContainer.java:2801)
Caused by: java.lang.NumberFormatException: For input string: "{"data":{"address":"新疆维吾尔自治区伊犁哈瑟可自治州","sex":"男","name":"埃森江","birth":"2025","id":908,"department":"计算机系"},"message":"json"}"
	at java.base/java.lang.NumberFormatException.forInputString(NumberFormatException.java:67)
	at java.base/java.lang.Integer.parseInt(Integer.java:588)
	at java.base/java.lang.Integer.parseInt(Integer.java:685)
	at com.test.testboot.kafkaservice.ConsumerService.studentbyidconsumeMessage(ConsumerService.java:27)
	at java.base/jdk.internal.reflect.DirectMethodHandleAccessor.invoke(DirectMethodHandleAccessor.java:103)
	at java.base/java.lang.reflect.Method.invoke(Method.java:580)
	at org.springframework.messaging.handler.invocation.InvocableHandlerMethod.doInvoke(InvocableHandlerMethod.java:169)
	at org.springframework.kafka.listener.adapter.KotlinAwareInvocableHandlerMethod.doInvoke(KotlinAwareInvocableHandlerMethod.java:45)
	at org.springframework.messaging.handler.invocation.InvocableHandlerMethod.invoke(InvocableHandlerMethod.java:119)
	at org.springframework.kafka.listener.adapter.HandlerAdapter.invoke(HandlerAdapter.java:77)
	at org.springframework.kafka.listener.adapter.MessagingMessageListenerAdapter.invokeHandler(MessagingMessageListenerAdapter.java:419)
	at org.springframework.kafka.listener.adapter.MessagingMessageListenerAdapter.invoke(MessagingMessageListenerAdapter.java:383)
	at org.springframework.kafka.listener.adapter.RecordMessagingMessageListenerAdapter.onMessage(RecordMessagingMessageListenerAdapter.java:85)
	at org.springframework.kafka.listener.adapter.RecordMessagingMessageListenerAdapter.onMessage(RecordMessagingMessageListenerAdapter.java:50)
	at org.springframework.kafka.listener.KafkaMessageListenerContainer$ListenerConsumer.doInvokeOnMessage(KafkaMessageListenerContainer.java:2801)
	... 12 common frames omitted
2025-03-24 20:43:38.622 [org.springframework.kafka.KafkaListenerEndpointContainer#0-0-C-1] INFO  com.test.testboot.kafkaservice.ConsumerService - Received message: {"data":{"address":"新疆维吾尔自治区伊犁哈瑟可自治州","sex":"男","name":"埃森江","birth":"2025","id":908,"department":"计算机系"},"message":"json"}
2025-03-24 20:43:38.636 [org.springframework.kafka.KafkaListenerEndpointContainer#0-0-C-1] INFO  org.apache.kafka.clients.consumer.internals.LegacyKafkaConsumer - [Consumer clientId=consumer-tomge-consumer-group-1, groupId=tomge-consumer-group] Seeking to offset 26 for partition testtopic-0
2025-03-24 20:43:38.636 [org.springframework.kafka.KafkaListenerEndpointContainer#0-0-C-1] ERROR org.springframework.kafka.listener.KafkaMessageListenerContainer - Error handler threw an exception
org.springframework.kafka.KafkaException: Seek to current after exception
	at org.springframework.kafka.listener.SeekUtils.seekOrRecover(SeekUtils.java:227)
	at org.springframework.kafka.listener.DefaultErrorHandler.handleRemaining(DefaultErrorHandler.java:168)
	at org.springframework.kafka.listener.KafkaMessageListenerContainer$ListenerConsumer.invokeErrorHandler(KafkaMessageListenerContainer.java:2837)
	at org.springframework.kafka.listener.KafkaMessageListenerContainer$ListenerConsumer.lambda$doInvokeRecordListener$53(KafkaMessageListenerContainer.java:2714)
	at io.micrometer.observation.Observation.observe(Observation.java:565)
	at org.springframework.kafka.listener.KafkaMessageListenerContainer$ListenerConsumer.doInvokeRecordListener(KafkaMessageListenerContainer.java:2700)
	at org.springframework.kafka.listener.KafkaMessageListenerContainer$ListenerConsumer.doInvokeWithRecords(KafkaMessageListenerContainer.java:2542)
	at org.springframework.kafka.listener.KafkaMessageListenerContainer$ListenerConsumer.invokeRecordListener(KafkaMessageListenerContainer.java:2431)
	at org.springframework.kafka.listener.KafkaMessageListenerContainer$ListenerConsumer.invokeListener(KafkaMessageListenerContainer.java:2086)
	at org.springframework.kafka.listener.KafkaMessageListenerContainer$ListenerConsumer.invokeIfHaveRecords(KafkaMessageListenerContainer.java:1462)
	at org.springframework.kafka.listener.KafkaMessageListenerContainer$ListenerConsumer.pollAndInvoke(KafkaMessageListenerContainer.java:1427)
	at org.springframework.kafka.listener.KafkaMessageListenerContainer$ListenerConsumer.run(KafkaMessageListenerContainer.java:1297)
	at java.base/java.util.concurrent.CompletableFuture$AsyncRun.run(CompletableFuture.java:1848)
	at java.base/java.lang.Thread.run(Thread.java:1575)
Caused by: org.springframework.kafka.listener.ListenerExecutionFailedException: Listener method 'public void com.test.testboot.kafkaservice.ConsumerService.studentbyidconsumeMessage(java.lang.String)' threw exception
	at org.springframework.kafka.listener.KafkaMessageListenerContainer$ListenerConsumer.decorateException(KafkaMessageListenerContainer.java:2870)
	at org.springframework.kafka.listener.KafkaMessageListenerContainer$ListenerConsumer.doInvokeOnMessage(KafkaMessageListenerContainer.java:2815)
	at org.springframework.kafka.listener.KafkaMessageListenerContainer$ListenerConsumer.invokeOnMessage(KafkaMessageListenerContainer.java:2779)
	at org.springframework.kafka.listener.KafkaMessageListenerContainer$ListenerConsumer.lambda$doInvokeRecordListener$53(KafkaMessageListenerContainer.java:2702)
	... 10 common frames omitted
	Suppressed: org.springframework.kafka.listener.ListenerExecutionFailedException: Restored Stack Trace
		at org.springframework.kafka.listener.adapter.MessagingMessageListenerAdapter.invokeHandler(MessagingMessageListenerAdapter.java:434)
		at org.springframework.kafka.listener.adapter.MessagingMessageListenerAdapter.invoke(MessagingMessageListenerAdapter.java:383)
		at org.springframework.kafka.listener.adapter.RecordMessagingMessageListenerAdapter.onMessage(RecordMessagingMessageListenerAdapter.java:85)
		at org.springframework.kafka.listener.adapter.RecordMessagingMessageListenerAdapter.onMessage(RecordMessagingMessageListenerAdapter.java:50)
		at org.springframework.kafka.listener.KafkaMessageListenerContainer$ListenerConsumer.doInvokeOnMessage(KafkaMessageListenerContainer.java:2801)
Caused by: java.lang.NumberFormatException: For input string: "{"data":{"address":"新疆维吾尔自治区伊犁哈瑟可自治州","sex":"男","name":"埃森江","birth":"2025","id":908,"department":"计算机系"},"message":"json"}"
	at java.base/java.lang.NumberFormatException.forInputString(NumberFormatException.java:67)
	at java.base/java.lang.Integer.parseInt(Integer.java:588)
	at java.base/java.lang.Integer.parseInt(Integer.java:685)
	at com.test.testboot.kafkaservice.ConsumerService.studentbyidconsumeMessage(ConsumerService.java:27)
	at java.base/jdk.internal.reflect.DirectMethodHandleAccessor.invoke(DirectMethodHandleAccessor.java:103)
	at java.base/java.lang.reflect.Method.invoke(Method.java:580)
	at org.springframework.messaging.handler.invocation.InvocableHandlerMethod.doInvoke(InvocableHandlerMethod.java:169)
	at org.springframework.kafka.listener.adapter.KotlinAwareInvocableHandlerMethod.doInvoke(KotlinAwareInvocableHandlerMethod.java:45)
	at org.springframework.messaging.handler.invocation.InvocableHandlerMethod.invoke(InvocableHandlerMethod.java:119)
	at org.springframework.kafka.listener.adapter.HandlerAdapter.invoke(HandlerAdapter.java:77)
	at org.springframework.kafka.listener.adapter.MessagingMessageListenerAdapter.invokeHandler(MessagingMessageListenerAdapter.java:419)
	at org.springframework.kafka.listener.adapter.MessagingMessageListenerAdapter.invoke(MessagingMessageListenerAdapter.java:383)
	at org.springframework.kafka.listener.adapter.RecordMessagingMessageListenerAdapter.onMessage(RecordMessagingMessageListenerAdapter.java:85)
	at org.springframework.kafka.listener.adapter.RecordMessagingMessageListenerAdapter.onMessage(RecordMessagingMessageListenerAdapter.java:50)
	at org.springframework.kafka.listener.KafkaMessageListenerContainer$ListenerConsumer.doInvokeOnMessage(KafkaMessageListenerContainer.java:2801)
	... 12 common frames omitted
2025-03-24 20:43:39.125 [org.springframework.kafka.KafkaListenerEndpointContainer#0-0-C-1] INFO  com.test.testboot.kafkaservice.ConsumerService - Received message: {"data":{"address":"新疆维吾尔自治区伊犁哈瑟可自治州","sex":"男","name":"埃森江","birth":"2025","id":908,"department":"计算机系"},"message":"json"}
2025-03-24 20:43:39.128 [org.springframework.kafka.KafkaListenerEndpointContainer#0-0-C-1] ERROR org.springframework.kafka.listener.DefaultErrorHandler - Backoff FixedBackOff{interval=0, currentAttempts=10, maxAttempts=9} exhausted for testtopic-0@26
org.springframework.kafka.listener.ListenerExecutionFailedException: Listener method 'public void com.test.testboot.kafkaservice.ConsumerService.studentbyidconsumeMessage(java.lang.String)' threw exception
	at org.springframework.kafka.listener.KafkaMessageListenerContainer$ListenerConsumer.decorateException(KafkaMessageListenerContainer.java:2870)
	at org.springframework.kafka.listener.KafkaMessageListenerContainer$ListenerConsumer.doInvokeOnMessage(KafkaMessageListenerContainer.java:2815)
	at org.springframework.kafka.listener.KafkaMessageListenerContainer$ListenerConsumer.invokeOnMessage(KafkaMessageListenerContainer.java:2779)
	at org.springframework.kafka.listener.KafkaMessageListenerContainer$ListenerConsumer.lambda$doInvokeRecordListener$53(KafkaMessageListenerContainer.java:2702)
	at io.micrometer.observation.Observation.observe(Observation.java:565)
	at org.springframework.kafka.listener.KafkaMessageListenerContainer$ListenerConsumer.doInvokeRecordListener(KafkaMessageListenerContainer.java:2700)
	at org.springframework.kafka.listener.KafkaMessageListenerContainer$ListenerConsumer.doInvokeWithRecords(KafkaMessageListenerContainer.java:2542)
	at org.springframework.kafka.listener.KafkaMessageListenerContainer$ListenerConsumer.invokeRecordListener(KafkaMessageListenerContainer.java:2431)
	at org.springframework.kafka.listener.KafkaMessageListenerContainer$ListenerConsumer.invokeListener(KafkaMessageListenerContainer.java:2086)
	at org.springframework.kafka.listener.KafkaMessageListenerContainer$ListenerConsumer.invokeIfHaveRecords(KafkaMessageListenerContainer.java:1462)
	at org.springframework.kafka.listener.KafkaMessageListenerContainer$ListenerConsumer.pollAndInvoke(KafkaMessageListenerContainer.java:1427)
	at org.springframework.kafka.listener.KafkaMessageListenerContainer$ListenerConsumer.run(KafkaMessageListenerContainer.java:1297)
	at java.base/java.util.concurrent.CompletableFuture$AsyncRun.run(CompletableFuture.java:1848)
	at java.base/java.lang.Thread.run(Thread.java:1575)
	Suppressed: org.springframework.kafka.listener.ListenerExecutionFailedException: Restored Stack Trace
		at org.springframework.kafka.listener.adapter.MessagingMessageListenerAdapter.invokeHandler(MessagingMessageListenerAdapter.java:434)
		at org.springframework.kafka.listener.adapter.MessagingMessageListenerAdapter.invoke(MessagingMessageListenerAdapter.java:383)
		at org.springframework.kafka.listener.adapter.RecordMessagingMessageListenerAdapter.onMessage(RecordMessagingMessageListenerAdapter.java:85)
		at org.springframework.kafka.listener.adapter.RecordMessagingMessageListenerAdapter.onMessage(RecordMessagingMessageListenerAdapter.java:50)
		at org.springframework.kafka.listener.KafkaMessageListenerContainer$ListenerConsumer.doInvokeOnMessage(KafkaMessageListenerContainer.java:2801)
Caused by: java.lang.NumberFormatException: For input string: "{"data":{"address":"新疆维吾尔自治区伊犁哈瑟可自治州","sex":"男","name":"埃森江","birth":"2025","id":908,"department":"计算机系"},"message":"json"}"
	at java.base/java.lang.NumberFormatException.forInputString(NumberFormatException.java:67)
	at java.base/java.lang.Integer.parseInt(Integer.java:588)
	at java.base/java.lang.Integer.parseInt(Integer.java:685)
	at com.test.testboot.kafkaservice.ConsumerService.studentbyidconsumeMessage(ConsumerService.java:27)
	at java.base/jdk.internal.reflect.DirectMethodHandleAccessor.invoke(DirectMethodHandleAccessor.java:103)
	at java.base/java.lang.reflect.Method.invoke(Method.java:580)
	at org.springframework.messaging.handler.invocation.InvocableHandlerMethod.doInvoke(InvocableHandlerMethod.java:169)
	at org.springframework.kafka.listener.adapter.KotlinAwareInvocableHandlerMethod.doInvoke(KotlinAwareInvocableHandlerMethod.java:45)
	at org.springframework.messaging.handler.invocation.InvocableHandlerMethod.invoke(InvocableHandlerMethod.java:119)
	at org.springframework.kafka.listener.adapter.HandlerAdapter.invoke(HandlerAdapter.java:77)
	at org.springframework.kafka.listener.adapter.MessagingMessageListenerAdapter.invokeHandler(MessagingMessageListenerAdapter.java:419)
	at org.springframework.kafka.listener.adapter.MessagingMessageListenerAdapter.invoke(MessagingMessageListenerAdapter.java:383)
	at org.springframework.kafka.listener.adapter.RecordMessagingMessageListenerAdapter.onMessage(RecordMessagingMessageListenerAdapter.java:85)
	at org.springframework.kafka.listener.adapter.RecordMessagingMessageListenerAdapter.onMessage(RecordMessagingMessageListenerAdapter.java:50)
	at org.springframework.kafka.listener.KafkaMessageListenerContainer$ListenerConsumer.doInvokeOnMessage(KafkaMessageListenerContainer.java:2801)
	... 12 common frames omitted
2025-03-24 20:52:23.427 [org.springframework.kafka.KafkaListenerEndpointContainer#1-0-C-1] INFO  org.apache.kafka.clients.NetworkClient - [Consumer clientId=consumer-tomge-consumer-group-2, groupId=tomge-consumer-group] Node -1 disconnected.
2025-03-24 20:52:23.658 [org.springframework.kafka.KafkaListenerEndpointContainer#0-0-C-1] INFO  org.apache.kafka.clients.NetworkClient - [Consumer clientId=consumer-tomge-consumer-group-1, groupId=tomge-consumer-group] Node -1 disconnected.
2025-03-24 20:52:34.578 [kafka-producer-network-thread | testspringboot-producer-1] INFO  org.apache.kafka.clients.NetworkClient - [Producer clientId=testspringboot-producer-1] Node -1 disconnected.
2025-03-24 21:02:23.356 [org.springframework.kafka.KafkaListenerEndpointContainer#1-0-C-1] INFO  org.apache.kafka.clients.NetworkClient - [Consumer clientId=consumer-tomge-consumer-group-2, groupId=tomge-consumer-group] Node -1 disconnected.
2025-03-24 21:02:23.729 [org.springframework.kafka.KafkaListenerEndpointContainer#0-0-C-1] INFO  org.apache.kafka.clients.NetworkClient - [Consumer clientId=consumer-tomge-consumer-group-1, groupId=tomge-consumer-group] Node -1 disconnected.
2025-03-24 21:02:34.572 [kafka-producer-network-thread | testspringboot-producer-1] INFO  org.apache.kafka.clients.NetworkClient - [Producer clientId=testspringboot-producer-1] Node -1 disconnected.
2025-03-24 21:07:03.761 [org.springframework.kafka.KafkaListenerEndpointContainer#0-0-C-1] INFO  org.apache.kafka.clients.consumer.internals.ConsumerRebalanceListenerInvoker - [Consumer clientId=consumer-tomge-consumer-group-1, groupId=tomge-consumer-group] Revoke previously assigned partitions testtopic-0
2025-03-24 21:07:03.761 [org.springframework.kafka.KafkaListenerEndpointContainer#1-0-C-1] INFO  org.apache.kafka.clients.consumer.internals.ConsumerCoordinator - [Consumer clientId=consumer-tomge-consumer-group-2, groupId=tomge-consumer-group] Member consumer-tomge-consumer-group-2-31111bd2-b0ae-46d0-a070-17349b86b290 sending LeaveGroup request to coordinator localhost:9092 (id: 2147483647 rack: null) due to the consumer unsubscribed from all topics
2025-03-24 21:07:03.762 [org.springframework.kafka.KafkaListenerEndpointContainer#0-0-C-1] INFO  org.apache.kafka.clients.consumer.internals.ConsumerCoordinator - [Consumer clientId=consumer-tomge-consumer-group-1, groupId=tomge-consumer-group] Member consumer-tomge-consumer-group-1-0dd4db1f-db53-4790-a35f-d53ef633a4e5 sending LeaveGroup request to coordinator localhost:9092 (id: 2147483647 rack: null) due to the consumer unsubscribed from all topics
2025-03-24 21:07:03.762 [org.springframework.kafka.KafkaListenerEndpointContainer#1-0-C-1] INFO  org.apache.kafka.clients.consumer.internals.ConsumerCoordinator - [Consumer clientId=consumer-tomge-consumer-group-2, groupId=tomge-consumer-group] Resetting generation and member id due to: consumer pro-actively leaving the group
2025-03-24 21:07:03.762 [org.springframework.kafka.KafkaListenerEndpointContainer#0-0-C-1] INFO  org.apache.kafka.clients.consumer.internals.ConsumerCoordinator - [Consumer clientId=consumer-tomge-consumer-group-1, groupId=tomge-consumer-group] Resetting generation and member id due to: consumer pro-actively leaving the group
2025-03-24 21:07:03.762 [org.springframework.kafka.KafkaListenerEndpointContainer#1-0-C-1] INFO  org.apache.kafka.clients.consumer.internals.ConsumerCoordinator - [Consumer clientId=consumer-tomge-consumer-group-2, groupId=tomge-consumer-group] Request joining group due to: consumer pro-actively leaving the group
2025-03-24 21:07:03.762 [org.springframework.kafka.KafkaListenerEndpointContainer#0-0-C-1] INFO  org.apache.kafka.clients.consumer.internals.ConsumerCoordinator - [Consumer clientId=consumer-tomge-consumer-group-1, groupId=tomge-consumer-group] Request joining group due to: consumer pro-actively leaving the group
2025-03-24 21:07:03.762 [org.springframework.kafka.KafkaListenerEndpointContainer#1-0-C-1] INFO  org.apache.kafka.clients.consumer.internals.LegacyKafkaConsumer - [Consumer clientId=consumer-tomge-consumer-group-2, groupId=tomge-consumer-group] Unsubscribed all topics or patterns and assigned partitions
2025-03-24 21:07:03.762 [org.springframework.kafka.KafkaListenerEndpointContainer#0-0-C-1] INFO  org.apache.kafka.clients.consumer.internals.LegacyKafkaConsumer - [Consumer clientId=consumer-tomge-consumer-group-1, groupId=tomge-consumer-group] Unsubscribed all topics or patterns and assigned partitions
2025-03-24 21:07:03.763 [org.springframework.kafka.KafkaListenerEndpointContainer#1-0-C-1] INFO  org.apache.kafka.clients.consumer.internals.ConsumerCoordinator - [Consumer clientId=consumer-tomge-consumer-group-2, groupId=tomge-consumer-group] Resetting generation and member id due to: consumer pro-actively leaving the group
2025-03-24 21:07:03.763 [org.springframework.kafka.KafkaListenerEndpointContainer#0-0-C-1] INFO  org.apache.kafka.clients.consumer.internals.ConsumerCoordinator - [Consumer clientId=consumer-tomge-consumer-group-1, groupId=tomge-consumer-group] Resetting generation and member id due to: consumer pro-actively leaving the group
2025-03-24 21:07:03.763 [org.springframework.kafka.KafkaListenerEndpointContainer#1-0-C-1] INFO  org.apache.kafka.clients.consumer.internals.ConsumerCoordinator - [Consumer clientId=consumer-tomge-consumer-group-2, groupId=tomge-consumer-group] Request joining group due to: consumer pro-actively leaving the group
2025-03-24 21:07:03.763 [org.springframework.kafka.KafkaListenerEndpointContainer#0-0-C-1] INFO  org.apache.kafka.clients.consumer.internals.ConsumerCoordinator - [Consumer clientId=consumer-tomge-consumer-group-1, groupId=tomge-consumer-group] Request joining group due to: consumer pro-actively leaving the group
2025-03-24 21:07:03.768 [org.springframework.kafka.KafkaListenerEndpointContainer#1-0-C-1] INFO  org.apache.kafka.common.metrics.Metrics - Metrics scheduler closed
2025-03-24 21:07:03.768 [org.springframework.kafka.KafkaListenerEndpointContainer#1-0-C-1] INFO  org.apache.kafka.common.metrics.Metrics - Closing reporter org.apache.kafka.common.metrics.JmxReporter
2025-03-24 21:07:03.768 [org.springframework.kafka.KafkaListenerEndpointContainer#1-0-C-1] INFO  org.apache.kafka.common.metrics.Metrics - Closing reporter org.apache.kafka.common.telemetry.internals.ClientTelemetryReporter
2025-03-24 21:07:03.768 [org.springframework.kafka.KafkaListenerEndpointContainer#1-0-C-1] INFO  org.apache.kafka.common.metrics.Metrics - Metrics reporters closed
2025-03-24 21:07:03.770 [org.springframework.kafka.KafkaListenerEndpointContainer#1-0-C-1] INFO  org.apache.kafka.common.utils.AppInfoParser - App info kafka.consumer for consumer-tomge-consumer-group-2 unregistered
2025-03-24 21:07:03.871 [org.springframework.kafka.KafkaListenerEndpointContainer#0-0-C-1] INFO  org.apache.kafka.common.metrics.Metrics - Metrics scheduler closed
2025-03-24 21:07:03.872 [org.springframework.kafka.KafkaListenerEndpointContainer#0-0-C-1] INFO  org.apache.kafka.common.metrics.Metrics - Closing reporter org.apache.kafka.common.metrics.JmxReporter
2025-03-24 21:07:03.872 [org.springframework.kafka.KafkaListenerEndpointContainer#0-0-C-1] INFO  org.apache.kafka.common.metrics.Metrics - Closing reporter org.apache.kafka.common.telemetry.internals.ClientTelemetryReporter
2025-03-24 21:07:03.872 [org.springframework.kafka.KafkaListenerEndpointContainer#0-0-C-1] INFO  org.apache.kafka.common.metrics.Metrics - Metrics reporters closed
2025-03-24 21:07:03.873 [org.springframework.kafka.KafkaListenerEndpointContainer#0-0-C-1] INFO  org.apache.kafka.common.utils.AppInfoParser - App info kafka.consumer for consumer-tomge-consumer-group-1 unregistered
2025-03-24 21:07:03.886 [SpringApplicationShutdownHook] INFO  org.apache.kafka.clients.producer.KafkaProducer - [Producer clientId=testspringboot-producer-1] Closing the Kafka producer with timeoutMillis = 30000 ms.
2025-03-24 21:07:03.888 [SpringApplicationShutdownHook] INFO  org.apache.kafka.common.metrics.Metrics - Metrics scheduler closed
2025-03-24 21:07:03.888 [SpringApplicationShutdownHook] INFO  org.apache.kafka.common.metrics.Metrics - Closing reporter org.apache.kafka.common.metrics.JmxReporter
2025-03-24 21:07:03.888 [SpringApplicationShutdownHook] INFO  org.apache.kafka.common.metrics.Metrics - Closing reporter org.apache.kafka.common.telemetry.internals.ClientTelemetryReporter
2025-03-24 21:07:03.888 [SpringApplicationShutdownHook] INFO  org.apache.kafka.common.metrics.Metrics - Metrics reporters closed
2025-03-24 21:07:03.888 [SpringApplicationShutdownHook] INFO  org.apache.kafka.common.utils.AppInfoParser - App info kafka.producer for testspringboot-producer-1 unregistered
2025-03-24 21:07:07.429 [main] INFO  com.test.testboot.TestbootApplication - Starting TestbootApplication using Java 23.0.2 with PID 11568 (/Users/zhaoxin/Documents/GitHub/testboot/target/classes started by zhaoxin in /Users/zhaoxin/Documents/GitHub/testboot)
2025-03-24 21:07:07.431 [main] INFO  com.test.testboot.TestbootApplication - No active profile set, falling back to 1 default profile: "default"
2025-03-24 21:07:07.927 [main] INFO  org.apache.coyote.http11.Http11NioProtocol - Initializing ProtocolHandler ["http-nio-9090"]
2025-03-24 21:07:07.928 [main] INFO  org.apache.catalina.core.StandardService - Starting service [Tomcat]
2025-03-24 21:07:07.928 [main] INFO  org.apache.catalina.core.StandardEngine - Starting Servlet engine: [Apache Tomcat/10.1.36]
2025-03-24 21:07:07.944 [main] INFO  org.apache.catalina.core.ContainerBase.[Tomcat].[localhost].[/] - Initializing Spring embedded WebApplicationContext
2025-03-24 21:07:08.382 [main] INFO  org.apache.coyote.http11.Http11NioProtocol - Starting ProtocolHandler ["http-nio-9090"]
2025-03-24 21:07:08.404 [main] INFO  org.apache.kafka.clients.consumer.ConsumerConfig - ConsumerConfig values: 
	allow.auto.create.topics = true
	auto.commit.interval.ms = 5000
	auto.include.jmx.reporter = true
	auto.offset.reset = latest
	bootstrap.servers = [localhost:9092]
	check.crcs = true
	client.dns.lookup = use_all_dns_ips
	client.id = consumer-tomge-consumer-group-1
	client.rack = 
	connections.max.idle.ms = 540000
	default.api.timeout.ms = 60000
	enable.auto.commit = false
	enable.metrics.push = true
	exclude.internal.topics = true
	fetch.max.bytes = 52428800
	fetch.max.wait.ms = 500
	fetch.min.bytes = 1
	group.id = tomge-consumer-group
	group.instance.id = null
	group.protocol = classic
	group.remote.assignor = null
	heartbeat.interval.ms = 3000
	interceptor.classes = []
	internal.leave.group.on.close = true
	internal.throw.on.fetch.stable.offset.unsupported = false
	isolation.level = read_uncommitted
	key.deserializer = class org.apache.kafka.common.serialization.StringDeserializer
	max.partition.fetch.bytes = 1048576
	max.poll.interval.ms = 300000
	max.poll.records = 500
	metadata.max.age.ms = 300000
	metric.reporters = []
	metrics.num.samples = 2
	metrics.recording.level = INFO
	metrics.sample.window.ms = 30000
	partition.assignment.strategy = [class org.apache.kafka.clients.consumer.RangeAssignor, class org.apache.kafka.clients.consumer.CooperativeStickyAssignor]
	receive.buffer.bytes = 65536
	reconnect.backoff.max.ms = 1000
	reconnect.backoff.ms = 50
	request.timeout.ms = 30000
	retry.backoff.max.ms = 1000
	retry.backoff.ms = 100
	sasl.client.callback.handler.class = null
	sasl.jaas.config = null
	sasl.kerberos.kinit.cmd = /usr/bin/kinit
	sasl.kerberos.min.time.before.relogin = 60000
	sasl.kerberos.service.name = null
	sasl.kerberos.ticket.renew.jitter = 0.05
	sasl.kerberos.ticket.renew.window.factor = 0.8
	sasl.login.callback.handler.class = null
	sasl.login.class = null
	sasl.login.connect.timeout.ms = null
	sasl.login.read.timeout.ms = null
	sasl.login.refresh.buffer.seconds = 300
	sasl.login.refresh.min.period.seconds = 60
	sasl.login.refresh.window.factor = 0.8
	sasl.login.refresh.window.jitter = 0.05
	sasl.login.retry.backoff.max.ms = 10000
	sasl.login.retry.backoff.ms = 100
	sasl.mechanism = GSSAPI
	sasl.oauthbearer.clock.skew.seconds = 30
	sasl.oauthbearer.expected.audience = null
	sasl.oauthbearer.expected.issuer = null
	sasl.oauthbearer.jwks.endpoint.refresh.ms = 3600000
	sasl.oauthbearer.jwks.endpoint.retry.backoff.max.ms = 10000
	sasl.oauthbearer.jwks.endpoint.retry.backoff.ms = 100
	sasl.oauthbearer.jwks.endpoint.url = null
	sasl.oauthbearer.scope.claim.name = scope
	sasl.oauthbearer.sub.claim.name = sub
	sasl.oauthbearer.token.endpoint.url = null
	security.protocol = PLAINTEXT
	security.providers = null
	send.buffer.bytes = 131072
	session.timeout.ms = 45000
	socket.connection.setup.timeout.max.ms = 30000
	socket.connection.setup.timeout.ms = 10000
	ssl.cipher.suites = null
	ssl.enabled.protocols = [TLSv1.2, TLSv1.3]
	ssl.endpoint.identification.algorithm = https
	ssl.engine.factory.class = null
	ssl.key.password = null
	ssl.keymanager.algorithm = SunX509
	ssl.keystore.certificate.chain = null
	ssl.keystore.key = null
	ssl.keystore.location = null
	ssl.keystore.password = null
	ssl.keystore.type = JKS
	ssl.protocol = TLSv1.3
	ssl.provider = null
	ssl.secure.random.implementation = null
	ssl.trustmanager.algorithm = PKIX
	ssl.truststore.certificates = null
	ssl.truststore.location = null
	ssl.truststore.password = null
	ssl.truststore.type = JKS
	value.deserializer = class org.apache.kafka.common.serialization.StringDeserializer

2025-03-24 21:07:08.422 [main] INFO  org.apache.kafka.common.telemetry.internals.KafkaMetricsCollector - initializing Kafka metrics collector
2025-03-24 21:07:08.452 [main] INFO  org.apache.kafka.common.utils.AppInfoParser - Kafka version: 3.7.2
2025-03-24 21:07:08.452 [main] INFO  org.apache.kafka.common.utils.AppInfoParser - Kafka commitId: 79a8f2b5f44f9d5a
2025-03-24 21:07:08.452 [main] INFO  org.apache.kafka.common.utils.AppInfoParser - Kafka startTimeMs: 1742821628451
2025-03-24 21:07:08.453 [main] INFO  org.apache.kafka.clients.consumer.internals.LegacyKafkaConsumer - [Consumer clientId=consumer-tomge-consumer-group-1, groupId=tomge-consumer-group] Subscribed to topic(s): testtopic
2025-03-24 21:07:08.460 [main] INFO  com.test.testboot.TestbootApplication - Started TestbootApplication in 1.221 seconds (process running for 1.451)
2025-03-24 21:07:08.563 [org.springframework.kafka.KafkaListenerEndpointContainer#0-0-C-1] INFO  org.apache.kafka.clients.Metadata - [Consumer clientId=consumer-tomge-consumer-group-1, groupId=tomge-consumer-group] Cluster ID: 55v202dzTXeo6Uf5cKQwuw
2025-03-24 21:07:08.563 [org.springframework.kafka.KafkaListenerEndpointContainer#0-0-C-1] INFO  org.apache.kafka.clients.consumer.internals.ConsumerCoordinator - [Consumer clientId=consumer-tomge-consumer-group-1, groupId=tomge-consumer-group] Discovered group coordinator localhost:9092 (id: 2147483647 rack: null)
2025-03-24 21:07:08.564 [org.springframework.kafka.KafkaListenerEndpointContainer#0-0-C-1] INFO  org.apache.kafka.clients.consumer.internals.ConsumerCoordinator - [Consumer clientId=consumer-tomge-consumer-group-1, groupId=tomge-consumer-group] (Re-)joining group
2025-03-24 21:07:08.570 [org.springframework.kafka.KafkaListenerEndpointContainer#0-0-C-1] INFO  org.apache.kafka.clients.consumer.internals.ConsumerCoordinator - [Consumer clientId=consumer-tomge-consumer-group-1, groupId=tomge-consumer-group] Request joining group due to: need to re-join with the given member-id: consumer-tomge-consumer-group-1-68a97a91-285d-444c-ade8-7da9760470d4
2025-03-24 21:07:08.570 [org.springframework.kafka.KafkaListenerEndpointContainer#0-0-C-1] INFO  org.apache.kafka.clients.consumer.internals.ConsumerCoordinator - [Consumer clientId=consumer-tomge-consumer-group-1, groupId=tomge-consumer-group] (Re-)joining group
2025-03-24 21:07:08.572 [org.springframework.kafka.KafkaListenerEndpointContainer#0-0-C-1] INFO  org.apache.kafka.clients.consumer.internals.ConsumerCoordinator - [Consumer clientId=consumer-tomge-consumer-group-1, groupId=tomge-consumer-group] Successfully joined group with generation Generation{generationId=31, memberId='consumer-tomge-consumer-group-1-68a97a91-285d-444c-ade8-7da9760470d4', protocol='range'}
2025-03-24 21:07:08.574 [org.springframework.kafka.KafkaListenerEndpointContainer#0-0-C-1] INFO  org.apache.kafka.clients.consumer.internals.ConsumerCoordinator - [Consumer clientId=consumer-tomge-consumer-group-1, groupId=tomge-consumer-group] Finished assignment for group at generation 31: {consumer-tomge-consumer-group-1-68a97a91-285d-444c-ade8-7da9760470d4=Assignment(partitions=[testtopic-0])}
2025-03-24 21:07:08.577 [org.springframework.kafka.KafkaListenerEndpointContainer#0-0-C-1] INFO  org.apache.kafka.clients.consumer.internals.ConsumerCoordinator - [Consumer clientId=consumer-tomge-consumer-group-1, groupId=tomge-consumer-group] Successfully synced group in generation Generation{generationId=31, memberId='consumer-tomge-consumer-group-1-68a97a91-285d-444c-ade8-7da9760470d4', protocol='range'}
2025-03-24 21:07:08.578 [org.springframework.kafka.KafkaListenerEndpointContainer#0-0-C-1] INFO  org.apache.kafka.clients.consumer.internals.ConsumerCoordinator - [Consumer clientId=consumer-tomge-consumer-group-1, groupId=tomge-consumer-group] Notifying assignor about the new Assignment(partitions=[testtopic-0])
2025-03-24 21:07:08.578 [org.springframework.kafka.KafkaListenerEndpointContainer#0-0-C-1] INFO  org.apache.kafka.clients.consumer.internals.ConsumerRebalanceListenerInvoker - [Consumer clientId=consumer-tomge-consumer-group-1, groupId=tomge-consumer-group] Adding newly assigned partitions: testtopic-0
2025-03-24 21:07:08.581 [org.springframework.kafka.KafkaListenerEndpointContainer#0-0-C-1] INFO  org.apache.kafka.clients.consumer.internals.ConsumerUtils - Setting offset for partition testtopic-0 to the committed offset FetchPosition{offset=27, offsetEpoch=Optional.empty, currentLeader=LeaderAndEpoch{leader=Optional[localhost:9092 (id: 0 rack: null)], epoch=0}}
2025-03-24 21:07:13.990 [http-nio-9090-exec-2] INFO  org.apache.catalina.core.ContainerBase.[Tomcat].[localhost].[/] - Initializing Spring DispatcherServlet 'dispatcherServlet'
2025-03-24 21:07:14.085 [http-nio-9090-exec-2] INFO  com.test.testboot.controller.StudentController - {"data":{"address":"新疆维吾尔自治区伊犁哈瑟可自治州","sex":"男","name":"埃森江","birth":"2025","id":909,"department":"计算机系"},"message":"json"}
2025-03-24 21:07:14.091 [http-nio-9090-exec-2] INFO  org.apache.kafka.clients.producer.ProducerConfig - ProducerConfig values: 
	acks = -1
	auto.include.jmx.reporter = true
	batch.size = 16384
	bootstrap.servers = [localhost:9092]
	buffer.memory = 33554432
	client.dns.lookup = use_all_dns_ips
	client.id = testspringboot-producer-1
	compression.type = none
	connections.max.idle.ms = 540000
	delivery.timeout.ms = 120000
	enable.idempotence = true
	enable.metrics.push = true
	interceptor.classes = []
	key.serializer = class org.apache.kafka.common.serialization.StringSerializer
	linger.ms = 0
	max.block.ms = 60000
	max.in.flight.requests.per.connection = 5
	max.request.size = 1048576
	metadata.max.age.ms = 300000
	metadata.max.idle.ms = 300000
	metric.reporters = []
	metrics.num.samples = 2
	metrics.recording.level = INFO
	metrics.sample.window.ms = 30000
	partitioner.adaptive.partitioning.enable = true
	partitioner.availability.timeout.ms = 0
	partitioner.class = null
	partitioner.ignore.keys = false
	receive.buffer.bytes = 32768
	reconnect.backoff.max.ms = 1000
	reconnect.backoff.ms = 50
	request.timeout.ms = 30000
	retries = 3
	retry.backoff.max.ms = 1000
	retry.backoff.ms = 100
	sasl.client.callback.handler.class = null
	sasl.jaas.config = null
	sasl.kerberos.kinit.cmd = /usr/bin/kinit
	sasl.kerberos.min.time.before.relogin = 60000
	sasl.kerberos.service.name = null
	sasl.kerberos.ticket.renew.jitter = 0.05
	sasl.kerberos.ticket.renew.window.factor = 0.8
	sasl.login.callback.handler.class = null
	sasl.login.class = null
	sasl.login.connect.timeout.ms = null
	sasl.login.read.timeout.ms = null
	sasl.login.refresh.buffer.seconds = 300
	sasl.login.refresh.min.period.seconds = 60
	sasl.login.refresh.window.factor = 0.8
	sasl.login.refresh.window.jitter = 0.05
	sasl.login.retry.backoff.max.ms = 10000
	sasl.login.retry.backoff.ms = 100
	sasl.mechanism = GSSAPI
	sasl.oauthbearer.clock.skew.seconds = 30
	sasl.oauthbearer.expected.audience = null
	sasl.oauthbearer.expected.issuer = null
	sasl.oauthbearer.jwks.endpoint.refresh.ms = 3600000
	sasl.oauthbearer.jwks.endpoint.retry.backoff.max.ms = 10000
	sasl.oauthbearer.jwks.endpoint.retry.backoff.ms = 100
	sasl.oauthbearer.jwks.endpoint.url = null
	sasl.oauthbearer.scope.claim.name = scope
	sasl.oauthbearer.sub.claim.name = sub
	sasl.oauthbearer.token.endpoint.url = null
	security.protocol = PLAINTEXT
	security.providers = null
	send.buffer.bytes = 131072
	socket.connection.setup.timeout.max.ms = 30000
	socket.connection.setup.timeout.ms = 10000
	ssl.cipher.suites = null
	ssl.enabled.protocols = [TLSv1.2, TLSv1.3]
	ssl.endpoint.identification.algorithm = https
	ssl.engine.factory.class = null
	ssl.key.password = null
	ssl.keymanager.algorithm = SunX509
	ssl.keystore.certificate.chain = null
	ssl.keystore.key = null
	ssl.keystore.location = null
	ssl.keystore.password = null
	ssl.keystore.type = JKS
	ssl.protocol = TLSv1.3
	ssl.provider = null
	ssl.secure.random.implementation = null
	ssl.trustmanager.algorithm = PKIX
	ssl.truststore.certificates = null
	ssl.truststore.location = null
	ssl.truststore.password = null
	ssl.truststore.type = JKS
	transaction.timeout.ms = 60000
	transactional.id = null
	value.serializer = class org.apache.kafka.common.serialization.StringSerializer

2025-03-24 21:07:14.092 [http-nio-9090-exec-2] INFO  org.apache.kafka.common.telemetry.internals.KafkaMetricsCollector - initializing Kafka metrics collector
2025-03-24 21:07:14.095 [http-nio-9090-exec-2] INFO  org.apache.kafka.clients.producer.KafkaProducer - [Producer clientId=testspringboot-producer-1] Instantiated an idempotent producer.
2025-03-24 21:07:14.102 [http-nio-9090-exec-2] INFO  org.apache.kafka.common.utils.AppInfoParser - Kafka version: 3.7.2
2025-03-24 21:07:14.102 [http-nio-9090-exec-2] INFO  org.apache.kafka.common.utils.AppInfoParser - Kafka commitId: 79a8f2b5f44f9d5a
2025-03-24 21:07:14.102 [http-nio-9090-exec-2] INFO  org.apache.kafka.common.utils.AppInfoParser - Kafka startTimeMs: 1742821634102
2025-03-24 21:07:14.104 [kafka-producer-network-thread | testspringboot-producer-1] INFO  org.apache.kafka.clients.Metadata - [Producer clientId=testspringboot-producer-1] Cluster ID: 55v202dzTXeo6Uf5cKQwuw
2025-03-24 21:07:14.105 [kafka-producer-network-thread | testspringboot-producer-1] INFO  org.apache.kafka.clients.producer.internals.TransactionManager - [Producer clientId=testspringboot-producer-1] ProducerId set to 1014 with epoch 0
2025-03-24 21:07:14.119 [http-nio-9090-exec-2] INFO  com.test.testboot.kafkaservice.ProducerService - {"data":{"address":"新疆维吾尔自治区伊犁哈瑟可自治州","sex":"男","name":"埃森江","birth":"2025","id":909,"department":"计算机系"},"message":"json"}
2025-03-24 21:07:52.730 [org.springframework.kafka.KafkaListenerEndpointContainer#0-0-C-1] INFO  org.apache.kafka.clients.consumer.internals.ConsumerRebalanceListenerInvoker - [Consumer clientId=consumer-tomge-consumer-group-1, groupId=tomge-consumer-group] Revoke previously assigned partitions testtopic-0
2025-03-24 21:07:52.731 [org.springframework.kafka.KafkaListenerEndpointContainer#0-0-C-1] INFO  org.apache.kafka.clients.consumer.internals.ConsumerCoordinator - [Consumer clientId=consumer-tomge-consumer-group-1, groupId=tomge-consumer-group] Member consumer-tomge-consumer-group-1-68a97a91-285d-444c-ade8-7da9760470d4 sending LeaveGroup request to coordinator localhost:9092 (id: 2147483647 rack: null) due to the consumer unsubscribed from all topics
2025-03-24 21:07:52.732 [org.springframework.kafka.KafkaListenerEndpointContainer#0-0-C-1] INFO  org.apache.kafka.clients.consumer.internals.ConsumerCoordinator - [Consumer clientId=consumer-tomge-consumer-group-1, groupId=tomge-consumer-group] Resetting generation and member id due to: consumer pro-actively leaving the group
2025-03-24 21:07:52.732 [org.springframework.kafka.KafkaListenerEndpointContainer#0-0-C-1] INFO  org.apache.kafka.clients.consumer.internals.ConsumerCoordinator - [Consumer clientId=consumer-tomge-consumer-group-1, groupId=tomge-consumer-group] Request joining group due to: consumer pro-actively leaving the group
2025-03-24 21:07:52.732 [org.springframework.kafka.KafkaListenerEndpointContainer#0-0-C-1] INFO  org.apache.kafka.clients.consumer.internals.LegacyKafkaConsumer - [Consumer clientId=consumer-tomge-consumer-group-1, groupId=tomge-consumer-group] Unsubscribed all topics or patterns and assigned partitions
2025-03-24 21:07:52.733 [org.springframework.kafka.KafkaListenerEndpointContainer#0-0-C-1] INFO  org.apache.kafka.clients.consumer.internals.ConsumerCoordinator - [Consumer clientId=consumer-tomge-consumer-group-1, groupId=tomge-consumer-group] Resetting generation and member id due to: consumer pro-actively leaving the group
2025-03-24 21:07:52.733 [org.springframework.kafka.KafkaListenerEndpointContainer#0-0-C-1] INFO  org.apache.kafka.clients.consumer.internals.ConsumerCoordinator - [Consumer clientId=consumer-tomge-consumer-group-1, groupId=tomge-consumer-group] Request joining group due to: consumer pro-actively leaving the group
2025-03-24 21:07:52.934 [org.springframework.kafka.KafkaListenerEndpointContainer#0-0-C-1] INFO  org.apache.kafka.common.metrics.Metrics - Metrics scheduler closed
2025-03-24 21:07:52.935 [org.springframework.kafka.KafkaListenerEndpointContainer#0-0-C-1] INFO  org.apache.kafka.common.metrics.Metrics - Closing reporter org.apache.kafka.common.metrics.JmxReporter
2025-03-24 21:07:52.935 [org.springframework.kafka.KafkaListenerEndpointContainer#0-0-C-1] INFO  org.apache.kafka.common.metrics.Metrics - Closing reporter org.apache.kafka.common.telemetry.internals.ClientTelemetryReporter
2025-03-24 21:07:52.935 [org.springframework.kafka.KafkaListenerEndpointContainer#0-0-C-1] INFO  org.apache.kafka.common.metrics.Metrics - Metrics reporters closed
2025-03-24 21:07:52.940 [org.springframework.kafka.KafkaListenerEndpointContainer#0-0-C-1] INFO  org.apache.kafka.common.utils.AppInfoParser - App info kafka.consumer for consumer-tomge-consumer-group-1 unregistered
2025-03-24 21:07:52.950 [SpringApplicationShutdownHook] INFO  org.apache.kafka.clients.producer.KafkaProducer - [Producer clientId=testspringboot-producer-1] Closing the Kafka producer with timeoutMillis = 30000 ms.
2025-03-24 21:07:52.952 [SpringApplicationShutdownHook] INFO  org.apache.kafka.common.metrics.Metrics - Metrics scheduler closed
2025-03-24 21:07:52.952 [SpringApplicationShutdownHook] INFO  org.apache.kafka.common.metrics.Metrics - Closing reporter org.apache.kafka.common.metrics.JmxReporter
2025-03-24 21:07:52.952 [SpringApplicationShutdownHook] INFO  org.apache.kafka.common.metrics.Metrics - Closing reporter org.apache.kafka.common.telemetry.internals.ClientTelemetryReporter
2025-03-24 21:07:52.952 [SpringApplicationShutdownHook] INFO  org.apache.kafka.common.metrics.Metrics - Metrics reporters closed
2025-03-24 21:07:52.952 [SpringApplicationShutdownHook] INFO  org.apache.kafka.common.utils.AppInfoParser - App info kafka.producer for testspringboot-producer-1 unregistered
2025-03-24 21:07:56.711 [main] INFO  com.test.testboot.TestbootApplication - Starting TestbootApplication using Java 23.0.2 with PID 11592 (/Users/zhaoxin/Documents/GitHub/testboot/target/classes started by zhaoxin in /Users/zhaoxin/Documents/GitHub/testboot)
2025-03-24 21:07:56.712 [main] INFO  com.test.testboot.TestbootApplication - No active profile set, falling back to 1 default profile: "default"
2025-03-24 21:07:57.215 [main] INFO  org.apache.coyote.http11.Http11NioProtocol - Initializing ProtocolHandler ["http-nio-9090"]
2025-03-24 21:07:57.216 [main] INFO  org.apache.catalina.core.StandardService - Starting service [Tomcat]
2025-03-24 21:07:57.216 [main] INFO  org.apache.catalina.core.StandardEngine - Starting Servlet engine: [Apache Tomcat/10.1.36]
2025-03-24 21:07:57.232 [main] INFO  org.apache.catalina.core.ContainerBase.[Tomcat].[localhost].[/] - Initializing Spring embedded WebApplicationContext
2025-03-24 21:07:57.685 [main] INFO  org.apache.coyote.http11.Http11NioProtocol - Starting ProtocolHandler ["http-nio-9090"]
2025-03-24 21:07:57.706 [main] INFO  org.apache.kafka.clients.consumer.ConsumerConfig - ConsumerConfig values: 
	allow.auto.create.topics = true
	auto.commit.interval.ms = 5000
	auto.include.jmx.reporter = true
	auto.offset.reset = latest
	bootstrap.servers = [localhost:9092]
	check.crcs = true
	client.dns.lookup = use_all_dns_ips
	client.id = consumer-tomge-consumer-group-1
	client.rack = 
	connections.max.idle.ms = 540000
	default.api.timeout.ms = 60000
	enable.auto.commit = false
	enable.metrics.push = true
	exclude.internal.topics = true
	fetch.max.bytes = 52428800
	fetch.max.wait.ms = 500
	fetch.min.bytes = 1
	group.id = tomge-consumer-group
	group.instance.id = null
	group.protocol = classic
	group.remote.assignor = null
	heartbeat.interval.ms = 3000
	interceptor.classes = []
	internal.leave.group.on.close = true
	internal.throw.on.fetch.stable.offset.unsupported = false
	isolation.level = read_uncommitted
	key.deserializer = class org.apache.kafka.common.serialization.StringDeserializer
	max.partition.fetch.bytes = 1048576
	max.poll.interval.ms = 300000
	max.poll.records = 500
	metadata.max.age.ms = 300000
	metric.reporters = []
	metrics.num.samples = 2
	metrics.recording.level = INFO
	metrics.sample.window.ms = 30000
	partition.assignment.strategy = [class org.apache.kafka.clients.consumer.RangeAssignor, class org.apache.kafka.clients.consumer.CooperativeStickyAssignor]
	receive.buffer.bytes = 65536
	reconnect.backoff.max.ms = 1000
	reconnect.backoff.ms = 50
	request.timeout.ms = 30000
	retry.backoff.max.ms = 1000
	retry.backoff.ms = 100
	sasl.client.callback.handler.class = null
	sasl.jaas.config = null
	sasl.kerberos.kinit.cmd = /usr/bin/kinit
	sasl.kerberos.min.time.before.relogin = 60000
	sasl.kerberos.service.name = null
	sasl.kerberos.ticket.renew.jitter = 0.05
	sasl.kerberos.ticket.renew.window.factor = 0.8
	sasl.login.callback.handler.class = null
	sasl.login.class = null
	sasl.login.connect.timeout.ms = null
	sasl.login.read.timeout.ms = null
	sasl.login.refresh.buffer.seconds = 300
	sasl.login.refresh.min.period.seconds = 60
	sasl.login.refresh.window.factor = 0.8
	sasl.login.refresh.window.jitter = 0.05
	sasl.login.retry.backoff.max.ms = 10000
	sasl.login.retry.backoff.ms = 100
	sasl.mechanism = GSSAPI
	sasl.oauthbearer.clock.skew.seconds = 30
	sasl.oauthbearer.expected.audience = null
	sasl.oauthbearer.expected.issuer = null
	sasl.oauthbearer.jwks.endpoint.refresh.ms = 3600000
	sasl.oauthbearer.jwks.endpoint.retry.backoff.max.ms = 10000
	sasl.oauthbearer.jwks.endpoint.retry.backoff.ms = 100
	sasl.oauthbearer.jwks.endpoint.url = null
	sasl.oauthbearer.scope.claim.name = scope
	sasl.oauthbearer.sub.claim.name = sub
	sasl.oauthbearer.token.endpoint.url = null
	security.protocol = PLAINTEXT
	security.providers = null
	send.buffer.bytes = 131072
	session.timeout.ms = 45000
	socket.connection.setup.timeout.max.ms = 30000
	socket.connection.setup.timeout.ms = 10000
	ssl.cipher.suites = null
	ssl.enabled.protocols = [TLSv1.2, TLSv1.3]
	ssl.endpoint.identification.algorithm = https
	ssl.engine.factory.class = null
	ssl.key.password = null
	ssl.keymanager.algorithm = SunX509
	ssl.keystore.certificate.chain = null
	ssl.keystore.key = null
	ssl.keystore.location = null
	ssl.keystore.password = null
	ssl.keystore.type = JKS
	ssl.protocol = TLSv1.3
	ssl.provider = null
	ssl.secure.random.implementation = null
	ssl.trustmanager.algorithm = PKIX
	ssl.truststore.certificates = null
	ssl.truststore.location = null
	ssl.truststore.password = null
	ssl.truststore.type = JKS
	value.deserializer = class org.apache.kafka.common.serialization.StringDeserializer

2025-03-24 21:07:57.724 [main] INFO  org.apache.kafka.common.telemetry.internals.KafkaMetricsCollector - initializing Kafka metrics collector
2025-03-24 21:07:57.750 [main] INFO  org.apache.kafka.common.utils.AppInfoParser - Kafka version: 3.7.2
2025-03-24 21:07:57.751 [main] INFO  org.apache.kafka.common.utils.AppInfoParser - Kafka commitId: 79a8f2b5f44f9d5a
2025-03-24 21:07:57.751 [main] INFO  org.apache.kafka.common.utils.AppInfoParser - Kafka startTimeMs: 1742821677750
2025-03-24 21:07:57.752 [main] INFO  org.apache.kafka.clients.consumer.internals.LegacyKafkaConsumer - [Consumer clientId=consumer-tomge-consumer-group-1, groupId=tomge-consumer-group] Subscribed to topic(s): testtopic
2025-03-24 21:07:57.758 [main] INFO  com.test.testboot.TestbootApplication - Started TestbootApplication in 1.238 seconds (process running for 1.469)
2025-03-24 21:07:57.865 [org.springframework.kafka.KafkaListenerEndpointContainer#0-0-C-1] INFO  org.apache.kafka.clients.Metadata - [Consumer clientId=consumer-tomge-consumer-group-1, groupId=tomge-consumer-group] Cluster ID: 55v202dzTXeo6Uf5cKQwuw
2025-03-24 21:07:57.865 [org.springframework.kafka.KafkaListenerEndpointContainer#0-0-C-1] INFO  org.apache.kafka.clients.consumer.internals.ConsumerCoordinator - [Consumer clientId=consumer-tomge-consumer-group-1, groupId=tomge-consumer-group] Discovered group coordinator localhost:9092 (id: 2147483647 rack: null)
2025-03-24 21:07:57.866 [org.springframework.kafka.KafkaListenerEndpointContainer#0-0-C-1] INFO  org.apache.kafka.clients.consumer.internals.ConsumerCoordinator - [Consumer clientId=consumer-tomge-consumer-group-1, groupId=tomge-consumer-group] (Re-)joining group
2025-03-24 21:07:57.871 [org.springframework.kafka.KafkaListenerEndpointContainer#0-0-C-1] INFO  org.apache.kafka.clients.consumer.internals.ConsumerCoordinator - [Consumer clientId=consumer-tomge-consumer-group-1, groupId=tomge-consumer-group] Request joining group due to: need to re-join with the given member-id: consumer-tomge-consumer-group-1-acd8f9b1-f4a8-437b-b6b6-9c5d1a414012
2025-03-24 21:07:57.872 [org.springframework.kafka.KafkaListenerEndpointContainer#0-0-C-1] INFO  org.apache.kafka.clients.consumer.internals.ConsumerCoordinator - [Consumer clientId=consumer-tomge-consumer-group-1, groupId=tomge-consumer-group] (Re-)joining group
2025-03-24 21:07:57.874 [org.springframework.kafka.KafkaListenerEndpointContainer#0-0-C-1] INFO  org.apache.kafka.clients.consumer.internals.ConsumerCoordinator - [Consumer clientId=consumer-tomge-consumer-group-1, groupId=tomge-consumer-group] Successfully joined group with generation Generation{generationId=33, memberId='consumer-tomge-consumer-group-1-acd8f9b1-f4a8-437b-b6b6-9c5d1a414012', protocol='range'}
2025-03-24 21:07:57.875 [org.springframework.kafka.KafkaListenerEndpointContainer#0-0-C-1] INFO  org.apache.kafka.clients.consumer.internals.ConsumerCoordinator - [Consumer clientId=consumer-tomge-consumer-group-1, groupId=tomge-consumer-group] Finished assignment for group at generation 33: {consumer-tomge-consumer-group-1-acd8f9b1-f4a8-437b-b6b6-9c5d1a414012=Assignment(partitions=[testtopic-0])}
2025-03-24 21:07:57.878 [org.springframework.kafka.KafkaListenerEndpointContainer#0-0-C-1] INFO  org.apache.kafka.clients.consumer.internals.ConsumerCoordinator - [Consumer clientId=consumer-tomge-consumer-group-1, groupId=tomge-consumer-group] Successfully synced group in generation Generation{generationId=33, memberId='consumer-tomge-consumer-group-1-acd8f9b1-f4a8-437b-b6b6-9c5d1a414012', protocol='range'}
2025-03-24 21:07:57.878 [org.springframework.kafka.KafkaListenerEndpointContainer#0-0-C-1] INFO  org.apache.kafka.clients.consumer.internals.ConsumerCoordinator - [Consumer clientId=consumer-tomge-consumer-group-1, groupId=tomge-consumer-group] Notifying assignor about the new Assignment(partitions=[testtopic-0])
2025-03-24 21:07:57.879 [org.springframework.kafka.KafkaListenerEndpointContainer#0-0-C-1] INFO  org.apache.kafka.clients.consumer.internals.ConsumerRebalanceListenerInvoker - [Consumer clientId=consumer-tomge-consumer-group-1, groupId=tomge-consumer-group] Adding newly assigned partitions: testtopic-0
2025-03-24 21:07:57.882 [org.springframework.kafka.KafkaListenerEndpointContainer#0-0-C-1] INFO  org.apache.kafka.clients.consumer.internals.ConsumerUtils - Setting offset for partition testtopic-0 to the committed offset FetchPosition{offset=28, offsetEpoch=Optional.empty, currentLeader=LeaderAndEpoch{leader=Optional[localhost:9092 (id: 0 rack: null)], epoch=0}}
2025-03-24 21:08:10.507 [http-nio-9090-exec-2] INFO  org.apache.catalina.core.ContainerBase.[Tomcat].[localhost].[/] - Initializing Spring DispatcherServlet 'dispatcherServlet'
2025-03-24 21:08:10.599 [http-nio-9090-exec-2] INFO  com.test.testboot.controller.StudentController - {"data":{"address":"新疆维吾尔自治区伊犁哈瑟可自治州","sex":"男","name":"埃森江","birth":"2025","id":908,"department":"计算机系"},"message":"JSON"}
2025-03-24 21:08:10.606 [http-nio-9090-exec-2] INFO  org.apache.kafka.clients.producer.ProducerConfig - ProducerConfig values: 
	acks = -1
	auto.include.jmx.reporter = true
	batch.size = 16384
	bootstrap.servers = [localhost:9092]
	buffer.memory = 33554432
	client.dns.lookup = use_all_dns_ips
	client.id = testspringboot-producer-1
	compression.type = none
	connections.max.idle.ms = 540000
	delivery.timeout.ms = 120000
	enable.idempotence = true
	enable.metrics.push = true
	interceptor.classes = []
	key.serializer = class org.apache.kafka.common.serialization.StringSerializer
	linger.ms = 0
	max.block.ms = 60000
	max.in.flight.requests.per.connection = 5
	max.request.size = 1048576
	metadata.max.age.ms = 300000
	metadata.max.idle.ms = 300000
	metric.reporters = []
	metrics.num.samples = 2
	metrics.recording.level = INFO
	metrics.sample.window.ms = 30000
	partitioner.adaptive.partitioning.enable = true
	partitioner.availability.timeout.ms = 0
	partitioner.class = null
	partitioner.ignore.keys = false
	receive.buffer.bytes = 32768
	reconnect.backoff.max.ms = 1000
	reconnect.backoff.ms = 50
	request.timeout.ms = 30000
	retries = 3
	retry.backoff.max.ms = 1000
	retry.backoff.ms = 100
	sasl.client.callback.handler.class = null
	sasl.jaas.config = null
	sasl.kerberos.kinit.cmd = /usr/bin/kinit
	sasl.kerberos.min.time.before.relogin = 60000
	sasl.kerberos.service.name = null
	sasl.kerberos.ticket.renew.jitter = 0.05
	sasl.kerberos.ticket.renew.window.factor = 0.8
	sasl.login.callback.handler.class = null
	sasl.login.class = null
	sasl.login.connect.timeout.ms = null
	sasl.login.read.timeout.ms = null
	sasl.login.refresh.buffer.seconds = 300
	sasl.login.refresh.min.period.seconds = 60
	sasl.login.refresh.window.factor = 0.8
	sasl.login.refresh.window.jitter = 0.05
	sasl.login.retry.backoff.max.ms = 10000
	sasl.login.retry.backoff.ms = 100
	sasl.mechanism = GSSAPI
	sasl.oauthbearer.clock.skew.seconds = 30
	sasl.oauthbearer.expected.audience = null
	sasl.oauthbearer.expected.issuer = null
	sasl.oauthbearer.jwks.endpoint.refresh.ms = 3600000
	sasl.oauthbearer.jwks.endpoint.retry.backoff.max.ms = 10000
	sasl.oauthbearer.jwks.endpoint.retry.backoff.ms = 100
	sasl.oauthbearer.jwks.endpoint.url = null
	sasl.oauthbearer.scope.claim.name = scope
	sasl.oauthbearer.sub.claim.name = sub
	sasl.oauthbearer.token.endpoint.url = null
	security.protocol = PLAINTEXT
	security.providers = null
	send.buffer.bytes = 131072
	socket.connection.setup.timeout.max.ms = 30000
	socket.connection.setup.timeout.ms = 10000
	ssl.cipher.suites = null
	ssl.enabled.protocols = [TLSv1.2, TLSv1.3]
	ssl.endpoint.identification.algorithm = https
	ssl.engine.factory.class = null
	ssl.key.password = null
	ssl.keymanager.algorithm = SunX509
	ssl.keystore.certificate.chain = null
	ssl.keystore.key = null
	ssl.keystore.location = null
	ssl.keystore.password = null
	ssl.keystore.type = JKS
	ssl.protocol = TLSv1.3
	ssl.provider = null
	ssl.secure.random.implementation = null
	ssl.trustmanager.algorithm = PKIX
	ssl.truststore.certificates = null
	ssl.truststore.location = null
	ssl.truststore.password = null
	ssl.truststore.type = JKS
	transaction.timeout.ms = 60000
	transactional.id = null
	value.serializer = class org.apache.kafka.common.serialization.StringSerializer

2025-03-24 21:08:10.607 [http-nio-9090-exec-2] INFO  org.apache.kafka.common.telemetry.internals.KafkaMetricsCollector - initializing Kafka metrics collector
2025-03-24 21:08:10.610 [http-nio-9090-exec-2] INFO  org.apache.kafka.clients.producer.KafkaProducer - [Producer clientId=testspringboot-producer-1] Instantiated an idempotent producer.
2025-03-24 21:08:10.617 [http-nio-9090-exec-2] INFO  org.apache.kafka.common.utils.AppInfoParser - Kafka version: 3.7.2
2025-03-24 21:08:10.618 [http-nio-9090-exec-2] INFO  org.apache.kafka.common.utils.AppInfoParser - Kafka commitId: 79a8f2b5f44f9d5a
2025-03-24 21:08:10.618 [http-nio-9090-exec-2] INFO  org.apache.kafka.common.utils.AppInfoParser - Kafka startTimeMs: 1742821690617
2025-03-24 21:08:10.620 [kafka-producer-network-thread | testspringboot-producer-1] INFO  org.apache.kafka.clients.Metadata - [Producer clientId=testspringboot-producer-1] Cluster ID: 55v202dzTXeo6Uf5cKQwuw
2025-03-24 21:08:10.620 [kafka-producer-network-thread | testspringboot-producer-1] INFO  org.apache.kafka.clients.producer.internals.TransactionManager - [Producer clientId=testspringboot-producer-1] ProducerId set to 1015 with epoch 0
2025-03-24 21:08:10.636 [http-nio-9090-exec-2] INFO  com.test.testboot.kafkaservice.ProducerService - {"data":{"address":"新疆维吾尔自治区伊犁哈瑟可自治州","sex":"男","name":"埃森江","birth":"2025","id":908,"department":"计算机系"},"message":"JSON"}
2025-03-24 21:08:44.079 [org.springframework.kafka.KafkaListenerEndpointContainer#0-0-C-1] INFO  org.apache.kafka.clients.consumer.internals.ConsumerRebalanceListenerInvoker - [Consumer clientId=consumer-tomge-consumer-group-1, groupId=tomge-consumer-group] Revoke previously assigned partitions testtopic-0
2025-03-24 21:08:44.079 [org.springframework.kafka.KafkaListenerEndpointContainer#0-0-C-1] INFO  org.apache.kafka.clients.consumer.internals.ConsumerCoordinator - [Consumer clientId=consumer-tomge-consumer-group-1, groupId=tomge-consumer-group] Member consumer-tomge-consumer-group-1-acd8f9b1-f4a8-437b-b6b6-9c5d1a414012 sending LeaveGroup request to coordinator localhost:9092 (id: 2147483647 rack: null) due to the consumer unsubscribed from all topics
2025-03-24 21:08:44.079 [org.springframework.kafka.KafkaListenerEndpointContainer#0-0-C-1] INFO  org.apache.kafka.clients.consumer.internals.ConsumerCoordinator - [Consumer clientId=consumer-tomge-consumer-group-1, groupId=tomge-consumer-group] Resetting generation and member id due to: consumer pro-actively leaving the group
2025-03-24 21:08:44.079 [org.springframework.kafka.KafkaListenerEndpointContainer#0-0-C-1] INFO  org.apache.kafka.clients.consumer.internals.ConsumerCoordinator - [Consumer clientId=consumer-tomge-consumer-group-1, groupId=tomge-consumer-group] Request joining group due to: consumer pro-actively leaving the group
2025-03-24 21:08:44.080 [org.springframework.kafka.KafkaListenerEndpointContainer#0-0-C-1] INFO  org.apache.kafka.clients.consumer.internals.LegacyKafkaConsumer - [Consumer clientId=consumer-tomge-consumer-group-1, groupId=tomge-consumer-group] Unsubscribed all topics or patterns and assigned partitions
2025-03-24 21:08:44.080 [org.springframework.kafka.KafkaListenerEndpointContainer#0-0-C-1] INFO  org.apache.kafka.clients.consumer.internals.ConsumerCoordinator - [Consumer clientId=consumer-tomge-consumer-group-1, groupId=tomge-consumer-group] Resetting generation and member id due to: consumer pro-actively leaving the group
2025-03-24 21:08:44.080 [org.springframework.kafka.KafkaListenerEndpointContainer#0-0-C-1] INFO  org.apache.kafka.clients.consumer.internals.ConsumerCoordinator - [Consumer clientId=consumer-tomge-consumer-group-1, groupId=tomge-consumer-group] Request joining group due to: consumer pro-actively leaving the group
2025-03-24 21:08:44.388 [org.springframework.kafka.KafkaListenerEndpointContainer#0-0-C-1] INFO  org.apache.kafka.common.metrics.Metrics - Metrics scheduler closed
2025-03-24 21:08:44.389 [org.springframework.kafka.KafkaListenerEndpointContainer#0-0-C-1] INFO  org.apache.kafka.common.metrics.Metrics - Closing reporter org.apache.kafka.common.metrics.JmxReporter
2025-03-24 21:08:44.389 [org.springframework.kafka.KafkaListenerEndpointContainer#0-0-C-1] INFO  org.apache.kafka.common.metrics.Metrics - Closing reporter org.apache.kafka.common.telemetry.internals.ClientTelemetryReporter
2025-03-24 21:08:44.389 [org.springframework.kafka.KafkaListenerEndpointContainer#0-0-C-1] INFO  org.apache.kafka.common.metrics.Metrics - Metrics reporters closed
2025-03-24 21:08:44.392 [org.springframework.kafka.KafkaListenerEndpointContainer#0-0-C-1] INFO  org.apache.kafka.common.utils.AppInfoParser - App info kafka.consumer for consumer-tomge-consumer-group-1 unregistered
2025-03-24 21:08:44.402 [SpringApplicationShutdownHook] INFO  org.apache.kafka.clients.producer.KafkaProducer - [Producer clientId=testspringboot-producer-1] Closing the Kafka producer with timeoutMillis = 30000 ms.
2025-03-24 21:08:44.404 [SpringApplicationShutdownHook] INFO  org.apache.kafka.common.metrics.Metrics - Metrics scheduler closed
2025-03-24 21:08:44.404 [SpringApplicationShutdownHook] INFO  org.apache.kafka.common.metrics.Metrics - Closing reporter org.apache.kafka.common.metrics.JmxReporter
2025-03-24 21:08:44.405 [SpringApplicationShutdownHook] INFO  org.apache.kafka.common.metrics.Metrics - Closing reporter org.apache.kafka.common.telemetry.internals.ClientTelemetryReporter
2025-03-24 21:08:44.405 [SpringApplicationShutdownHook] INFO  org.apache.kafka.common.metrics.Metrics - Metrics reporters closed
2025-03-24 21:08:44.405 [SpringApplicationShutdownHook] INFO  org.apache.kafka.common.utils.AppInfoParser - App info kafka.producer for testspringboot-producer-1 unregistered
2025-03-24 21:08:48.213 [main] INFO  com.test.testboot.TestbootApplication - Starting TestbootApplication using Java 23.0.2 with PID 11606 (/Users/zhaoxin/Documents/GitHub/testboot/target/classes started by zhaoxin in /Users/zhaoxin/Documents/GitHub/testboot)
2025-03-24 21:08:48.215 [main] INFO  com.test.testboot.TestbootApplication - No active profile set, falling back to 1 default profile: "default"
2025-03-24 21:08:48.712 [main] INFO  org.apache.coyote.http11.Http11NioProtocol - Initializing ProtocolHandler ["http-nio-9090"]
2025-03-24 21:08:48.713 [main] INFO  org.apache.catalina.core.StandardService - Starting service [Tomcat]
2025-03-24 21:08:48.713 [main] INFO  org.apache.catalina.core.StandardEngine - Starting Servlet engine: [Apache Tomcat/10.1.36]
2025-03-24 21:08:48.729 [main] INFO  org.apache.catalina.core.ContainerBase.[Tomcat].[localhost].[/] - Initializing Spring embedded WebApplicationContext
2025-03-24 21:08:49.167 [main] INFO  org.apache.coyote.http11.Http11NioProtocol - Starting ProtocolHandler ["http-nio-9090"]
2025-03-24 21:08:49.190 [main] INFO  org.apache.kafka.clients.consumer.ConsumerConfig - ConsumerConfig values: 
	allow.auto.create.topics = true
	auto.commit.interval.ms = 5000
	auto.include.jmx.reporter = true
	auto.offset.reset = latest
	bootstrap.servers = [localhost:9092]
	check.crcs = true
	client.dns.lookup = use_all_dns_ips
	client.id = consumer-tomge-consumer-group-1
	client.rack = 
	connections.max.idle.ms = 540000
	default.api.timeout.ms = 60000
	enable.auto.commit = false
	enable.metrics.push = true
	exclude.internal.topics = true
	fetch.max.bytes = 52428800
	fetch.max.wait.ms = 500
	fetch.min.bytes = 1
	group.id = tomge-consumer-group
	group.instance.id = null
	group.protocol = classic
	group.remote.assignor = null
	heartbeat.interval.ms = 3000
	interceptor.classes = []
	internal.leave.group.on.close = true
	internal.throw.on.fetch.stable.offset.unsupported = false
	isolation.level = read_uncommitted
	key.deserializer = class org.apache.kafka.common.serialization.StringDeserializer
	max.partition.fetch.bytes = 1048576
	max.poll.interval.ms = 300000
	max.poll.records = 500
	metadata.max.age.ms = 300000
	metric.reporters = []
	metrics.num.samples = 2
	metrics.recording.level = INFO
	metrics.sample.window.ms = 30000
	partition.assignment.strategy = [class org.apache.kafka.clients.consumer.RangeAssignor, class org.apache.kafka.clients.consumer.CooperativeStickyAssignor]
	receive.buffer.bytes = 65536
	reconnect.backoff.max.ms = 1000
	reconnect.backoff.ms = 50
	request.timeout.ms = 30000
	retry.backoff.max.ms = 1000
	retry.backoff.ms = 100
	sasl.client.callback.handler.class = null
	sasl.jaas.config = null
	sasl.kerberos.kinit.cmd = /usr/bin/kinit
	sasl.kerberos.min.time.before.relogin = 60000
	sasl.kerberos.service.name = null
	sasl.kerberos.ticket.renew.jitter = 0.05
	sasl.kerberos.ticket.renew.window.factor = 0.8
	sasl.login.callback.handler.class = null
	sasl.login.class = null
	sasl.login.connect.timeout.ms = null
	sasl.login.read.timeout.ms = null
	sasl.login.refresh.buffer.seconds = 300
	sasl.login.refresh.min.period.seconds = 60
	sasl.login.refresh.window.factor = 0.8
	sasl.login.refresh.window.jitter = 0.05
	sasl.login.retry.backoff.max.ms = 10000
	sasl.login.retry.backoff.ms = 100
	sasl.mechanism = GSSAPI
	sasl.oauthbearer.clock.skew.seconds = 30
	sasl.oauthbearer.expected.audience = null
	sasl.oauthbearer.expected.issuer = null
	sasl.oauthbearer.jwks.endpoint.refresh.ms = 3600000
	sasl.oauthbearer.jwks.endpoint.retry.backoff.max.ms = 10000
	sasl.oauthbearer.jwks.endpoint.retry.backoff.ms = 100
	sasl.oauthbearer.jwks.endpoint.url = null
	sasl.oauthbearer.scope.claim.name = scope
	sasl.oauthbearer.sub.claim.name = sub
	sasl.oauthbearer.token.endpoint.url = null
	security.protocol = PLAINTEXT
	security.providers = null
	send.buffer.bytes = 131072
	session.timeout.ms = 45000
	socket.connection.setup.timeout.max.ms = 30000
	socket.connection.setup.timeout.ms = 10000
	ssl.cipher.suites = null
	ssl.enabled.protocols = [TLSv1.2, TLSv1.3]
	ssl.endpoint.identification.algorithm = https
	ssl.engine.factory.class = null
	ssl.key.password = null
	ssl.keymanager.algorithm = SunX509
	ssl.keystore.certificate.chain = null
	ssl.keystore.key = null
	ssl.keystore.location = null
	ssl.keystore.password = null
	ssl.keystore.type = JKS
	ssl.protocol = TLSv1.3
	ssl.provider = null
	ssl.secure.random.implementation = null
	ssl.trustmanager.algorithm = PKIX
	ssl.truststore.certificates = null
	ssl.truststore.location = null
	ssl.truststore.password = null
	ssl.truststore.type = JKS
	value.deserializer = class org.apache.kafka.common.serialization.StringDeserializer

2025-03-24 21:08:49.208 [main] INFO  org.apache.kafka.common.telemetry.internals.KafkaMetricsCollector - initializing Kafka metrics collector
2025-03-24 21:08:49.234 [main] INFO  org.apache.kafka.common.utils.AppInfoParser - Kafka version: 3.7.2
2025-03-24 21:08:49.235 [main] INFO  org.apache.kafka.common.utils.AppInfoParser - Kafka commitId: 79a8f2b5f44f9d5a
2025-03-24 21:08:49.235 [main] INFO  org.apache.kafka.common.utils.AppInfoParser - Kafka startTimeMs: 1742821729234
2025-03-24 21:08:49.236 [main] INFO  org.apache.kafka.clients.consumer.internals.LegacyKafkaConsumer - [Consumer clientId=consumer-tomge-consumer-group-1, groupId=tomge-consumer-group] Subscribed to topic(s): testtopic
2025-03-24 21:08:49.243 [main] INFO  com.test.testboot.TestbootApplication - Started TestbootApplication in 1.222 seconds (process running for 1.451)
2025-03-24 21:08:49.347 [org.springframework.kafka.KafkaListenerEndpointContainer#0-0-C-1] INFO  org.apache.kafka.clients.Metadata - [Consumer clientId=consumer-tomge-consumer-group-1, groupId=tomge-consumer-group] Cluster ID: 55v202dzTXeo6Uf5cKQwuw
2025-03-24 21:08:49.347 [org.springframework.kafka.KafkaListenerEndpointContainer#0-0-C-1] INFO  org.apache.kafka.clients.consumer.internals.ConsumerCoordinator - [Consumer clientId=consumer-tomge-consumer-group-1, groupId=tomge-consumer-group] Discovered group coordinator localhost:9092 (id: 2147483647 rack: null)
2025-03-24 21:08:49.348 [org.springframework.kafka.KafkaListenerEndpointContainer#0-0-C-1] INFO  org.apache.kafka.clients.consumer.internals.ConsumerCoordinator - [Consumer clientId=consumer-tomge-consumer-group-1, groupId=tomge-consumer-group] (Re-)joining group
2025-03-24 21:08:49.353 [org.springframework.kafka.KafkaListenerEndpointContainer#0-0-C-1] INFO  org.apache.kafka.clients.consumer.internals.ConsumerCoordinator - [Consumer clientId=consumer-tomge-consumer-group-1, groupId=tomge-consumer-group] Request joining group due to: need to re-join with the given member-id: consumer-tomge-consumer-group-1-fe3b3331-0700-4ea8-a478-33d5fda58957
2025-03-24 21:08:49.353 [org.springframework.kafka.KafkaListenerEndpointContainer#0-0-C-1] INFO  org.apache.kafka.clients.consumer.internals.ConsumerCoordinator - [Consumer clientId=consumer-tomge-consumer-group-1, groupId=tomge-consumer-group] (Re-)joining group
2025-03-24 21:08:49.355 [org.springframework.kafka.KafkaListenerEndpointContainer#0-0-C-1] INFO  org.apache.kafka.clients.consumer.internals.ConsumerCoordinator - [Consumer clientId=consumer-tomge-consumer-group-1, groupId=tomge-consumer-group] Successfully joined group with generation Generation{generationId=35, memberId='consumer-tomge-consumer-group-1-fe3b3331-0700-4ea8-a478-33d5fda58957', protocol='range'}
2025-03-24 21:08:49.357 [org.springframework.kafka.KafkaListenerEndpointContainer#0-0-C-1] INFO  org.apache.kafka.clients.consumer.internals.ConsumerCoordinator - [Consumer clientId=consumer-tomge-consumer-group-1, groupId=tomge-consumer-group] Finished assignment for group at generation 35: {consumer-tomge-consumer-group-1-fe3b3331-0700-4ea8-a478-33d5fda58957=Assignment(partitions=[testtopic-0])}
2025-03-24 21:08:49.360 [org.springframework.kafka.KafkaListenerEndpointContainer#0-0-C-1] INFO  org.apache.kafka.clients.consumer.internals.ConsumerCoordinator - [Consumer clientId=consumer-tomge-consumer-group-1, groupId=tomge-consumer-group] Successfully synced group in generation Generation{generationId=35, memberId='consumer-tomge-consumer-group-1-fe3b3331-0700-4ea8-a478-33d5fda58957', protocol='range'}
2025-03-24 21:08:49.360 [org.springframework.kafka.KafkaListenerEndpointContainer#0-0-C-1] INFO  org.apache.kafka.clients.consumer.internals.ConsumerCoordinator - [Consumer clientId=consumer-tomge-consumer-group-1, groupId=tomge-consumer-group] Notifying assignor about the new Assignment(partitions=[testtopic-0])
2025-03-24 21:08:49.361 [org.springframework.kafka.KafkaListenerEndpointContainer#0-0-C-1] INFO  org.apache.kafka.clients.consumer.internals.ConsumerRebalanceListenerInvoker - [Consumer clientId=consumer-tomge-consumer-group-1, groupId=tomge-consumer-group] Adding newly assigned partitions: testtopic-0
2025-03-24 21:08:49.364 [org.springframework.kafka.KafkaListenerEndpointContainer#0-0-C-1] INFO  org.apache.kafka.clients.consumer.internals.ConsumerUtils - Setting offset for partition testtopic-0 to the committed offset FetchPosition{offset=29, offsetEpoch=Optional.empty, currentLeader=LeaderAndEpoch{leader=Optional[localhost:9092 (id: 0 rack: null)], epoch=0}}
2025-03-24 21:08:53.686 [http-nio-9090-exec-2] INFO  org.apache.catalina.core.ContainerBase.[Tomcat].[localhost].[/] - Initializing Spring DispatcherServlet 'dispatcherServlet'
2025-03-24 21:08:53.776 [http-nio-9090-exec-2] INFO  com.test.testboot.controller.StudentController - {"messageType":"JSON","data":{"address":"新疆维吾尔自治区伊犁哈瑟可自治州","sex":"男","name":"埃森江","birth":"2025","id":908,"department":"计算机系"}}
2025-03-24 21:08:53.782 [http-nio-9090-exec-2] INFO  org.apache.kafka.clients.producer.ProducerConfig - ProducerConfig values: 
	acks = -1
	auto.include.jmx.reporter = true
	batch.size = 16384
	bootstrap.servers = [localhost:9092]
	buffer.memory = 33554432
	client.dns.lookup = use_all_dns_ips
	client.id = testspringboot-producer-1
	compression.type = none
	connections.max.idle.ms = 540000
	delivery.timeout.ms = 120000
	enable.idempotence = true
	enable.metrics.push = true
	interceptor.classes = []
	key.serializer = class org.apache.kafka.common.serialization.StringSerializer
	linger.ms = 0
	max.block.ms = 60000
	max.in.flight.requests.per.connection = 5
	max.request.size = 1048576
	metadata.max.age.ms = 300000
	metadata.max.idle.ms = 300000
	metric.reporters = []
	metrics.num.samples = 2
	metrics.recording.level = INFO
	metrics.sample.window.ms = 30000
	partitioner.adaptive.partitioning.enable = true
	partitioner.availability.timeout.ms = 0
	partitioner.class = null
	partitioner.ignore.keys = false
	receive.buffer.bytes = 32768
	reconnect.backoff.max.ms = 1000
	reconnect.backoff.ms = 50
	request.timeout.ms = 30000
	retries = 3
	retry.backoff.max.ms = 1000
	retry.backoff.ms = 100
	sasl.client.callback.handler.class = null
	sasl.jaas.config = null
	sasl.kerberos.kinit.cmd = /usr/bin/kinit
	sasl.kerberos.min.time.before.relogin = 60000
	sasl.kerberos.service.name = null
	sasl.kerberos.ticket.renew.jitter = 0.05
	sasl.kerberos.ticket.renew.window.factor = 0.8
	sasl.login.callback.handler.class = null
	sasl.login.class = null
	sasl.login.connect.timeout.ms = null
	sasl.login.read.timeout.ms = null
	sasl.login.refresh.buffer.seconds = 300
	sasl.login.refresh.min.period.seconds = 60
	sasl.login.refresh.window.factor = 0.8
	sasl.login.refresh.window.jitter = 0.05
	sasl.login.retry.backoff.max.ms = 10000
	sasl.login.retry.backoff.ms = 100
	sasl.mechanism = GSSAPI
	sasl.oauthbearer.clock.skew.seconds = 30
	sasl.oauthbearer.expected.audience = null
	sasl.oauthbearer.expected.issuer = null
	sasl.oauthbearer.jwks.endpoint.refresh.ms = 3600000
	sasl.oauthbearer.jwks.endpoint.retry.backoff.max.ms = 10000
	sasl.oauthbearer.jwks.endpoint.retry.backoff.ms = 100
	sasl.oauthbearer.jwks.endpoint.url = null
	sasl.oauthbearer.scope.claim.name = scope
	sasl.oauthbearer.sub.claim.name = sub
	sasl.oauthbearer.token.endpoint.url = null
	security.protocol = PLAINTEXT
	security.providers = null
	send.buffer.bytes = 131072
	socket.connection.setup.timeout.max.ms = 30000
	socket.connection.setup.timeout.ms = 10000
	ssl.cipher.suites = null
	ssl.enabled.protocols = [TLSv1.2, TLSv1.3]
	ssl.endpoint.identification.algorithm = https
	ssl.engine.factory.class = null
	ssl.key.password = null
	ssl.keymanager.algorithm = SunX509
	ssl.keystore.certificate.chain = null
	ssl.keystore.key = null
	ssl.keystore.location = null
	ssl.keystore.password = null
	ssl.keystore.type = JKS
	ssl.protocol = TLSv1.3
	ssl.provider = null
	ssl.secure.random.implementation = null
	ssl.trustmanager.algorithm = PKIX
	ssl.truststore.certificates = null
	ssl.truststore.location = null
	ssl.truststore.password = null
	ssl.truststore.type = JKS
	transaction.timeout.ms = 60000
	transactional.id = null
	value.serializer = class org.apache.kafka.common.serialization.StringSerializer

2025-03-24 21:08:53.783 [http-nio-9090-exec-2] INFO  org.apache.kafka.common.telemetry.internals.KafkaMetricsCollector - initializing Kafka metrics collector
2025-03-24 21:08:53.786 [http-nio-9090-exec-2] INFO  org.apache.kafka.clients.producer.KafkaProducer - [Producer clientId=testspringboot-producer-1] Instantiated an idempotent producer.
2025-03-24 21:08:53.794 [http-nio-9090-exec-2] INFO  org.apache.kafka.common.utils.AppInfoParser - Kafka version: 3.7.2
2025-03-24 21:08:53.794 [http-nio-9090-exec-2] INFO  org.apache.kafka.common.utils.AppInfoParser - Kafka commitId: 79a8f2b5f44f9d5a
2025-03-24 21:08:53.794 [http-nio-9090-exec-2] INFO  org.apache.kafka.common.utils.AppInfoParser - Kafka startTimeMs: 1742821733794
2025-03-24 21:08:53.796 [kafka-producer-network-thread | testspringboot-producer-1] INFO  org.apache.kafka.clients.Metadata - [Producer clientId=testspringboot-producer-1] Cluster ID: 55v202dzTXeo6Uf5cKQwuw
2025-03-24 21:08:53.796 [kafka-producer-network-thread | testspringboot-producer-1] INFO  org.apache.kafka.clients.producer.internals.TransactionManager - [Producer clientId=testspringboot-producer-1] ProducerId set to 1016 with epoch 0
2025-03-24 21:08:53.812 [http-nio-9090-exec-2] INFO  com.test.testboot.kafkaservice.ProducerService - {"messageType":"JSON","data":{"address":"新疆维吾尔自治区伊犁哈瑟可自治州","sex":"男","name":"埃森江","birth":"2025","id":908,"department":"计算机系"}}
2025-03-24 21:08:53.821 [org.springframework.kafka.KafkaListenerEndpointContainer#0-0-C-1] INFO  com.test.testboot.kafkaservice.ConsumerService - {"address":"新疆维吾尔自治区伊犁哈瑟可自治州","sex":"男","name":"埃森江","birth":"2025","id":908,"department":"计算机系"}
2025-03-24 21:08:53.837 [org.springframework.kafka.KafkaListenerEndpointContainer#0-0-C-1] INFO  com.zaxxer.hikari.HikariDataSource - HikariPool-1 - Starting...
2025-03-24 21:08:53.905 [org.springframework.kafka.KafkaListenerEndpointContainer#0-0-C-1] INFO  com.zaxxer.hikari.pool.HikariPool - HikariPool-1 - Added connection com.mysql.cj.jdbc.ConnectionImpl@46400671
2025-03-24 21:08:53.906 [org.springframework.kafka.KafkaListenerEndpointContainer#0-0-C-1] INFO  com.zaxxer.hikari.HikariDataSource - HikariPool-1 - Start completed.
2025-03-24 21:09:08.841 [http-nio-9090-exec-3] INFO  com.test.testboot.controller.StudentController - {"messageType":"AVRO"}
2025-03-24 21:09:08.846 [http-nio-9090-exec-3] INFO  com.test.testboot.kafkaservice.ProducerService - {"messageType":"AVRO"}
2025-03-24 21:09:08.851 [org.springframework.kafka.KafkaListenerEndpointContainer#0-0-C-1] INFO  com.test.testboot.kafkaservice.ConsumerService - null
2025-03-24 21:10:22.072 [org.springframework.kafka.KafkaListenerEndpointContainer#0-0-C-1] INFO  org.apache.kafka.clients.consumer.internals.ConsumerRebalanceListenerInvoker - [Consumer clientId=consumer-tomge-consumer-group-1, groupId=tomge-consumer-group] Revoke previously assigned partitions testtopic-0
2025-03-24 21:10:22.073 [org.springframework.kafka.KafkaListenerEndpointContainer#0-0-C-1] INFO  org.apache.kafka.clients.consumer.internals.ConsumerCoordinator - [Consumer clientId=consumer-tomge-consumer-group-1, groupId=tomge-consumer-group] Member consumer-tomge-consumer-group-1-fe3b3331-0700-4ea8-a478-33d5fda58957 sending LeaveGroup request to coordinator localhost:9092 (id: 2147483647 rack: null) due to the consumer unsubscribed from all topics
2025-03-24 21:10:22.073 [org.springframework.kafka.KafkaListenerEndpointContainer#0-0-C-1] INFO  org.apache.kafka.clients.consumer.internals.ConsumerCoordinator - [Consumer clientId=consumer-tomge-consumer-group-1, groupId=tomge-consumer-group] Resetting generation and member id due to: consumer pro-actively leaving the group
2025-03-24 21:10:22.073 [org.springframework.kafka.KafkaListenerEndpointContainer#0-0-C-1] INFO  org.apache.kafka.clients.consumer.internals.ConsumerCoordinator - [Consumer clientId=consumer-tomge-consumer-group-1, groupId=tomge-consumer-group] Request joining group due to: consumer pro-actively leaving the group
2025-03-24 21:10:22.073 [org.springframework.kafka.KafkaListenerEndpointContainer#0-0-C-1] INFO  org.apache.kafka.clients.consumer.internals.LegacyKafkaConsumer - [Consumer clientId=consumer-tomge-consumer-group-1, groupId=tomge-consumer-group] Unsubscribed all topics or patterns and assigned partitions
2025-03-24 21:10:22.074 [org.springframework.kafka.KafkaListenerEndpointContainer#0-0-C-1] INFO  org.apache.kafka.clients.consumer.internals.ConsumerCoordinator - [Consumer clientId=consumer-tomge-consumer-group-1, groupId=tomge-consumer-group] Resetting generation and member id due to: consumer pro-actively leaving the group
2025-03-24 21:10:22.075 [org.springframework.kafka.KafkaListenerEndpointContainer#0-0-C-1] INFO  org.apache.kafka.clients.consumer.internals.ConsumerCoordinator - [Consumer clientId=consumer-tomge-consumer-group-1, groupId=tomge-consumer-group] Request joining group due to: consumer pro-actively leaving the group
2025-03-24 21:10:22.360 [org.springframework.kafka.KafkaListenerEndpointContainer#0-0-C-1] INFO  org.apache.kafka.common.metrics.Metrics - Metrics scheduler closed
2025-03-24 21:10:22.360 [org.springframework.kafka.KafkaListenerEndpointContainer#0-0-C-1] INFO  org.apache.kafka.common.metrics.Metrics - Closing reporter org.apache.kafka.common.metrics.JmxReporter
2025-03-24 21:10:22.360 [org.springframework.kafka.KafkaListenerEndpointContainer#0-0-C-1] INFO  org.apache.kafka.common.metrics.Metrics - Closing reporter org.apache.kafka.common.telemetry.internals.ClientTelemetryReporter
2025-03-24 21:10:22.360 [org.springframework.kafka.KafkaListenerEndpointContainer#0-0-C-1] INFO  org.apache.kafka.common.metrics.Metrics - Metrics reporters closed
2025-03-24 21:10:22.364 [org.springframework.kafka.KafkaListenerEndpointContainer#0-0-C-1] INFO  org.apache.kafka.common.utils.AppInfoParser - App info kafka.consumer for consumer-tomge-consumer-group-1 unregistered
2025-03-24 21:10:22.373 [SpringApplicationShutdownHook] INFO  org.apache.kafka.clients.producer.KafkaProducer - [Producer clientId=testspringboot-producer-1] Closing the Kafka producer with timeoutMillis = 30000 ms.
2025-03-24 21:10:22.375 [SpringApplicationShutdownHook] INFO  org.apache.kafka.common.metrics.Metrics - Metrics scheduler closed
2025-03-24 21:10:22.375 [SpringApplicationShutdownHook] INFO  org.apache.kafka.common.metrics.Metrics - Closing reporter org.apache.kafka.common.metrics.JmxReporter
2025-03-24 21:10:22.375 [SpringApplicationShutdownHook] INFO  org.apache.kafka.common.metrics.Metrics - Closing reporter org.apache.kafka.common.telemetry.internals.ClientTelemetryReporter
2025-03-24 21:10:22.375 [SpringApplicationShutdownHook] INFO  org.apache.kafka.common.metrics.Metrics - Metrics reporters closed
2025-03-24 21:10:22.375 [SpringApplicationShutdownHook] INFO  org.apache.kafka.common.utils.AppInfoParser - App info kafka.producer for testspringboot-producer-1 unregistered
2025-03-24 21:10:22.379 [SpringApplicationShutdownHook] INFO  com.zaxxer.hikari.HikariDataSource - HikariPool-1 - Shutdown initiated...
2025-03-24 21:10:22.381 [SpringApplicationShutdownHook] INFO  com.zaxxer.hikari.HikariDataSource - HikariPool-1 - Shutdown completed.
2025-03-24 21:10:24.998 [main] INFO  com.test.testboot.TestbootApplication - Starting TestbootApplication using Java 23.0.2 with PID 11625 (/Users/zhaoxin/Documents/GitHub/testboot/target/classes started by zhaoxin in /Users/zhaoxin/Documents/GitHub/testboot)
2025-03-24 21:10:24.999 [main] INFO  com.test.testboot.TestbootApplication - No active profile set, falling back to 1 default profile: "default"
2025-03-24 21:10:25.502 [main] INFO  org.apache.coyote.http11.Http11NioProtocol - Initializing ProtocolHandler ["http-nio-9090"]
2025-03-24 21:10:25.503 [main] INFO  org.apache.catalina.core.StandardService - Starting service [Tomcat]
2025-03-24 21:10:25.503 [main] INFO  org.apache.catalina.core.StandardEngine - Starting Servlet engine: [Apache Tomcat/10.1.36]
2025-03-24 21:10:25.520 [main] INFO  org.apache.catalina.core.ContainerBase.[Tomcat].[localhost].[/] - Initializing Spring embedded WebApplicationContext
2025-03-24 21:10:25.957 [main] INFO  org.apache.coyote.http11.Http11NioProtocol - Starting ProtocolHandler ["http-nio-9090"]
2025-03-24 21:10:25.976 [main] INFO  org.apache.kafka.clients.consumer.ConsumerConfig - ConsumerConfig values: 
	allow.auto.create.topics = true
	auto.commit.interval.ms = 5000
	auto.include.jmx.reporter = true
	auto.offset.reset = latest
	bootstrap.servers = [localhost:9092]
	check.crcs = true
	client.dns.lookup = use_all_dns_ips
	client.id = consumer-tomge-consumer-group-1
	client.rack = 
	connections.max.idle.ms = 540000
	default.api.timeout.ms = 60000
	enable.auto.commit = false
	enable.metrics.push = true
	exclude.internal.topics = true
	fetch.max.bytes = 52428800
	fetch.max.wait.ms = 500
	fetch.min.bytes = 1
	group.id = tomge-consumer-group
	group.instance.id = null
	group.protocol = classic
	group.remote.assignor = null
	heartbeat.interval.ms = 3000
	interceptor.classes = []
	internal.leave.group.on.close = true
	internal.throw.on.fetch.stable.offset.unsupported = false
	isolation.level = read_uncommitted
	key.deserializer = class org.apache.kafka.common.serialization.StringDeserializer
	max.partition.fetch.bytes = 1048576
	max.poll.interval.ms = 300000
	max.poll.records = 500
	metadata.max.age.ms = 300000
	metric.reporters = []
	metrics.num.samples = 2
	metrics.recording.level = INFO
	metrics.sample.window.ms = 30000
	partition.assignment.strategy = [class org.apache.kafka.clients.consumer.RangeAssignor, class org.apache.kafka.clients.consumer.CooperativeStickyAssignor]
	receive.buffer.bytes = 65536
	reconnect.backoff.max.ms = 1000
	reconnect.backoff.ms = 50
	request.timeout.ms = 30000
	retry.backoff.max.ms = 1000
	retry.backoff.ms = 100
	sasl.client.callback.handler.class = null
	sasl.jaas.config = null
	sasl.kerberos.kinit.cmd = /usr/bin/kinit
	sasl.kerberos.min.time.before.relogin = 60000
	sasl.kerberos.service.name = null
	sasl.kerberos.ticket.renew.jitter = 0.05
	sasl.kerberos.ticket.renew.window.factor = 0.8
	sasl.login.callback.handler.class = null
	sasl.login.class = null
	sasl.login.connect.timeout.ms = null
	sasl.login.read.timeout.ms = null
	sasl.login.refresh.buffer.seconds = 300
	sasl.login.refresh.min.period.seconds = 60
	sasl.login.refresh.window.factor = 0.8
	sasl.login.refresh.window.jitter = 0.05
	sasl.login.retry.backoff.max.ms = 10000
	sasl.login.retry.backoff.ms = 100
	sasl.mechanism = GSSAPI
	sasl.oauthbearer.clock.skew.seconds = 30
	sasl.oauthbearer.expected.audience = null
	sasl.oauthbearer.expected.issuer = null
	sasl.oauthbearer.jwks.endpoint.refresh.ms = 3600000
	sasl.oauthbearer.jwks.endpoint.retry.backoff.max.ms = 10000
	sasl.oauthbearer.jwks.endpoint.retry.backoff.ms = 100
	sasl.oauthbearer.jwks.endpoint.url = null
	sasl.oauthbearer.scope.claim.name = scope
	sasl.oauthbearer.sub.claim.name = sub
	sasl.oauthbearer.token.endpoint.url = null
	security.protocol = PLAINTEXT
	security.providers = null
	send.buffer.bytes = 131072
	session.timeout.ms = 45000
	socket.connection.setup.timeout.max.ms = 30000
	socket.connection.setup.timeout.ms = 10000
	ssl.cipher.suites = null
	ssl.enabled.protocols = [TLSv1.2, TLSv1.3]
	ssl.endpoint.identification.algorithm = https
	ssl.engine.factory.class = null
	ssl.key.password = null
	ssl.keymanager.algorithm = SunX509
	ssl.keystore.certificate.chain = null
	ssl.keystore.key = null
	ssl.keystore.location = null
	ssl.keystore.password = null
	ssl.keystore.type = JKS
	ssl.protocol = TLSv1.3
	ssl.provider = null
	ssl.secure.random.implementation = null
	ssl.trustmanager.algorithm = PKIX
	ssl.truststore.certificates = null
	ssl.truststore.location = null
	ssl.truststore.password = null
	ssl.truststore.type = JKS
	value.deserializer = class org.apache.kafka.common.serialization.StringDeserializer

2025-03-24 21:10:25.997 [main] INFO  org.apache.kafka.common.telemetry.internals.KafkaMetricsCollector - initializing Kafka metrics collector
2025-03-24 21:10:26.024 [main] INFO  org.apache.kafka.common.utils.AppInfoParser - Kafka version: 3.7.2
2025-03-24 21:10:26.025 [main] INFO  org.apache.kafka.common.utils.AppInfoParser - Kafka commitId: 79a8f2b5f44f9d5a
2025-03-24 21:10:26.025 [main] INFO  org.apache.kafka.common.utils.AppInfoParser - Kafka startTimeMs: 1742821826024
2025-03-24 21:10:26.026 [main] INFO  org.apache.kafka.clients.consumer.internals.LegacyKafkaConsumer - [Consumer clientId=consumer-tomge-consumer-group-1, groupId=tomge-consumer-group] Subscribed to topic(s): testtopic
2025-03-24 21:10:26.032 [main] INFO  com.test.testboot.TestbootApplication - Started TestbootApplication in 1.227 seconds (process running for 1.456)
2025-03-24 21:10:26.134 [org.springframework.kafka.KafkaListenerEndpointContainer#0-0-C-1] INFO  org.apache.kafka.clients.Metadata - [Consumer clientId=consumer-tomge-consumer-group-1, groupId=tomge-consumer-group] Cluster ID: 55v202dzTXeo6Uf5cKQwuw
2025-03-24 21:10:26.134 [org.springframework.kafka.KafkaListenerEndpointContainer#0-0-C-1] INFO  org.apache.kafka.clients.consumer.internals.ConsumerCoordinator - [Consumer clientId=consumer-tomge-consumer-group-1, groupId=tomge-consumer-group] Discovered group coordinator localhost:9092 (id: 2147483647 rack: null)
2025-03-24 21:10:26.135 [org.springframework.kafka.KafkaListenerEndpointContainer#0-0-C-1] INFO  org.apache.kafka.clients.consumer.internals.ConsumerCoordinator - [Consumer clientId=consumer-tomge-consumer-group-1, groupId=tomge-consumer-group] (Re-)joining group
2025-03-24 21:10:26.140 [org.springframework.kafka.KafkaListenerEndpointContainer#0-0-C-1] INFO  org.apache.kafka.clients.consumer.internals.ConsumerCoordinator - [Consumer clientId=consumer-tomge-consumer-group-1, groupId=tomge-consumer-group] Request joining group due to: need to re-join with the given member-id: consumer-tomge-consumer-group-1-8f356490-2755-465b-8229-98a22e1e79eb
2025-03-24 21:10:26.140 [org.springframework.kafka.KafkaListenerEndpointContainer#0-0-C-1] INFO  org.apache.kafka.clients.consumer.internals.ConsumerCoordinator - [Consumer clientId=consumer-tomge-consumer-group-1, groupId=tomge-consumer-group] (Re-)joining group
2025-03-24 21:10:26.142 [org.springframework.kafka.KafkaListenerEndpointContainer#0-0-C-1] INFO  org.apache.kafka.clients.consumer.internals.ConsumerCoordinator - [Consumer clientId=consumer-tomge-consumer-group-1, groupId=tomge-consumer-group] Successfully joined group with generation Generation{generationId=37, memberId='consumer-tomge-consumer-group-1-8f356490-2755-465b-8229-98a22e1e79eb', protocol='range'}
2025-03-24 21:10:26.144 [org.springframework.kafka.KafkaListenerEndpointContainer#0-0-C-1] INFO  org.apache.kafka.clients.consumer.internals.ConsumerCoordinator - [Consumer clientId=consumer-tomge-consumer-group-1, groupId=tomge-consumer-group] Finished assignment for group at generation 37: {consumer-tomge-consumer-group-1-8f356490-2755-465b-8229-98a22e1e79eb=Assignment(partitions=[testtopic-0])}
2025-03-24 21:10:26.148 [org.springframework.kafka.KafkaListenerEndpointContainer#0-0-C-1] INFO  org.apache.kafka.clients.consumer.internals.ConsumerCoordinator - [Consumer clientId=consumer-tomge-consumer-group-1, groupId=tomge-consumer-group] Successfully synced group in generation Generation{generationId=37, memberId='consumer-tomge-consumer-group-1-8f356490-2755-465b-8229-98a22e1e79eb', protocol='range'}
2025-03-24 21:10:26.148 [org.springframework.kafka.KafkaListenerEndpointContainer#0-0-C-1] INFO  org.apache.kafka.clients.consumer.internals.ConsumerCoordinator - [Consumer clientId=consumer-tomge-consumer-group-1, groupId=tomge-consumer-group] Notifying assignor about the new Assignment(partitions=[testtopic-0])
2025-03-24 21:10:26.149 [org.springframework.kafka.KafkaListenerEndpointContainer#0-0-C-1] INFO  org.apache.kafka.clients.consumer.internals.ConsumerRebalanceListenerInvoker - [Consumer clientId=consumer-tomge-consumer-group-1, groupId=tomge-consumer-group] Adding newly assigned partitions: testtopic-0
2025-03-24 21:10:26.152 [org.springframework.kafka.KafkaListenerEndpointContainer#0-0-C-1] INFO  org.apache.kafka.clients.consumer.internals.ConsumerUtils - Setting offset for partition testtopic-0 to the committed offset FetchPosition{offset=31, offsetEpoch=Optional.empty, currentLeader=LeaderAndEpoch{leader=Optional[localhost:9092 (id: 0 rack: null)], epoch=0}}
2025-03-24 21:10:29.113 [http-nio-9090-exec-2] INFO  org.apache.catalina.core.ContainerBase.[Tomcat].[localhost].[/] - Initializing Spring DispatcherServlet 'dispatcherServlet'
2025-03-24 21:10:29.201 [http-nio-9090-exec-2] INFO  com.test.testboot.controller.StudentController - {"messageType":"AVRO","data":{"id":908}}
2025-03-24 21:10:29.206 [http-nio-9090-exec-2] INFO  org.apache.kafka.clients.producer.ProducerConfig - ProducerConfig values: 
	acks = -1
	auto.include.jmx.reporter = true
	batch.size = 16384
	bootstrap.servers = [localhost:9092]
	buffer.memory = 33554432
	client.dns.lookup = use_all_dns_ips
	client.id = testspringboot-producer-1
	compression.type = none
	connections.max.idle.ms = 540000
	delivery.timeout.ms = 120000
	enable.idempotence = true
	enable.metrics.push = true
	interceptor.classes = []
	key.serializer = class org.apache.kafka.common.serialization.StringSerializer
	linger.ms = 0
	max.block.ms = 60000
	max.in.flight.requests.per.connection = 5
	max.request.size = 1048576
	metadata.max.age.ms = 300000
	metadata.max.idle.ms = 300000
	metric.reporters = []
	metrics.num.samples = 2
	metrics.recording.level = INFO
	metrics.sample.window.ms = 30000
	partitioner.adaptive.partitioning.enable = true
	partitioner.availability.timeout.ms = 0
	partitioner.class = null
	partitioner.ignore.keys = false
	receive.buffer.bytes = 32768
	reconnect.backoff.max.ms = 1000
	reconnect.backoff.ms = 50
	request.timeout.ms = 30000
	retries = 3
	retry.backoff.max.ms = 1000
	retry.backoff.ms = 100
	sasl.client.callback.handler.class = null
	sasl.jaas.config = null
	sasl.kerberos.kinit.cmd = /usr/bin/kinit
	sasl.kerberos.min.time.before.relogin = 60000
	sasl.kerberos.service.name = null
	sasl.kerberos.ticket.renew.jitter = 0.05
	sasl.kerberos.ticket.renew.window.factor = 0.8
	sasl.login.callback.handler.class = null
	sasl.login.class = null
	sasl.login.connect.timeout.ms = null
	sasl.login.read.timeout.ms = null
	sasl.login.refresh.buffer.seconds = 300
	sasl.login.refresh.min.period.seconds = 60
	sasl.login.refresh.window.factor = 0.8
	sasl.login.refresh.window.jitter = 0.05
	sasl.login.retry.backoff.max.ms = 10000
	sasl.login.retry.backoff.ms = 100
	sasl.mechanism = GSSAPI
	sasl.oauthbearer.clock.skew.seconds = 30
	sasl.oauthbearer.expected.audience = null
	sasl.oauthbearer.expected.issuer = null
	sasl.oauthbearer.jwks.endpoint.refresh.ms = 3600000
	sasl.oauthbearer.jwks.endpoint.retry.backoff.max.ms = 10000
	sasl.oauthbearer.jwks.endpoint.retry.backoff.ms = 100
	sasl.oauthbearer.jwks.endpoint.url = null
	sasl.oauthbearer.scope.claim.name = scope
	sasl.oauthbearer.sub.claim.name = sub
	sasl.oauthbearer.token.endpoint.url = null
	security.protocol = PLAINTEXT
	security.providers = null
	send.buffer.bytes = 131072
	socket.connection.setup.timeout.max.ms = 30000
	socket.connection.setup.timeout.ms = 10000
	ssl.cipher.suites = null
	ssl.enabled.protocols = [TLSv1.2, TLSv1.3]
	ssl.endpoint.identification.algorithm = https
	ssl.engine.factory.class = null
	ssl.key.password = null
	ssl.keymanager.algorithm = SunX509
	ssl.keystore.certificate.chain = null
	ssl.keystore.key = null
	ssl.keystore.location = null
	ssl.keystore.password = null
	ssl.keystore.type = JKS
	ssl.protocol = TLSv1.3
	ssl.provider = null
	ssl.secure.random.implementation = null
	ssl.trustmanager.algorithm = PKIX
	ssl.truststore.certificates = null
	ssl.truststore.location = null
	ssl.truststore.password = null
	ssl.truststore.type = JKS
	transaction.timeout.ms = 60000
	transactional.id = null
	value.serializer = class org.apache.kafka.common.serialization.StringSerializer

2025-03-24 21:10:29.207 [http-nio-9090-exec-2] INFO  org.apache.kafka.common.telemetry.internals.KafkaMetricsCollector - initializing Kafka metrics collector
2025-03-24 21:10:29.209 [http-nio-9090-exec-2] INFO  org.apache.kafka.clients.producer.KafkaProducer - [Producer clientId=testspringboot-producer-1] Instantiated an idempotent producer.
2025-03-24 21:10:29.216 [http-nio-9090-exec-2] INFO  org.apache.kafka.common.utils.AppInfoParser - Kafka version: 3.7.2
2025-03-24 21:10:29.216 [http-nio-9090-exec-2] INFO  org.apache.kafka.common.utils.AppInfoParser - Kafka commitId: 79a8f2b5f44f9d5a
2025-03-24 21:10:29.217 [http-nio-9090-exec-2] INFO  org.apache.kafka.common.utils.AppInfoParser - Kafka startTimeMs: 1742821829216
2025-03-24 21:10:29.219 [kafka-producer-network-thread | testspringboot-producer-1] INFO  org.apache.kafka.clients.Metadata - [Producer clientId=testspringboot-producer-1] Cluster ID: 55v202dzTXeo6Uf5cKQwuw
2025-03-24 21:10:29.219 [kafka-producer-network-thread | testspringboot-producer-1] INFO  org.apache.kafka.clients.producer.internals.TransactionManager - [Producer clientId=testspringboot-producer-1] ProducerId set to 1017 with epoch 0
2025-03-24 21:10:29.232 [http-nio-9090-exec-2] INFO  com.test.testboot.kafkaservice.ProducerService - {"messageType":"AVRO","data":{"id":908}}
2025-03-24 21:10:29.241 [org.springframework.kafka.KafkaListenerEndpointContainer#0-0-C-1] INFO  com.test.testboot.kafkaservice.ConsumerService - {"id":908}
2025-03-24 21:10:29.247 [org.springframework.kafka.KafkaListenerEndpointContainer#0-0-C-1] INFO  com.zaxxer.hikari.HikariDataSource - HikariPool-1 - Starting...
2025-03-24 21:10:29.311 [org.springframework.kafka.KafkaListenerEndpointContainer#0-0-C-1] INFO  com.zaxxer.hikari.pool.HikariPool - HikariPool-1 - Added connection com.mysql.cj.jdbc.ConnectionImpl@fb12065
2025-03-24 21:10:29.312 [org.springframework.kafka.KafkaListenerEndpointContainer#0-0-C-1] INFO  com.zaxxer.hikari.HikariDataSource - HikariPool-1 - Start completed.
2025-03-24 21:10:48.635 [http-nio-9090-exec-3] INFO  com.test.testboot.controller.StudentController - {"messageType":"JSON","data":{"address":"新疆维吾尔自治区伊犁哈瑟可自治州","sex":"男","name":"埃森江","birth":"2025","id":909,"department":"计算机系"}}
2025-03-24 21:10:48.640 [http-nio-9090-exec-3] INFO  com.test.testboot.kafkaservice.ProducerService - {"messageType":"JSON","data":{"address":"新疆维吾尔自治区伊犁哈瑟可自治州","sex":"男","name":"埃森江","birth":"2025","id":909,"department":"计算机系"}}
2025-03-24 21:10:48.644 [org.springframework.kafka.KafkaListenerEndpointContainer#0-0-C-1] INFO  com.test.testboot.kafkaservice.ConsumerService - {"address":"新疆维吾尔自治区伊犁哈瑟可自治州","sex":"男","name":"埃森江","birth":"2025","id":909,"department":"计算机系"}
2025-03-24 21:12:34.914 [org.springframework.kafka.KafkaListenerEndpointContainer#0-0-C-1] INFO  org.apache.kafka.clients.consumer.internals.ConsumerRebalanceListenerInvoker - [Consumer clientId=consumer-tomge-consumer-group-1, groupId=tomge-consumer-group] Revoke previously assigned partitions testtopic-0
2025-03-24 21:12:34.915 [org.springframework.kafka.KafkaListenerEndpointContainer#0-0-C-1] INFO  org.apache.kafka.clients.consumer.internals.ConsumerCoordinator - [Consumer clientId=consumer-tomge-consumer-group-1, groupId=tomge-consumer-group] Member consumer-tomge-consumer-group-1-8f356490-2755-465b-8229-98a22e1e79eb sending LeaveGroup request to coordinator localhost:9092 (id: 2147483647 rack: null) due to the consumer unsubscribed from all topics
2025-03-24 21:12:34.916 [org.springframework.kafka.KafkaListenerEndpointContainer#0-0-C-1] INFO  org.apache.kafka.clients.consumer.internals.ConsumerCoordinator - [Consumer clientId=consumer-tomge-consumer-group-1, groupId=tomge-consumer-group] Resetting generation and member id due to: consumer pro-actively leaving the group
2025-03-24 21:12:34.916 [org.springframework.kafka.KafkaListenerEndpointContainer#0-0-C-1] INFO  org.apache.kafka.clients.consumer.internals.ConsumerCoordinator - [Consumer clientId=consumer-tomge-consumer-group-1, groupId=tomge-consumer-group] Request joining group due to: consumer pro-actively leaving the group
2025-03-24 21:12:34.916 [org.springframework.kafka.KafkaListenerEndpointContainer#0-0-C-1] INFO  org.apache.kafka.clients.consumer.internals.LegacyKafkaConsumer - [Consumer clientId=consumer-tomge-consumer-group-1, groupId=tomge-consumer-group] Unsubscribed all topics or patterns and assigned partitions
2025-03-24 21:12:34.917 [org.springframework.kafka.KafkaListenerEndpointContainer#0-0-C-1] INFO  org.apache.kafka.clients.consumer.internals.ConsumerCoordinator - [Consumer clientId=consumer-tomge-consumer-group-1, groupId=tomge-consumer-group] Resetting generation and member id due to: consumer pro-actively leaving the group
2025-03-24 21:12:34.917 [org.springframework.kafka.KafkaListenerEndpointContainer#0-0-C-1] INFO  org.apache.kafka.clients.consumer.internals.ConsumerCoordinator - [Consumer clientId=consumer-tomge-consumer-group-1, groupId=tomge-consumer-group] Request joining group due to: consumer pro-actively leaving the group
2025-03-24 21:12:35.410 [org.springframework.kafka.KafkaListenerEndpointContainer#0-0-C-1] INFO  org.apache.kafka.common.metrics.Metrics - Metrics scheduler closed
2025-03-24 21:12:35.411 [org.springframework.kafka.KafkaListenerEndpointContainer#0-0-C-1] INFO  org.apache.kafka.common.metrics.Metrics - Closing reporter org.apache.kafka.common.metrics.JmxReporter
2025-03-24 21:12:35.411 [org.springframework.kafka.KafkaListenerEndpointContainer#0-0-C-1] INFO  org.apache.kafka.common.metrics.Metrics - Closing reporter org.apache.kafka.common.telemetry.internals.ClientTelemetryReporter
2025-03-24 21:12:35.411 [org.springframework.kafka.KafkaListenerEndpointContainer#0-0-C-1] INFO  org.apache.kafka.common.metrics.Metrics - Metrics reporters closed
2025-03-24 21:12:35.417 [org.springframework.kafka.KafkaListenerEndpointContainer#0-0-C-1] INFO  org.apache.kafka.common.utils.AppInfoParser - App info kafka.consumer for consumer-tomge-consumer-group-1 unregistered
2025-03-24 21:12:35.434 [SpringApplicationShutdownHook] INFO  org.apache.kafka.clients.producer.KafkaProducer - [Producer clientId=testspringboot-producer-1] Closing the Kafka producer with timeoutMillis = 30000 ms.
2025-03-24 21:12:35.436 [SpringApplicationShutdownHook] INFO  org.apache.kafka.common.metrics.Metrics - Metrics scheduler closed
2025-03-24 21:12:35.436 [SpringApplicationShutdownHook] INFO  org.apache.kafka.common.metrics.Metrics - Closing reporter org.apache.kafka.common.metrics.JmxReporter
2025-03-24 21:12:35.436 [SpringApplicationShutdownHook] INFO  org.apache.kafka.common.metrics.Metrics - Closing reporter org.apache.kafka.common.telemetry.internals.ClientTelemetryReporter
2025-03-24 21:12:35.437 [SpringApplicationShutdownHook] INFO  org.apache.kafka.common.metrics.Metrics - Metrics reporters closed
2025-03-24 21:12:35.437 [SpringApplicationShutdownHook] INFO  org.apache.kafka.common.utils.AppInfoParser - App info kafka.producer for testspringboot-producer-1 unregistered
2025-03-24 21:12:35.444 [SpringApplicationShutdownHook] INFO  com.zaxxer.hikari.HikariDataSource - HikariPool-1 - Shutdown initiated...
2025-03-24 21:12:35.450 [SpringApplicationShutdownHook] INFO  com.zaxxer.hikari.HikariDataSource - HikariPool-1 - Shutdown completed.
2025-03-24 22:49:10.631 [main] INFO  com.test.testboot.TestbootApplication - Starting TestbootApplication using Java 23.0.2 with PID 11810 (/Users/zhaoxin/Documents/GitHub/testboot/target/classes started by zhaoxin in /Users/zhaoxin/Documents/GitHub/testboot)
2025-03-24 22:49:10.632 [main] INFO  com.test.testboot.TestbootApplication - No active profile set, falling back to 1 default profile: "default"
2025-03-24 22:49:11.147 [main] INFO  org.apache.coyote.http11.Http11NioProtocol - Initializing ProtocolHandler ["http-nio-9090"]
2025-03-24 22:49:11.148 [main] INFO  org.apache.catalina.core.StandardService - Starting service [Tomcat]
2025-03-24 22:49:11.148 [main] INFO  org.apache.catalina.core.StandardEngine - Starting Servlet engine: [Apache Tomcat/10.1.36]
2025-03-24 22:49:11.166 [main] INFO  org.apache.catalina.core.ContainerBase.[Tomcat].[localhost].[/] - Initializing Spring embedded WebApplicationContext
2025-03-24 22:49:11.625 [main] INFO  org.apache.coyote.http11.Http11NioProtocol - Starting ProtocolHandler ["http-nio-9090"]
2025-03-24 22:49:11.645 [main] INFO  org.apache.kafka.clients.consumer.ConsumerConfig - ConsumerConfig values: 
	allow.auto.create.topics = true
	auto.commit.interval.ms = 5000
	auto.include.jmx.reporter = true
	auto.offset.reset = latest
	bootstrap.servers = [localhost:9092]
	check.crcs = true
	client.dns.lookup = use_all_dns_ips
	client.id = consumer-tomge-consumer-group-1
	client.rack = 
	connections.max.idle.ms = 540000
	default.api.timeout.ms = 60000
	enable.auto.commit = false
	enable.metrics.push = true
	exclude.internal.topics = true
	fetch.max.bytes = 52428800
	fetch.max.wait.ms = 500
	fetch.min.bytes = 1
	group.id = tomge-consumer-group
	group.instance.id = null
	group.protocol = classic
	group.remote.assignor = null
	heartbeat.interval.ms = 3000
	interceptor.classes = []
	internal.leave.group.on.close = true
	internal.throw.on.fetch.stable.offset.unsupported = false
	isolation.level = read_uncommitted
	key.deserializer = class org.apache.kafka.common.serialization.StringDeserializer
	max.partition.fetch.bytes = 1048576
	max.poll.interval.ms = 300000
	max.poll.records = 500
	metadata.max.age.ms = 300000
	metric.reporters = []
	metrics.num.samples = 2
	metrics.recording.level = INFO
	metrics.sample.window.ms = 30000
	partition.assignment.strategy = [class org.apache.kafka.clients.consumer.RangeAssignor, class org.apache.kafka.clients.consumer.CooperativeStickyAssignor]
	receive.buffer.bytes = 65536
	reconnect.backoff.max.ms = 1000
	reconnect.backoff.ms = 50
	request.timeout.ms = 30000
	retry.backoff.max.ms = 1000
	retry.backoff.ms = 100
	sasl.client.callback.handler.class = null
	sasl.jaas.config = null
	sasl.kerberos.kinit.cmd = /usr/bin/kinit
	sasl.kerberos.min.time.before.relogin = 60000
	sasl.kerberos.service.name = null
	sasl.kerberos.ticket.renew.jitter = 0.05
	sasl.kerberos.ticket.renew.window.factor = 0.8
	sasl.login.callback.handler.class = null
	sasl.login.class = null
	sasl.login.connect.timeout.ms = null
	sasl.login.read.timeout.ms = null
	sasl.login.refresh.buffer.seconds = 300
	sasl.login.refresh.min.period.seconds = 60
	sasl.login.refresh.window.factor = 0.8
	sasl.login.refresh.window.jitter = 0.05
	sasl.login.retry.backoff.max.ms = 10000
	sasl.login.retry.backoff.ms = 100
	sasl.mechanism = GSSAPI
	sasl.oauthbearer.clock.skew.seconds = 30
	sasl.oauthbearer.expected.audience = null
	sasl.oauthbearer.expected.issuer = null
	sasl.oauthbearer.jwks.endpoint.refresh.ms = 3600000
	sasl.oauthbearer.jwks.endpoint.retry.backoff.max.ms = 10000
	sasl.oauthbearer.jwks.endpoint.retry.backoff.ms = 100
	sasl.oauthbearer.jwks.endpoint.url = null
	sasl.oauthbearer.scope.claim.name = scope
	sasl.oauthbearer.sub.claim.name = sub
	sasl.oauthbearer.token.endpoint.url = null
	security.protocol = PLAINTEXT
	security.providers = null
	send.buffer.bytes = 131072
	session.timeout.ms = 45000
	socket.connection.setup.timeout.max.ms = 30000
	socket.connection.setup.timeout.ms = 10000
	ssl.cipher.suites = null
	ssl.enabled.protocols = [TLSv1.2, TLSv1.3]
	ssl.endpoint.identification.algorithm = https
	ssl.engine.factory.class = null
	ssl.key.password = null
	ssl.keymanager.algorithm = SunX509
	ssl.keystore.certificate.chain = null
	ssl.keystore.key = null
	ssl.keystore.location = null
	ssl.keystore.password = null
	ssl.keystore.type = JKS
	ssl.protocol = TLSv1.3
	ssl.provider = null
	ssl.secure.random.implementation = null
	ssl.trustmanager.algorithm = PKIX
	ssl.truststore.certificates = null
	ssl.truststore.location = null
	ssl.truststore.password = null
	ssl.truststore.type = JKS
	value.deserializer = class org.apache.kafka.common.serialization.StringDeserializer

2025-03-24 22:49:11.663 [main] INFO  org.apache.kafka.common.telemetry.internals.KafkaMetricsCollector - initializing Kafka metrics collector
2025-03-24 22:49:11.693 [main] INFO  org.apache.kafka.common.utils.AppInfoParser - Kafka version: 3.7.2
2025-03-24 22:49:11.693 [main] INFO  org.apache.kafka.common.utils.AppInfoParser - Kafka commitId: 79a8f2b5f44f9d5a
2025-03-24 22:49:11.694 [main] INFO  org.apache.kafka.common.utils.AppInfoParser - Kafka startTimeMs: 1742827751693
2025-03-24 22:49:11.695 [main] INFO  org.apache.kafka.clients.consumer.internals.LegacyKafkaConsumer - [Consumer clientId=consumer-tomge-consumer-group-1, groupId=tomge-consumer-group] Subscribed to topic(s): testtopic
2025-03-24 22:49:11.701 [main] INFO  com.test.testboot.TestbootApplication - Started TestbootApplication in 1.269 seconds (process running for 1.541)
2025-03-24 22:49:11.799 [org.springframework.kafka.KafkaListenerEndpointContainer#0-0-C-1] INFO  org.apache.kafka.clients.Metadata - [Consumer clientId=consumer-tomge-consumer-group-1, groupId=tomge-consumer-group] Cluster ID: 55v202dzTXeo6Uf5cKQwuw
2025-03-24 22:49:11.800 [org.springframework.kafka.KafkaListenerEndpointContainer#0-0-C-1] INFO  org.apache.kafka.clients.consumer.internals.ConsumerCoordinator - [Consumer clientId=consumer-tomge-consumer-group-1, groupId=tomge-consumer-group] Discovered group coordinator localhost:9092 (id: 2147483647 rack: null)
2025-03-24 22:49:11.801 [org.springframework.kafka.KafkaListenerEndpointContainer#0-0-C-1] INFO  org.apache.kafka.clients.consumer.internals.ConsumerCoordinator - [Consumer clientId=consumer-tomge-consumer-group-1, groupId=tomge-consumer-group] (Re-)joining group
2025-03-24 22:49:11.807 [org.springframework.kafka.KafkaListenerEndpointContainer#0-0-C-1] INFO  org.apache.kafka.clients.consumer.internals.ConsumerCoordinator - [Consumer clientId=consumer-tomge-consumer-group-1, groupId=tomge-consumer-group] Request joining group due to: need to re-join with the given member-id: consumer-tomge-consumer-group-1-a618dee1-d111-44e7-b025-38e2647d7fc1
2025-03-24 22:49:11.808 [org.springframework.kafka.KafkaListenerEndpointContainer#0-0-C-1] INFO  org.apache.kafka.clients.consumer.internals.ConsumerCoordinator - [Consumer clientId=consumer-tomge-consumer-group-1, groupId=tomge-consumer-group] (Re-)joining group
2025-03-24 22:49:11.811 [org.springframework.kafka.KafkaListenerEndpointContainer#0-0-C-1] INFO  org.apache.kafka.clients.consumer.internals.ConsumerCoordinator - [Consumer clientId=consumer-tomge-consumer-group-1, groupId=tomge-consumer-group] Successfully joined group with generation Generation{generationId=39, memberId='consumer-tomge-consumer-group-1-a618dee1-d111-44e7-b025-38e2647d7fc1', protocol='range'}
2025-03-24 22:49:11.813 [org.springframework.kafka.KafkaListenerEndpointContainer#0-0-C-1] INFO  org.apache.kafka.clients.consumer.internals.ConsumerCoordinator - [Consumer clientId=consumer-tomge-consumer-group-1, groupId=tomge-consumer-group] Finished assignment for group at generation 39: {consumer-tomge-consumer-group-1-a618dee1-d111-44e7-b025-38e2647d7fc1=Assignment(partitions=[testtopic-0])}
2025-03-24 22:49:11.817 [org.springframework.kafka.KafkaListenerEndpointContainer#0-0-C-1] INFO  org.apache.kafka.clients.consumer.internals.ConsumerCoordinator - [Consumer clientId=consumer-tomge-consumer-group-1, groupId=tomge-consumer-group] Successfully synced group in generation Generation{generationId=39, memberId='consumer-tomge-consumer-group-1-a618dee1-d111-44e7-b025-38e2647d7fc1', protocol='range'}
2025-03-24 22:49:11.817 [org.springframework.kafka.KafkaListenerEndpointContainer#0-0-C-1] INFO  org.apache.kafka.clients.consumer.internals.ConsumerCoordinator - [Consumer clientId=consumer-tomge-consumer-group-1, groupId=tomge-consumer-group] Notifying assignor about the new Assignment(partitions=[testtopic-0])
2025-03-24 22:49:11.818 [org.springframework.kafka.KafkaListenerEndpointContainer#0-0-C-1] INFO  org.apache.kafka.clients.consumer.internals.ConsumerRebalanceListenerInvoker - [Consumer clientId=consumer-tomge-consumer-group-1, groupId=tomge-consumer-group] Adding newly assigned partitions: testtopic-0
2025-03-24 22:49:11.821 [org.springframework.kafka.KafkaListenerEndpointContainer#0-0-C-1] INFO  org.apache.kafka.clients.consumer.internals.ConsumerUtils - Setting offset for partition testtopic-0 to the committed offset FetchPosition{offset=33, offsetEpoch=Optional.empty, currentLeader=LeaderAndEpoch{leader=Optional[localhost:9092 (id: 0 rack: null)], epoch=0}}
2025-03-24 22:49:35.953 [http-nio-9090-exec-2] INFO  org.apache.catalina.core.ContainerBase.[Tomcat].[localhost].[/] - Initializing Spring DispatcherServlet 'dispatcherServlet'
2025-03-24 22:49:36.041 [http-nio-9090-exec-2] INFO  com.test.testboot.controller.StudentController - {"messageType":"AVRO","data":{"id":911}}
2025-03-24 22:49:36.047 [http-nio-9090-exec-2] INFO  org.apache.kafka.clients.producer.ProducerConfig - ProducerConfig values: 
	acks = -1
	auto.include.jmx.reporter = true
	batch.size = 16384
	bootstrap.servers = [localhost:9092]
	buffer.memory = 33554432
	client.dns.lookup = use_all_dns_ips
	client.id = testspringboot-producer-1
	compression.type = none
	connections.max.idle.ms = 540000
	delivery.timeout.ms = 120000
	enable.idempotence = true
	enable.metrics.push = true
	interceptor.classes = []
	key.serializer = class org.apache.kafka.common.serialization.StringSerializer
	linger.ms = 0
	max.block.ms = 60000
	max.in.flight.requests.per.connection = 5
	max.request.size = 1048576
	metadata.max.age.ms = 300000
	metadata.max.idle.ms = 300000
	metric.reporters = []
	metrics.num.samples = 2
	metrics.recording.level = INFO
	metrics.sample.window.ms = 30000
	partitioner.adaptive.partitioning.enable = true
	partitioner.availability.timeout.ms = 0
	partitioner.class = null
	partitioner.ignore.keys = false
	receive.buffer.bytes = 32768
	reconnect.backoff.max.ms = 1000
	reconnect.backoff.ms = 50
	request.timeout.ms = 30000
	retries = 3
	retry.backoff.max.ms = 1000
	retry.backoff.ms = 100
	sasl.client.callback.handler.class = null
	sasl.jaas.config = null
	sasl.kerberos.kinit.cmd = /usr/bin/kinit
	sasl.kerberos.min.time.before.relogin = 60000
	sasl.kerberos.service.name = null
	sasl.kerberos.ticket.renew.jitter = 0.05
	sasl.kerberos.ticket.renew.window.factor = 0.8
	sasl.login.callback.handler.class = null
	sasl.login.class = null
	sasl.login.connect.timeout.ms = null
	sasl.login.read.timeout.ms = null
	sasl.login.refresh.buffer.seconds = 300
	sasl.login.refresh.min.period.seconds = 60
	sasl.login.refresh.window.factor = 0.8
	sasl.login.refresh.window.jitter = 0.05
	sasl.login.retry.backoff.max.ms = 10000
	sasl.login.retry.backoff.ms = 100
	sasl.mechanism = GSSAPI
	sasl.oauthbearer.clock.skew.seconds = 30
	sasl.oauthbearer.expected.audience = null
	sasl.oauthbearer.expected.issuer = null
	sasl.oauthbearer.jwks.endpoint.refresh.ms = 3600000
	sasl.oauthbearer.jwks.endpoint.retry.backoff.max.ms = 10000
	sasl.oauthbearer.jwks.endpoint.retry.backoff.ms = 100
	sasl.oauthbearer.jwks.endpoint.url = null
	sasl.oauthbearer.scope.claim.name = scope
	sasl.oauthbearer.sub.claim.name = sub
	sasl.oauthbearer.token.endpoint.url = null
	security.protocol = PLAINTEXT
	security.providers = null
	send.buffer.bytes = 131072
	socket.connection.setup.timeout.max.ms = 30000
	socket.connection.setup.timeout.ms = 10000
	ssl.cipher.suites = null
	ssl.enabled.protocols = [TLSv1.2, TLSv1.3]
	ssl.endpoint.identification.algorithm = https
	ssl.engine.factory.class = null
	ssl.key.password = null
	ssl.keymanager.algorithm = SunX509
	ssl.keystore.certificate.chain = null
	ssl.keystore.key = null
	ssl.keystore.location = null
	ssl.keystore.password = null
	ssl.keystore.type = JKS
	ssl.protocol = TLSv1.3
	ssl.provider = null
	ssl.secure.random.implementation = null
	ssl.trustmanager.algorithm = PKIX
	ssl.truststore.certificates = null
	ssl.truststore.location = null
	ssl.truststore.password = null
	ssl.truststore.type = JKS
	transaction.timeout.ms = 60000
	transactional.id = null
	value.serializer = class org.apache.kafka.common.serialization.StringSerializer

2025-03-24 22:49:36.048 [http-nio-9090-exec-2] INFO  org.apache.kafka.common.telemetry.internals.KafkaMetricsCollector - initializing Kafka metrics collector
2025-03-24 22:49:36.051 [http-nio-9090-exec-2] INFO  org.apache.kafka.clients.producer.KafkaProducer - [Producer clientId=testspringboot-producer-1] Instantiated an idempotent producer.
2025-03-24 22:49:36.058 [http-nio-9090-exec-2] INFO  org.apache.kafka.common.utils.AppInfoParser - Kafka version: 3.7.2
2025-03-24 22:49:36.058 [http-nio-9090-exec-2] INFO  org.apache.kafka.common.utils.AppInfoParser - Kafka commitId: 79a8f2b5f44f9d5a
2025-03-24 22:49:36.058 [http-nio-9090-exec-2] INFO  org.apache.kafka.common.utils.AppInfoParser - Kafka startTimeMs: 1742827776058
2025-03-24 22:49:36.061 [kafka-producer-network-thread | testspringboot-producer-1] INFO  org.apache.kafka.clients.Metadata - [Producer clientId=testspringboot-producer-1] Cluster ID: 55v202dzTXeo6Uf5cKQwuw
2025-03-24 22:49:36.061 [kafka-producer-network-thread | testspringboot-producer-1] INFO  org.apache.kafka.clients.producer.internals.TransactionManager - [Producer clientId=testspringboot-producer-1] ProducerId set to 1018 with epoch 0
2025-03-24 22:49:36.076 [http-nio-9090-exec-2] INFO  com.test.testboot.kafkaservice.ProducerService - {"messageType":"AVRO","data":{"id":911}}
2025-03-24 22:49:36.085 [org.springframework.kafka.KafkaListenerEndpointContainer#0-0-C-1] INFO  com.test.testboot.kafkaservice.ConsumerService - {"id":911}
2025-03-24 22:49:36.093 [org.springframework.kafka.KafkaListenerEndpointContainer#0-0-C-1] INFO  com.zaxxer.hikari.HikariDataSource - HikariPool-1 - Starting...
2025-03-24 22:49:36.194 [org.springframework.kafka.KafkaListenerEndpointContainer#0-0-C-1] INFO  com.zaxxer.hikari.pool.HikariPool - HikariPool-1 - Added connection com.mysql.cj.jdbc.ConnectionImpl@665cf697
2025-03-24 22:49:36.194 [org.springframework.kafka.KafkaListenerEndpointContainer#0-0-C-1] INFO  com.zaxxer.hikari.HikariDataSource - HikariPool-1 - Start completed.
2025-03-24 22:50:14.168 [http-nio-9090-exec-3] INFO  com.test.testboot.controller.StudentController - {"messageType":"JSON","data":{"address":"新疆维吾尔自治区伊犁哈瑟可自治州","sex":"男","name":"埃森江","birth":"2025","id":911,"department":"计算机系"}}
2025-03-24 22:50:14.172 [http-nio-9090-exec-3] INFO  com.test.testboot.kafkaservice.ProducerService - {"messageType":"JSON","data":{"address":"新疆维吾尔自治区伊犁哈瑟可自治州","sex":"男","name":"埃森江","birth":"2025","id":911,"department":"计算机系"}}
2025-03-24 22:50:14.177 [org.springframework.kafka.KafkaListenerEndpointContainer#0-0-C-1] INFO  com.test.testboot.kafkaservice.ConsumerService - {"address":"新疆维吾尔自治区伊犁哈瑟可自治州","sex":"男","name":"埃森江","birth":"2025","id":911,"department":"计算机系"}
2025-03-24 22:58:12.037 [org.springframework.kafka.KafkaListenerEndpointContainer#0-0-C-1] INFO  org.apache.kafka.clients.NetworkClient - [Consumer clientId=consumer-tomge-consumer-group-1, groupId=tomge-consumer-group] Node -1 disconnected.
2025-03-24 22:58:36.073 [kafka-producer-network-thread | testspringboot-producer-1] INFO  org.apache.kafka.clients.NetworkClient - [Producer clientId=testspringboot-producer-1] Node -1 disconnected.
2025-03-24 23:08:11.950 [org.springframework.kafka.KafkaListenerEndpointContainer#0-0-C-1] INFO  org.apache.kafka.clients.NetworkClient - [Consumer clientId=consumer-tomge-consumer-group-1, groupId=tomge-consumer-group] Node -1 disconnected.
2025-03-24 23:08:36.077 [kafka-producer-network-thread | testspringboot-producer-1] INFO  org.apache.kafka.clients.NetworkClient - [Producer clientId=testspringboot-producer-1] Node -1 disconnected.
2025-03-24 23:38:38.604 [org.springframework.kafka.KafkaListenerEndpointContainer#0-0-C-1] INFO  org.apache.kafka.clients.consumer.internals.ConsumerRebalanceListenerInvoker - [Consumer clientId=consumer-tomge-consumer-group-1, groupId=tomge-consumer-group] Revoke previously assigned partitions testtopic-0
2025-03-24 23:38:38.605 [org.springframework.kafka.KafkaListenerEndpointContainer#0-0-C-1] INFO  org.apache.kafka.clients.consumer.internals.ConsumerCoordinator - [Consumer clientId=consumer-tomge-consumer-group-1, groupId=tomge-consumer-group] Member consumer-tomge-consumer-group-1-a618dee1-d111-44e7-b025-38e2647d7fc1 sending LeaveGroup request to coordinator localhost:9092 (id: 2147483647 rack: null) due to the consumer unsubscribed from all topics
2025-03-24 23:38:38.605 [org.springframework.kafka.KafkaListenerEndpointContainer#0-0-C-1] INFO  org.apache.kafka.clients.consumer.internals.ConsumerCoordinator - [Consumer clientId=consumer-tomge-consumer-group-1, groupId=tomge-consumer-group] Resetting generation and member id due to: consumer pro-actively leaving the group
2025-03-24 23:38:38.605 [org.springframework.kafka.KafkaListenerEndpointContainer#0-0-C-1] INFO  org.apache.kafka.clients.consumer.internals.ConsumerCoordinator - [Consumer clientId=consumer-tomge-consumer-group-1, groupId=tomge-consumer-group] Request joining group due to: consumer pro-actively leaving the group
2025-03-24 23:38:38.606 [org.springframework.kafka.KafkaListenerEndpointContainer#0-0-C-1] INFO  org.apache.kafka.clients.consumer.internals.LegacyKafkaConsumer - [Consumer clientId=consumer-tomge-consumer-group-1, groupId=tomge-consumer-group] Unsubscribed all topics or patterns and assigned partitions
2025-03-24 23:38:38.606 [org.springframework.kafka.KafkaListenerEndpointContainer#0-0-C-1] INFO  org.apache.kafka.clients.consumer.internals.ConsumerCoordinator - [Consumer clientId=consumer-tomge-consumer-group-1, groupId=tomge-consumer-group] Resetting generation and member id due to: consumer pro-actively leaving the group
2025-03-24 23:38:38.606 [org.springframework.kafka.KafkaListenerEndpointContainer#0-0-C-1] INFO  org.apache.kafka.clients.consumer.internals.ConsumerCoordinator - [Consumer clientId=consumer-tomge-consumer-group-1, groupId=tomge-consumer-group] Request joining group due to: consumer pro-actively leaving the group
2025-03-24 23:38:38.962 [org.springframework.kafka.KafkaListenerEndpointContainer#0-0-C-1] INFO  org.apache.kafka.common.metrics.Metrics - Metrics scheduler closed
2025-03-24 23:38:38.962 [org.springframework.kafka.KafkaListenerEndpointContainer#0-0-C-1] INFO  org.apache.kafka.common.metrics.Metrics - Closing reporter org.apache.kafka.common.metrics.JmxReporter
2025-03-24 23:38:38.962 [org.springframework.kafka.KafkaListenerEndpointContainer#0-0-C-1] INFO  org.apache.kafka.common.metrics.Metrics - Closing reporter org.apache.kafka.common.telemetry.internals.ClientTelemetryReporter
2025-03-24 23:38:38.962 [org.springframework.kafka.KafkaListenerEndpointContainer#0-0-C-1] INFO  org.apache.kafka.common.metrics.Metrics - Metrics reporters closed
2025-03-24 23:38:38.965 [org.springframework.kafka.KafkaListenerEndpointContainer#0-0-C-1] INFO  org.apache.kafka.common.utils.AppInfoParser - App info kafka.consumer for consumer-tomge-consumer-group-1 unregistered
2025-03-24 23:38:38.977 [SpringApplicationShutdownHook] INFO  org.apache.kafka.clients.producer.KafkaProducer - [Producer clientId=testspringboot-producer-1] Closing the Kafka producer with timeoutMillis = 30000 ms.
2025-03-24 23:38:38.978 [SpringApplicationShutdownHook] INFO  org.apache.kafka.common.metrics.Metrics - Metrics scheduler closed
2025-03-24 23:38:38.979 [SpringApplicationShutdownHook] INFO  org.apache.kafka.common.metrics.Metrics - Closing reporter org.apache.kafka.common.metrics.JmxReporter
2025-03-24 23:38:38.979 [SpringApplicationShutdownHook] INFO  org.apache.kafka.common.metrics.Metrics - Closing reporter org.apache.kafka.common.telemetry.internals.ClientTelemetryReporter
2025-03-24 23:38:38.979 [SpringApplicationShutdownHook] INFO  org.apache.kafka.common.metrics.Metrics - Metrics reporters closed
2025-03-24 23:38:38.979 [SpringApplicationShutdownHook] INFO  org.apache.kafka.common.utils.AppInfoParser - App info kafka.producer for testspringboot-producer-1 unregistered
2025-03-24 23:38:38.985 [SpringApplicationShutdownHook] INFO  com.zaxxer.hikari.HikariDataSource - HikariPool-1 - Shutdown initiated...
2025-03-24 23:38:38.985 [SpringApplicationShutdownHook] INFO  com.zaxxer.hikari.HikariDataSource - HikariPool-1 - Shutdown completed.
