2025-03-31 10:10:37.668 [main] INFO  com.test.testboot.TestbootApplication - Starting TestbootApplication using Java 23.0.2 with PID 41608 (/Users/zhaoxin/Documents/GitHub/testboot/target/classes started by zhaoxin in /Users/zhaoxin/Documents/GitHub/testboot)
2025-03-31 10:10:37.669 [main] INFO  com.test.testboot.TestbootApplication - No active profile set, falling back to 1 default profile: "default"
2025-03-31 10:10:38.339 [main] INFO  org.apache.coyote.http11.Http11NioProtocol - Initializing ProtocolHandler ["http-nio-9090"]
2025-03-31 10:10:38.340 [main] INFO  org.apache.catalina.core.StandardService - Starting service [Tomcat]
2025-03-31 10:10:38.340 [main] INFO  org.apache.catalina.core.StandardEngine - Starting Servlet engine: [Apache Tomcat/10.1.36]
2025-03-31 10:10:38.363 [main] INFO  org.apache.catalina.core.ContainerBase.[Tomcat].[localhost].[/] - Initializing Spring embedded WebApplicationContext
2025-03-31 10:10:39.366 [main] INFO  org.apache.coyote.http11.Http11NioProtocol - Starting ProtocolHandler ["http-nio-9090"]
2025-03-31 10:10:39.387 [main] INFO  org.apache.kafka.clients.consumer.ConsumerConfig - ConsumerConfig values: 
	allow.auto.create.topics = true
	auto.commit.interval.ms = 5000
	auto.include.jmx.reporter = true
	auto.offset.reset = latest
	bootstrap.servers = [localhost:9092]
	check.crcs = true
	client.dns.lookup = use_all_dns_ips
	client.id = consumer-tomge-consumer-group-1
	client.rack = 
	connections.max.idle.ms = 540000
	default.api.timeout.ms = 60000
	enable.auto.commit = false
	enable.metrics.push = true
	exclude.internal.topics = true
	fetch.max.bytes = 52428800
	fetch.max.wait.ms = 500
	fetch.min.bytes = 1
	group.id = tomge-consumer-group
	group.instance.id = null
	group.protocol = classic
	group.remote.assignor = null
	heartbeat.interval.ms = 3000
	interceptor.classes = []
	internal.leave.group.on.close = true
	internal.throw.on.fetch.stable.offset.unsupported = false
	isolation.level = read_uncommitted
	key.deserializer = class org.apache.kafka.common.serialization.StringDeserializer
	max.partition.fetch.bytes = 1048576
	max.poll.interval.ms = 300000
	max.poll.records = 500
	metadata.max.age.ms = 300000
	metric.reporters = []
	metrics.num.samples = 2
	metrics.recording.level = INFO
	metrics.sample.window.ms = 30000
	partition.assignment.strategy = [class org.apache.kafka.clients.consumer.RangeAssignor, class org.apache.kafka.clients.consumer.CooperativeStickyAssignor]
	receive.buffer.bytes = 65536
	reconnect.backoff.max.ms = 1000
	reconnect.backoff.ms = 50
	request.timeout.ms = 30000
	retry.backoff.max.ms = 1000
	retry.backoff.ms = 100
	sasl.client.callback.handler.class = null
	sasl.jaas.config = null
	sasl.kerberos.kinit.cmd = /usr/bin/kinit
	sasl.kerberos.min.time.before.relogin = 60000
	sasl.kerberos.service.name = null
	sasl.kerberos.ticket.renew.jitter = 0.05
	sasl.kerberos.ticket.renew.window.factor = 0.8
	sasl.login.callback.handler.class = null
	sasl.login.class = null
	sasl.login.connect.timeout.ms = null
	sasl.login.read.timeout.ms = null
	sasl.login.refresh.buffer.seconds = 300
	sasl.login.refresh.min.period.seconds = 60
	sasl.login.refresh.window.factor = 0.8
	sasl.login.refresh.window.jitter = 0.05
	sasl.login.retry.backoff.max.ms = 10000
	sasl.login.retry.backoff.ms = 100
	sasl.mechanism = GSSAPI
	sasl.oauthbearer.clock.skew.seconds = 30
	sasl.oauthbearer.expected.audience = null
	sasl.oauthbearer.expected.issuer = null
	sasl.oauthbearer.jwks.endpoint.refresh.ms = 3600000
	sasl.oauthbearer.jwks.endpoint.retry.backoff.max.ms = 10000
	sasl.oauthbearer.jwks.endpoint.retry.backoff.ms = 100
	sasl.oauthbearer.jwks.endpoint.url = null
	sasl.oauthbearer.scope.claim.name = scope
	sasl.oauthbearer.sub.claim.name = sub
	sasl.oauthbearer.token.endpoint.url = null
	security.protocol = PLAINTEXT
	security.providers = null
	send.buffer.bytes = 131072
	session.timeout.ms = 45000
	socket.connection.setup.timeout.max.ms = 30000
	socket.connection.setup.timeout.ms = 10000
	ssl.cipher.suites = null
	ssl.enabled.protocols = [TLSv1.2, TLSv1.3]
	ssl.endpoint.identification.algorithm = https
	ssl.engine.factory.class = null
	ssl.key.password = null
	ssl.keymanager.algorithm = SunX509
	ssl.keystore.certificate.chain = null
	ssl.keystore.key = null
	ssl.keystore.location = null
	ssl.keystore.password = null
	ssl.keystore.type = JKS
	ssl.protocol = TLSv1.3
	ssl.provider = null
	ssl.secure.random.implementation = null
	ssl.trustmanager.algorithm = PKIX
	ssl.truststore.certificates = null
	ssl.truststore.location = null
	ssl.truststore.password = null
	ssl.truststore.type = JKS
	value.deserializer = class org.apache.kafka.common.serialization.StringDeserializer

2025-03-31 10:10:39.408 [main] INFO  org.apache.kafka.common.telemetry.internals.KafkaMetricsCollector - initializing Kafka metrics collector
2025-03-31 10:10:39.439 [main] INFO  org.apache.kafka.common.utils.AppInfoParser - Kafka version: 3.7.2
2025-03-31 10:10:39.440 [main] INFO  org.apache.kafka.common.utils.AppInfoParser - Kafka commitId: 79a8f2b5f44f9d5a
2025-03-31 10:10:39.440 [main] INFO  org.apache.kafka.common.utils.AppInfoParser - Kafka startTimeMs: 1743387039439
2025-03-31 10:10:39.441 [main] INFO  org.apache.kafka.clients.consumer.internals.LegacyKafkaConsumer - [Consumer clientId=consumer-tomge-consumer-group-1, groupId=tomge-consumer-group] Subscribed to topic(s): testtopic2
2025-03-31 10:10:39.444 [main] INFO  org.apache.kafka.clients.consumer.ConsumerConfig - ConsumerConfig values: 
	allow.auto.create.topics = true
	auto.commit.interval.ms = 5000
	auto.include.jmx.reporter = true
	auto.offset.reset = latest
	bootstrap.servers = [localhost:9092]
	check.crcs = true
	client.dns.lookup = use_all_dns_ips
	client.id = consumer-tomge-consumer-group-2
	client.rack = 
	connections.max.idle.ms = 540000
	default.api.timeout.ms = 60000
	enable.auto.commit = false
	enable.metrics.push = true
	exclude.internal.topics = true
	fetch.max.bytes = 52428800
	fetch.max.wait.ms = 500
	fetch.min.bytes = 1
	group.id = tomge-consumer-group
	group.instance.id = null
	group.protocol = classic
	group.remote.assignor = null
	heartbeat.interval.ms = 3000
	interceptor.classes = []
	internal.leave.group.on.close = true
	internal.throw.on.fetch.stable.offset.unsupported = false
	isolation.level = read_uncommitted
	key.deserializer = class org.apache.kafka.common.serialization.StringDeserializer
	max.partition.fetch.bytes = 1048576
	max.poll.interval.ms = 300000
	max.poll.records = 500
	metadata.max.age.ms = 300000
	metric.reporters = []
	metrics.num.samples = 2
	metrics.recording.level = INFO
	metrics.sample.window.ms = 30000
	partition.assignment.strategy = [class org.apache.kafka.clients.consumer.RangeAssignor, class org.apache.kafka.clients.consumer.CooperativeStickyAssignor]
	receive.buffer.bytes = 65536
	reconnect.backoff.max.ms = 1000
	reconnect.backoff.ms = 50
	request.timeout.ms = 30000
	retry.backoff.max.ms = 1000
	retry.backoff.ms = 100
	sasl.client.callback.handler.class = null
	sasl.jaas.config = null
	sasl.kerberos.kinit.cmd = /usr/bin/kinit
	sasl.kerberos.min.time.before.relogin = 60000
	sasl.kerberos.service.name = null
	sasl.kerberos.ticket.renew.jitter = 0.05
	sasl.kerberos.ticket.renew.window.factor = 0.8
	sasl.login.callback.handler.class = null
	sasl.login.class = null
	sasl.login.connect.timeout.ms = null
	sasl.login.read.timeout.ms = null
	sasl.login.refresh.buffer.seconds = 300
	sasl.login.refresh.min.period.seconds = 60
	sasl.login.refresh.window.factor = 0.8
	sasl.login.refresh.window.jitter = 0.05
	sasl.login.retry.backoff.max.ms = 10000
	sasl.login.retry.backoff.ms = 100
	sasl.mechanism = GSSAPI
	sasl.oauthbearer.clock.skew.seconds = 30
	sasl.oauthbearer.expected.audience = null
	sasl.oauthbearer.expected.issuer = null
	sasl.oauthbearer.jwks.endpoint.refresh.ms = 3600000
	sasl.oauthbearer.jwks.endpoint.retry.backoff.max.ms = 10000
	sasl.oauthbearer.jwks.endpoint.retry.backoff.ms = 100
	sasl.oauthbearer.jwks.endpoint.url = null
	sasl.oauthbearer.scope.claim.name = scope
	sasl.oauthbearer.sub.claim.name = sub
	sasl.oauthbearer.token.endpoint.url = null
	security.protocol = PLAINTEXT
	security.providers = null
	send.buffer.bytes = 131072
	session.timeout.ms = 45000
	socket.connection.setup.timeout.max.ms = 30000
	socket.connection.setup.timeout.ms = 10000
	ssl.cipher.suites = null
	ssl.enabled.protocols = [TLSv1.2, TLSv1.3]
	ssl.endpoint.identification.algorithm = https
	ssl.engine.factory.class = null
	ssl.key.password = null
	ssl.keymanager.algorithm = SunX509
	ssl.keystore.certificate.chain = null
	ssl.keystore.key = null
	ssl.keystore.location = null
	ssl.keystore.password = null
	ssl.keystore.type = JKS
	ssl.protocol = TLSv1.3
	ssl.provider = null
	ssl.secure.random.implementation = null
	ssl.trustmanager.algorithm = PKIX
	ssl.truststore.certificates = null
	ssl.truststore.location = null
	ssl.truststore.password = null
	ssl.truststore.type = JKS
	value.deserializer = class org.apache.kafka.common.serialization.StringDeserializer

2025-03-31 10:10:39.445 [main] INFO  org.apache.kafka.common.telemetry.internals.KafkaMetricsCollector - initializing Kafka metrics collector
2025-03-31 10:10:39.447 [main] INFO  org.apache.kafka.common.utils.AppInfoParser - Kafka version: 3.7.2
2025-03-31 10:10:39.447 [main] INFO  org.apache.kafka.common.utils.AppInfoParser - Kafka commitId: 79a8f2b5f44f9d5a
2025-03-31 10:10:39.448 [main] INFO  org.apache.kafka.common.utils.AppInfoParser - Kafka startTimeMs: 1743387039447
2025-03-31 10:10:39.448 [main] INFO  org.apache.kafka.clients.consumer.internals.LegacyKafkaConsumer - [Consumer clientId=consumer-tomge-consumer-group-2, groupId=tomge-consumer-group] Subscribed to topic(s): testtopic
2025-03-31 10:10:39.453 [main] INFO  com.test.testboot.TestbootApplication - Started TestbootApplication in 1.993 seconds (process running for 2.299)
2025-03-31 10:10:39.566 [org.springframework.kafka.KafkaListenerEndpointContainer#0-0-C-1] INFO  org.apache.kafka.clients.Metadata - [Consumer clientId=consumer-tomge-consumer-group-1, groupId=tomge-consumer-group] Cluster ID: 55v202dzTXeo6Uf5cKQwuw
2025-03-31 10:10:39.566 [org.springframework.kafka.KafkaListenerEndpointContainer#1-0-C-1] INFO  org.apache.kafka.clients.Metadata - [Consumer clientId=consumer-tomge-consumer-group-2, groupId=tomge-consumer-group] Cluster ID: 55v202dzTXeo6Uf5cKQwuw
2025-03-31 10:10:39.566 [org.springframework.kafka.KafkaListenerEndpointContainer#1-0-C-1] INFO  org.apache.kafka.clients.consumer.internals.ConsumerCoordinator - [Consumer clientId=consumer-tomge-consumer-group-2, groupId=tomge-consumer-group] Discovered group coordinator localhost:9092 (id: 2147483647 rack: null)
2025-03-31 10:10:39.566 [org.springframework.kafka.KafkaListenerEndpointContainer#0-0-C-1] INFO  org.apache.kafka.clients.consumer.internals.ConsumerCoordinator - [Consumer clientId=consumer-tomge-consumer-group-1, groupId=tomge-consumer-group] Discovered group coordinator localhost:9092 (id: 2147483647 rack: null)
2025-03-31 10:10:39.567 [org.springframework.kafka.KafkaListenerEndpointContainer#0-0-C-1] INFO  org.apache.kafka.clients.consumer.internals.ConsumerCoordinator - [Consumer clientId=consumer-tomge-consumer-group-1, groupId=tomge-consumer-group] (Re-)joining group
2025-03-31 10:10:39.567 [org.springframework.kafka.KafkaListenerEndpointContainer#1-0-C-1] INFO  org.apache.kafka.clients.consumer.internals.ConsumerCoordinator - [Consumer clientId=consumer-tomge-consumer-group-2, groupId=tomge-consumer-group] (Re-)joining group
2025-03-31 10:10:39.575 [org.springframework.kafka.KafkaListenerEndpointContainer#0-0-C-1] INFO  org.apache.kafka.clients.consumer.internals.ConsumerCoordinator - [Consumer clientId=consumer-tomge-consumer-group-1, groupId=tomge-consumer-group] Request joining group due to: need to re-join with the given member-id: consumer-tomge-consumer-group-1-b794e5a5-8c34-4147-9bae-1e7c3cc721f2
2025-03-31 10:10:39.575 [org.springframework.kafka.KafkaListenerEndpointContainer#0-0-C-1] INFO  org.apache.kafka.clients.consumer.internals.ConsumerCoordinator - [Consumer clientId=consumer-tomge-consumer-group-1, groupId=tomge-consumer-group] (Re-)joining group
2025-03-31 10:10:39.575 [org.springframework.kafka.KafkaListenerEndpointContainer#1-0-C-1] INFO  org.apache.kafka.clients.consumer.internals.ConsumerCoordinator - [Consumer clientId=consumer-tomge-consumer-group-2, groupId=tomge-consumer-group] Request joining group due to: need to re-join with the given member-id: consumer-tomge-consumer-group-2-d5e7a375-2473-4cb4-a16b-7e0340c6bc85
2025-03-31 10:10:39.575 [org.springframework.kafka.KafkaListenerEndpointContainer#1-0-C-1] INFO  org.apache.kafka.clients.consumer.internals.ConsumerCoordinator - [Consumer clientId=consumer-tomge-consumer-group-2, groupId=tomge-consumer-group] (Re-)joining group
2025-03-31 10:10:39.577 [org.springframework.kafka.KafkaListenerEndpointContainer#0-0-C-1] INFO  org.apache.kafka.clients.consumer.internals.ConsumerCoordinator - [Consumer clientId=consumer-tomge-consumer-group-1, groupId=tomge-consumer-group] Successfully joined group with generation Generation{generationId=105, memberId='consumer-tomge-consumer-group-1-b794e5a5-8c34-4147-9bae-1e7c3cc721f2', protocol='range'}
2025-03-31 10:10:39.579 [org.springframework.kafka.KafkaListenerEndpointContainer#1-0-C-1] INFO  org.apache.kafka.clients.consumer.internals.ConsumerCoordinator - [Consumer clientId=consumer-tomge-consumer-group-2, groupId=tomge-consumer-group] Successfully joined group with generation Generation{generationId=105, memberId='consumer-tomge-consumer-group-2-d5e7a375-2473-4cb4-a16b-7e0340c6bc85', protocol='range'}
2025-03-31 10:10:39.582 [org.springframework.kafka.KafkaListenerEndpointContainer#0-0-C-1] INFO  org.apache.kafka.clients.consumer.internals.ConsumerCoordinator - [Consumer clientId=consumer-tomge-consumer-group-1, groupId=tomge-consumer-group] Finished assignment for group at generation 105: {consumer-tomge-consumer-group-1-b794e5a5-8c34-4147-9bae-1e7c3cc721f2=Assignment(partitions=[testtopic2-0]), consumer-tomge-consumer-group-2-d5e7a375-2473-4cb4-a16b-7e0340c6bc85=Assignment(partitions=[testtopic-0])}
2025-03-31 10:10:39.586 [org.springframework.kafka.KafkaListenerEndpointContainer#1-0-C-1] INFO  org.apache.kafka.clients.consumer.internals.ConsumerCoordinator - [Consumer clientId=consumer-tomge-consumer-group-2, groupId=tomge-consumer-group] Successfully synced group in generation Generation{generationId=105, memberId='consumer-tomge-consumer-group-2-d5e7a375-2473-4cb4-a16b-7e0340c6bc85', protocol='range'}
2025-03-31 10:10:39.586 [org.springframework.kafka.KafkaListenerEndpointContainer#0-0-C-1] INFO  org.apache.kafka.clients.consumer.internals.ConsumerCoordinator - [Consumer clientId=consumer-tomge-consumer-group-1, groupId=tomge-consumer-group] Successfully synced group in generation Generation{generationId=105, memberId='consumer-tomge-consumer-group-1-b794e5a5-8c34-4147-9bae-1e7c3cc721f2', protocol='range'}
2025-03-31 10:10:39.586 [org.springframework.kafka.KafkaListenerEndpointContainer#1-0-C-1] INFO  org.apache.kafka.clients.consumer.internals.ConsumerCoordinator - [Consumer clientId=consumer-tomge-consumer-group-2, groupId=tomge-consumer-group] Notifying assignor about the new Assignment(partitions=[testtopic-0])
2025-03-31 10:10:39.586 [org.springframework.kafka.KafkaListenerEndpointContainer#0-0-C-1] INFO  org.apache.kafka.clients.consumer.internals.ConsumerCoordinator - [Consumer clientId=consumer-tomge-consumer-group-1, groupId=tomge-consumer-group] Notifying assignor about the new Assignment(partitions=[testtopic2-0])
2025-03-31 10:10:39.587 [org.springframework.kafka.KafkaListenerEndpointContainer#0-0-C-1] INFO  org.apache.kafka.clients.consumer.internals.ConsumerRebalanceListenerInvoker - [Consumer clientId=consumer-tomge-consumer-group-1, groupId=tomge-consumer-group] Adding newly assigned partitions: testtopic2-0
2025-03-31 10:10:39.587 [org.springframework.kafka.KafkaListenerEndpointContainer#1-0-C-1] INFO  org.apache.kafka.clients.consumer.internals.ConsumerRebalanceListenerInvoker - [Consumer clientId=consumer-tomge-consumer-group-2, groupId=tomge-consumer-group] Adding newly assigned partitions: testtopic-0
2025-03-31 10:10:39.591 [org.springframework.kafka.KafkaListenerEndpointContainer#1-0-C-1] INFO  org.apache.kafka.clients.consumer.internals.ConsumerUtils - Setting offset for partition testtopic-0 to the committed offset FetchPosition{offset=76, offsetEpoch=Optional.empty, currentLeader=LeaderAndEpoch{leader=Optional[localhost:9092 (id: 0 rack: null)], epoch=0}}
2025-03-31 10:10:39.591 [org.springframework.kafka.KafkaListenerEndpointContainer#0-0-C-1] INFO  org.apache.kafka.clients.consumer.internals.ConsumerUtils - Setting offset for partition testtopic2-0 to the committed offset FetchPosition{offset=46, offsetEpoch=Optional.empty, currentLeader=LeaderAndEpoch{leader=Optional[localhost:9092 (id: 0 rack: null)], epoch=0}}
2025-03-31 10:11:02.771 [http-nio-9090-exec-2] INFO  org.apache.catalina.core.ContainerBase.[Tomcat].[localhost].[/] - Initializing Spring DispatcherServlet 'dispatcherServlet'
2025-03-31 10:11:02.859 [http-nio-9090-exec-2] ERROR org.apache.catalina.core.ContainerBase.[Tomcat].[localhost].[/].[dispatcherServlet] - Servlet.service() for servlet [dispatcherServlet] in context with path [] threw exception [Request processing failed: org.springframework.web.client.ResourceAccessException: I/O error on POST request for "http://localhost:11434/api/chat": Connection refused] with root cause
java.net.ConnectException: Connection refused
	at java.base/sun.nio.ch.Net.connect0(Native Method)
	at java.base/sun.nio.ch.Net.connect(Net.java:589)
	at java.base/sun.nio.ch.Net.connect(Net.java:578)
	at java.base/sun.nio.ch.NioSocketImpl.connect(NioSocketImpl.java:583)
	at java.base/java.net.Socket.connect(Socket.java:760)
	at java.base/java.net.Socket.connect(Socket.java:695)
	at java.base/sun.net.NetworkClient.doConnect(NetworkClient.java:183)
	at java.base/sun.net.www.http.HttpClient.openServer(HttpClient.java:531)
	at java.base/sun.net.www.http.HttpClient.openServer(HttpClient.java:636)
	at java.base/sun.net.www.http.HttpClient.<init>(HttpClient.java:280)
	at java.base/sun.net.www.http.HttpClient.New(HttpClient.java:386)
	at java.base/sun.net.www.http.HttpClient.New(HttpClient.java:408)
	at java.base/sun.net.www.protocol.http.HttpURLConnection.getNewHttpClient(HttpURLConnection.java:1310)
	at java.base/sun.net.www.protocol.http.HttpURLConnection.plainConnect0(HttpURLConnection.java:1243)
	at java.base/sun.net.www.protocol.http.HttpURLConnection.plainConnect(HttpURLConnection.java:1129)
	at java.base/sun.net.www.protocol.http.HttpURLConnection.connect(HttpURLConnection.java:1058)
	at org.springframework.http.client.SimpleClientHttpRequest.executeInternal(SimpleClientHttpRequest.java:79)
	at org.springframework.http.client.AbstractStreamingClientHttpRequest.executeInternal(AbstractStreamingClientHttpRequest.java:70)
	at org.springframework.http.client.AbstractClientHttpRequest.execute(AbstractClientHttpRequest.java:66)
	at org.springframework.web.client.DefaultRestClient$DefaultRequestBodyUriSpec.exchangeInternal(DefaultRestClient.java:496)
	at org.springframework.web.client.DefaultRestClient$DefaultRequestBodyUriSpec.retrieve(DefaultRestClient.java:458)
	at org.springframework.ai.ollama.api.OllamaApi.chat(OllamaApi.java:123)
	at org.springframework.ai.ollama.OllamaChatModel.lambda$internalCall$2(OllamaChatModel.java:240)
	at io.micrometer.observation.Observation.observe(Observation.java:565)
	at org.springframework.ai.ollama.OllamaChatModel.internalCall(OllamaChatModel.java:238)
	at org.springframework.ai.ollama.OllamaChatModel.call(OllamaChatModel.java:222)
	at org.springframework.ai.chat.model.ChatModel.call(ChatModel.java:33)
	at com.test.testboot.service.impl.OllamaSpringAIServiceImpl.select(OllamaSpringAIServiceImpl.java:22)
	at com.test.testboot.controller.OllamaSpringAIController.select(OllamaSpringAIController.java:23)
	at java.base/jdk.internal.reflect.DirectMethodHandleAccessor.invoke(DirectMethodHandleAccessor.java:103)
	at java.base/java.lang.reflect.Method.invoke(Method.java:580)
	at org.springframework.web.method.support.InvocableHandlerMethod.doInvoke(InvocableHandlerMethod.java:255)
	at org.springframework.web.method.support.InvocableHandlerMethod.invokeForRequest(InvocableHandlerMethod.java:188)
	at org.springframework.web.servlet.mvc.method.annotation.ServletInvocableHandlerMethod.invokeAndHandle(ServletInvocableHandlerMethod.java:118)
	at org.springframework.web.servlet.mvc.method.annotation.RequestMappingHandlerAdapter.invokeHandlerMethod(RequestMappingHandlerAdapter.java:926)
	at org.springframework.web.servlet.mvc.method.annotation.RequestMappingHandlerAdapter.handleInternal(RequestMappingHandlerAdapter.java:831)
	at org.springframework.web.servlet.mvc.method.AbstractHandlerMethodAdapter.handle(AbstractHandlerMethodAdapter.java:87)
	at org.springframework.web.servlet.DispatcherServlet.doDispatch(DispatcherServlet.java:1089)
	at org.springframework.web.servlet.DispatcherServlet.doService(DispatcherServlet.java:979)
	at org.springframework.web.servlet.FrameworkServlet.processRequest(FrameworkServlet.java:1014)
	at org.springframework.web.servlet.FrameworkServlet.doPost(FrameworkServlet.java:914)
	at jakarta.servlet.http.HttpServlet.service(HttpServlet.java:590)
	at org.springframework.web.servlet.FrameworkServlet.service(FrameworkServlet.java:885)
	at jakarta.servlet.http.HttpServlet.service(HttpServlet.java:658)
	at org.apache.catalina.core.ApplicationFilterChain.internalDoFilter(ApplicationFilterChain.java:195)
	at org.apache.catalina.core.ApplicationFilterChain.doFilter(ApplicationFilterChain.java:140)
	at org.apache.tomcat.websocket.server.WsFilter.doFilter(WsFilter.java:51)
	at org.apache.catalina.core.ApplicationFilterChain.internalDoFilter(ApplicationFilterChain.java:164)
	at org.apache.catalina.core.ApplicationFilterChain.doFilter(ApplicationFilterChain.java:140)
	at org.springframework.web.filter.RequestContextFilter.doFilterInternal(RequestContextFilter.java:100)
	at org.springframework.web.filter.OncePerRequestFilter.doFilter(OncePerRequestFilter.java:116)
	at org.apache.catalina.core.ApplicationFilterChain.internalDoFilter(ApplicationFilterChain.java:164)
	at org.apache.catalina.core.ApplicationFilterChain.doFilter(ApplicationFilterChain.java:140)
	at org.springframework.web.filter.FormContentFilter.doFilterInternal(FormContentFilter.java:93)
	at org.springframework.web.filter.OncePerRequestFilter.doFilter(OncePerRequestFilter.java:116)
	at org.apache.catalina.core.ApplicationFilterChain.internalDoFilter(ApplicationFilterChain.java:164)
	at org.apache.catalina.core.ApplicationFilterChain.doFilter(ApplicationFilterChain.java:140)
	at org.springframework.web.filter.CharacterEncodingFilter.doFilterInternal(CharacterEncodingFilter.java:201)
	at org.springframework.web.filter.OncePerRequestFilter.doFilter(OncePerRequestFilter.java:116)
	at org.apache.catalina.core.ApplicationFilterChain.internalDoFilter(ApplicationFilterChain.java:164)
	at org.apache.catalina.core.ApplicationFilterChain.doFilter(ApplicationFilterChain.java:140)
	at org.apache.catalina.core.StandardWrapperValve.invoke(StandardWrapperValve.java:167)
	at org.apache.catalina.core.StandardContextValve.invoke(StandardContextValve.java:90)
	at org.apache.catalina.authenticator.AuthenticatorBase.invoke(AuthenticatorBase.java:483)
	at org.apache.catalina.core.StandardHostValve.invoke(StandardHostValve.java:115)
	at org.apache.catalina.valves.ErrorReportValve.invoke(ErrorReportValve.java:93)
	at org.apache.catalina.core.StandardEngineValve.invoke(StandardEngineValve.java:74)
	at org.apache.catalina.connector.CoyoteAdapter.service(CoyoteAdapter.java:344)
	at org.apache.coyote.http11.Http11Processor.service(Http11Processor.java:397)
	at org.apache.coyote.AbstractProcessorLight.process(AbstractProcessorLight.java:63)
	at org.apache.coyote.AbstractProtocol$ConnectionHandler.process(AbstractProtocol.java:905)
	at org.apache.tomcat.util.net.NioEndpoint$SocketProcessor.doRun(NioEndpoint.java:1743)
	at org.apache.tomcat.util.net.SocketProcessorBase.run(SocketProcessorBase.java:52)
	at org.apache.tomcat.util.threads.ThreadPoolExecutor.runWorker(ThreadPoolExecutor.java:1190)
	at org.apache.tomcat.util.threads.ThreadPoolExecutor$Worker.run(ThreadPoolExecutor.java:659)
	at org.apache.tomcat.util.threads.TaskThread$WrappingRunnable.run(TaskThread.java:63)
	at java.base/java.lang.Thread.run(Thread.java:1575)
2025-03-31 10:19:39.588 [org.springframework.kafka.KafkaListenerEndpointContainer#1-0-C-1] INFO  org.apache.kafka.clients.NetworkClient - [Consumer clientId=consumer-tomge-consumer-group-2, groupId=tomge-consumer-group] Node -1 disconnected.
2025-03-31 10:19:39.588 [org.springframework.kafka.KafkaListenerEndpointContainer#0-0-C-1] INFO  org.apache.kafka.clients.NetworkClient - [Consumer clientId=consumer-tomge-consumer-group-1, groupId=tomge-consumer-group] Node -1 disconnected.
2025-03-31 10:29:39.743 [org.springframework.kafka.KafkaListenerEndpointContainer#1-0-C-1] INFO  org.apache.kafka.clients.NetworkClient - [Consumer clientId=consumer-tomge-consumer-group-2, groupId=tomge-consumer-group] Node -1 disconnected.
2025-03-31 10:29:39.743 [org.springframework.kafka.KafkaListenerEndpointContainer#0-0-C-1] INFO  org.apache.kafka.clients.NetworkClient - [Consumer clientId=consumer-tomge-consumer-group-1, groupId=tomge-consumer-group] Node -1 disconnected.
2025-03-31 10:29:54.864 [org.springframework.kafka.KafkaListenerEndpointContainer#0-0-C-1] INFO  org.apache.kafka.clients.consumer.internals.ConsumerRebalanceListenerInvoker - [Consumer clientId=consumer-tomge-consumer-group-1, groupId=tomge-consumer-group] Revoke previously assigned partitions testtopic2-0
2025-03-31 10:29:54.864 [org.springframework.kafka.KafkaListenerEndpointContainer#1-0-C-1] INFO  org.apache.kafka.clients.consumer.internals.ConsumerRebalanceListenerInvoker - [Consumer clientId=consumer-tomge-consumer-group-2, groupId=tomge-consumer-group] Revoke previously assigned partitions testtopic-0
2025-03-31 10:29:54.865 [org.springframework.kafka.KafkaListenerEndpointContainer#0-0-C-1] INFO  org.apache.kafka.clients.consumer.internals.ConsumerCoordinator - [Consumer clientId=consumer-tomge-consumer-group-1, groupId=tomge-consumer-group] Member consumer-tomge-consumer-group-1-b794e5a5-8c34-4147-9bae-1e7c3cc721f2 sending LeaveGroup request to coordinator localhost:9092 (id: 2147483647 rack: null) due to the consumer unsubscribed from all topics
2025-03-31 10:29:54.865 [org.springframework.kafka.KafkaListenerEndpointContainer#1-0-C-1] INFO  org.apache.kafka.clients.consumer.internals.ConsumerCoordinator - [Consumer clientId=consumer-tomge-consumer-group-2, groupId=tomge-consumer-group] Member consumer-tomge-consumer-group-2-d5e7a375-2473-4cb4-a16b-7e0340c6bc85 sending LeaveGroup request to coordinator localhost:9092 (id: 2147483647 rack: null) due to the consumer unsubscribed from all topics
2025-03-31 10:29:54.865 [org.springframework.kafka.KafkaListenerEndpointContainer#0-0-C-1] INFO  org.apache.kafka.clients.consumer.internals.ConsumerCoordinator - [Consumer clientId=consumer-tomge-consumer-group-1, groupId=tomge-consumer-group] Resetting generation and member id due to: consumer pro-actively leaving the group
2025-03-31 10:29:54.865 [org.springframework.kafka.KafkaListenerEndpointContainer#1-0-C-1] INFO  org.apache.kafka.clients.consumer.internals.ConsumerCoordinator - [Consumer clientId=consumer-tomge-consumer-group-2, groupId=tomge-consumer-group] Resetting generation and member id due to: consumer pro-actively leaving the group
2025-03-31 10:29:54.865 [org.springframework.kafka.KafkaListenerEndpointContainer#0-0-C-1] INFO  org.apache.kafka.clients.consumer.internals.ConsumerCoordinator - [Consumer clientId=consumer-tomge-consumer-group-1, groupId=tomge-consumer-group] Request joining group due to: consumer pro-actively leaving the group
2025-03-31 10:29:54.865 [org.springframework.kafka.KafkaListenerEndpointContainer#1-0-C-1] INFO  org.apache.kafka.clients.consumer.internals.ConsumerCoordinator - [Consumer clientId=consumer-tomge-consumer-group-2, groupId=tomge-consumer-group] Request joining group due to: consumer pro-actively leaving the group
2025-03-31 10:29:54.865 [org.springframework.kafka.KafkaListenerEndpointContainer#0-0-C-1] INFO  org.apache.kafka.clients.consumer.internals.LegacyKafkaConsumer - [Consumer clientId=consumer-tomge-consumer-group-1, groupId=tomge-consumer-group] Unsubscribed all topics or patterns and assigned partitions
2025-03-31 10:29:54.865 [org.springframework.kafka.KafkaListenerEndpointContainer#1-0-C-1] INFO  org.apache.kafka.clients.consumer.internals.LegacyKafkaConsumer - [Consumer clientId=consumer-tomge-consumer-group-2, groupId=tomge-consumer-group] Unsubscribed all topics or patterns and assigned partitions
2025-03-31 10:29:54.866 [org.springframework.kafka.KafkaListenerEndpointContainer#0-0-C-1] INFO  org.apache.kafka.clients.consumer.internals.ConsumerCoordinator - [Consumer clientId=consumer-tomge-consumer-group-1, groupId=tomge-consumer-group] Resetting generation and member id due to: consumer pro-actively leaving the group
2025-03-31 10:29:54.866 [org.springframework.kafka.KafkaListenerEndpointContainer#1-0-C-1] INFO  org.apache.kafka.clients.consumer.internals.ConsumerCoordinator - [Consumer clientId=consumer-tomge-consumer-group-2, groupId=tomge-consumer-group] Resetting generation and member id due to: consumer pro-actively leaving the group
2025-03-31 10:29:54.866 [org.springframework.kafka.KafkaListenerEndpointContainer#0-0-C-1] INFO  org.apache.kafka.clients.consumer.internals.ConsumerCoordinator - [Consumer clientId=consumer-tomge-consumer-group-1, groupId=tomge-consumer-group] Request joining group due to: consumer pro-actively leaving the group
2025-03-31 10:29:54.866 [org.springframework.kafka.KafkaListenerEndpointContainer#1-0-C-1] INFO  org.apache.kafka.clients.consumer.internals.ConsumerCoordinator - [Consumer clientId=consumer-tomge-consumer-group-2, groupId=tomge-consumer-group] Request joining group due to: consumer pro-actively leaving the group
2025-03-31 10:29:54.900 [org.springframework.kafka.KafkaListenerEndpointContainer#0-0-C-1] INFO  org.apache.kafka.common.metrics.Metrics - Metrics scheduler closed
2025-03-31 10:29:54.900 [org.springframework.kafka.KafkaListenerEndpointContainer#1-0-C-1] INFO  org.apache.kafka.common.metrics.Metrics - Metrics scheduler closed
2025-03-31 10:29:54.901 [org.springframework.kafka.KafkaListenerEndpointContainer#0-0-C-1] INFO  org.apache.kafka.common.metrics.Metrics - Closing reporter org.apache.kafka.common.metrics.JmxReporter
2025-03-31 10:29:54.901 [org.springframework.kafka.KafkaListenerEndpointContainer#1-0-C-1] INFO  org.apache.kafka.common.metrics.Metrics - Closing reporter org.apache.kafka.common.metrics.JmxReporter
2025-03-31 10:29:54.901 [org.springframework.kafka.KafkaListenerEndpointContainer#0-0-C-1] INFO  org.apache.kafka.common.metrics.Metrics - Closing reporter org.apache.kafka.common.telemetry.internals.ClientTelemetryReporter
2025-03-31 10:29:54.901 [org.springframework.kafka.KafkaListenerEndpointContainer#1-0-C-1] INFO  org.apache.kafka.common.metrics.Metrics - Closing reporter org.apache.kafka.common.telemetry.internals.ClientTelemetryReporter
2025-03-31 10:29:54.901 [org.springframework.kafka.KafkaListenerEndpointContainer#0-0-C-1] INFO  org.apache.kafka.common.metrics.Metrics - Metrics reporters closed
2025-03-31 10:29:54.901 [org.springframework.kafka.KafkaListenerEndpointContainer#1-0-C-1] INFO  org.apache.kafka.common.metrics.Metrics - Metrics reporters closed
2025-03-31 10:29:54.903 [org.springframework.kafka.KafkaListenerEndpointContainer#0-0-C-1] INFO  org.apache.kafka.common.utils.AppInfoParser - App info kafka.consumer for consumer-tomge-consumer-group-1 unregistered
2025-03-31 10:29:54.903 [org.springframework.kafka.KafkaListenerEndpointContainer#1-0-C-1] INFO  org.apache.kafka.common.utils.AppInfoParser - App info kafka.consumer for consumer-tomge-consumer-group-2 unregistered
2025-03-31 11:11:20.627 [main] INFO  com.test.testboot.TestbootApplication - Starting TestbootApplication using Java 23.0.2 with PID 42124 (/Users/zhaoxin/Documents/GitHub/testboot/target/classes started by zhaoxin in /Users/zhaoxin/Documents/GitHub/testboot)
2025-03-31 11:11:20.629 [main] INFO  com.test.testboot.TestbootApplication - No active profile set, falling back to 1 default profile: "default"
2025-03-31 11:11:21.318 [main] INFO  org.apache.coyote.http11.Http11NioProtocol - Initializing ProtocolHandler ["http-nio-9090"]
2025-03-31 11:11:21.319 [main] INFO  org.apache.catalina.core.StandardService - Starting service [Tomcat]
2025-03-31 11:11:21.319 [main] INFO  org.apache.catalina.core.StandardEngine - Starting Servlet engine: [Apache Tomcat/10.1.36]
2025-03-31 11:11:21.339 [main] INFO  org.apache.catalina.core.ContainerBase.[Tomcat].[localhost].[/] - Initializing Spring embedded WebApplicationContext
2025-03-31 11:11:22.501 [main] INFO  org.apache.coyote.http11.Http11NioProtocol - Starting ProtocolHandler ["http-nio-9090"]
2025-03-31 11:11:22.521 [main] INFO  org.apache.kafka.clients.consumer.ConsumerConfig - ConsumerConfig values: 
	allow.auto.create.topics = true
	auto.commit.interval.ms = 5000
	auto.include.jmx.reporter = true
	auto.offset.reset = latest
	bootstrap.servers = [localhost:9092]
	check.crcs = true
	client.dns.lookup = use_all_dns_ips
	client.id = consumer-tomge-consumer-group-1
	client.rack = 
	connections.max.idle.ms = 540000
	default.api.timeout.ms = 60000
	enable.auto.commit = false
	enable.metrics.push = true
	exclude.internal.topics = true
	fetch.max.bytes = 52428800
	fetch.max.wait.ms = 500
	fetch.min.bytes = 1
	group.id = tomge-consumer-group
	group.instance.id = null
	group.protocol = classic
	group.remote.assignor = null
	heartbeat.interval.ms = 3000
	interceptor.classes = []
	internal.leave.group.on.close = true
	internal.throw.on.fetch.stable.offset.unsupported = false
	isolation.level = read_uncommitted
	key.deserializer = class org.apache.kafka.common.serialization.StringDeserializer
	max.partition.fetch.bytes = 1048576
	max.poll.interval.ms = 300000
	max.poll.records = 500
	metadata.max.age.ms = 300000
	metric.reporters = []
	metrics.num.samples = 2
	metrics.recording.level = INFO
	metrics.sample.window.ms = 30000
	partition.assignment.strategy = [class org.apache.kafka.clients.consumer.RangeAssignor, class org.apache.kafka.clients.consumer.CooperativeStickyAssignor]
	receive.buffer.bytes = 65536
	reconnect.backoff.max.ms = 1000
	reconnect.backoff.ms = 50
	request.timeout.ms = 30000
	retry.backoff.max.ms = 1000
	retry.backoff.ms = 100
	sasl.client.callback.handler.class = null
	sasl.jaas.config = null
	sasl.kerberos.kinit.cmd = /usr/bin/kinit
	sasl.kerberos.min.time.before.relogin = 60000
	sasl.kerberos.service.name = null
	sasl.kerberos.ticket.renew.jitter = 0.05
	sasl.kerberos.ticket.renew.window.factor = 0.8
	sasl.login.callback.handler.class = null
	sasl.login.class = null
	sasl.login.connect.timeout.ms = null
	sasl.login.read.timeout.ms = null
	sasl.login.refresh.buffer.seconds = 300
	sasl.login.refresh.min.period.seconds = 60
	sasl.login.refresh.window.factor = 0.8
	sasl.login.refresh.window.jitter = 0.05
	sasl.login.retry.backoff.max.ms = 10000
	sasl.login.retry.backoff.ms = 100
	sasl.mechanism = GSSAPI
	sasl.oauthbearer.clock.skew.seconds = 30
	sasl.oauthbearer.expected.audience = null
	sasl.oauthbearer.expected.issuer = null
	sasl.oauthbearer.jwks.endpoint.refresh.ms = 3600000
	sasl.oauthbearer.jwks.endpoint.retry.backoff.max.ms = 10000
	sasl.oauthbearer.jwks.endpoint.retry.backoff.ms = 100
	sasl.oauthbearer.jwks.endpoint.url = null
	sasl.oauthbearer.scope.claim.name = scope
	sasl.oauthbearer.sub.claim.name = sub
	sasl.oauthbearer.token.endpoint.url = null
	security.protocol = PLAINTEXT
	security.providers = null
	send.buffer.bytes = 131072
	session.timeout.ms = 45000
	socket.connection.setup.timeout.max.ms = 30000
	socket.connection.setup.timeout.ms = 10000
	ssl.cipher.suites = null
	ssl.enabled.protocols = [TLSv1.2, TLSv1.3]
	ssl.endpoint.identification.algorithm = https
	ssl.engine.factory.class = null
	ssl.key.password = null
	ssl.keymanager.algorithm = SunX509
	ssl.keystore.certificate.chain = null
	ssl.keystore.key = null
	ssl.keystore.location = null
	ssl.keystore.password = null
	ssl.keystore.type = JKS
	ssl.protocol = TLSv1.3
	ssl.provider = null
	ssl.secure.random.implementation = null
	ssl.trustmanager.algorithm = PKIX
	ssl.truststore.certificates = null
	ssl.truststore.location = null
	ssl.truststore.password = null
	ssl.truststore.type = JKS
	value.deserializer = class org.apache.kafka.common.serialization.StringDeserializer

2025-03-31 11:11:22.541 [main] INFO  org.apache.kafka.common.telemetry.internals.KafkaMetricsCollector - initializing Kafka metrics collector
2025-03-31 11:11:22.568 [main] INFO  org.apache.kafka.common.utils.AppInfoParser - Kafka version: 3.7.2
2025-03-31 11:11:22.569 [main] INFO  org.apache.kafka.common.utils.AppInfoParser - Kafka commitId: 79a8f2b5f44f9d5a
2025-03-31 11:11:22.569 [main] INFO  org.apache.kafka.common.utils.AppInfoParser - Kafka startTimeMs: 1743390682568
2025-03-31 11:11:22.570 [main] INFO  org.apache.kafka.clients.consumer.internals.LegacyKafkaConsumer - [Consumer clientId=consumer-tomge-consumer-group-1, groupId=tomge-consumer-group] Subscribed to topic(s): testtopic2
2025-03-31 11:11:22.573 [main] INFO  org.apache.kafka.clients.consumer.ConsumerConfig - ConsumerConfig values: 
	allow.auto.create.topics = true
	auto.commit.interval.ms = 5000
	auto.include.jmx.reporter = true
	auto.offset.reset = latest
	bootstrap.servers = [localhost:9092]
	check.crcs = true
	client.dns.lookup = use_all_dns_ips
	client.id = consumer-tomge-consumer-group-2
	client.rack = 
	connections.max.idle.ms = 540000
	default.api.timeout.ms = 60000
	enable.auto.commit = false
	enable.metrics.push = true
	exclude.internal.topics = true
	fetch.max.bytes = 52428800
	fetch.max.wait.ms = 500
	fetch.min.bytes = 1
	group.id = tomge-consumer-group
	group.instance.id = null
	group.protocol = classic
	group.remote.assignor = null
	heartbeat.interval.ms = 3000
	interceptor.classes = []
	internal.leave.group.on.close = true
	internal.throw.on.fetch.stable.offset.unsupported = false
	isolation.level = read_uncommitted
	key.deserializer = class org.apache.kafka.common.serialization.StringDeserializer
	max.partition.fetch.bytes = 1048576
	max.poll.interval.ms = 300000
	max.poll.records = 500
	metadata.max.age.ms = 300000
	metric.reporters = []
	metrics.num.samples = 2
	metrics.recording.level = INFO
	metrics.sample.window.ms = 30000
	partition.assignment.strategy = [class org.apache.kafka.clients.consumer.RangeAssignor, class org.apache.kafka.clients.consumer.CooperativeStickyAssignor]
	receive.buffer.bytes = 65536
	reconnect.backoff.max.ms = 1000
	reconnect.backoff.ms = 50
	request.timeout.ms = 30000
	retry.backoff.max.ms = 1000
	retry.backoff.ms = 100
	sasl.client.callback.handler.class = null
	sasl.jaas.config = null
	sasl.kerberos.kinit.cmd = /usr/bin/kinit
	sasl.kerberos.min.time.before.relogin = 60000
	sasl.kerberos.service.name = null
	sasl.kerberos.ticket.renew.jitter = 0.05
	sasl.kerberos.ticket.renew.window.factor = 0.8
	sasl.login.callback.handler.class = null
	sasl.login.class = null
	sasl.login.connect.timeout.ms = null
	sasl.login.read.timeout.ms = null
	sasl.login.refresh.buffer.seconds = 300
	sasl.login.refresh.min.period.seconds = 60
	sasl.login.refresh.window.factor = 0.8
	sasl.login.refresh.window.jitter = 0.05
	sasl.login.retry.backoff.max.ms = 10000
	sasl.login.retry.backoff.ms = 100
	sasl.mechanism = GSSAPI
	sasl.oauthbearer.clock.skew.seconds = 30
	sasl.oauthbearer.expected.audience = null
	sasl.oauthbearer.expected.issuer = null
	sasl.oauthbearer.jwks.endpoint.refresh.ms = 3600000
	sasl.oauthbearer.jwks.endpoint.retry.backoff.max.ms = 10000
	sasl.oauthbearer.jwks.endpoint.retry.backoff.ms = 100
	sasl.oauthbearer.jwks.endpoint.url = null
	sasl.oauthbearer.scope.claim.name = scope
	sasl.oauthbearer.sub.claim.name = sub
	sasl.oauthbearer.token.endpoint.url = null
	security.protocol = PLAINTEXT
	security.providers = null
	send.buffer.bytes = 131072
	session.timeout.ms = 45000
	socket.connection.setup.timeout.max.ms = 30000
	socket.connection.setup.timeout.ms = 10000
	ssl.cipher.suites = null
	ssl.enabled.protocols = [TLSv1.2, TLSv1.3]
	ssl.endpoint.identification.algorithm = https
	ssl.engine.factory.class = null
	ssl.key.password = null
	ssl.keymanager.algorithm = SunX509
	ssl.keystore.certificate.chain = null
	ssl.keystore.key = null
	ssl.keystore.location = null
	ssl.keystore.password = null
	ssl.keystore.type = JKS
	ssl.protocol = TLSv1.3
	ssl.provider = null
	ssl.secure.random.implementation = null
	ssl.trustmanager.algorithm = PKIX
	ssl.truststore.certificates = null
	ssl.truststore.location = null
	ssl.truststore.password = null
	ssl.truststore.type = JKS
	value.deserializer = class org.apache.kafka.common.serialization.StringDeserializer

2025-03-31 11:11:22.574 [main] INFO  org.apache.kafka.common.telemetry.internals.KafkaMetricsCollector - initializing Kafka metrics collector
2025-03-31 11:11:22.576 [main] INFO  org.apache.kafka.common.utils.AppInfoParser - Kafka version: 3.7.2
2025-03-31 11:11:22.576 [main] INFO  org.apache.kafka.common.utils.AppInfoParser - Kafka commitId: 79a8f2b5f44f9d5a
2025-03-31 11:11:22.576 [main] INFO  org.apache.kafka.common.utils.AppInfoParser - Kafka startTimeMs: 1743390682576
2025-03-31 11:11:22.576 [main] INFO  org.apache.kafka.clients.consumer.internals.LegacyKafkaConsumer - [Consumer clientId=consumer-tomge-consumer-group-2, groupId=tomge-consumer-group] Subscribed to topic(s): testtopic
2025-03-31 11:11:22.582 [main] INFO  com.test.testboot.TestbootApplication - Started TestbootApplication in 2.167 seconds (process running for 2.531)
2025-03-31 11:11:22.700 [org.springframework.kafka.KafkaListenerEndpointContainer#1-0-C-1] INFO  org.apache.kafka.clients.Metadata - [Consumer clientId=consumer-tomge-consumer-group-2, groupId=tomge-consumer-group] Cluster ID: 55v202dzTXeo6Uf5cKQwuw
2025-03-31 11:11:22.700 [org.springframework.kafka.KafkaListenerEndpointContainer#0-0-C-1] INFO  org.apache.kafka.clients.Metadata - [Consumer clientId=consumer-tomge-consumer-group-1, groupId=tomge-consumer-group] Cluster ID: 55v202dzTXeo6Uf5cKQwuw
2025-03-31 11:11:22.700 [org.springframework.kafka.KafkaListenerEndpointContainer#1-0-C-1] INFO  org.apache.kafka.clients.consumer.internals.ConsumerCoordinator - [Consumer clientId=consumer-tomge-consumer-group-2, groupId=tomge-consumer-group] Discovered group coordinator localhost:9092 (id: 2147483647 rack: null)
2025-03-31 11:11:22.700 [org.springframework.kafka.KafkaListenerEndpointContainer#0-0-C-1] INFO  org.apache.kafka.clients.consumer.internals.ConsumerCoordinator - [Consumer clientId=consumer-tomge-consumer-group-1, groupId=tomge-consumer-group] Discovered group coordinator localhost:9092 (id: 2147483647 rack: null)
2025-03-31 11:11:22.701 [org.springframework.kafka.KafkaListenerEndpointContainer#0-0-C-1] INFO  org.apache.kafka.clients.consumer.internals.ConsumerCoordinator - [Consumer clientId=consumer-tomge-consumer-group-1, groupId=tomge-consumer-group] (Re-)joining group
2025-03-31 11:11:22.701 [org.springframework.kafka.KafkaListenerEndpointContainer#1-0-C-1] INFO  org.apache.kafka.clients.consumer.internals.ConsumerCoordinator - [Consumer clientId=consumer-tomge-consumer-group-2, groupId=tomge-consumer-group] (Re-)joining group
2025-03-31 11:11:22.710 [org.springframework.kafka.KafkaListenerEndpointContainer#1-0-C-1] INFO  org.apache.kafka.clients.consumer.internals.ConsumerCoordinator - [Consumer clientId=consumer-tomge-consumer-group-2, groupId=tomge-consumer-group] Request joining group due to: need to re-join with the given member-id: consumer-tomge-consumer-group-2-b4160cb4-a36d-44dc-ac3e-e8341e79f760
2025-03-31 11:11:22.711 [org.springframework.kafka.KafkaListenerEndpointContainer#1-0-C-1] INFO  org.apache.kafka.clients.consumer.internals.ConsumerCoordinator - [Consumer clientId=consumer-tomge-consumer-group-2, groupId=tomge-consumer-group] (Re-)joining group
2025-03-31 11:11:22.711 [org.springframework.kafka.KafkaListenerEndpointContainer#0-0-C-1] INFO  org.apache.kafka.clients.consumer.internals.ConsumerCoordinator - [Consumer clientId=consumer-tomge-consumer-group-1, groupId=tomge-consumer-group] Request joining group due to: need to re-join with the given member-id: consumer-tomge-consumer-group-1-44df225d-deec-4bf6-bac4-e3912f84317a
2025-03-31 11:11:22.711 [org.springframework.kafka.KafkaListenerEndpointContainer#0-0-C-1] INFO  org.apache.kafka.clients.consumer.internals.ConsumerCoordinator - [Consumer clientId=consumer-tomge-consumer-group-1, groupId=tomge-consumer-group] (Re-)joining group
2025-03-31 11:11:22.717 [org.springframework.kafka.KafkaListenerEndpointContainer#1-0-C-1] INFO  org.apache.kafka.clients.consumer.internals.ConsumerCoordinator - [Consumer clientId=consumer-tomge-consumer-group-2, groupId=tomge-consumer-group] Successfully joined group with generation Generation{generationId=107, memberId='consumer-tomge-consumer-group-2-b4160cb4-a36d-44dc-ac3e-e8341e79f760', protocol='range'}
2025-03-31 11:11:22.717 [org.springframework.kafka.KafkaListenerEndpointContainer#0-0-C-1] INFO  org.apache.kafka.clients.consumer.internals.ConsumerCoordinator - [Consumer clientId=consumer-tomge-consumer-group-1, groupId=tomge-consumer-group] Successfully joined group with generation Generation{generationId=107, memberId='consumer-tomge-consumer-group-1-44df225d-deec-4bf6-bac4-e3912f84317a', protocol='range'}
2025-03-31 11:11:22.721 [org.springframework.kafka.KafkaListenerEndpointContainer#1-0-C-1] INFO  org.apache.kafka.clients.consumer.internals.ConsumerCoordinator - [Consumer clientId=consumer-tomge-consumer-group-2, groupId=tomge-consumer-group] Finished assignment for group at generation 107: {consumer-tomge-consumer-group-2-b4160cb4-a36d-44dc-ac3e-e8341e79f760=Assignment(partitions=[testtopic-0]), consumer-tomge-consumer-group-1-44df225d-deec-4bf6-bac4-e3912f84317a=Assignment(partitions=[testtopic2-0])}
2025-03-31 11:11:22.726 [org.springframework.kafka.KafkaListenerEndpointContainer#1-0-C-1] INFO  org.apache.kafka.clients.consumer.internals.ConsumerCoordinator - [Consumer clientId=consumer-tomge-consumer-group-2, groupId=tomge-consumer-group] Successfully synced group in generation Generation{generationId=107, memberId='consumer-tomge-consumer-group-2-b4160cb4-a36d-44dc-ac3e-e8341e79f760', protocol='range'}
2025-03-31 11:11:22.726 [org.springframework.kafka.KafkaListenerEndpointContainer#0-0-C-1] INFO  org.apache.kafka.clients.consumer.internals.ConsumerCoordinator - [Consumer clientId=consumer-tomge-consumer-group-1, groupId=tomge-consumer-group] Successfully synced group in generation Generation{generationId=107, memberId='consumer-tomge-consumer-group-1-44df225d-deec-4bf6-bac4-e3912f84317a', protocol='range'}
2025-03-31 11:11:22.727 [org.springframework.kafka.KafkaListenerEndpointContainer#0-0-C-1] INFO  org.apache.kafka.clients.consumer.internals.ConsumerCoordinator - [Consumer clientId=consumer-tomge-consumer-group-1, groupId=tomge-consumer-group] Notifying assignor about the new Assignment(partitions=[testtopic2-0])
2025-03-31 11:11:22.727 [org.springframework.kafka.KafkaListenerEndpointContainer#1-0-C-1] INFO  org.apache.kafka.clients.consumer.internals.ConsumerCoordinator - [Consumer clientId=consumer-tomge-consumer-group-2, groupId=tomge-consumer-group] Notifying assignor about the new Assignment(partitions=[testtopic-0])
2025-03-31 11:11:22.728 [org.springframework.kafka.KafkaListenerEndpointContainer#0-0-C-1] INFO  org.apache.kafka.clients.consumer.internals.ConsumerRebalanceListenerInvoker - [Consumer clientId=consumer-tomge-consumer-group-1, groupId=tomge-consumer-group] Adding newly assigned partitions: testtopic2-0
2025-03-31 11:11:22.728 [org.springframework.kafka.KafkaListenerEndpointContainer#1-0-C-1] INFO  org.apache.kafka.clients.consumer.internals.ConsumerRebalanceListenerInvoker - [Consumer clientId=consumer-tomge-consumer-group-2, groupId=tomge-consumer-group] Adding newly assigned partitions: testtopic-0
2025-03-31 11:11:22.731 [org.springframework.kafka.KafkaListenerEndpointContainer#1-0-C-1] INFO  org.apache.kafka.clients.consumer.internals.ConsumerUtils - Setting offset for partition testtopic-0 to the committed offset FetchPosition{offset=76, offsetEpoch=Optional.empty, currentLeader=LeaderAndEpoch{leader=Optional[localhost:9092 (id: 0 rack: null)], epoch=0}}
2025-03-31 11:11:22.731 [org.springframework.kafka.KafkaListenerEndpointContainer#0-0-C-1] INFO  org.apache.kafka.clients.consumer.internals.ConsumerUtils - Setting offset for partition testtopic2-0 to the committed offset FetchPosition{offset=46, offsetEpoch=Optional.empty, currentLeader=LeaderAndEpoch{leader=Optional[localhost:9092 (id: 0 rack: null)], epoch=0}}
2025-03-31 11:11:28.287 [http-nio-9090-exec-2] INFO  org.apache.catalina.core.ContainerBase.[Tomcat].[localhost].[/] - Initializing Spring DispatcherServlet 'dispatcherServlet'
2025-03-31 11:12:11.127 [http-nio-9090-exec-3] INFO  com.test.testboot.controller.StudentController - {"messageType":"JSON","data":{"address":"湖北省襄阳市","sex":"女","name":"黄蓉","birth":"1500","id":912,"department":"丐帮"}}
2025-03-31 11:12:11.134 [http-nio-9090-exec-3] INFO  org.apache.kafka.clients.producer.ProducerConfig - ProducerConfig values: 
	acks = -1
	auto.include.jmx.reporter = true
	batch.size = 16384
	bootstrap.servers = [localhost:9092]
	buffer.memory = 33554432
	client.dns.lookup = use_all_dns_ips
	client.id = testspringboot-producer-1
	compression.type = none
	connections.max.idle.ms = 540000
	delivery.timeout.ms = 120000
	enable.idempotence = true
	enable.metrics.push = true
	interceptor.classes = []
	key.serializer = class org.apache.kafka.common.serialization.StringSerializer
	linger.ms = 0
	max.block.ms = 60000
	max.in.flight.requests.per.connection = 5
	max.request.size = 1048576
	metadata.max.age.ms = 300000
	metadata.max.idle.ms = 300000
	metric.reporters = []
	metrics.num.samples = 2
	metrics.recording.level = INFO
	metrics.sample.window.ms = 30000
	partitioner.adaptive.partitioning.enable = true
	partitioner.availability.timeout.ms = 0
	partitioner.class = null
	partitioner.ignore.keys = false
	receive.buffer.bytes = 32768
	reconnect.backoff.max.ms = 1000
	reconnect.backoff.ms = 50
	request.timeout.ms = 30000
	retries = 3
	retry.backoff.max.ms = 1000
	retry.backoff.ms = 100
	sasl.client.callback.handler.class = null
	sasl.jaas.config = null
	sasl.kerberos.kinit.cmd = /usr/bin/kinit
	sasl.kerberos.min.time.before.relogin = 60000
	sasl.kerberos.service.name = null
	sasl.kerberos.ticket.renew.jitter = 0.05
	sasl.kerberos.ticket.renew.window.factor = 0.8
	sasl.login.callback.handler.class = null
	sasl.login.class = null
	sasl.login.connect.timeout.ms = null
	sasl.login.read.timeout.ms = null
	sasl.login.refresh.buffer.seconds = 300
	sasl.login.refresh.min.period.seconds = 60
	sasl.login.refresh.window.factor = 0.8
	sasl.login.refresh.window.jitter = 0.05
	sasl.login.retry.backoff.max.ms = 10000
	sasl.login.retry.backoff.ms = 100
	sasl.mechanism = GSSAPI
	sasl.oauthbearer.clock.skew.seconds = 30
	sasl.oauthbearer.expected.audience = null
	sasl.oauthbearer.expected.issuer = null
	sasl.oauthbearer.jwks.endpoint.refresh.ms = 3600000
	sasl.oauthbearer.jwks.endpoint.retry.backoff.max.ms = 10000
	sasl.oauthbearer.jwks.endpoint.retry.backoff.ms = 100
	sasl.oauthbearer.jwks.endpoint.url = null
	sasl.oauthbearer.scope.claim.name = scope
	sasl.oauthbearer.sub.claim.name = sub
	sasl.oauthbearer.token.endpoint.url = null
	security.protocol = PLAINTEXT
	security.providers = null
	send.buffer.bytes = 131072
	socket.connection.setup.timeout.max.ms = 30000
	socket.connection.setup.timeout.ms = 10000
	ssl.cipher.suites = null
	ssl.enabled.protocols = [TLSv1.2, TLSv1.3]
	ssl.endpoint.identification.algorithm = https
	ssl.engine.factory.class = null
	ssl.key.password = null
	ssl.keymanager.algorithm = SunX509
	ssl.keystore.certificate.chain = null
	ssl.keystore.key = null
	ssl.keystore.location = null
	ssl.keystore.password = null
	ssl.keystore.type = JKS
	ssl.protocol = TLSv1.3
	ssl.provider = null
	ssl.secure.random.implementation = null
	ssl.trustmanager.algorithm = PKIX
	ssl.truststore.certificates = null
	ssl.truststore.location = null
	ssl.truststore.password = null
	ssl.truststore.type = JKS
	transaction.timeout.ms = 60000
	transactional.id = null
	value.serializer = class org.apache.kafka.common.serialization.StringSerializer

2025-03-31 11:12:11.135 [http-nio-9090-exec-3] INFO  org.apache.kafka.common.telemetry.internals.KafkaMetricsCollector - initializing Kafka metrics collector
2025-03-31 11:12:11.139 [http-nio-9090-exec-3] INFO  org.apache.kafka.clients.producer.KafkaProducer - [Producer clientId=testspringboot-producer-1] Instantiated an idempotent producer.
2025-03-31 11:12:11.145 [http-nio-9090-exec-3] INFO  org.apache.kafka.common.utils.AppInfoParser - Kafka version: 3.7.2
2025-03-31 11:12:11.146 [http-nio-9090-exec-3] INFO  org.apache.kafka.common.utils.AppInfoParser - Kafka commitId: 79a8f2b5f44f9d5a
2025-03-31 11:12:11.146 [http-nio-9090-exec-3] INFO  org.apache.kafka.common.utils.AppInfoParser - Kafka startTimeMs: 1743390731145
2025-03-31 11:12:11.151 [kafka-producer-network-thread | testspringboot-producer-1] INFO  org.apache.kafka.clients.Metadata - [Producer clientId=testspringboot-producer-1] Cluster ID: 55v202dzTXeo6Uf5cKQwuw
2025-03-31 11:12:11.154 [kafka-producer-network-thread | testspringboot-producer-1] INFO  org.apache.kafka.clients.producer.internals.TransactionManager - [Producer clientId=testspringboot-producer-1] ProducerId set to 1039 with epoch 0
2025-03-31 11:12:11.208 [http-nio-9090-exec-3] INFO  com.test.testboot.kafkaservice.ProducerService - {"messageType":"JSON","data":{"address":"湖北省襄阳市","sex":"女","name":"黄蓉","birth":"1500","id":912,"department":"丐帮"}}
2025-03-31 11:12:11.222 [org.springframework.kafka.KafkaListenerEndpointContainer#1-0-C-1] INFO  com.test.testboot.kafkaservice.ConsumerService - {"address":"湖北省襄阳市","sex":"女","name":"黄蓉","birth":"1500","id":912,"department":"丐帮"}
2025-03-31 11:12:11.222 [org.springframework.kafka.KafkaListenerEndpointContainer#1-0-C-1] INFO  com.test.testboot.kafkaservice.ConsumerService - {"address":"湖北省襄阳市","sex":"女","name":"黄蓉","birth":"1500","id":912,"department":"丐帮"}
2025-03-31 11:12:11.243 [org.springframework.kafka.KafkaListenerEndpointContainer#1-0-C-1] INFO  com.zaxxer.hikari.HikariDataSource - HikariPool-1 - Starting...
2025-03-31 11:12:11.364 [org.springframework.kafka.KafkaListenerEndpointContainer#1-0-C-1] INFO  com.zaxxer.hikari.pool.HikariPool - HikariPool-1 - Added connection com.mysql.cj.jdbc.ConnectionImpl@3af0014e
2025-03-31 11:12:11.365 [org.springframework.kafka.KafkaListenerEndpointContainer#1-0-C-1] INFO  com.zaxxer.hikari.HikariDataSource - HikariPool-1 - Start completed.
2025-03-31 11:12:11.458 [org.springframework.kafka.KafkaListenerEndpointContainer#0-0-C-1] INFO  com.test.testboot.kafkaservice.ConsumerService - CanalModel: null
2025-03-31 11:12:11.648 [org.springframework.kafka.KafkaListenerEndpointContainer#0-0-C-1] INFO  com.test.testboot.kafkaservice.ConsumerService - INSERT 操作成功 - id: 912, value: {"address":"湖北省襄阳市","sex":"女","name":"黄蓉","birth":"1500","id":"912","department":"丐帮"}
2025-03-31 11:20:22.740 [org.springframework.kafka.KafkaListenerEndpointContainer#1-0-C-1] INFO  org.apache.kafka.clients.NetworkClient - [Consumer clientId=consumer-tomge-consumer-group-2, groupId=tomge-consumer-group] Node -1 disconnected.
2025-03-31 11:20:22.913 [org.springframework.kafka.KafkaListenerEndpointContainer#0-0-C-1] INFO  org.apache.kafka.clients.NetworkClient - [Consumer clientId=consumer-tomge-consumer-group-1, groupId=tomge-consumer-group] Node -1 disconnected.
2025-03-31 11:21:11.151 [kafka-producer-network-thread | testspringboot-producer-1] INFO  org.apache.kafka.clients.NetworkClient - [Producer clientId=testspringboot-producer-1] Node -1 disconnected.
2025-03-31 11:23:25.172 [org.springframework.kafka.KafkaListenerEndpointContainer#0-0-C-1] INFO  com.test.testboot.kafkaservice.ConsumerService - CanalModel: null
2025-03-31 11:23:25.175 [org.springframework.kafka.KafkaListenerEndpointContainer#0-0-C-1] INFO  com.test.testboot.kafkaservice.ConsumerService - UPDATE 操作成功 - id: 912, value: {"address":"湖北省襄阳市","sex":"男","name":"郭靖","birth":"1528","id":"912","department":"丐帮"}
2025-03-31 11:30:23.514 [org.springframework.kafka.KafkaListenerEndpointContainer#0-0-C-1] INFO  org.apache.kafka.clients.NetworkClient - [Consumer clientId=consumer-tomge-consumer-group-1, groupId=tomge-consumer-group] Node -1 disconnected.
2025-03-31 11:30:23.592 [org.springframework.kafka.KafkaListenerEndpointContainer#1-0-C-1] INFO  org.apache.kafka.clients.NetworkClient - [Consumer clientId=consumer-tomge-consumer-group-2, groupId=tomge-consumer-group] Node -1 disconnected.
2025-03-31 11:31:41.160 [kafka-producer-network-thread | testspringboot-producer-1] INFO  org.apache.kafka.clients.NetworkClient - [Producer clientId=testspringboot-producer-1] Node -1 disconnected.
2025-03-31 11:31:46.003 [org.springframework.kafka.KafkaListenerEndpointContainer#0-0-C-1] INFO  com.test.testboot.kafkaservice.ConsumerService - CanalModel: null
2025-03-31 11:31:46.013 [org.springframework.kafka.KafkaListenerEndpointContainer#0-0-C-1] INFO  com.test.testboot.kafkaservice.ConsumerService - DELETE 操作成功 - id: 912
2025-03-31 14:57:47.818 [kafka-coordinator-heartbeat-thread | tomge-consumer-group] INFO  org.apache.kafka.clients.consumer.internals.ConsumerCoordinator - [Consumer clientId=consumer-tomge-consumer-group-1, groupId=tomge-consumer-group] Group coordinator localhost:9092 (id: 2147483647 rack: null) is unavailable or invalid due to cause: session timed out without receiving a heartbeat response. isDisconnected: false. Rediscovery will be attempted.
2025-03-31 14:57:47.818 [kafka-coordinator-heartbeat-thread | tomge-consumer-group] INFO  org.apache.kafka.clients.consumer.internals.ConsumerCoordinator - [Consumer clientId=consumer-tomge-consumer-group-2, groupId=tomge-consumer-group] Group coordinator localhost:9092 (id: 2147483647 rack: null) is unavailable or invalid due to cause: session timed out without receiving a heartbeat response. isDisconnected: false. Rediscovery will be attempted.
2025-03-31 14:57:47.819 [kafka-coordinator-heartbeat-thread | tomge-consumer-group] INFO  org.apache.kafka.clients.consumer.internals.ConsumerCoordinator - [Consumer clientId=consumer-tomge-consumer-group-2, groupId=tomge-consumer-group] Requesting disconnect from last known coordinator localhost:9092 (id: 2147483647 rack: null)
2025-03-31 14:57:47.819 [kafka-coordinator-heartbeat-thread | tomge-consumer-group] INFO  org.apache.kafka.clients.consumer.internals.ConsumerCoordinator - [Consumer clientId=consumer-tomge-consumer-group-1, groupId=tomge-consumer-group] Requesting disconnect from last known coordinator localhost:9092 (id: 2147483647 rack: null)
2025-03-31 14:57:47.819 [kafka-coordinator-heartbeat-thread | tomge-consumer-group] INFO  org.apache.kafka.clients.NetworkClient - [Consumer clientId=consumer-tomge-consumer-group-2, groupId=tomge-consumer-group] Client requested disconnect from node 2147483647
2025-03-31 14:57:47.819 [kafka-coordinator-heartbeat-thread | tomge-consumer-group] INFO  org.apache.kafka.clients.NetworkClient - [Consumer clientId=consumer-tomge-consumer-group-1, groupId=tomge-consumer-group] Client requested disconnect from node 2147483647
2025-03-31 14:57:47.821 [org.springframework.kafka.KafkaListenerEndpointContainer#1-0-C-1] INFO  org.apache.kafka.clients.consumer.internals.ConsumerCoordinator - [Consumer clientId=consumer-tomge-consumer-group-2, groupId=tomge-consumer-group] Discovered group coordinator localhost:9092 (id: 2147483647 rack: null)
2025-03-31 14:57:47.821 [org.springframework.kafka.KafkaListenerEndpointContainer#0-0-C-1] INFO  org.apache.kafka.clients.consumer.internals.ConsumerCoordinator - [Consumer clientId=consumer-tomge-consumer-group-1, groupId=tomge-consumer-group] Discovered group coordinator localhost:9092 (id: 2147483647 rack: null)
2025-03-31 14:57:47.821 [org.springframework.kafka.KafkaListenerEndpointContainer#1-0-C-1] INFO  org.apache.kafka.clients.consumer.internals.ConsumerCoordinator - [Consumer clientId=consumer-tomge-consumer-group-2, groupId=tomge-consumer-group] Group coordinator localhost:9092 (id: 2147483647 rack: null) is unavailable or invalid due to cause: coordinator unavailable. isDisconnected: false. Rediscovery will be attempted.
2025-03-31 14:57:47.821 [org.springframework.kafka.KafkaListenerEndpointContainer#1-0-C-1] INFO  org.apache.kafka.clients.consumer.internals.ConsumerCoordinator - [Consumer clientId=consumer-tomge-consumer-group-2, groupId=tomge-consumer-group] Requesting disconnect from last known coordinator localhost:9092 (id: 2147483647 rack: null)
2025-03-31 14:57:47.821 [org.springframework.kafka.KafkaListenerEndpointContainer#0-0-C-1] INFO  org.apache.kafka.clients.consumer.internals.ConsumerCoordinator - [Consumer clientId=consumer-tomge-consumer-group-1, groupId=tomge-consumer-group] Group coordinator localhost:9092 (id: 2147483647 rack: null) is unavailable or invalid due to cause: coordinator unavailable. isDisconnected: false. Rediscovery will be attempted.
2025-03-31 14:57:47.821 [org.springframework.kafka.KafkaListenerEndpointContainer#0-0-C-1] INFO  org.apache.kafka.clients.consumer.internals.ConsumerCoordinator - [Consumer clientId=consumer-tomge-consumer-group-1, groupId=tomge-consumer-group] Requesting disconnect from last known coordinator localhost:9092 (id: 2147483647 rack: null)
2025-03-31 14:57:48.010 [org.springframework.kafka.KafkaListenerEndpointContainer#0-0-C-1] INFO  org.apache.kafka.clients.consumer.internals.ConsumerCoordinator - [Consumer clientId=consumer-tomge-consumer-group-1, groupId=tomge-consumer-group] Discovered group coordinator localhost:9092 (id: 2147483647 rack: null)
2025-03-31 14:57:48.020 [org.springframework.kafka.KafkaListenerEndpointContainer#1-0-C-1] INFO  org.apache.kafka.clients.consumer.internals.ConsumerCoordinator - [Consumer clientId=consumer-tomge-consumer-group-2, groupId=tomge-consumer-group] Discovered group coordinator localhost:9092 (id: 2147483647 rack: null)
2025-03-31 14:58:12.774 [HikariPool-1 housekeeper] WARN  com.zaxxer.hikari.pool.HikariPool - HikariPool-1 - Thread starvation or clock leap detected (housekeeper delta=9m58s102ms).
2025-03-31 15:03:23.456 [http-nio-9090-exec-3] INFO  com.test.testboot.controller.StudentController - {"messageType":"JSON","data":{"address":"湖北省襄阳市","sex":"女","name":"黄蓉","birth":"1500","id":912,"department":"丐帮"}}
2025-03-31 15:03:23.470 [http-nio-9090-exec-3] INFO  com.test.testboot.kafkaservice.ProducerService - {"messageType":"JSON","data":{"address":"湖北省襄阳市","sex":"女","name":"黄蓉","birth":"1500","id":912,"department":"丐帮"}}
2025-03-31 15:03:23.473 [org.springframework.kafka.KafkaListenerEndpointContainer#1-0-C-1] INFO  com.test.testboot.kafkaservice.ConsumerService - {"address":"湖北省襄阳市","sex":"女","name":"黄蓉","birth":"1500","id":912,"department":"丐帮"}
2025-03-31 15:03:23.473 [org.springframework.kafka.KafkaListenerEndpointContainer#1-0-C-1] INFO  com.test.testboot.kafkaservice.ConsumerService - {"address":"湖北省襄阳市","sex":"女","name":"黄蓉","birth":"1500","id":912,"department":"丐帮"}
2025-03-31 15:03:23.620 [org.springframework.kafka.KafkaListenerEndpointContainer#0-0-C-1] INFO  com.test.testboot.kafkaservice.ConsumerService - CanalModel: null
2025-03-31 15:03:23.625 [org.springframework.kafka.KafkaListenerEndpointContainer#0-0-C-1] INFO  com.test.testboot.kafkaservice.ConsumerService - INSERT 操作成功 - id: 912, value: {"address":"湖北省襄阳市","sex":"女","name":"黄蓉","birth":"1500","id":"912","department":"丐帮"}
2025-03-31 15:17:05.330 [org.springframework.kafka.KafkaListenerEndpointContainer#0-0-C-1] INFO  org.apache.kafka.clients.consumer.internals.ConsumerRebalanceListenerInvoker - [Consumer clientId=consumer-tomge-consumer-group-1, groupId=tomge-consumer-group] Revoke previously assigned partitions testtopic2-0
2025-03-31 15:17:05.330 [org.springframework.kafka.KafkaListenerEndpointContainer#1-0-C-1] INFO  org.apache.kafka.clients.consumer.internals.ConsumerRebalanceListenerInvoker - [Consumer clientId=consumer-tomge-consumer-group-2, groupId=tomge-consumer-group] Revoke previously assigned partitions testtopic-0
2025-03-31 15:17:05.332 [org.springframework.kafka.KafkaListenerEndpointContainer#0-0-C-1] INFO  org.apache.kafka.clients.consumer.internals.ConsumerCoordinator - [Consumer clientId=consumer-tomge-consumer-group-1, groupId=tomge-consumer-group] Member consumer-tomge-consumer-group-1-44df225d-deec-4bf6-bac4-e3912f84317a sending LeaveGroup request to coordinator localhost:9092 (id: 2147483647 rack: null) due to the consumer unsubscribed from all topics
2025-03-31 15:17:05.332 [org.springframework.kafka.KafkaListenerEndpointContainer#1-0-C-1] INFO  org.apache.kafka.clients.consumer.internals.ConsumerCoordinator - [Consumer clientId=consumer-tomge-consumer-group-2, groupId=tomge-consumer-group] Member consumer-tomge-consumer-group-2-b4160cb4-a36d-44dc-ac3e-e8341e79f760 sending LeaveGroup request to coordinator localhost:9092 (id: 2147483647 rack: null) due to the consumer unsubscribed from all topics
2025-03-31 15:17:05.332 [org.springframework.kafka.KafkaListenerEndpointContainer#0-0-C-1] INFO  org.apache.kafka.clients.consumer.internals.ConsumerCoordinator - [Consumer clientId=consumer-tomge-consumer-group-1, groupId=tomge-consumer-group] Resetting generation and member id due to: consumer pro-actively leaving the group
2025-03-31 15:17:05.332 [org.springframework.kafka.KafkaListenerEndpointContainer#0-0-C-1] INFO  org.apache.kafka.clients.consumer.internals.ConsumerCoordinator - [Consumer clientId=consumer-tomge-consumer-group-1, groupId=tomge-consumer-group] Request joining group due to: consumer pro-actively leaving the group
2025-03-31 15:17:05.332 [org.springframework.kafka.KafkaListenerEndpointContainer#1-0-C-1] INFO  org.apache.kafka.clients.consumer.internals.ConsumerCoordinator - [Consumer clientId=consumer-tomge-consumer-group-2, groupId=tomge-consumer-group] Resetting generation and member id due to: consumer pro-actively leaving the group
2025-03-31 15:17:05.332 [org.springframework.kafka.KafkaListenerEndpointContainer#0-0-C-1] INFO  org.apache.kafka.clients.consumer.internals.LegacyKafkaConsumer - [Consumer clientId=consumer-tomge-consumer-group-1, groupId=tomge-consumer-group] Unsubscribed all topics or patterns and assigned partitions
2025-03-31 15:17:05.332 [org.springframework.kafka.KafkaListenerEndpointContainer#1-0-C-1] INFO  org.apache.kafka.clients.consumer.internals.ConsumerCoordinator - [Consumer clientId=consumer-tomge-consumer-group-2, groupId=tomge-consumer-group] Request joining group due to: consumer pro-actively leaving the group
2025-03-31 15:17:05.332 [org.springframework.kafka.KafkaListenerEndpointContainer#1-0-C-1] INFO  org.apache.kafka.clients.consumer.internals.LegacyKafkaConsumer - [Consumer clientId=consumer-tomge-consumer-group-2, groupId=tomge-consumer-group] Unsubscribed all topics or patterns and assigned partitions
2025-03-31 15:17:05.334 [org.springframework.kafka.KafkaListenerEndpointContainer#0-0-C-1] INFO  org.apache.kafka.clients.consumer.internals.ConsumerCoordinator - [Consumer clientId=consumer-tomge-consumer-group-1, groupId=tomge-consumer-group] Resetting generation and member id due to: consumer pro-actively leaving the group
2025-03-31 15:17:05.334 [org.springframework.kafka.KafkaListenerEndpointContainer#1-0-C-1] INFO  org.apache.kafka.clients.consumer.internals.ConsumerCoordinator - [Consumer clientId=consumer-tomge-consumer-group-2, groupId=tomge-consumer-group] Resetting generation and member id due to: consumer pro-actively leaving the group
2025-03-31 15:17:05.334 [org.springframework.kafka.KafkaListenerEndpointContainer#0-0-C-1] INFO  org.apache.kafka.clients.consumer.internals.ConsumerCoordinator - [Consumer clientId=consumer-tomge-consumer-group-1, groupId=tomge-consumer-group] Request joining group due to: consumer pro-actively leaving the group
2025-03-31 15:17:05.334 [org.springframework.kafka.KafkaListenerEndpointContainer#1-0-C-1] INFO  org.apache.kafka.clients.consumer.internals.ConsumerCoordinator - [Consumer clientId=consumer-tomge-consumer-group-2, groupId=tomge-consumer-group] Request joining group due to: consumer pro-actively leaving the group
2025-03-31 15:17:05.628 [org.springframework.kafka.KafkaListenerEndpointContainer#0-0-C-1] INFO  org.apache.kafka.common.metrics.Metrics - Metrics scheduler closed
2025-03-31 15:17:05.628 [org.springframework.kafka.KafkaListenerEndpointContainer#0-0-C-1] INFO  org.apache.kafka.common.metrics.Metrics - Closing reporter org.apache.kafka.common.metrics.JmxReporter
2025-03-31 15:17:05.628 [org.springframework.kafka.KafkaListenerEndpointContainer#1-0-C-1] INFO  org.apache.kafka.common.metrics.Metrics - Metrics scheduler closed
2025-03-31 15:17:05.628 [org.springframework.kafka.KafkaListenerEndpointContainer#1-0-C-1] INFO  org.apache.kafka.common.metrics.Metrics - Closing reporter org.apache.kafka.common.metrics.JmxReporter
2025-03-31 15:17:05.628 [org.springframework.kafka.KafkaListenerEndpointContainer#0-0-C-1] INFO  org.apache.kafka.common.metrics.Metrics - Closing reporter org.apache.kafka.common.telemetry.internals.ClientTelemetryReporter
2025-03-31 15:17:05.629 [org.springframework.kafka.KafkaListenerEndpointContainer#1-0-C-1] INFO  org.apache.kafka.common.metrics.Metrics - Closing reporter org.apache.kafka.common.telemetry.internals.ClientTelemetryReporter
2025-03-31 15:17:05.629 [org.springframework.kafka.KafkaListenerEndpointContainer#0-0-C-1] INFO  org.apache.kafka.common.metrics.Metrics - Metrics reporters closed
2025-03-31 15:17:05.629 [org.springframework.kafka.KafkaListenerEndpointContainer#1-0-C-1] INFO  org.apache.kafka.common.metrics.Metrics - Metrics reporters closed
2025-03-31 15:17:05.634 [org.springframework.kafka.KafkaListenerEndpointContainer#0-0-C-1] INFO  org.apache.kafka.common.utils.AppInfoParser - App info kafka.consumer for consumer-tomge-consumer-group-1 unregistered
2025-03-31 15:17:05.635 [org.springframework.kafka.KafkaListenerEndpointContainer#1-0-C-1] INFO  org.apache.kafka.common.utils.AppInfoParser - App info kafka.consumer for consumer-tomge-consumer-group-2 unregistered
2025-03-31 15:17:05.652 [SpringApplicationShutdownHook] INFO  org.apache.kafka.clients.producer.KafkaProducer - [Producer clientId=testspringboot-producer-1] Closing the Kafka producer with timeoutMillis = 30000 ms.
2025-03-31 15:17:05.654 [SpringApplicationShutdownHook] INFO  org.apache.kafka.common.metrics.Metrics - Metrics scheduler closed
2025-03-31 15:17:05.654 [SpringApplicationShutdownHook] INFO  org.apache.kafka.common.metrics.Metrics - Closing reporter org.apache.kafka.common.metrics.JmxReporter
2025-03-31 15:17:05.654 [SpringApplicationShutdownHook] INFO  org.apache.kafka.common.metrics.Metrics - Closing reporter org.apache.kafka.common.telemetry.internals.ClientTelemetryReporter
2025-03-31 15:17:05.654 [SpringApplicationShutdownHook] INFO  org.apache.kafka.common.metrics.Metrics - Metrics reporters closed
2025-03-31 15:17:05.655 [SpringApplicationShutdownHook] INFO  org.apache.kafka.common.utils.AppInfoParser - App info kafka.producer for testspringboot-producer-1 unregistered
2025-03-31 15:17:05.659 [SpringApplicationShutdownHook] INFO  com.zaxxer.hikari.HikariDataSource - HikariPool-1 - Shutdown initiated...
2025-03-31 15:17:05.660 [SpringApplicationShutdownHook] INFO  com.zaxxer.hikari.HikariDataSource - HikariPool-1 - Shutdown completed.
2025-03-31 16:19:09.113 [main] INFO  org.apache.dubbo.spring.boot.context.event.WelcomeLogoApplicationListener -  [DUBBO] 

 :: Dubbo (v3.3.0) : https://github.com/apache/dubbo
 :: Discuss group : dev@dubbo.apache.org
, dubbo version: 3.3.0, current host: 10.131.120.41
2025-03-31 16:19:09.137 [main] INFO  com.test.testboot.TestbootApplicationTests - Starting TestbootApplicationTests using Java 23.0.2 with PID 46583 (started by zhaoxin in /Users/zhaoxin/Documents/GitHub/testboot)
2025-03-31 16:19:09.137 [main] INFO  com.test.testboot.TestbootApplicationTests - No active profile set, falling back to 1 default profile: "default"
2025-03-31 16:19:09.506 [main] INFO  org.apache.dubbo.rpc.model.FrameworkModel -  [DUBBO] Dubbo Framework[1] is created, dubbo version: 3.3.0, current host: 10.131.120.41
2025-03-31 16:19:09.511 [main] INFO  org.apache.dubbo.common.resource.GlobalResourcesRepository -  [DUBBO] Creating global shared handler ..., dubbo version: 3.3.0, current host: 10.131.120.41
2025-03-31 16:19:09.542 [main] INFO  org.apache.dubbo.rpc.model.ApplicationModel -  [DUBBO] Dubbo Application[1.0](unknown) is created, dubbo version: 3.3.0, current host: 10.131.120.41
2025-03-31 16:19:09.543 [main] INFO  org.apache.dubbo.rpc.model.ScopeModel -  [DUBBO] Dubbo Module[1.0.0] is created, dubbo version: 3.3.0, current host: 10.131.120.41
2025-03-31 16:19:09.553 [main] INFO  org.apache.dubbo.config.context.AbstractConfigManager -  [DUBBO] Config settings: {dubbo.config.mode=STRICT, dubbo.config.ignore-duplicated-interface=false}, dubbo version: 3.3.0, current host: 10.131.120.41
2025-03-31 16:19:09.553 [main] INFO  org.apache.dubbo.config.context.AbstractConfigManager -  [DUBBO] Config settings: {dubbo.config.mode=STRICT, dubbo.config.ignore-duplicated-interface=false}, dubbo version: 3.3.0, current host: 10.131.120.41
2025-03-31 16:19:09.555 [main] INFO  org.apache.dubbo.common.utils.SerializeSecurityManager -  [DUBBO] Serialize check serializable: true, dubbo version: 3.3.0, current host: 10.131.120.41
2025-03-31 16:19:09.555 [main] INFO  org.apache.dubbo.common.utils.SerializeSecurityConfigurator -  [DUBBO] Read serialize allow list from jar:file:/Users/zhaoxin/.m2/repository/org/apache/dubbo/dubbo/3.3.0/dubbo-3.3.0.jar!/security/serialize.allowlist, dubbo version: 3.3.0, current host: 10.131.120.41
2025-03-31 16:19:09.577 [main] INFO  org.apache.dubbo.common.utils.SerializeSecurityConfigurator -  [DUBBO] Read serialize allow list from jar:file:/Users/zhaoxin/.m2/repository/org/apache/dubbo/dubbo-common/3.3.0/dubbo-common-3.3.0.jar!/security/serialize.allowlist, dubbo version: 3.3.0, current host: 10.131.120.41
2025-03-31 16:19:09.577 [main] INFO  org.apache.dubbo.common.utils.SerializeSecurityConfigurator -  [DUBBO] Read serialize blocked list from jar:file:/Users/zhaoxin/.m2/repository/org/apache/dubbo/dubbo/3.3.0/dubbo-3.3.0.jar!/security/serialize.blockedlist, dubbo version: 3.3.0, current host: 10.131.120.41
2025-03-31 16:19:09.602 [main] INFO  org.apache.dubbo.common.utils.SerializeSecurityConfigurator -  [DUBBO] Read serialize blocked list from jar:file:/Users/zhaoxin/.m2/repository/org/apache/dubbo/dubbo-common/3.3.0/dubbo-common-3.3.0.jar!/security/serialize.blockedlist, dubbo version: 3.3.0, current host: 10.131.120.41
2025-03-31 16:19:09.636 [main] INFO  org.apache.dubbo.rpc.model.ApplicationModel -  [DUBBO] Dubbo Application[1.1](unknown) is created, dubbo version: 3.3.0, current host: 10.131.120.41
2025-03-31 16:19:09.636 [main] INFO  org.apache.dubbo.rpc.model.ScopeModel -  [DUBBO] Dubbo Module[1.1.0] is created, dubbo version: 3.3.0, current host: 10.131.120.41
2025-03-31 16:19:09.638 [main] INFO  org.apache.dubbo.config.context.AbstractConfigManager -  [DUBBO] Config settings: {dubbo.config.mode=STRICT, dubbo.config.ignore-duplicated-interface=false}, dubbo version: 3.3.0, current host: 10.131.120.41
2025-03-31 16:19:09.638 [main] INFO  org.apache.dubbo.config.context.AbstractConfigManager -  [DUBBO] Config settings: {dubbo.config.mode=STRICT, dubbo.config.ignore-duplicated-interface=false}, dubbo version: 3.3.0, current host: 10.131.120.41
2025-03-31 16:19:09.639 [main] INFO  org.apache.dubbo.common.utils.SerializeSecurityConfigurator -  [DUBBO] Read serialize allow list from jar:file:/Users/zhaoxin/.m2/repository/org/apache/dubbo/dubbo/3.3.0/dubbo-3.3.0.jar!/security/serialize.allowlist, dubbo version: 3.3.0, current host: 10.131.120.41
2025-03-31 16:19:09.639 [main] INFO  org.apache.dubbo.common.utils.SerializeSecurityConfigurator -  [DUBBO] Read serialize allow list from jar:file:/Users/zhaoxin/.m2/repository/org/apache/dubbo/dubbo-common/3.3.0/dubbo-common-3.3.0.jar!/security/serialize.allowlist, dubbo version: 3.3.0, current host: 10.131.120.41
2025-03-31 16:19:09.639 [main] INFO  org.apache.dubbo.common.utils.SerializeSecurityConfigurator -  [DUBBO] Read serialize blocked list from jar:file:/Users/zhaoxin/.m2/repository/org/apache/dubbo/dubbo/3.3.0/dubbo-3.3.0.jar!/security/serialize.blockedlist, dubbo version: 3.3.0, current host: 10.131.120.41
2025-03-31 16:19:09.639 [main] INFO  org.apache.dubbo.common.utils.SerializeSecurityConfigurator -  [DUBBO] Read serialize blocked list from jar:file:/Users/zhaoxin/.m2/repository/org/apache/dubbo/dubbo-common/3.3.0/dubbo-common-3.3.0.jar!/security/serialize.blockedlist, dubbo version: 3.3.0, current host: 10.131.120.41
2025-03-31 16:19:09.643 [main] INFO  org.apache.dubbo.config.spring.context.DubboSpringInitializer -  [DUBBO] Use default application: Dubbo Application[1.1](unknown), dubbo version: 3.3.0, current host: 10.131.120.41
2025-03-31 16:19:09.643 [main] INFO  org.apache.dubbo.rpc.model.ScopeModel -  [DUBBO] Dubbo Module[1.1.1] is created, dubbo version: 3.3.0, current host: 10.131.120.41
2025-03-31 16:19:09.643 [main] INFO  org.apache.dubbo.config.context.AbstractConfigManager -  [DUBBO] Config settings: {dubbo.config.mode=STRICT, dubbo.config.ignore-duplicated-interface=false}, dubbo version: 3.3.0, current host: 10.131.120.41
2025-03-31 16:19:09.644 [main] INFO  org.apache.dubbo.common.utils.SerializeSecurityConfigurator -  [DUBBO] Read serialize allow list from jar:file:/Users/zhaoxin/.m2/repository/org/apache/dubbo/dubbo/3.3.0/dubbo-3.3.0.jar!/security/serialize.allowlist, dubbo version: 3.3.0, current host: 10.131.120.41
2025-03-31 16:19:09.644 [main] INFO  org.apache.dubbo.common.utils.SerializeSecurityConfigurator -  [DUBBO] Read serialize allow list from jar:file:/Users/zhaoxin/.m2/repository/org/apache/dubbo/dubbo-common/3.3.0/dubbo-common-3.3.0.jar!/security/serialize.allowlist, dubbo version: 3.3.0, current host: 10.131.120.41
2025-03-31 16:19:09.644 [main] INFO  org.apache.dubbo.common.utils.SerializeSecurityConfigurator -  [DUBBO] Read serialize blocked list from jar:file:/Users/zhaoxin/.m2/repository/org/apache/dubbo/dubbo/3.3.0/dubbo-3.3.0.jar!/security/serialize.blockedlist, dubbo version: 3.3.0, current host: 10.131.120.41
2025-03-31 16:19:09.644 [main] INFO  org.apache.dubbo.common.utils.SerializeSecurityConfigurator -  [DUBBO] Read serialize blocked list from jar:file:/Users/zhaoxin/.m2/repository/org/apache/dubbo/dubbo-common/3.3.0/dubbo-common-3.3.0.jar!/security/serialize.blockedlist, dubbo version: 3.3.0, current host: 10.131.120.41
2025-03-31 16:19:09.645 [main] INFO  org.apache.dubbo.config.spring.context.DubboSpringInitializer -  [DUBBO] Use default module model of target application: Dubbo Module[1.1.1], dubbo version: 3.3.0, current host: 10.131.120.41
2025-03-31 16:19:09.645 [main] INFO  org.apache.dubbo.config.spring.context.DubboSpringInitializer -  [DUBBO] Bind Dubbo Module[1.1.1] to spring container: org.springframework.beans.factory.support.DefaultListableBeanFactory@80bfa9d, dubbo version: 3.3.0, current host: 10.131.120.41
2025-03-31 16:19:09.990 [main] INFO  org.apache.dubbo.config.spring.beans.factory.annotation.ReferenceAnnotationBeanPostProcessor -  [DUBBO] class org.apache.dubbo.config.spring.beans.factory.annotation.ReferenceAnnotationBeanPostProcessor was destroying!, dubbo version: 3.3.0, current host: 10.131.120.41
2025-03-31 16:19:10.076 [main] INFO  org.apache.dubbo.config.spring.context.DubboConfigBeanInitializer -  [DUBBO] loading dubbo config beans ..., dubbo version: 3.3.0, current host: 10.131.120.41
2025-03-31 16:19:10.079 [main] INFO  org.apache.dubbo.config.spring.context.DubboConfigBeanInitializer -  [DUBBO] dubbo config beans are loaded., dubbo version: 3.3.0, current host: 10.131.120.41
2025-03-31 16:19:10.107 [main] INFO  org.apache.dubbo.config.context.ConfigManager -  [DUBBO] The current configurations or effective configurations are as follows:, dubbo version: 3.3.0, current host: 10.131.120.41
2025-03-31 16:19:10.107 [main] INFO  org.apache.dubbo.config.context.ConfigManager -  [DUBBO] <dubbo:application enableFileCache="true" executorManagementMode="isolation" parameters="{}" name="testspringboot" protocol="dubbo" />, dubbo version: 3.3.0, current host: 10.131.120.41
2025-03-31 16:19:10.107 [main] INFO  org.apache.dubbo.config.context.ConfigManager -  [DUBBO] <dubbo:protocol preferSerialization="hessian2,fastjson2" name="dubbo" />, dubbo version: 3.3.0, current host: 10.131.120.41
2025-03-31 16:19:10.107 [main] INFO  org.apache.dubbo.config.context.ConfigManager -  [DUBBO] <dubbo:ssl />, dubbo version: 3.3.0, current host: 10.131.120.41
2025-03-31 16:19:10.118 [main] INFO  org.apache.dubbo.config.deploy.DefaultModuleDeployer -  [DUBBO] Dubbo Module[1.1.0] has been initialized!, dubbo version: 3.3.0, current host: 10.131.120.41
2025-03-31 16:19:10.121 [main] INFO  org.apache.dubbo.config.deploy.DefaultModuleDeployer -  [DUBBO] Dubbo Module[1.1.1] has been initialized!, dubbo version: 3.3.0, current host: 10.131.120.41
2025-03-31 16:19:10.173 [main] INFO  org.apache.dubbo.config.deploy.DefaultApplicationDeployer -  [DUBBO] Dubbo Application[1.1](testspringboot) has been initialized!, dubbo version: 3.3.0, current host: 10.131.120.41
2025-03-31 16:19:11.275 [main] INFO  org.apache.kafka.clients.consumer.ConsumerConfig - ConsumerConfig values: 
	allow.auto.create.topics = true
	auto.commit.interval.ms = 5000
	auto.include.jmx.reporter = true
	auto.offset.reset = latest
	bootstrap.servers = [localhost:9092]
	check.crcs = true
	client.dns.lookup = use_all_dns_ips
	client.id = consumer-tomge-consumer-group-1
	client.rack = 
	connections.max.idle.ms = 540000
	default.api.timeout.ms = 60000
	enable.auto.commit = false
	enable.metrics.push = true
	exclude.internal.topics = true
	fetch.max.bytes = 52428800
	fetch.max.wait.ms = 500
	fetch.min.bytes = 1
	group.id = tomge-consumer-group
	group.instance.id = null
	group.protocol = classic
	group.remote.assignor = null
	heartbeat.interval.ms = 3000
	interceptor.classes = []
	internal.leave.group.on.close = true
	internal.throw.on.fetch.stable.offset.unsupported = false
	isolation.level = read_uncommitted
	key.deserializer = class org.apache.kafka.common.serialization.StringDeserializer
	max.partition.fetch.bytes = 1048576
	max.poll.interval.ms = 300000
	max.poll.records = 500
	metadata.max.age.ms = 300000
	metric.reporters = []
	metrics.num.samples = 2
	metrics.recording.level = INFO
	metrics.sample.window.ms = 30000
	partition.assignment.strategy = [class org.apache.kafka.clients.consumer.RangeAssignor, class org.apache.kafka.clients.consumer.CooperativeStickyAssignor]
	receive.buffer.bytes = 65536
	reconnect.backoff.max.ms = 1000
	reconnect.backoff.ms = 50
	request.timeout.ms = 30000
	retry.backoff.max.ms = 1000
	retry.backoff.ms = 100
	sasl.client.callback.handler.class = null
	sasl.jaas.config = null
	sasl.kerberos.kinit.cmd = /usr/bin/kinit
	sasl.kerberos.min.time.before.relogin = 60000
	sasl.kerberos.service.name = null
	sasl.kerberos.ticket.renew.jitter = 0.05
	sasl.kerberos.ticket.renew.window.factor = 0.8
	sasl.login.callback.handler.class = null
	sasl.login.class = null
	sasl.login.connect.timeout.ms = null
	sasl.login.read.timeout.ms = null
	sasl.login.refresh.buffer.seconds = 300
	sasl.login.refresh.min.period.seconds = 60
	sasl.login.refresh.window.factor = 0.8
	sasl.login.refresh.window.jitter = 0.05
	sasl.login.retry.backoff.max.ms = 10000
	sasl.login.retry.backoff.ms = 100
	sasl.mechanism = GSSAPI
	sasl.oauthbearer.clock.skew.seconds = 30
	sasl.oauthbearer.expected.audience = null
	sasl.oauthbearer.expected.issuer = null
	sasl.oauthbearer.jwks.endpoint.refresh.ms = 3600000
	sasl.oauthbearer.jwks.endpoint.retry.backoff.max.ms = 10000
	sasl.oauthbearer.jwks.endpoint.retry.backoff.ms = 100
	sasl.oauthbearer.jwks.endpoint.url = null
	sasl.oauthbearer.scope.claim.name = scope
	sasl.oauthbearer.sub.claim.name = sub
	sasl.oauthbearer.token.endpoint.url = null
	security.protocol = PLAINTEXT
	security.providers = null
	send.buffer.bytes = 131072
	session.timeout.ms = 45000
	socket.connection.setup.timeout.max.ms = 30000
	socket.connection.setup.timeout.ms = 10000
	ssl.cipher.suites = null
	ssl.enabled.protocols = [TLSv1.2, TLSv1.3]
	ssl.endpoint.identification.algorithm = https
	ssl.engine.factory.class = null
	ssl.key.password = null
	ssl.keymanager.algorithm = SunX509
	ssl.keystore.certificate.chain = null
	ssl.keystore.key = null
	ssl.keystore.location = null
	ssl.keystore.password = null
	ssl.keystore.type = JKS
	ssl.protocol = TLSv1.3
	ssl.provider = null
	ssl.secure.random.implementation = null
	ssl.trustmanager.algorithm = PKIX
	ssl.truststore.certificates = null
	ssl.truststore.location = null
	ssl.truststore.password = null
	ssl.truststore.type = JKS
	value.deserializer = class org.apache.kafka.common.serialization.StringDeserializer

2025-03-31 16:19:11.296 [main] INFO  org.apache.kafka.common.telemetry.internals.KafkaMetricsCollector - initializing Kafka metrics collector
2025-03-31 16:19:11.369 [main] INFO  org.apache.kafka.common.utils.AppInfoParser - Kafka version: 3.7.2
2025-03-31 16:19:11.370 [main] INFO  org.apache.kafka.common.utils.AppInfoParser - Kafka commitId: 79a8f2b5f44f9d5a
2025-03-31 16:19:11.370 [main] INFO  org.apache.kafka.common.utils.AppInfoParser - Kafka startTimeMs: 1743409151369
2025-03-31 16:19:11.371 [main] INFO  org.apache.kafka.clients.consumer.internals.LegacyKafkaConsumer - [Consumer clientId=consumer-tomge-consumer-group-1, groupId=tomge-consumer-group] Subscribed to topic(s): testtopic2
2025-03-31 16:19:11.375 [main] INFO  org.apache.kafka.clients.consumer.ConsumerConfig - ConsumerConfig values: 
	allow.auto.create.topics = true
	auto.commit.interval.ms = 5000
	auto.include.jmx.reporter = true
	auto.offset.reset = latest
	bootstrap.servers = [localhost:9092]
	check.crcs = true
	client.dns.lookup = use_all_dns_ips
	client.id = consumer-tomge-consumer-group-2
	client.rack = 
	connections.max.idle.ms = 540000
	default.api.timeout.ms = 60000
	enable.auto.commit = false
	enable.metrics.push = true
	exclude.internal.topics = true
	fetch.max.bytes = 52428800
	fetch.max.wait.ms = 500
	fetch.min.bytes = 1
	group.id = tomge-consumer-group
	group.instance.id = null
	group.protocol = classic
	group.remote.assignor = null
	heartbeat.interval.ms = 3000
	interceptor.classes = []
	internal.leave.group.on.close = true
	internal.throw.on.fetch.stable.offset.unsupported = false
	isolation.level = read_uncommitted
	key.deserializer = class org.apache.kafka.common.serialization.StringDeserializer
	max.partition.fetch.bytes = 1048576
	max.poll.interval.ms = 300000
	max.poll.records = 500
	metadata.max.age.ms = 300000
	metric.reporters = []
	metrics.num.samples = 2
	metrics.recording.level = INFO
	metrics.sample.window.ms = 30000
	partition.assignment.strategy = [class org.apache.kafka.clients.consumer.RangeAssignor, class org.apache.kafka.clients.consumer.CooperativeStickyAssignor]
	receive.buffer.bytes = 65536
	reconnect.backoff.max.ms = 1000
	reconnect.backoff.ms = 50
	request.timeout.ms = 30000
	retry.backoff.max.ms = 1000
	retry.backoff.ms = 100
	sasl.client.callback.handler.class = null
	sasl.jaas.config = null
	sasl.kerberos.kinit.cmd = /usr/bin/kinit
	sasl.kerberos.min.time.before.relogin = 60000
	sasl.kerberos.service.name = null
	sasl.kerberos.ticket.renew.jitter = 0.05
	sasl.kerberos.ticket.renew.window.factor = 0.8
	sasl.login.callback.handler.class = null
	sasl.login.class = null
	sasl.login.connect.timeout.ms = null
	sasl.login.read.timeout.ms = null
	sasl.login.refresh.buffer.seconds = 300
	sasl.login.refresh.min.period.seconds = 60
	sasl.login.refresh.window.factor = 0.8
	sasl.login.refresh.window.jitter = 0.05
	sasl.login.retry.backoff.max.ms = 10000
	sasl.login.retry.backoff.ms = 100
	sasl.mechanism = GSSAPI
	sasl.oauthbearer.clock.skew.seconds = 30
	sasl.oauthbearer.expected.audience = null
	sasl.oauthbearer.expected.issuer = null
	sasl.oauthbearer.jwks.endpoint.refresh.ms = 3600000
	sasl.oauthbearer.jwks.endpoint.retry.backoff.max.ms = 10000
	sasl.oauthbearer.jwks.endpoint.retry.backoff.ms = 100
	sasl.oauthbearer.jwks.endpoint.url = null
	sasl.oauthbearer.scope.claim.name = scope
	sasl.oauthbearer.sub.claim.name = sub
	sasl.oauthbearer.token.endpoint.url = null
	security.protocol = PLAINTEXT
	security.providers = null
	send.buffer.bytes = 131072
	session.timeout.ms = 45000
	socket.connection.setup.timeout.max.ms = 30000
	socket.connection.setup.timeout.ms = 10000
	ssl.cipher.suites = null
	ssl.enabled.protocols = [TLSv1.2, TLSv1.3]
	ssl.endpoint.identification.algorithm = https
	ssl.engine.factory.class = null
	ssl.key.password = null
	ssl.keymanager.algorithm = SunX509
	ssl.keystore.certificate.chain = null
	ssl.keystore.key = null
	ssl.keystore.location = null
	ssl.keystore.password = null
	ssl.keystore.type = JKS
	ssl.protocol = TLSv1.3
	ssl.provider = null
	ssl.secure.random.implementation = null
	ssl.trustmanager.algorithm = PKIX
	ssl.truststore.certificates = null
	ssl.truststore.location = null
	ssl.truststore.password = null
	ssl.truststore.type = JKS
	value.deserializer = class org.apache.kafka.common.serialization.StringDeserializer

2025-03-31 16:19:11.375 [main] INFO  org.apache.kafka.common.telemetry.internals.KafkaMetricsCollector - initializing Kafka metrics collector
2025-03-31 16:19:11.378 [main] INFO  org.apache.kafka.common.utils.AppInfoParser - Kafka version: 3.7.2
2025-03-31 16:19:11.378 [main] INFO  org.apache.kafka.common.utils.AppInfoParser - Kafka commitId: 79a8f2b5f44f9d5a
2025-03-31 16:19:11.378 [main] INFO  org.apache.kafka.common.utils.AppInfoParser - Kafka startTimeMs: 1743409151378
2025-03-31 16:19:11.379 [main] INFO  org.apache.kafka.clients.consumer.internals.LegacyKafkaConsumer - [Consumer clientId=consumer-tomge-consumer-group-2, groupId=tomge-consumer-group] Subscribed to topic(s): testtopic
2025-03-31 16:19:11.385 [main] INFO  org.apache.dubbo.config.deploy.DefaultModuleDeployer -  [DUBBO] Dubbo Module[1.1.1] is starting., dubbo version: 3.3.0, current host: 10.131.120.41
2025-03-31 16:19:11.385 [main] INFO  org.apache.dubbo.config.deploy.DefaultApplicationDeployer -  [DUBBO] Dubbo Application[1.1](testspringboot) is starting., dubbo version: 3.3.0, current host: 10.131.120.41
2025-03-31 16:19:11.385 [main] INFO  org.apache.dubbo.config.deploy.DefaultModuleDeployer -  [DUBBO] Dubbo Module[1.1.0] is starting., dubbo version: 3.3.0, current host: 10.131.120.41
2025-03-31 16:19:11.385 [main] INFO  org.apache.dubbo.config.deploy.DefaultModuleDeployer -  [DUBBO] Dubbo Module[1.1.0] has started., dubbo version: 3.3.0, current host: 10.131.120.41
2025-03-31 16:19:11.386 [main] INFO  org.apache.dubbo.config.deploy.DefaultModuleDeployer -  [DUBBO] Dubbo Module[1.1.0] has completed., dubbo version: 3.3.0, current host: 10.131.120.41
2025-03-31 16:19:11.386 [main] INFO  org.apache.dubbo.config.deploy.DefaultModuleDeployer -  [DUBBO] Dubbo Module[1.1.1] has started., dubbo version: 3.3.0, current host: 10.131.120.41
2025-03-31 16:19:11.386 [main] INFO  org.apache.dubbo.config.deploy.DefaultMetricsServiceExporter -  [DUBBO] The MetricsConfig not exist, will not export metrics service., dubbo version: 3.3.0, current host: 10.131.120.41
2025-03-31 16:19:11.387 [main] INFO  org.apache.dubbo.config.deploy.DefaultApplicationDeployer -  [DUBBO] Dubbo Application[1.1](testspringboot) is ready., dubbo version: 3.3.0, current host: 10.131.120.41
2025-03-31 16:19:11.387 [main] INFO  org.apache.dubbo.config.deploy.DefaultModuleDeployer -  [DUBBO] Dubbo Module[1.1.1] has completed., dubbo version: 3.3.0, current host: 10.131.120.41
2025-03-31 16:19:11.387 [main] INFO  org.apache.dubbo.config.deploy.DefaultApplicationDeployer -  [DUBBO] Dubbo Application[1.1](testspringboot) has completed., dubbo version: 3.3.0, current host: 10.131.120.41
2025-03-31 16:19:11.389 [main] INFO  com.test.testboot.TestbootApplicationTests - Started TestbootApplicationTests in 2.464 seconds (process running for 2.91)
2025-03-31 16:19:11.527 [org.springframework.kafka.KafkaListenerEndpointContainer#0-0-C-1] INFO  org.apache.kafka.clients.Metadata - [Consumer clientId=consumer-tomge-consumer-group-1, groupId=tomge-consumer-group] Cluster ID: 55v202dzTXeo6Uf5cKQwuw
2025-03-31 16:19:11.527 [org.springframework.kafka.KafkaListenerEndpointContainer#1-0-C-1] INFO  org.apache.kafka.clients.Metadata - [Consumer clientId=consumer-tomge-consumer-group-2, groupId=tomge-consumer-group] Cluster ID: 55v202dzTXeo6Uf5cKQwuw
2025-03-31 16:19:11.527 [org.springframework.kafka.KafkaListenerEndpointContainer#1-0-C-1] INFO  org.apache.kafka.clients.consumer.internals.ConsumerCoordinator - [Consumer clientId=consumer-tomge-consumer-group-2, groupId=tomge-consumer-group] Discovered group coordinator localhost:9092 (id: 2147483647 rack: null)
2025-03-31 16:19:11.527 [org.springframework.kafka.KafkaListenerEndpointContainer#0-0-C-1] INFO  org.apache.kafka.clients.consumer.internals.ConsumerCoordinator - [Consumer clientId=consumer-tomge-consumer-group-1, groupId=tomge-consumer-group] Discovered group coordinator localhost:9092 (id: 2147483647 rack: null)
2025-03-31 16:19:11.528 [org.springframework.kafka.KafkaListenerEndpointContainer#0-0-C-1] INFO  org.apache.kafka.clients.consumer.internals.ConsumerCoordinator - [Consumer clientId=consumer-tomge-consumer-group-1, groupId=tomge-consumer-group] (Re-)joining group
2025-03-31 16:19:11.528 [org.springframework.kafka.KafkaListenerEndpointContainer#1-0-C-1] INFO  org.apache.kafka.clients.consumer.internals.ConsumerCoordinator - [Consumer clientId=consumer-tomge-consumer-group-2, groupId=tomge-consumer-group] (Re-)joining group
2025-03-31 16:19:11.539 [org.springframework.kafka.KafkaListenerEndpointContainer#0-0-C-1] INFO  org.apache.kafka.clients.consumer.internals.ConsumerCoordinator - [Consumer clientId=consumer-tomge-consumer-group-1, groupId=tomge-consumer-group] Request joining group due to: need to re-join with the given member-id: consumer-tomge-consumer-group-1-d17edcdd-5fd5-43b0-bd7e-5d7452213190
2025-03-31 16:19:11.539 [org.springframework.kafka.KafkaListenerEndpointContainer#1-0-C-1] INFO  org.apache.kafka.clients.consumer.internals.ConsumerCoordinator - [Consumer clientId=consumer-tomge-consumer-group-2, groupId=tomge-consumer-group] Request joining group due to: need to re-join with the given member-id: consumer-tomge-consumer-group-2-db92f341-86c3-4712-985d-a62b4f1756b9
2025-03-31 16:19:11.540 [org.springframework.kafka.KafkaListenerEndpointContainer#0-0-C-1] INFO  org.apache.kafka.clients.consumer.internals.ConsumerCoordinator - [Consumer clientId=consumer-tomge-consumer-group-1, groupId=tomge-consumer-group] (Re-)joining group
2025-03-31 16:19:11.540 [org.springframework.kafka.KafkaListenerEndpointContainer#1-0-C-1] INFO  org.apache.kafka.clients.consumer.internals.ConsumerCoordinator - [Consumer clientId=consumer-tomge-consumer-group-2, groupId=tomge-consumer-group] (Re-)joining group
2025-03-31 16:19:11.543 [org.springframework.kafka.KafkaListenerEndpointContainer#0-0-C-1] INFO  org.apache.kafka.clients.consumer.internals.ConsumerCoordinator - [Consumer clientId=consumer-tomge-consumer-group-1, groupId=tomge-consumer-group] Successfully joined group with generation Generation{generationId=109, memberId='consumer-tomge-consumer-group-1-d17edcdd-5fd5-43b0-bd7e-5d7452213190', protocol='range'}
2025-03-31 16:19:11.543 [org.springframework.kafka.KafkaListenerEndpointContainer#1-0-C-1] INFO  org.apache.kafka.clients.consumer.internals.ConsumerCoordinator - [Consumer clientId=consumer-tomge-consumer-group-2, groupId=tomge-consumer-group] Successfully joined group with generation Generation{generationId=109, memberId='consumer-tomge-consumer-group-2-db92f341-86c3-4712-985d-a62b4f1756b9', protocol='range'}
2025-03-31 16:19:11.547 [org.springframework.kafka.KafkaListenerEndpointContainer#1-0-C-1] INFO  org.apache.kafka.clients.consumer.internals.ConsumerCoordinator - [Consumer clientId=consumer-tomge-consumer-group-2, groupId=tomge-consumer-group] Finished assignment for group at generation 109: {consumer-tomge-consumer-group-1-d17edcdd-5fd5-43b0-bd7e-5d7452213190=Assignment(partitions=[testtopic2-0]), consumer-tomge-consumer-group-2-db92f341-86c3-4712-985d-a62b4f1756b9=Assignment(partitions=[testtopic-0])}
2025-03-31 16:19:11.552 [org.springframework.kafka.KafkaListenerEndpointContainer#0-0-C-1] INFO  org.apache.kafka.clients.consumer.internals.ConsumerCoordinator - [Consumer clientId=consumer-tomge-consumer-group-1, groupId=tomge-consumer-group] Successfully synced group in generation Generation{generationId=109, memberId='consumer-tomge-consumer-group-1-d17edcdd-5fd5-43b0-bd7e-5d7452213190', protocol='range'}
2025-03-31 16:19:11.552 [org.springframework.kafka.KafkaListenerEndpointContainer#1-0-C-1] INFO  org.apache.kafka.clients.consumer.internals.ConsumerCoordinator - [Consumer clientId=consumer-tomge-consumer-group-2, groupId=tomge-consumer-group] Successfully synced group in generation Generation{generationId=109, memberId='consumer-tomge-consumer-group-2-db92f341-86c3-4712-985d-a62b4f1756b9', protocol='range'}
2025-03-31 16:19:11.552 [org.springframework.kafka.KafkaListenerEndpointContainer#0-0-C-1] INFO  org.apache.kafka.clients.consumer.internals.ConsumerCoordinator - [Consumer clientId=consumer-tomge-consumer-group-1, groupId=tomge-consumer-group] Notifying assignor about the new Assignment(partitions=[testtopic2-0])
2025-03-31 16:19:11.552 [org.springframework.kafka.KafkaListenerEndpointContainer#1-0-C-1] INFO  org.apache.kafka.clients.consumer.internals.ConsumerCoordinator - [Consumer clientId=consumer-tomge-consumer-group-2, groupId=tomge-consumer-group] Notifying assignor about the new Assignment(partitions=[testtopic-0])
2025-03-31 16:19:11.553 [org.springframework.kafka.KafkaListenerEndpointContainer#0-0-C-1] INFO  org.apache.kafka.clients.consumer.internals.ConsumerRebalanceListenerInvoker - [Consumer clientId=consumer-tomge-consumer-group-1, groupId=tomge-consumer-group] Adding newly assigned partitions: testtopic2-0
2025-03-31 16:19:11.553 [org.springframework.kafka.KafkaListenerEndpointContainer#1-0-C-1] INFO  org.apache.kafka.clients.consumer.internals.ConsumerRebalanceListenerInvoker - [Consumer clientId=consumer-tomge-consumer-group-2, groupId=tomge-consumer-group] Adding newly assigned partitions: testtopic-0
2025-03-31 16:19:11.556 [org.springframework.kafka.KafkaListenerEndpointContainer#1-0-C-1] INFO  org.apache.kafka.clients.consumer.internals.ConsumerUtils - Setting offset for partition testtopic-0 to the committed offset FetchPosition{offset=78, offsetEpoch=Optional.empty, currentLeader=LeaderAndEpoch{leader=Optional[localhost:9092 (id: 0 rack: null)], epoch=0}}
2025-03-31 16:19:11.556 [org.springframework.kafka.KafkaListenerEndpointContainer#0-0-C-1] INFO  org.apache.kafka.clients.consumer.internals.ConsumerUtils - Setting offset for partition testtopic2-0 to the committed offset FetchPosition{offset=50, offsetEpoch=Optional.empty, currentLeader=LeaderAndEpoch{leader=Optional[localhost:9092 (id: 0 rack: null)], epoch=0}}
2025-03-31 16:19:11.840 [DubboShutdownHook] INFO  org.apache.dubbo.config.DubboShutdownHook -  [DUBBO] Run shutdown hook now., dubbo version: 3.3.0, current host: 10.131.120.41
2025-03-31 16:19:11.841 [SpringApplicationShutdownHook] INFO  org.apache.dubbo.config.deploy.DefaultModuleDeployer -  [DUBBO] Dubbo Module[1.1.1] is stopping., dubbo version: 3.3.0, current host: 10.131.120.41
2025-03-31 16:19:11.841 [SpringApplicationShutdownHook] INFO  org.apache.dubbo.config.deploy.DefaultApplicationDeployer -  [DUBBO] Dubbo Application[1.1](testspringboot) has completed., dubbo version: 3.3.0, current host: 10.131.120.41
2025-03-31 16:19:11.841 [DubboShutdownHook] INFO  org.apache.dubbo.config.DubboShutdownHook -  [DUBBO] Dubbo shutdown hooks execute now. Dubbo Application[1.1](testspringboot), dubbo version: 3.3.0, current host: 10.131.120.41
2025-03-31 16:19:11.841 [SpringApplicationShutdownHook] INFO  org.apache.dubbo.config.deploy.DefaultModuleDeployer -  [DUBBO] Dubbo Module[1.1.1] has stopped., dubbo version: 3.3.0, current host: 10.131.120.41
2025-03-31 16:19:11.841 [SpringApplicationShutdownHook] INFO  org.apache.dubbo.config.deploy.DefaultApplicationDeployer -  [DUBBO] Dubbo Application[1.1](testspringboot) has completed., dubbo version: 3.3.0, current host: 10.131.120.41
2025-03-31 16:19:11.841 [SpringApplicationShutdownHook] INFO  org.apache.dubbo.rpc.model.FrameworkModel -  [DUBBO] Reset global default application from Dubbo Application[1.1](testspringboot) to null, dubbo version: 3.3.0, current host: 10.131.120.41
2025-03-31 16:19:11.841 [SpringApplicationShutdownHook] INFO  org.apache.dubbo.config.deploy.DefaultApplicationDeployer -  [DUBBO] Dubbo Application[1.1](testspringboot) is stopping., dubbo version: 3.3.0, current host: 10.131.120.41
2025-03-31 16:19:11.841 [SpringApplicationShutdownHook] INFO  org.apache.dubbo.config.deploy.DefaultModuleDeployer -  [DUBBO] Dubbo Module[1.1.0] is stopping., dubbo version: 3.3.0, current host: 10.131.120.41
2025-03-31 16:19:11.841 [SpringApplicationShutdownHook] INFO  org.apache.dubbo.config.deploy.DefaultModuleDeployer -  [DUBBO] Dubbo Module[1.1.0] has stopped., dubbo version: 3.3.0, current host: 10.131.120.41
2025-03-31 16:19:11.842 [SpringApplicationShutdownHook] INFO  org.apache.dubbo.registry.support.RegistryManager -  [DUBBO] Close all registries [], dubbo version: 3.3.0, current host: 10.131.120.41
2025-03-31 16:19:11.842 [SpringApplicationShutdownHook] INFO  org.apache.dubbo.common.threadpool.manager.DefaultExecutorRepository -  [DUBBO] destroying application executor repository .., dubbo version: 3.3.0, current host: 10.131.120.41
2025-03-31 16:19:11.842 [SpringApplicationShutdownHook] INFO  org.apache.dubbo.config.deploy.DefaultApplicationDeployer -  [DUBBO] Dubbo Application[1.1](testspringboot) has stopped., dubbo version: 3.3.0, current host: 10.131.120.41
2025-03-31 16:19:11.842 [SpringApplicationShutdownHook] INFO  org.apache.dubbo.rpc.model.FrameworkModel -  [DUBBO] Destroying default framework model: Dubbo Framework[1], dubbo version: 3.3.0, current host: 10.131.120.41
2025-03-31 16:19:11.842 [SpringApplicationShutdownHook] INFO  org.apache.dubbo.rpc.model.FrameworkModel -  [DUBBO] Dubbo Framework[1] is destroying ..., dubbo version: 3.3.0, current host: 10.131.120.41
2025-03-31 16:19:11.842 [SpringApplicationShutdownHook] INFO  org.apache.dubbo.config.deploy.DefaultApplicationDeployer -  [DUBBO] Dubbo Application[1.0](DUBBO_INTERNAL_APPLICATION) is stopping., dubbo version: 3.3.0, current host: 10.131.120.41
2025-03-31 16:19:11.842 [SpringApplicationShutdownHook] INFO  org.apache.dubbo.config.deploy.DefaultModuleDeployer -  [DUBBO] Dubbo Module[1.0.0] is stopping., dubbo version: 3.3.0, current host: 10.131.120.41
2025-03-31 16:19:11.842 [SpringApplicationShutdownHook] INFO  org.apache.dubbo.config.deploy.DefaultModuleDeployer -  [DUBBO] Dubbo Module[1.0.0] has stopped., dubbo version: 3.3.0, current host: 10.131.120.41
2025-03-31 16:19:11.842 [SpringApplicationShutdownHook] INFO  org.apache.dubbo.registry.support.RegistryManager -  [DUBBO] Close all registries [], dubbo version: 3.3.0, current host: 10.131.120.41
2025-03-31 16:19:11.842 [SpringApplicationShutdownHook] INFO  org.apache.dubbo.common.threadpool.manager.DefaultExecutorRepository -  [DUBBO] destroying application executor repository .., dubbo version: 3.3.0, current host: 10.131.120.41
2025-03-31 16:19:11.842 [SpringApplicationShutdownHook] INFO  org.apache.dubbo.config.deploy.DefaultApplicationDeployer -  [DUBBO] Dubbo Application[1.0](DUBBO_INTERNAL_APPLICATION) has stopped., dubbo version: 3.3.0, current host: 10.131.120.41
2025-03-31 16:19:11.843 [SpringApplicationShutdownHook] INFO  org.apache.dubbo.rpc.model.FrameworkModel -  [DUBBO] Dubbo Framework[1] is destroyed, dubbo version: 3.3.0, current host: 10.131.120.41
2025-03-31 16:19:11.843 [SpringApplicationShutdownHook] INFO  org.apache.dubbo.rpc.model.FrameworkModel -  [DUBBO] Reset global default framework from Dubbo Framework[1] to null, dubbo version: 3.3.0, current host: 10.131.120.41
2025-03-31 16:19:11.843 [SpringApplicationShutdownHook] INFO  org.apache.dubbo.common.resource.GlobalResourcesRepository -  [DUBBO] Destroying global resources ..., dubbo version: 3.3.0, current host: 10.131.120.41
2025-03-31 16:19:11.843 [SpringApplicationShutdownHook] INFO  org.apache.dubbo.common.resource.GlobalResourcesRepository -  [DUBBO] Dubbo is completely destroyed, dubbo version: 3.3.0, current host: 10.131.120.41
2025-03-31 16:19:11.843 [SpringApplicationShutdownHook] INFO  org.apache.dubbo.common.threadpool.manager.FrameworkExecutorRepository -  [DUBBO] destroying framework executor repository .., dubbo version: 3.3.0, current host: 10.131.120.41
2025-03-31 16:19:11.843 [SpringApplicationShutdownHook] INFO  org.apache.dubbo.config.spring.context.DubboSpringInitializer -  [DUBBO] Unbind Dubbo Module[1.1.1] from spring container: org.springframework.beans.factory.support.DefaultListableBeanFactory@80bfa9d, dubbo version: 3.3.0, current host: 10.131.120.41
2025-03-31 16:19:11.844 [org.springframework.kafka.KafkaListenerEndpointContainer#0-0-C-1] INFO  org.apache.kafka.clients.consumer.internals.ConsumerRebalanceListenerInvoker - [Consumer clientId=consumer-tomge-consumer-group-1, groupId=tomge-consumer-group] Revoke previously assigned partitions testtopic2-0
2025-03-31 16:19:11.844 [org.springframework.kafka.KafkaListenerEndpointContainer#1-0-C-1] INFO  org.apache.kafka.clients.consumer.internals.ConsumerRebalanceListenerInvoker - [Consumer clientId=consumer-tomge-consumer-group-2, groupId=tomge-consumer-group] Revoke previously assigned partitions testtopic-0
2025-03-31 16:19:11.845 [org.springframework.kafka.KafkaListenerEndpointContainer#0-0-C-1] INFO  org.apache.kafka.clients.consumer.internals.ConsumerCoordinator - [Consumer clientId=consumer-tomge-consumer-group-1, groupId=tomge-consumer-group] Member consumer-tomge-consumer-group-1-d17edcdd-5fd5-43b0-bd7e-5d7452213190 sending LeaveGroup request to coordinator localhost:9092 (id: 2147483647 rack: null) due to the consumer unsubscribed from all topics
2025-03-31 16:19:11.845 [org.springframework.kafka.KafkaListenerEndpointContainer#1-0-C-1] INFO  org.apache.kafka.clients.consumer.internals.ConsumerCoordinator - [Consumer clientId=consumer-tomge-consumer-group-2, groupId=tomge-consumer-group] Member consumer-tomge-consumer-group-2-db92f341-86c3-4712-985d-a62b4f1756b9 sending LeaveGroup request to coordinator localhost:9092 (id: 2147483647 rack: null) due to the consumer unsubscribed from all topics
2025-03-31 16:19:11.845 [org.springframework.kafka.KafkaListenerEndpointContainer#0-0-C-1] INFO  org.apache.kafka.clients.consumer.internals.ConsumerCoordinator - [Consumer clientId=consumer-tomge-consumer-group-1, groupId=tomge-consumer-group] Resetting generation and member id due to: consumer pro-actively leaving the group
2025-03-31 16:19:11.845 [org.springframework.kafka.KafkaListenerEndpointContainer#1-0-C-1] INFO  org.apache.kafka.clients.consumer.internals.ConsumerCoordinator - [Consumer clientId=consumer-tomge-consumer-group-2, groupId=tomge-consumer-group] Resetting generation and member id due to: consumer pro-actively leaving the group
2025-03-31 16:19:11.845 [org.springframework.kafka.KafkaListenerEndpointContainer#0-0-C-1] INFO  org.apache.kafka.clients.consumer.internals.ConsumerCoordinator - [Consumer clientId=consumer-tomge-consumer-group-1, groupId=tomge-consumer-group] Request joining group due to: consumer pro-actively leaving the group
2025-03-31 16:19:11.845 [org.springframework.kafka.KafkaListenerEndpointContainer#1-0-C-1] INFO  org.apache.kafka.clients.consumer.internals.ConsumerCoordinator - [Consumer clientId=consumer-tomge-consumer-group-2, groupId=tomge-consumer-group] Request joining group due to: consumer pro-actively leaving the group
2025-03-31 16:19:11.845 [org.springframework.kafka.KafkaListenerEndpointContainer#0-0-C-1] INFO  org.apache.kafka.clients.consumer.internals.LegacyKafkaConsumer - [Consumer clientId=consumer-tomge-consumer-group-1, groupId=tomge-consumer-group] Unsubscribed all topics or patterns and assigned partitions
2025-03-31 16:19:11.845 [org.springframework.kafka.KafkaListenerEndpointContainer#1-0-C-1] INFO  org.apache.kafka.clients.consumer.internals.LegacyKafkaConsumer - [Consumer clientId=consumer-tomge-consumer-group-2, groupId=tomge-consumer-group] Unsubscribed all topics or patterns and assigned partitions
2025-03-31 16:19:11.845 [org.springframework.kafka.KafkaListenerEndpointContainer#0-0-C-1] INFO  org.apache.kafka.clients.consumer.internals.ConsumerCoordinator - [Consumer clientId=consumer-tomge-consumer-group-1, groupId=tomge-consumer-group] Resetting generation and member id due to: consumer pro-actively leaving the group
2025-03-31 16:19:11.845 [org.springframework.kafka.KafkaListenerEndpointContainer#1-0-C-1] INFO  org.apache.kafka.clients.consumer.internals.ConsumerCoordinator - [Consumer clientId=consumer-tomge-consumer-group-2, groupId=tomge-consumer-group] Resetting generation and member id due to: consumer pro-actively leaving the group
2025-03-31 16:19:11.845 [org.springframework.kafka.KafkaListenerEndpointContainer#0-0-C-1] INFO  org.apache.kafka.clients.consumer.internals.ConsumerCoordinator - [Consumer clientId=consumer-tomge-consumer-group-1, groupId=tomge-consumer-group] Request joining group due to: consumer pro-actively leaving the group
2025-03-31 16:19:11.846 [org.springframework.kafka.KafkaListenerEndpointContainer#1-0-C-1] INFO  org.apache.kafka.clients.consumer.internals.ConsumerCoordinator - [Consumer clientId=consumer-tomge-consumer-group-2, groupId=tomge-consumer-group] Request joining group due to: consumer pro-actively leaving the group
2025-03-31 16:19:12.069 [org.springframework.kafka.KafkaListenerEndpointContainer#1-0-C-1] INFO  org.apache.kafka.clients.FetchSessionHandler - [Consumer clientId=consumer-tomge-consumer-group-2, groupId=tomge-consumer-group] Node 0 sent an invalid full fetch response with extraIds=(JKCArCqFSeCjq-Q8-0yRiQ), response=()
2025-03-31 16:19:12.069 [org.springframework.kafka.KafkaListenerEndpointContainer#0-0-C-1] INFO  org.apache.kafka.clients.FetchSessionHandler - [Consumer clientId=consumer-tomge-consumer-group-1, groupId=tomge-consumer-group] Node 0 sent an invalid full fetch response with extraIds=(5-4wBK7WQSOfETuJhl1Pew), response=()
2025-03-31 16:19:12.093 [org.springframework.kafka.KafkaListenerEndpointContainer#0-0-C-1] INFO  org.apache.kafka.common.metrics.Metrics - Metrics scheduler closed
2025-03-31 16:19:12.093 [org.springframework.kafka.KafkaListenerEndpointContainer#1-0-C-1] INFO  org.apache.kafka.common.metrics.Metrics - Metrics scheduler closed
2025-03-31 16:19:12.093 [org.springframework.kafka.KafkaListenerEndpointContainer#0-0-C-1] INFO  org.apache.kafka.common.metrics.Metrics - Closing reporter org.apache.kafka.common.metrics.JmxReporter
2025-03-31 16:19:12.093 [org.springframework.kafka.KafkaListenerEndpointContainer#1-0-C-1] INFO  org.apache.kafka.common.metrics.Metrics - Closing reporter org.apache.kafka.common.metrics.JmxReporter
2025-03-31 16:19:12.093 [org.springframework.kafka.KafkaListenerEndpointContainer#0-0-C-1] INFO  org.apache.kafka.common.metrics.Metrics - Closing reporter org.apache.kafka.common.telemetry.internals.ClientTelemetryReporter
2025-03-31 16:19:12.093 [org.springframework.kafka.KafkaListenerEndpointContainer#1-0-C-1] INFO  org.apache.kafka.common.metrics.Metrics - Closing reporter org.apache.kafka.common.telemetry.internals.ClientTelemetryReporter
2025-03-31 16:19:12.093 [org.springframework.kafka.KafkaListenerEndpointContainer#0-0-C-1] INFO  org.apache.kafka.common.metrics.Metrics - Metrics reporters closed
2025-03-31 16:19:12.093 [org.springframework.kafka.KafkaListenerEndpointContainer#1-0-C-1] INFO  org.apache.kafka.common.metrics.Metrics - Metrics reporters closed
2025-03-31 16:19:12.100 [org.springframework.kafka.KafkaListenerEndpointContainer#0-0-C-1] INFO  org.apache.kafka.common.utils.AppInfoParser - App info kafka.consumer for consumer-tomge-consumer-group-1 unregistered
2025-03-31 16:19:12.101 [org.springframework.kafka.KafkaListenerEndpointContainer#1-0-C-1] INFO  org.apache.kafka.common.utils.AppInfoParser - App info kafka.consumer for consumer-tomge-consumer-group-2 unregistered
2025-03-31 16:27:31.702 [main] INFO  org.apache.dubbo.spring.boot.context.event.WelcomeLogoApplicationListener -  [DUBBO] 

 :: Dubbo (v3.3.0) : https://github.com/apache/dubbo
 :: Discuss group : dev@dubbo.apache.org
, dubbo version: 3.3.0, current host: 10.131.120.41
2025-03-31 16:27:31.725 [main] INFO  com.test.testboot.TestbootApplicationTests - Starting TestbootApplicationTests using Java 23.0.2 with PID 46739 (started by zhaoxin in /Users/zhaoxin/Documents/GitHub/testboot)
2025-03-31 16:27:31.726 [main] INFO  com.test.testboot.TestbootApplicationTests - No active profile set, falling back to 1 default profile: "default"
2025-03-31 16:27:32.077 [main] INFO  org.apache.dubbo.rpc.model.FrameworkModel -  [DUBBO] Dubbo Framework[1] is created, dubbo version: 3.3.0, current host: 10.131.120.41
2025-03-31 16:27:32.082 [main] INFO  org.apache.dubbo.common.resource.GlobalResourcesRepository -  [DUBBO] Creating global shared handler ..., dubbo version: 3.3.0, current host: 10.131.120.41
2025-03-31 16:27:32.113 [main] INFO  org.apache.dubbo.rpc.model.ApplicationModel -  [DUBBO] Dubbo Application[1.0](unknown) is created, dubbo version: 3.3.0, current host: 10.131.120.41
2025-03-31 16:27:32.114 [main] INFO  org.apache.dubbo.rpc.model.ScopeModel -  [DUBBO] Dubbo Module[1.0.0] is created, dubbo version: 3.3.0, current host: 10.131.120.41
2025-03-31 16:27:32.124 [main] INFO  org.apache.dubbo.config.context.AbstractConfigManager -  [DUBBO] Config settings: {dubbo.config.mode=STRICT, dubbo.config.ignore-duplicated-interface=false}, dubbo version: 3.3.0, current host: 10.131.120.41
2025-03-31 16:27:32.125 [main] INFO  org.apache.dubbo.config.context.AbstractConfigManager -  [DUBBO] Config settings: {dubbo.config.mode=STRICT, dubbo.config.ignore-duplicated-interface=false}, dubbo version: 3.3.0, current host: 10.131.120.41
2025-03-31 16:27:32.126 [main] INFO  org.apache.dubbo.common.utils.SerializeSecurityManager -  [DUBBO] Serialize check serializable: true, dubbo version: 3.3.0, current host: 10.131.120.41
2025-03-31 16:27:32.127 [main] INFO  org.apache.dubbo.common.utils.SerializeSecurityConfigurator -  [DUBBO] Read serialize allow list from jar:file:/Users/zhaoxin/.m2/repository/org/apache/dubbo/dubbo/3.3.0/dubbo-3.3.0.jar!/security/serialize.allowlist, dubbo version: 3.3.0, current host: 10.131.120.41
2025-03-31 16:27:32.142 [main] INFO  org.apache.dubbo.common.utils.SerializeSecurityConfigurator -  [DUBBO] Read serialize allow list from jar:file:/Users/zhaoxin/.m2/repository/org/apache/dubbo/dubbo-common/3.3.0/dubbo-common-3.3.0.jar!/security/serialize.allowlist, dubbo version: 3.3.0, current host: 10.131.120.41
2025-03-31 16:27:32.143 [main] INFO  org.apache.dubbo.common.utils.SerializeSecurityConfigurator -  [DUBBO] Read serialize blocked list from jar:file:/Users/zhaoxin/.m2/repository/org/apache/dubbo/dubbo/3.3.0/dubbo-3.3.0.jar!/security/serialize.blockedlist, dubbo version: 3.3.0, current host: 10.131.120.41
2025-03-31 16:27:32.176 [main] INFO  org.apache.dubbo.common.utils.SerializeSecurityConfigurator -  [DUBBO] Read serialize blocked list from jar:file:/Users/zhaoxin/.m2/repository/org/apache/dubbo/dubbo-common/3.3.0/dubbo-common-3.3.0.jar!/security/serialize.blockedlist, dubbo version: 3.3.0, current host: 10.131.120.41
2025-03-31 16:27:32.210 [main] INFO  org.apache.dubbo.rpc.model.ApplicationModel -  [DUBBO] Dubbo Application[1.1](unknown) is created, dubbo version: 3.3.0, current host: 10.131.120.41
2025-03-31 16:27:32.210 [main] INFO  org.apache.dubbo.rpc.model.ScopeModel -  [DUBBO] Dubbo Module[1.1.0] is created, dubbo version: 3.3.0, current host: 10.131.120.41
2025-03-31 16:27:32.212 [main] INFO  org.apache.dubbo.config.context.AbstractConfigManager -  [DUBBO] Config settings: {dubbo.config.mode=STRICT, dubbo.config.ignore-duplicated-interface=false}, dubbo version: 3.3.0, current host: 10.131.120.41
2025-03-31 16:27:32.212 [main] INFO  org.apache.dubbo.config.context.AbstractConfigManager -  [DUBBO] Config settings: {dubbo.config.mode=STRICT, dubbo.config.ignore-duplicated-interface=false}, dubbo version: 3.3.0, current host: 10.131.120.41
2025-03-31 16:27:32.213 [main] INFO  org.apache.dubbo.common.utils.SerializeSecurityConfigurator -  [DUBBO] Read serialize allow list from jar:file:/Users/zhaoxin/.m2/repository/org/apache/dubbo/dubbo/3.3.0/dubbo-3.3.0.jar!/security/serialize.allowlist, dubbo version: 3.3.0, current host: 10.131.120.41
2025-03-31 16:27:32.213 [main] INFO  org.apache.dubbo.common.utils.SerializeSecurityConfigurator -  [DUBBO] Read serialize allow list from jar:file:/Users/zhaoxin/.m2/repository/org/apache/dubbo/dubbo-common/3.3.0/dubbo-common-3.3.0.jar!/security/serialize.allowlist, dubbo version: 3.3.0, current host: 10.131.120.41
2025-03-31 16:27:32.213 [main] INFO  org.apache.dubbo.common.utils.SerializeSecurityConfigurator -  [DUBBO] Read serialize blocked list from jar:file:/Users/zhaoxin/.m2/repository/org/apache/dubbo/dubbo/3.3.0/dubbo-3.3.0.jar!/security/serialize.blockedlist, dubbo version: 3.3.0, current host: 10.131.120.41
2025-03-31 16:27:32.213 [main] INFO  org.apache.dubbo.common.utils.SerializeSecurityConfigurator -  [DUBBO] Read serialize blocked list from jar:file:/Users/zhaoxin/.m2/repository/org/apache/dubbo/dubbo-common/3.3.0/dubbo-common-3.3.0.jar!/security/serialize.blockedlist, dubbo version: 3.3.0, current host: 10.131.120.41
2025-03-31 16:27:32.216 [main] INFO  org.apache.dubbo.config.spring.context.DubboSpringInitializer -  [DUBBO] Use default application: Dubbo Application[1.1](unknown), dubbo version: 3.3.0, current host: 10.131.120.41
2025-03-31 16:27:32.217 [main] INFO  org.apache.dubbo.rpc.model.ScopeModel -  [DUBBO] Dubbo Module[1.1.1] is created, dubbo version: 3.3.0, current host: 10.131.120.41
2025-03-31 16:27:32.218 [main] INFO  org.apache.dubbo.config.context.AbstractConfigManager -  [DUBBO] Config settings: {dubbo.config.mode=STRICT, dubbo.config.ignore-duplicated-interface=false}, dubbo version: 3.3.0, current host: 10.131.120.41
2025-03-31 16:27:32.218 [main] INFO  org.apache.dubbo.common.utils.SerializeSecurityConfigurator -  [DUBBO] Read serialize allow list from jar:file:/Users/zhaoxin/.m2/repository/org/apache/dubbo/dubbo/3.3.0/dubbo-3.3.0.jar!/security/serialize.allowlist, dubbo version: 3.3.0, current host: 10.131.120.41
2025-03-31 16:27:32.218 [main] INFO  org.apache.dubbo.common.utils.SerializeSecurityConfigurator -  [DUBBO] Read serialize allow list from jar:file:/Users/zhaoxin/.m2/repository/org/apache/dubbo/dubbo-common/3.3.0/dubbo-common-3.3.0.jar!/security/serialize.allowlist, dubbo version: 3.3.0, current host: 10.131.120.41
2025-03-31 16:27:32.218 [main] INFO  org.apache.dubbo.common.utils.SerializeSecurityConfigurator -  [DUBBO] Read serialize blocked list from jar:file:/Users/zhaoxin/.m2/repository/org/apache/dubbo/dubbo/3.3.0/dubbo-3.3.0.jar!/security/serialize.blockedlist, dubbo version: 3.3.0, current host: 10.131.120.41
2025-03-31 16:27:32.219 [main] INFO  org.apache.dubbo.common.utils.SerializeSecurityConfigurator -  [DUBBO] Read serialize blocked list from jar:file:/Users/zhaoxin/.m2/repository/org/apache/dubbo/dubbo-common/3.3.0/dubbo-common-3.3.0.jar!/security/serialize.blockedlist, dubbo version: 3.3.0, current host: 10.131.120.41
2025-03-31 16:27:32.220 [main] INFO  org.apache.dubbo.config.spring.context.DubboSpringInitializer -  [DUBBO] Use default module model of target application: Dubbo Module[1.1.1], dubbo version: 3.3.0, current host: 10.131.120.41
2025-03-31 16:27:32.220 [main] INFO  org.apache.dubbo.config.spring.context.DubboSpringInitializer -  [DUBBO] Bind Dubbo Module[1.1.1] to spring container: org.springframework.beans.factory.support.DefaultListableBeanFactory@80bfa9d, dubbo version: 3.3.0, current host: 10.131.120.41
2025-03-31 16:27:32.557 [main] INFO  org.apache.dubbo.config.spring.beans.factory.annotation.ReferenceAnnotationBeanPostProcessor -  [DUBBO] class org.apache.dubbo.config.spring.beans.factory.annotation.ReferenceAnnotationBeanPostProcessor was destroying!, dubbo version: 3.3.0, current host: 10.131.120.41
2025-03-31 16:27:32.643 [main] INFO  org.apache.dubbo.config.spring.context.DubboConfigBeanInitializer -  [DUBBO] loading dubbo config beans ..., dubbo version: 3.3.0, current host: 10.131.120.41
2025-03-31 16:27:32.645 [main] INFO  org.apache.dubbo.config.spring.context.DubboConfigBeanInitializer -  [DUBBO] dubbo config beans are loaded., dubbo version: 3.3.0, current host: 10.131.120.41
2025-03-31 16:27:32.673 [main] INFO  org.apache.dubbo.config.context.ConfigManager -  [DUBBO] The current configurations or effective configurations are as follows:, dubbo version: 3.3.0, current host: 10.131.120.41
2025-03-31 16:27:32.673 [main] INFO  org.apache.dubbo.config.context.ConfigManager -  [DUBBO] <dubbo:application enableFileCache="true" executorManagementMode="isolation" parameters="{}" name="testspringboot" protocol="dubbo" />, dubbo version: 3.3.0, current host: 10.131.120.41
2025-03-31 16:27:32.674 [main] INFO  org.apache.dubbo.config.context.ConfigManager -  [DUBBO] <dubbo:protocol preferSerialization="hessian2,fastjson2" name="dubbo" />, dubbo version: 3.3.0, current host: 10.131.120.41
2025-03-31 16:27:32.674 [main] INFO  org.apache.dubbo.config.context.ConfigManager -  [DUBBO] <dubbo:ssl />, dubbo version: 3.3.0, current host: 10.131.120.41
2025-03-31 16:27:32.684 [main] INFO  org.apache.dubbo.config.deploy.DefaultModuleDeployer -  [DUBBO] Dubbo Module[1.1.0] has been initialized!, dubbo version: 3.3.0, current host: 10.131.120.41
2025-03-31 16:27:32.687 [main] INFO  org.apache.dubbo.config.deploy.DefaultModuleDeployer -  [DUBBO] Dubbo Module[1.1.1] has been initialized!, dubbo version: 3.3.0, current host: 10.131.120.41
2025-03-31 16:27:32.736 [main] INFO  org.apache.dubbo.config.deploy.DefaultApplicationDeployer -  [DUBBO] Dubbo Application[1.1](testspringboot) has been initialized!, dubbo version: 3.3.0, current host: 10.131.120.41
2025-03-31 16:27:33.844 [main] INFO  org.apache.kafka.clients.consumer.ConsumerConfig - ConsumerConfig values: 
	allow.auto.create.topics = true
	auto.commit.interval.ms = 5000
	auto.include.jmx.reporter = true
	auto.offset.reset = latest
	bootstrap.servers = [localhost:9092]
	check.crcs = true
	client.dns.lookup = use_all_dns_ips
	client.id = consumer-tomge-consumer-group-1
	client.rack = 
	connections.max.idle.ms = 540000
	default.api.timeout.ms = 60000
	enable.auto.commit = false
	enable.metrics.push = true
	exclude.internal.topics = true
	fetch.max.bytes = 52428800
	fetch.max.wait.ms = 500
	fetch.min.bytes = 1
	group.id = tomge-consumer-group
	group.instance.id = null
	group.protocol = classic
	group.remote.assignor = null
	heartbeat.interval.ms = 3000
	interceptor.classes = []
	internal.leave.group.on.close = true
	internal.throw.on.fetch.stable.offset.unsupported = false
	isolation.level = read_uncommitted
	key.deserializer = class org.apache.kafka.common.serialization.StringDeserializer
	max.partition.fetch.bytes = 1048576
	max.poll.interval.ms = 300000
	max.poll.records = 500
	metadata.max.age.ms = 300000
	metric.reporters = []
	metrics.num.samples = 2
	metrics.recording.level = INFO
	metrics.sample.window.ms = 30000
	partition.assignment.strategy = [class org.apache.kafka.clients.consumer.RangeAssignor, class org.apache.kafka.clients.consumer.CooperativeStickyAssignor]
	receive.buffer.bytes = 65536
	reconnect.backoff.max.ms = 1000
	reconnect.backoff.ms = 50
	request.timeout.ms = 30000
	retry.backoff.max.ms = 1000
	retry.backoff.ms = 100
	sasl.client.callback.handler.class = null
	sasl.jaas.config = null
	sasl.kerberos.kinit.cmd = /usr/bin/kinit
	sasl.kerberos.min.time.before.relogin = 60000
	sasl.kerberos.service.name = null
	sasl.kerberos.ticket.renew.jitter = 0.05
	sasl.kerberos.ticket.renew.window.factor = 0.8
	sasl.login.callback.handler.class = null
	sasl.login.class = null
	sasl.login.connect.timeout.ms = null
	sasl.login.read.timeout.ms = null
	sasl.login.refresh.buffer.seconds = 300
	sasl.login.refresh.min.period.seconds = 60
	sasl.login.refresh.window.factor = 0.8
	sasl.login.refresh.window.jitter = 0.05
	sasl.login.retry.backoff.max.ms = 10000
	sasl.login.retry.backoff.ms = 100
	sasl.mechanism = GSSAPI
	sasl.oauthbearer.clock.skew.seconds = 30
	sasl.oauthbearer.expected.audience = null
	sasl.oauthbearer.expected.issuer = null
	sasl.oauthbearer.jwks.endpoint.refresh.ms = 3600000
	sasl.oauthbearer.jwks.endpoint.retry.backoff.max.ms = 10000
	sasl.oauthbearer.jwks.endpoint.retry.backoff.ms = 100
	sasl.oauthbearer.jwks.endpoint.url = null
	sasl.oauthbearer.scope.claim.name = scope
	sasl.oauthbearer.sub.claim.name = sub
	sasl.oauthbearer.token.endpoint.url = null
	security.protocol = PLAINTEXT
	security.providers = null
	send.buffer.bytes = 131072
	session.timeout.ms = 45000
	socket.connection.setup.timeout.max.ms = 30000
	socket.connection.setup.timeout.ms = 10000
	ssl.cipher.suites = null
	ssl.enabled.protocols = [TLSv1.2, TLSv1.3]
	ssl.endpoint.identification.algorithm = https
	ssl.engine.factory.class = null
	ssl.key.password = null
	ssl.keymanager.algorithm = SunX509
	ssl.keystore.certificate.chain = null
	ssl.keystore.key = null
	ssl.keystore.location = null
	ssl.keystore.password = null
	ssl.keystore.type = JKS
	ssl.protocol = TLSv1.3
	ssl.provider = null
	ssl.secure.random.implementation = null
	ssl.trustmanager.algorithm = PKIX
	ssl.truststore.certificates = null
	ssl.truststore.location = null
	ssl.truststore.password = null
	ssl.truststore.type = JKS
	value.deserializer = class org.apache.kafka.common.serialization.StringDeserializer

2025-03-31 16:27:33.866 [main] INFO  org.apache.kafka.common.telemetry.internals.KafkaMetricsCollector - initializing Kafka metrics collector
2025-03-31 16:27:33.933 [main] INFO  org.apache.kafka.common.utils.AppInfoParser - Kafka version: 3.7.2
2025-03-31 16:27:33.933 [main] INFO  org.apache.kafka.common.utils.AppInfoParser - Kafka commitId: 79a8f2b5f44f9d5a
2025-03-31 16:27:33.933 [main] INFO  org.apache.kafka.common.utils.AppInfoParser - Kafka startTimeMs: 1743409653932
2025-03-31 16:27:33.935 [main] INFO  org.apache.kafka.clients.consumer.internals.LegacyKafkaConsumer - [Consumer clientId=consumer-tomge-consumer-group-1, groupId=tomge-consumer-group] Subscribed to topic(s): testtopic2
2025-03-31 16:27:33.939 [main] INFO  org.apache.kafka.clients.consumer.ConsumerConfig - ConsumerConfig values: 
	allow.auto.create.topics = true
	auto.commit.interval.ms = 5000
	auto.include.jmx.reporter = true
	auto.offset.reset = latest
	bootstrap.servers = [localhost:9092]
	check.crcs = true
	client.dns.lookup = use_all_dns_ips
	client.id = consumer-tomge-consumer-group-2
	client.rack = 
	connections.max.idle.ms = 540000
	default.api.timeout.ms = 60000
	enable.auto.commit = false
	enable.metrics.push = true
	exclude.internal.topics = true
	fetch.max.bytes = 52428800
	fetch.max.wait.ms = 500
	fetch.min.bytes = 1
	group.id = tomge-consumer-group
	group.instance.id = null
	group.protocol = classic
	group.remote.assignor = null
	heartbeat.interval.ms = 3000
	interceptor.classes = []
	internal.leave.group.on.close = true
	internal.throw.on.fetch.stable.offset.unsupported = false
	isolation.level = read_uncommitted
	key.deserializer = class org.apache.kafka.common.serialization.StringDeserializer
	max.partition.fetch.bytes = 1048576
	max.poll.interval.ms = 300000
	max.poll.records = 500
	metadata.max.age.ms = 300000
	metric.reporters = []
	metrics.num.samples = 2
	metrics.recording.level = INFO
	metrics.sample.window.ms = 30000
	partition.assignment.strategy = [class org.apache.kafka.clients.consumer.RangeAssignor, class org.apache.kafka.clients.consumer.CooperativeStickyAssignor]
	receive.buffer.bytes = 65536
	reconnect.backoff.max.ms = 1000
	reconnect.backoff.ms = 50
	request.timeout.ms = 30000
	retry.backoff.max.ms = 1000
	retry.backoff.ms = 100
	sasl.client.callback.handler.class = null
	sasl.jaas.config = null
	sasl.kerberos.kinit.cmd = /usr/bin/kinit
	sasl.kerberos.min.time.before.relogin = 60000
	sasl.kerberos.service.name = null
	sasl.kerberos.ticket.renew.jitter = 0.05
	sasl.kerberos.ticket.renew.window.factor = 0.8
	sasl.login.callback.handler.class = null
	sasl.login.class = null
	sasl.login.connect.timeout.ms = null
	sasl.login.read.timeout.ms = null
	sasl.login.refresh.buffer.seconds = 300
	sasl.login.refresh.min.period.seconds = 60
	sasl.login.refresh.window.factor = 0.8
	sasl.login.refresh.window.jitter = 0.05
	sasl.login.retry.backoff.max.ms = 10000
	sasl.login.retry.backoff.ms = 100
	sasl.mechanism = GSSAPI
	sasl.oauthbearer.clock.skew.seconds = 30
	sasl.oauthbearer.expected.audience = null
	sasl.oauthbearer.expected.issuer = null
	sasl.oauthbearer.jwks.endpoint.refresh.ms = 3600000
	sasl.oauthbearer.jwks.endpoint.retry.backoff.max.ms = 10000
	sasl.oauthbearer.jwks.endpoint.retry.backoff.ms = 100
	sasl.oauthbearer.jwks.endpoint.url = null
	sasl.oauthbearer.scope.claim.name = scope
	sasl.oauthbearer.sub.claim.name = sub
	sasl.oauthbearer.token.endpoint.url = null
	security.protocol = PLAINTEXT
	security.providers = null
	send.buffer.bytes = 131072
	session.timeout.ms = 45000
	socket.connection.setup.timeout.max.ms = 30000
	socket.connection.setup.timeout.ms = 10000
	ssl.cipher.suites = null
	ssl.enabled.protocols = [TLSv1.2, TLSv1.3]
	ssl.endpoint.identification.algorithm = https
	ssl.engine.factory.class = null
	ssl.key.password = null
	ssl.keymanager.algorithm = SunX509
	ssl.keystore.certificate.chain = null
	ssl.keystore.key = null
	ssl.keystore.location = null
	ssl.keystore.password = null
	ssl.keystore.type = JKS
	ssl.protocol = TLSv1.3
	ssl.provider = null
	ssl.secure.random.implementation = null
	ssl.trustmanager.algorithm = PKIX
	ssl.truststore.certificates = null
	ssl.truststore.location = null
	ssl.truststore.password = null
	ssl.truststore.type = JKS
	value.deserializer = class org.apache.kafka.common.serialization.StringDeserializer

2025-03-31 16:27:33.939 [main] INFO  org.apache.kafka.common.telemetry.internals.KafkaMetricsCollector - initializing Kafka metrics collector
2025-03-31 16:27:33.942 [main] INFO  org.apache.kafka.common.utils.AppInfoParser - Kafka version: 3.7.2
2025-03-31 16:27:33.942 [main] INFO  org.apache.kafka.common.utils.AppInfoParser - Kafka commitId: 79a8f2b5f44f9d5a
2025-03-31 16:27:33.943 [main] INFO  org.apache.kafka.common.utils.AppInfoParser - Kafka startTimeMs: 1743409653942
2025-03-31 16:27:33.943 [main] INFO  org.apache.kafka.clients.consumer.internals.LegacyKafkaConsumer - [Consumer clientId=consumer-tomge-consumer-group-2, groupId=tomge-consumer-group] Subscribed to topic(s): testtopic
2025-03-31 16:27:33.949 [main] INFO  org.apache.dubbo.config.deploy.DefaultModuleDeployer -  [DUBBO] Dubbo Module[1.1.1] is starting., dubbo version: 3.3.0, current host: 10.131.120.41
2025-03-31 16:27:33.949 [main] INFO  org.apache.dubbo.config.deploy.DefaultApplicationDeployer -  [DUBBO] Dubbo Application[1.1](testspringboot) is starting., dubbo version: 3.3.0, current host: 10.131.120.41
2025-03-31 16:27:33.950 [main] INFO  org.apache.dubbo.config.deploy.DefaultModuleDeployer -  [DUBBO] Dubbo Module[1.1.0] is starting., dubbo version: 3.3.0, current host: 10.131.120.41
2025-03-31 16:27:33.950 [main] INFO  org.apache.dubbo.config.deploy.DefaultModuleDeployer -  [DUBBO] Dubbo Module[1.1.0] has started., dubbo version: 3.3.0, current host: 10.131.120.41
2025-03-31 16:27:33.950 [main] INFO  org.apache.dubbo.config.deploy.DefaultModuleDeployer -  [DUBBO] Dubbo Module[1.1.0] has completed., dubbo version: 3.3.0, current host: 10.131.120.41
2025-03-31 16:27:33.950 [main] INFO  org.apache.dubbo.config.deploy.DefaultModuleDeployer -  [DUBBO] Dubbo Module[1.1.1] has started., dubbo version: 3.3.0, current host: 10.131.120.41
2025-03-31 16:27:33.950 [main] INFO  org.apache.dubbo.config.deploy.DefaultMetricsServiceExporter -  [DUBBO] The MetricsConfig not exist, will not export metrics service., dubbo version: 3.3.0, current host: 10.131.120.41
2025-03-31 16:27:33.951 [main] INFO  org.apache.dubbo.config.deploy.DefaultApplicationDeployer -  [DUBBO] Dubbo Application[1.1](testspringboot) is ready., dubbo version: 3.3.0, current host: 10.131.120.41
2025-03-31 16:27:33.951 [main] INFO  org.apache.dubbo.config.deploy.DefaultModuleDeployer -  [DUBBO] Dubbo Module[1.1.1] has completed., dubbo version: 3.3.0, current host: 10.131.120.41
2025-03-31 16:27:33.951 [main] INFO  org.apache.dubbo.config.deploy.DefaultApplicationDeployer -  [DUBBO] Dubbo Application[1.1](testspringboot) has completed., dubbo version: 3.3.0, current host: 10.131.120.41
2025-03-31 16:27:33.952 [main] INFO  com.test.testboot.TestbootApplicationTests - Started TestbootApplicationTests in 2.434 seconds (process running for 2.856)
2025-03-31 16:27:34.087 [org.springframework.kafka.KafkaListenerEndpointContainer#0-0-C-1] INFO  org.apache.kafka.clients.Metadata - [Consumer clientId=consumer-tomge-consumer-group-1, groupId=tomge-consumer-group] Cluster ID: 55v202dzTXeo6Uf5cKQwuw
2025-03-31 16:27:34.087 [org.springframework.kafka.KafkaListenerEndpointContainer#1-0-C-1] INFO  org.apache.kafka.clients.Metadata - [Consumer clientId=consumer-tomge-consumer-group-2, groupId=tomge-consumer-group] Cluster ID: 55v202dzTXeo6Uf5cKQwuw
2025-03-31 16:27:34.087 [org.springframework.kafka.KafkaListenerEndpointContainer#0-0-C-1] INFO  org.apache.kafka.clients.consumer.internals.ConsumerCoordinator - [Consumer clientId=consumer-tomge-consumer-group-1, groupId=tomge-consumer-group] Discovered group coordinator localhost:9092 (id: 2147483647 rack: null)
2025-03-31 16:27:34.087 [org.springframework.kafka.KafkaListenerEndpointContainer#1-0-C-1] INFO  org.apache.kafka.clients.consumer.internals.ConsumerCoordinator - [Consumer clientId=consumer-tomge-consumer-group-2, groupId=tomge-consumer-group] Discovered group coordinator localhost:9092 (id: 2147483647 rack: null)
2025-03-31 16:27:34.088 [org.springframework.kafka.KafkaListenerEndpointContainer#0-0-C-1] INFO  org.apache.kafka.clients.consumer.internals.ConsumerCoordinator - [Consumer clientId=consumer-tomge-consumer-group-1, groupId=tomge-consumer-group] (Re-)joining group
2025-03-31 16:27:34.088 [org.springframework.kafka.KafkaListenerEndpointContainer#1-0-C-1] INFO  org.apache.kafka.clients.consumer.internals.ConsumerCoordinator - [Consumer clientId=consumer-tomge-consumer-group-2, groupId=tomge-consumer-group] (Re-)joining group
2025-03-31 16:27:34.095 [org.springframework.kafka.KafkaListenerEndpointContainer#0-0-C-1] INFO  org.apache.kafka.clients.consumer.internals.ConsumerCoordinator - [Consumer clientId=consumer-tomge-consumer-group-1, groupId=tomge-consumer-group] Request joining group due to: need to re-join with the given member-id: consumer-tomge-consumer-group-1-f84bb90a-f1cd-414b-a118-aa4a7503c848
2025-03-31 16:27:34.095 [org.springframework.kafka.KafkaListenerEndpointContainer#1-0-C-1] INFO  org.apache.kafka.clients.consumer.internals.ConsumerCoordinator - [Consumer clientId=consumer-tomge-consumer-group-2, groupId=tomge-consumer-group] Request joining group due to: need to re-join with the given member-id: consumer-tomge-consumer-group-2-e9123331-c075-42a2-9175-8fe73f8888db
2025-03-31 16:27:34.095 [org.springframework.kafka.KafkaListenerEndpointContainer#0-0-C-1] INFO  org.apache.kafka.clients.consumer.internals.ConsumerCoordinator - [Consumer clientId=consumer-tomge-consumer-group-1, groupId=tomge-consumer-group] (Re-)joining group
2025-03-31 16:27:34.095 [org.springframework.kafka.KafkaListenerEndpointContainer#1-0-C-1] INFO  org.apache.kafka.clients.consumer.internals.ConsumerCoordinator - [Consumer clientId=consumer-tomge-consumer-group-2, groupId=tomge-consumer-group] (Re-)joining group
2025-03-31 16:27:34.097 [org.springframework.kafka.KafkaListenerEndpointContainer#1-0-C-1] INFO  org.apache.kafka.clients.consumer.internals.ConsumerCoordinator - [Consumer clientId=consumer-tomge-consumer-group-2, groupId=tomge-consumer-group] Successfully joined group with generation Generation{generationId=111, memberId='consumer-tomge-consumer-group-2-e9123331-c075-42a2-9175-8fe73f8888db', protocol='range'}
2025-03-31 16:27:34.097 [org.springframework.kafka.KafkaListenerEndpointContainer#0-0-C-1] INFO  org.apache.kafka.clients.consumer.internals.ConsumerCoordinator - [Consumer clientId=consumer-tomge-consumer-group-1, groupId=tomge-consumer-group] Successfully joined group with generation Generation{generationId=111, memberId='consumer-tomge-consumer-group-1-f84bb90a-f1cd-414b-a118-aa4a7503c848', protocol='range'}
2025-03-31 16:27:34.101 [org.springframework.kafka.KafkaListenerEndpointContainer#0-0-C-1] INFO  org.apache.kafka.clients.consumer.internals.ConsumerCoordinator - [Consumer clientId=consumer-tomge-consumer-group-1, groupId=tomge-consumer-group] Finished assignment for group at generation 111: {consumer-tomge-consumer-group-2-e9123331-c075-42a2-9175-8fe73f8888db=Assignment(partitions=[testtopic-0]), consumer-tomge-consumer-group-1-f84bb90a-f1cd-414b-a118-aa4a7503c848=Assignment(partitions=[testtopic2-0])}
2025-03-31 16:27:34.104 [org.springframework.kafka.KafkaListenerEndpointContainer#1-0-C-1] INFO  org.apache.kafka.clients.consumer.internals.ConsumerCoordinator - [Consumer clientId=consumer-tomge-consumer-group-2, groupId=tomge-consumer-group] Successfully synced group in generation Generation{generationId=111, memberId='consumer-tomge-consumer-group-2-e9123331-c075-42a2-9175-8fe73f8888db', protocol='range'}
2025-03-31 16:27:34.104 [org.springframework.kafka.KafkaListenerEndpointContainer#0-0-C-1] INFO  org.apache.kafka.clients.consumer.internals.ConsumerCoordinator - [Consumer clientId=consumer-tomge-consumer-group-1, groupId=tomge-consumer-group] Successfully synced group in generation Generation{generationId=111, memberId='consumer-tomge-consumer-group-1-f84bb90a-f1cd-414b-a118-aa4a7503c848', protocol='range'}
2025-03-31 16:27:34.104 [org.springframework.kafka.KafkaListenerEndpointContainer#1-0-C-1] INFO  org.apache.kafka.clients.consumer.internals.ConsumerCoordinator - [Consumer clientId=consumer-tomge-consumer-group-2, groupId=tomge-consumer-group] Notifying assignor about the new Assignment(partitions=[testtopic-0])
2025-03-31 16:27:34.104 [org.springframework.kafka.KafkaListenerEndpointContainer#0-0-C-1] INFO  org.apache.kafka.clients.consumer.internals.ConsumerCoordinator - [Consumer clientId=consumer-tomge-consumer-group-1, groupId=tomge-consumer-group] Notifying assignor about the new Assignment(partitions=[testtopic2-0])
2025-03-31 16:27:34.105 [org.springframework.kafka.KafkaListenerEndpointContainer#1-0-C-1] INFO  org.apache.kafka.clients.consumer.internals.ConsumerRebalanceListenerInvoker - [Consumer clientId=consumer-tomge-consumer-group-2, groupId=tomge-consumer-group] Adding newly assigned partitions: testtopic-0
2025-03-31 16:27:34.105 [org.springframework.kafka.KafkaListenerEndpointContainer#0-0-C-1] INFO  org.apache.kafka.clients.consumer.internals.ConsumerRebalanceListenerInvoker - [Consumer clientId=consumer-tomge-consumer-group-1, groupId=tomge-consumer-group] Adding newly assigned partitions: testtopic2-0
2025-03-31 16:27:34.108 [org.springframework.kafka.KafkaListenerEndpointContainer#1-0-C-1] INFO  org.apache.kafka.clients.consumer.internals.ConsumerUtils - Setting offset for partition testtopic-0 to the committed offset FetchPosition{offset=78, offsetEpoch=Optional.empty, currentLeader=LeaderAndEpoch{leader=Optional[localhost:9092 (id: 0 rack: null)], epoch=0}}
2025-03-31 16:27:34.108 [org.springframework.kafka.KafkaListenerEndpointContainer#0-0-C-1] INFO  org.apache.kafka.clients.consumer.internals.ConsumerUtils - Setting offset for partition testtopic2-0 to the committed offset FetchPosition{offset=50, offsetEpoch=Optional.empty, currentLeader=LeaderAndEpoch{leader=Optional[localhost:9092 (id: 0 rack: null)], epoch=0}}
2025-03-31 16:27:34.393 [DubboShutdownHook] INFO  org.apache.dubbo.config.DubboShutdownHook -  [DUBBO] Run shutdown hook now., dubbo version: 3.3.0, current host: 10.131.120.41
2025-03-31 16:27:34.394 [SpringApplicationShutdownHook] INFO  org.apache.dubbo.config.deploy.DefaultModuleDeployer -  [DUBBO] Dubbo Module[1.1.1] is stopping., dubbo version: 3.3.0, current host: 10.131.120.41
2025-03-31 16:27:34.394 [SpringApplicationShutdownHook] INFO  org.apache.dubbo.config.deploy.DefaultApplicationDeployer -  [DUBBO] Dubbo Application[1.1](testspringboot) has completed., dubbo version: 3.3.0, current host: 10.131.120.41
2025-03-31 16:27:34.394 [DubboShutdownHook] INFO  org.apache.dubbo.config.DubboShutdownHook -  [DUBBO] Dubbo shutdown hooks execute now. Dubbo Application[1.1](testspringboot), dubbo version: 3.3.0, current host: 10.131.120.41
2025-03-31 16:27:34.394 [SpringApplicationShutdownHook] INFO  org.apache.dubbo.config.deploy.DefaultModuleDeployer -  [DUBBO] Dubbo Module[1.1.1] has stopped., dubbo version: 3.3.0, current host: 10.131.120.41
2025-03-31 16:27:34.394 [SpringApplicationShutdownHook] INFO  org.apache.dubbo.config.deploy.DefaultApplicationDeployer -  [DUBBO] Dubbo Application[1.1](testspringboot) has completed., dubbo version: 3.3.0, current host: 10.131.120.41
2025-03-31 16:27:34.394 [SpringApplicationShutdownHook] INFO  org.apache.dubbo.rpc.model.FrameworkModel -  [DUBBO] Reset global default application from Dubbo Application[1.1](testspringboot) to null, dubbo version: 3.3.0, current host: 10.131.120.41
2025-03-31 16:27:34.394 [SpringApplicationShutdownHook] INFO  org.apache.dubbo.config.deploy.DefaultApplicationDeployer -  [DUBBO] Dubbo Application[1.1](testspringboot) is stopping., dubbo version: 3.3.0, current host: 10.131.120.41
2025-03-31 16:27:34.394 [SpringApplicationShutdownHook] INFO  org.apache.dubbo.config.deploy.DefaultModuleDeployer -  [DUBBO] Dubbo Module[1.1.0] is stopping., dubbo version: 3.3.0, current host: 10.131.120.41
2025-03-31 16:27:34.394 [SpringApplicationShutdownHook] INFO  org.apache.dubbo.config.deploy.DefaultModuleDeployer -  [DUBBO] Dubbo Module[1.1.0] has stopped., dubbo version: 3.3.0, current host: 10.131.120.41
2025-03-31 16:27:34.395 [SpringApplicationShutdownHook] INFO  org.apache.dubbo.registry.support.RegistryManager -  [DUBBO] Close all registries [], dubbo version: 3.3.0, current host: 10.131.120.41
2025-03-31 16:27:34.395 [SpringApplicationShutdownHook] INFO  org.apache.dubbo.common.threadpool.manager.DefaultExecutorRepository -  [DUBBO] destroying application executor repository .., dubbo version: 3.3.0, current host: 10.131.120.41
2025-03-31 16:27:34.395 [SpringApplicationShutdownHook] INFO  org.apache.dubbo.config.deploy.DefaultApplicationDeployer -  [DUBBO] Dubbo Application[1.1](testspringboot) has stopped., dubbo version: 3.3.0, current host: 10.131.120.41
2025-03-31 16:27:34.395 [SpringApplicationShutdownHook] INFO  org.apache.dubbo.rpc.model.FrameworkModel -  [DUBBO] Destroying default framework model: Dubbo Framework[1], dubbo version: 3.3.0, current host: 10.131.120.41
2025-03-31 16:27:34.395 [SpringApplicationShutdownHook] INFO  org.apache.dubbo.rpc.model.FrameworkModel -  [DUBBO] Dubbo Framework[1] is destroying ..., dubbo version: 3.3.0, current host: 10.131.120.41
2025-03-31 16:27:34.395 [SpringApplicationShutdownHook] INFO  org.apache.dubbo.config.deploy.DefaultApplicationDeployer -  [DUBBO] Dubbo Application[1.0](DUBBO_INTERNAL_APPLICATION) is stopping., dubbo version: 3.3.0, current host: 10.131.120.41
2025-03-31 16:27:34.395 [SpringApplicationShutdownHook] INFO  org.apache.dubbo.config.deploy.DefaultModuleDeployer -  [DUBBO] Dubbo Module[1.0.0] is stopping., dubbo version: 3.3.0, current host: 10.131.120.41
2025-03-31 16:27:34.395 [SpringApplicationShutdownHook] INFO  org.apache.dubbo.config.deploy.DefaultModuleDeployer -  [DUBBO] Dubbo Module[1.0.0] has stopped., dubbo version: 3.3.0, current host: 10.131.120.41
2025-03-31 16:27:34.395 [SpringApplicationShutdownHook] INFO  org.apache.dubbo.registry.support.RegistryManager -  [DUBBO] Close all registries [], dubbo version: 3.3.0, current host: 10.131.120.41
2025-03-31 16:27:34.395 [SpringApplicationShutdownHook] INFO  org.apache.dubbo.common.threadpool.manager.DefaultExecutorRepository -  [DUBBO] destroying application executor repository .., dubbo version: 3.3.0, current host: 10.131.120.41
2025-03-31 16:27:34.395 [SpringApplicationShutdownHook] INFO  org.apache.dubbo.config.deploy.DefaultApplicationDeployer -  [DUBBO] Dubbo Application[1.0](DUBBO_INTERNAL_APPLICATION) has stopped., dubbo version: 3.3.0, current host: 10.131.120.41
2025-03-31 16:27:34.396 [SpringApplicationShutdownHook] INFO  org.apache.dubbo.rpc.model.FrameworkModel -  [DUBBO] Dubbo Framework[1] is destroyed, dubbo version: 3.3.0, current host: 10.131.120.41
2025-03-31 16:27:34.396 [SpringApplicationShutdownHook] INFO  org.apache.dubbo.rpc.model.FrameworkModel -  [DUBBO] Reset global default framework from Dubbo Framework[1] to null, dubbo version: 3.3.0, current host: 10.131.120.41
2025-03-31 16:27:34.396 [SpringApplicationShutdownHook] INFO  org.apache.dubbo.common.resource.GlobalResourcesRepository -  [DUBBO] Destroying global resources ..., dubbo version: 3.3.0, current host: 10.131.120.41
2025-03-31 16:27:34.396 [SpringApplicationShutdownHook] INFO  org.apache.dubbo.common.resource.GlobalResourcesRepository -  [DUBBO] Dubbo is completely destroyed, dubbo version: 3.3.0, current host: 10.131.120.41
2025-03-31 16:27:34.396 [SpringApplicationShutdownHook] INFO  org.apache.dubbo.common.threadpool.manager.FrameworkExecutorRepository -  [DUBBO] destroying framework executor repository .., dubbo version: 3.3.0, current host: 10.131.120.41
2025-03-31 16:27:34.396 [SpringApplicationShutdownHook] INFO  org.apache.dubbo.config.spring.context.DubboSpringInitializer -  [DUBBO] Unbind Dubbo Module[1.1.1] from spring container: org.springframework.beans.factory.support.DefaultListableBeanFactory@80bfa9d, dubbo version: 3.3.0, current host: 10.131.120.41
2025-03-31 16:27:34.397 [org.springframework.kafka.KafkaListenerEndpointContainer#0-0-C-1] INFO  org.apache.kafka.clients.consumer.internals.ConsumerRebalanceListenerInvoker - [Consumer clientId=consumer-tomge-consumer-group-1, groupId=tomge-consumer-group] Revoke previously assigned partitions testtopic2-0
2025-03-31 16:27:34.397 [org.springframework.kafka.KafkaListenerEndpointContainer#1-0-C-1] INFO  org.apache.kafka.clients.consumer.internals.ConsumerRebalanceListenerInvoker - [Consumer clientId=consumer-tomge-consumer-group-2, groupId=tomge-consumer-group] Revoke previously assigned partitions testtopic-0
2025-03-31 16:27:34.397 [org.springframework.kafka.KafkaListenerEndpointContainer#0-0-C-1] INFO  org.apache.kafka.clients.consumer.internals.ConsumerCoordinator - [Consumer clientId=consumer-tomge-consumer-group-1, groupId=tomge-consumer-group] Member consumer-tomge-consumer-group-1-f84bb90a-f1cd-414b-a118-aa4a7503c848 sending LeaveGroup request to coordinator localhost:9092 (id: 2147483647 rack: null) due to the consumer unsubscribed from all topics
2025-03-31 16:27:34.397 [org.springframework.kafka.KafkaListenerEndpointContainer#1-0-C-1] INFO  org.apache.kafka.clients.consumer.internals.ConsumerCoordinator - [Consumer clientId=consumer-tomge-consumer-group-2, groupId=tomge-consumer-group] Member consumer-tomge-consumer-group-2-e9123331-c075-42a2-9175-8fe73f8888db sending LeaveGroup request to coordinator localhost:9092 (id: 2147483647 rack: null) due to the consumer unsubscribed from all topics
2025-03-31 16:27:34.398 [org.springframework.kafka.KafkaListenerEndpointContainer#0-0-C-1] INFO  org.apache.kafka.clients.consumer.internals.ConsumerCoordinator - [Consumer clientId=consumer-tomge-consumer-group-1, groupId=tomge-consumer-group] Resetting generation and member id due to: consumer pro-actively leaving the group
2025-03-31 16:27:34.398 [org.springframework.kafka.KafkaListenerEndpointContainer#1-0-C-1] INFO  org.apache.kafka.clients.consumer.internals.ConsumerCoordinator - [Consumer clientId=consumer-tomge-consumer-group-2, groupId=tomge-consumer-group] Resetting generation and member id due to: consumer pro-actively leaving the group
2025-03-31 16:27:34.398 [org.springframework.kafka.KafkaListenerEndpointContainer#0-0-C-1] INFO  org.apache.kafka.clients.consumer.internals.ConsumerCoordinator - [Consumer clientId=consumer-tomge-consumer-group-1, groupId=tomge-consumer-group] Request joining group due to: consumer pro-actively leaving the group
2025-03-31 16:27:34.398 [org.springframework.kafka.KafkaListenerEndpointContainer#1-0-C-1] INFO  org.apache.kafka.clients.consumer.internals.ConsumerCoordinator - [Consumer clientId=consumer-tomge-consumer-group-2, groupId=tomge-consumer-group] Request joining group due to: consumer pro-actively leaving the group
2025-03-31 16:27:34.398 [org.springframework.kafka.KafkaListenerEndpointContainer#0-0-C-1] INFO  org.apache.kafka.clients.consumer.internals.LegacyKafkaConsumer - [Consumer clientId=consumer-tomge-consumer-group-1, groupId=tomge-consumer-group] Unsubscribed all topics or patterns and assigned partitions
2025-03-31 16:27:34.398 [org.springframework.kafka.KafkaListenerEndpointContainer#1-0-C-1] INFO  org.apache.kafka.clients.consumer.internals.LegacyKafkaConsumer - [Consumer clientId=consumer-tomge-consumer-group-2, groupId=tomge-consumer-group] Unsubscribed all topics or patterns and assigned partitions
2025-03-31 16:27:34.398 [org.springframework.kafka.KafkaListenerEndpointContainer#1-0-C-1] INFO  org.apache.kafka.clients.consumer.internals.ConsumerCoordinator - [Consumer clientId=consumer-tomge-consumer-group-2, groupId=tomge-consumer-group] Resetting generation and member id due to: consumer pro-actively leaving the group
2025-03-31 16:27:34.398 [org.springframework.kafka.KafkaListenerEndpointContainer#0-0-C-1] INFO  org.apache.kafka.clients.consumer.internals.ConsumerCoordinator - [Consumer clientId=consumer-tomge-consumer-group-1, groupId=tomge-consumer-group] Resetting generation and member id due to: consumer pro-actively leaving the group
2025-03-31 16:27:34.398 [org.springframework.kafka.KafkaListenerEndpointContainer#1-0-C-1] INFO  org.apache.kafka.clients.consumer.internals.ConsumerCoordinator - [Consumer clientId=consumer-tomge-consumer-group-2, groupId=tomge-consumer-group] Request joining group due to: consumer pro-actively leaving the group
2025-03-31 16:27:34.398 [org.springframework.kafka.KafkaListenerEndpointContainer#0-0-C-1] INFO  org.apache.kafka.clients.consumer.internals.ConsumerCoordinator - [Consumer clientId=consumer-tomge-consumer-group-1, groupId=tomge-consumer-group] Request joining group due to: consumer pro-actively leaving the group
2025-03-31 16:27:34.618 [org.springframework.kafka.KafkaListenerEndpointContainer#0-0-C-1] INFO  org.apache.kafka.clients.FetchSessionHandler - [Consumer clientId=consumer-tomge-consumer-group-1, groupId=tomge-consumer-group] Node 0 sent an invalid full fetch response with extraIds=(5-4wBK7WQSOfETuJhl1Pew), response=()
2025-03-31 16:27:34.618 [org.springframework.kafka.KafkaListenerEndpointContainer#1-0-C-1] INFO  org.apache.kafka.clients.FetchSessionHandler - [Consumer clientId=consumer-tomge-consumer-group-2, groupId=tomge-consumer-group] Node 0 sent an invalid full fetch response with extraIds=(JKCArCqFSeCjq-Q8-0yRiQ), response=()
2025-03-31 16:27:34.619 [org.springframework.kafka.KafkaListenerEndpointContainer#0-0-C-1] INFO  org.apache.kafka.common.metrics.Metrics - Metrics scheduler closed
2025-03-31 16:27:34.619 [org.springframework.kafka.KafkaListenerEndpointContainer#1-0-C-1] INFO  org.apache.kafka.common.metrics.Metrics - Metrics scheduler closed
2025-03-31 16:27:34.619 [org.springframework.kafka.KafkaListenerEndpointContainer#0-0-C-1] INFO  org.apache.kafka.common.metrics.Metrics - Closing reporter org.apache.kafka.common.metrics.JmxReporter
2025-03-31 16:27:34.619 [org.springframework.kafka.KafkaListenerEndpointContainer#1-0-C-1] INFO  org.apache.kafka.common.metrics.Metrics - Closing reporter org.apache.kafka.common.metrics.JmxReporter
2025-03-31 16:27:34.619 [org.springframework.kafka.KafkaListenerEndpointContainer#0-0-C-1] INFO  org.apache.kafka.common.metrics.Metrics - Closing reporter org.apache.kafka.common.telemetry.internals.ClientTelemetryReporter
2025-03-31 16:27:34.619 [org.springframework.kafka.KafkaListenerEndpointContainer#1-0-C-1] INFO  org.apache.kafka.common.metrics.Metrics - Closing reporter org.apache.kafka.common.telemetry.internals.ClientTelemetryReporter
2025-03-31 16:27:34.619 [org.springframework.kafka.KafkaListenerEndpointContainer#0-0-C-1] INFO  org.apache.kafka.common.metrics.Metrics - Metrics reporters closed
2025-03-31 16:27:34.619 [org.springframework.kafka.KafkaListenerEndpointContainer#1-0-C-1] INFO  org.apache.kafka.common.metrics.Metrics - Metrics reporters closed
2025-03-31 16:27:34.623 [org.springframework.kafka.KafkaListenerEndpointContainer#0-0-C-1] INFO  org.apache.kafka.common.utils.AppInfoParser - App info kafka.consumer for consumer-tomge-consumer-group-1 unregistered
2025-03-31 16:27:34.623 [org.springframework.kafka.KafkaListenerEndpointContainer#1-0-C-1] INFO  org.apache.kafka.common.utils.AppInfoParser - App info kafka.consumer for consumer-tomge-consumer-group-2 unregistered
2025-03-31 16:28:51.045 [main] INFO  org.apache.dubbo.spring.boot.context.event.WelcomeLogoApplicationListener -  [DUBBO] 

 :: Dubbo (v3.3.0) : https://github.com/apache/dubbo
 :: Discuss group : dev@dubbo.apache.org
, dubbo version: 3.3.0, current host: 10.131.120.41
2025-03-31 16:28:51.068 [main] INFO  com.test.testboot.TestbootApplicationTests - Starting TestbootApplicationTests using Java 23.0.2 with PID 46786 (started by zhaoxin in /Users/zhaoxin/Documents/GitHub/testboot)
2025-03-31 16:28:51.068 [main] INFO  com.test.testboot.TestbootApplicationTests - No active profile set, falling back to 1 default profile: "default"
2025-03-31 16:28:51.392 [main] INFO  org.apache.dubbo.rpc.model.FrameworkModel -  [DUBBO] Dubbo Framework[1] is created, dubbo version: 3.3.0, current host: 10.131.120.41
2025-03-31 16:28:51.397 [main] INFO  org.apache.dubbo.common.resource.GlobalResourcesRepository -  [DUBBO] Creating global shared handler ..., dubbo version: 3.3.0, current host: 10.131.120.41
2025-03-31 16:28:51.425 [main] INFO  org.apache.dubbo.rpc.model.ApplicationModel -  [DUBBO] Dubbo Application[1.0](unknown) is created, dubbo version: 3.3.0, current host: 10.131.120.41
2025-03-31 16:28:51.425 [main] INFO  org.apache.dubbo.rpc.model.ScopeModel -  [DUBBO] Dubbo Module[1.0.0] is created, dubbo version: 3.3.0, current host: 10.131.120.41
2025-03-31 16:28:51.435 [main] INFO  org.apache.dubbo.config.context.AbstractConfigManager -  [DUBBO] Config settings: {dubbo.config.mode=STRICT, dubbo.config.ignore-duplicated-interface=false}, dubbo version: 3.3.0, current host: 10.131.120.41
2025-03-31 16:28:51.436 [main] INFO  org.apache.dubbo.config.context.AbstractConfigManager -  [DUBBO] Config settings: {dubbo.config.mode=STRICT, dubbo.config.ignore-duplicated-interface=false}, dubbo version: 3.3.0, current host: 10.131.120.41
2025-03-31 16:28:51.437 [main] INFO  org.apache.dubbo.common.utils.SerializeSecurityManager -  [DUBBO] Serialize check serializable: true, dubbo version: 3.3.0, current host: 10.131.120.41
2025-03-31 16:28:51.438 [main] INFO  org.apache.dubbo.common.utils.SerializeSecurityConfigurator -  [DUBBO] Read serialize allow list from jar:file:/Users/zhaoxin/.m2/repository/org/apache/dubbo/dubbo/3.3.0/dubbo-3.3.0.jar!/security/serialize.allowlist, dubbo version: 3.3.0, current host: 10.131.120.41
2025-03-31 16:28:51.459 [main] INFO  org.apache.dubbo.common.utils.SerializeSecurityConfigurator -  [DUBBO] Read serialize allow list from jar:file:/Users/zhaoxin/.m2/repository/org/apache/dubbo/dubbo-common/3.3.0/dubbo-common-3.3.0.jar!/security/serialize.allowlist, dubbo version: 3.3.0, current host: 10.131.120.41
2025-03-31 16:28:51.459 [main] INFO  org.apache.dubbo.common.utils.SerializeSecurityConfigurator -  [DUBBO] Read serialize blocked list from jar:file:/Users/zhaoxin/.m2/repository/org/apache/dubbo/dubbo/3.3.0/dubbo-3.3.0.jar!/security/serialize.blockedlist, dubbo version: 3.3.0, current host: 10.131.120.41
2025-03-31 16:28:51.484 [main] INFO  org.apache.dubbo.common.utils.SerializeSecurityConfigurator -  [DUBBO] Read serialize blocked list from jar:file:/Users/zhaoxin/.m2/repository/org/apache/dubbo/dubbo-common/3.3.0/dubbo-common-3.3.0.jar!/security/serialize.blockedlist, dubbo version: 3.3.0, current host: 10.131.120.41
2025-03-31 16:28:51.516 [main] INFO  org.apache.dubbo.rpc.model.ApplicationModel -  [DUBBO] Dubbo Application[1.1](unknown) is created, dubbo version: 3.3.0, current host: 10.131.120.41
2025-03-31 16:28:51.517 [main] INFO  org.apache.dubbo.rpc.model.ScopeModel -  [DUBBO] Dubbo Module[1.1.0] is created, dubbo version: 3.3.0, current host: 10.131.120.41
2025-03-31 16:28:51.519 [main] INFO  org.apache.dubbo.config.context.AbstractConfigManager -  [DUBBO] Config settings: {dubbo.config.mode=STRICT, dubbo.config.ignore-duplicated-interface=false}, dubbo version: 3.3.0, current host: 10.131.120.41
2025-03-31 16:28:51.519 [main] INFO  org.apache.dubbo.config.context.AbstractConfigManager -  [DUBBO] Config settings: {dubbo.config.mode=STRICT, dubbo.config.ignore-duplicated-interface=false}, dubbo version: 3.3.0, current host: 10.131.120.41
2025-03-31 16:28:51.520 [main] INFO  org.apache.dubbo.common.utils.SerializeSecurityConfigurator -  [DUBBO] Read serialize allow list from jar:file:/Users/zhaoxin/.m2/repository/org/apache/dubbo/dubbo/3.3.0/dubbo-3.3.0.jar!/security/serialize.allowlist, dubbo version: 3.3.0, current host: 10.131.120.41
2025-03-31 16:28:51.520 [main] INFO  org.apache.dubbo.common.utils.SerializeSecurityConfigurator -  [DUBBO] Read serialize allow list from jar:file:/Users/zhaoxin/.m2/repository/org/apache/dubbo/dubbo-common/3.3.0/dubbo-common-3.3.0.jar!/security/serialize.allowlist, dubbo version: 3.3.0, current host: 10.131.120.41
2025-03-31 16:28:51.520 [main] INFO  org.apache.dubbo.common.utils.SerializeSecurityConfigurator -  [DUBBO] Read serialize blocked list from jar:file:/Users/zhaoxin/.m2/repository/org/apache/dubbo/dubbo/3.3.0/dubbo-3.3.0.jar!/security/serialize.blockedlist, dubbo version: 3.3.0, current host: 10.131.120.41
2025-03-31 16:28:51.521 [main] INFO  org.apache.dubbo.common.utils.SerializeSecurityConfigurator -  [DUBBO] Read serialize blocked list from jar:file:/Users/zhaoxin/.m2/repository/org/apache/dubbo/dubbo-common/3.3.0/dubbo-common-3.3.0.jar!/security/serialize.blockedlist, dubbo version: 3.3.0, current host: 10.131.120.41
2025-03-31 16:28:51.525 [main] INFO  org.apache.dubbo.config.spring.context.DubboSpringInitializer -  [DUBBO] Use default application: Dubbo Application[1.1](unknown), dubbo version: 3.3.0, current host: 10.131.120.41
2025-03-31 16:28:51.525 [main] INFO  org.apache.dubbo.rpc.model.ScopeModel -  [DUBBO] Dubbo Module[1.1.1] is created, dubbo version: 3.3.0, current host: 10.131.120.41
2025-03-31 16:28:51.526 [main] INFO  org.apache.dubbo.config.context.AbstractConfigManager -  [DUBBO] Config settings: {dubbo.config.mode=STRICT, dubbo.config.ignore-duplicated-interface=false}, dubbo version: 3.3.0, current host: 10.131.120.41
2025-03-31 16:28:51.527 [main] INFO  org.apache.dubbo.common.utils.SerializeSecurityConfigurator -  [DUBBO] Read serialize allow list from jar:file:/Users/zhaoxin/.m2/repository/org/apache/dubbo/dubbo/3.3.0/dubbo-3.3.0.jar!/security/serialize.allowlist, dubbo version: 3.3.0, current host: 10.131.120.41
2025-03-31 16:28:51.527 [main] INFO  org.apache.dubbo.common.utils.SerializeSecurityConfigurator -  [DUBBO] Read serialize allow list from jar:file:/Users/zhaoxin/.m2/repository/org/apache/dubbo/dubbo-common/3.3.0/dubbo-common-3.3.0.jar!/security/serialize.allowlist, dubbo version: 3.3.0, current host: 10.131.120.41
2025-03-31 16:28:51.528 [main] INFO  org.apache.dubbo.common.utils.SerializeSecurityConfigurator -  [DUBBO] Read serialize blocked list from jar:file:/Users/zhaoxin/.m2/repository/org/apache/dubbo/dubbo/3.3.0/dubbo-3.3.0.jar!/security/serialize.blockedlist, dubbo version: 3.3.0, current host: 10.131.120.41
2025-03-31 16:28:51.528 [main] INFO  org.apache.dubbo.common.utils.SerializeSecurityConfigurator -  [DUBBO] Read serialize blocked list from jar:file:/Users/zhaoxin/.m2/repository/org/apache/dubbo/dubbo-common/3.3.0/dubbo-common-3.3.0.jar!/security/serialize.blockedlist, dubbo version: 3.3.0, current host: 10.131.120.41
2025-03-31 16:28:51.529 [main] INFO  org.apache.dubbo.config.spring.context.DubboSpringInitializer -  [DUBBO] Use default module model of target application: Dubbo Module[1.1.1], dubbo version: 3.3.0, current host: 10.131.120.41
2025-03-31 16:28:51.529 [main] INFO  org.apache.dubbo.config.spring.context.DubboSpringInitializer -  [DUBBO] Bind Dubbo Module[1.1.1] to spring container: org.springframework.beans.factory.support.DefaultListableBeanFactory@80bfa9d, dubbo version: 3.3.0, current host: 10.131.120.41
2025-03-31 16:28:51.836 [main] INFO  org.apache.dubbo.config.spring.beans.factory.annotation.ReferenceAnnotationBeanPostProcessor -  [DUBBO] class org.apache.dubbo.config.spring.beans.factory.annotation.ReferenceAnnotationBeanPostProcessor was destroying!, dubbo version: 3.3.0, current host: 10.131.120.41
2025-03-31 16:28:51.918 [main] INFO  org.apache.dubbo.config.spring.context.DubboConfigBeanInitializer -  [DUBBO] loading dubbo config beans ..., dubbo version: 3.3.0, current host: 10.131.120.41
2025-03-31 16:28:51.921 [main] INFO  org.apache.dubbo.config.spring.context.DubboConfigBeanInitializer -  [DUBBO] dubbo config beans are loaded., dubbo version: 3.3.0, current host: 10.131.120.41
2025-03-31 16:28:51.950 [main] INFO  org.apache.dubbo.config.context.ConfigManager -  [DUBBO] The current configurations or effective configurations are as follows:, dubbo version: 3.3.0, current host: 10.131.120.41
2025-03-31 16:28:51.950 [main] INFO  org.apache.dubbo.config.context.ConfigManager -  [DUBBO] <dubbo:application enableFileCache="true" executorManagementMode="isolation" parameters="{}" name="testspringboot" protocol="dubbo" />, dubbo version: 3.3.0, current host: 10.131.120.41
2025-03-31 16:28:51.951 [main] INFO  org.apache.dubbo.config.context.ConfigManager -  [DUBBO] <dubbo:protocol preferSerialization="hessian2,fastjson2" name="dubbo" />, dubbo version: 3.3.0, current host: 10.131.120.41
2025-03-31 16:28:51.951 [main] INFO  org.apache.dubbo.config.context.ConfigManager -  [DUBBO] <dubbo:ssl />, dubbo version: 3.3.0, current host: 10.131.120.41
2025-03-31 16:28:51.962 [main] INFO  org.apache.dubbo.config.deploy.DefaultModuleDeployer -  [DUBBO] Dubbo Module[1.1.0] has been initialized!, dubbo version: 3.3.0, current host: 10.131.120.41
2025-03-31 16:28:51.965 [main] INFO  org.apache.dubbo.config.deploy.DefaultModuleDeployer -  [DUBBO] Dubbo Module[1.1.1] has been initialized!, dubbo version: 3.3.0, current host: 10.131.120.41
2025-03-31 16:28:52.011 [main] INFO  org.apache.dubbo.config.deploy.DefaultApplicationDeployer -  [DUBBO] Dubbo Application[1.1](testspringboot) has been initialized!, dubbo version: 3.3.0, current host: 10.131.120.41
2025-03-31 16:28:52.964 [main] INFO  org.apache.kafka.clients.consumer.ConsumerConfig - ConsumerConfig values: 
	allow.auto.create.topics = true
	auto.commit.interval.ms = 5000
	auto.include.jmx.reporter = true
	auto.offset.reset = latest
	bootstrap.servers = [localhost:9092]
	check.crcs = true
	client.dns.lookup = use_all_dns_ips
	client.id = consumer-tomge-consumer-group-1
	client.rack = 
	connections.max.idle.ms = 540000
	default.api.timeout.ms = 60000
	enable.auto.commit = false
	enable.metrics.push = true
	exclude.internal.topics = true
	fetch.max.bytes = 52428800
	fetch.max.wait.ms = 500
	fetch.min.bytes = 1
	group.id = tomge-consumer-group
	group.instance.id = null
	group.protocol = classic
	group.remote.assignor = null
	heartbeat.interval.ms = 3000
	interceptor.classes = []
	internal.leave.group.on.close = true
	internal.throw.on.fetch.stable.offset.unsupported = false
	isolation.level = read_uncommitted
	key.deserializer = class org.apache.kafka.common.serialization.StringDeserializer
	max.partition.fetch.bytes = 1048576
	max.poll.interval.ms = 300000
	max.poll.records = 500
	metadata.max.age.ms = 300000
	metric.reporters = []
	metrics.num.samples = 2
	metrics.recording.level = INFO
	metrics.sample.window.ms = 30000
	partition.assignment.strategy = [class org.apache.kafka.clients.consumer.RangeAssignor, class org.apache.kafka.clients.consumer.CooperativeStickyAssignor]
	receive.buffer.bytes = 65536
	reconnect.backoff.max.ms = 1000
	reconnect.backoff.ms = 50
	request.timeout.ms = 30000
	retry.backoff.max.ms = 1000
	retry.backoff.ms = 100
	sasl.client.callback.handler.class = null
	sasl.jaas.config = null
	sasl.kerberos.kinit.cmd = /usr/bin/kinit
	sasl.kerberos.min.time.before.relogin = 60000
	sasl.kerberos.service.name = null
	sasl.kerberos.ticket.renew.jitter = 0.05
	sasl.kerberos.ticket.renew.window.factor = 0.8
	sasl.login.callback.handler.class = null
	sasl.login.class = null
	sasl.login.connect.timeout.ms = null
	sasl.login.read.timeout.ms = null
	sasl.login.refresh.buffer.seconds = 300
	sasl.login.refresh.min.period.seconds = 60
	sasl.login.refresh.window.factor = 0.8
	sasl.login.refresh.window.jitter = 0.05
	sasl.login.retry.backoff.max.ms = 10000
	sasl.login.retry.backoff.ms = 100
	sasl.mechanism = GSSAPI
	sasl.oauthbearer.clock.skew.seconds = 30
	sasl.oauthbearer.expected.audience = null
	sasl.oauthbearer.expected.issuer = null
	sasl.oauthbearer.jwks.endpoint.refresh.ms = 3600000
	sasl.oauthbearer.jwks.endpoint.retry.backoff.max.ms = 10000
	sasl.oauthbearer.jwks.endpoint.retry.backoff.ms = 100
	sasl.oauthbearer.jwks.endpoint.url = null
	sasl.oauthbearer.scope.claim.name = scope
	sasl.oauthbearer.sub.claim.name = sub
	sasl.oauthbearer.token.endpoint.url = null
	security.protocol = PLAINTEXT
	security.providers = null
	send.buffer.bytes = 131072
	session.timeout.ms = 45000
	socket.connection.setup.timeout.max.ms = 30000
	socket.connection.setup.timeout.ms = 10000
	ssl.cipher.suites = null
	ssl.enabled.protocols = [TLSv1.2, TLSv1.3]
	ssl.endpoint.identification.algorithm = https
	ssl.engine.factory.class = null
	ssl.key.password = null
	ssl.keymanager.algorithm = SunX509
	ssl.keystore.certificate.chain = null
	ssl.keystore.key = null
	ssl.keystore.location = null
	ssl.keystore.password = null
	ssl.keystore.type = JKS
	ssl.protocol = TLSv1.3
	ssl.provider = null
	ssl.secure.random.implementation = null
	ssl.trustmanager.algorithm = PKIX
	ssl.truststore.certificates = null
	ssl.truststore.location = null
	ssl.truststore.password = null
	ssl.truststore.type = JKS
	value.deserializer = class org.apache.kafka.common.serialization.StringDeserializer

2025-03-31 16:28:52.982 [main] INFO  org.apache.kafka.common.telemetry.internals.KafkaMetricsCollector - initializing Kafka metrics collector
2025-03-31 16:28:53.047 [main] INFO  org.apache.kafka.common.utils.AppInfoParser - Kafka version: 3.7.2
2025-03-31 16:28:53.048 [main] INFO  org.apache.kafka.common.utils.AppInfoParser - Kafka commitId: 79a8f2b5f44f9d5a
2025-03-31 16:28:53.048 [main] INFO  org.apache.kafka.common.utils.AppInfoParser - Kafka startTimeMs: 1743409733047
2025-03-31 16:28:53.049 [main] INFO  org.apache.kafka.clients.consumer.internals.LegacyKafkaConsumer - [Consumer clientId=consumer-tomge-consumer-group-1, groupId=tomge-consumer-group] Subscribed to topic(s): testtopic2
2025-03-31 16:28:53.053 [main] INFO  org.apache.kafka.clients.consumer.ConsumerConfig - ConsumerConfig values: 
	allow.auto.create.topics = true
	auto.commit.interval.ms = 5000
	auto.include.jmx.reporter = true
	auto.offset.reset = latest
	bootstrap.servers = [localhost:9092]
	check.crcs = true
	client.dns.lookup = use_all_dns_ips
	client.id = consumer-tomge-consumer-group-2
	client.rack = 
	connections.max.idle.ms = 540000
	default.api.timeout.ms = 60000
	enable.auto.commit = false
	enable.metrics.push = true
	exclude.internal.topics = true
	fetch.max.bytes = 52428800
	fetch.max.wait.ms = 500
	fetch.min.bytes = 1
	group.id = tomge-consumer-group
	group.instance.id = null
	group.protocol = classic
	group.remote.assignor = null
	heartbeat.interval.ms = 3000
	interceptor.classes = []
	internal.leave.group.on.close = true
	internal.throw.on.fetch.stable.offset.unsupported = false
	isolation.level = read_uncommitted
	key.deserializer = class org.apache.kafka.common.serialization.StringDeserializer
	max.partition.fetch.bytes = 1048576
	max.poll.interval.ms = 300000
	max.poll.records = 500
	metadata.max.age.ms = 300000
	metric.reporters = []
	metrics.num.samples = 2
	metrics.recording.level = INFO
	metrics.sample.window.ms = 30000
	partition.assignment.strategy = [class org.apache.kafka.clients.consumer.RangeAssignor, class org.apache.kafka.clients.consumer.CooperativeStickyAssignor]
	receive.buffer.bytes = 65536
	reconnect.backoff.max.ms = 1000
	reconnect.backoff.ms = 50
	request.timeout.ms = 30000
	retry.backoff.max.ms = 1000
	retry.backoff.ms = 100
	sasl.client.callback.handler.class = null
	sasl.jaas.config = null
	sasl.kerberos.kinit.cmd = /usr/bin/kinit
	sasl.kerberos.min.time.before.relogin = 60000
	sasl.kerberos.service.name = null
	sasl.kerberos.ticket.renew.jitter = 0.05
	sasl.kerberos.ticket.renew.window.factor = 0.8
	sasl.login.callback.handler.class = null
	sasl.login.class = null
	sasl.login.connect.timeout.ms = null
	sasl.login.read.timeout.ms = null
	sasl.login.refresh.buffer.seconds = 300
	sasl.login.refresh.min.period.seconds = 60
	sasl.login.refresh.window.factor = 0.8
	sasl.login.refresh.window.jitter = 0.05
	sasl.login.retry.backoff.max.ms = 10000
	sasl.login.retry.backoff.ms = 100
	sasl.mechanism = GSSAPI
	sasl.oauthbearer.clock.skew.seconds = 30
	sasl.oauthbearer.expected.audience = null
	sasl.oauthbearer.expected.issuer = null
	sasl.oauthbearer.jwks.endpoint.refresh.ms = 3600000
	sasl.oauthbearer.jwks.endpoint.retry.backoff.max.ms = 10000
	sasl.oauthbearer.jwks.endpoint.retry.backoff.ms = 100
	sasl.oauthbearer.jwks.endpoint.url = null
	sasl.oauthbearer.scope.claim.name = scope
	sasl.oauthbearer.sub.claim.name = sub
	sasl.oauthbearer.token.endpoint.url = null
	security.protocol = PLAINTEXT
	security.providers = null
	send.buffer.bytes = 131072
	session.timeout.ms = 45000
	socket.connection.setup.timeout.max.ms = 30000
	socket.connection.setup.timeout.ms = 10000
	ssl.cipher.suites = null
	ssl.enabled.protocols = [TLSv1.2, TLSv1.3]
	ssl.endpoint.identification.algorithm = https
	ssl.engine.factory.class = null
	ssl.key.password = null
	ssl.keymanager.algorithm = SunX509
	ssl.keystore.certificate.chain = null
	ssl.keystore.key = null
	ssl.keystore.location = null
	ssl.keystore.password = null
	ssl.keystore.type = JKS
	ssl.protocol = TLSv1.3
	ssl.provider = null
	ssl.secure.random.implementation = null
	ssl.trustmanager.algorithm = PKIX
	ssl.truststore.certificates = null
	ssl.truststore.location = null
	ssl.truststore.password = null
	ssl.truststore.type = JKS
	value.deserializer = class org.apache.kafka.common.serialization.StringDeserializer

2025-03-31 16:28:53.053 [main] INFO  org.apache.kafka.common.telemetry.internals.KafkaMetricsCollector - initializing Kafka metrics collector
2025-03-31 16:28:53.056 [main] INFO  org.apache.kafka.common.utils.AppInfoParser - Kafka version: 3.7.2
2025-03-31 16:28:53.056 [main] INFO  org.apache.kafka.common.utils.AppInfoParser - Kafka commitId: 79a8f2b5f44f9d5a
2025-03-31 16:28:53.056 [main] INFO  org.apache.kafka.common.utils.AppInfoParser - Kafka startTimeMs: 1743409733056
2025-03-31 16:28:53.056 [main] INFO  org.apache.kafka.clients.consumer.internals.LegacyKafkaConsumer - [Consumer clientId=consumer-tomge-consumer-group-2, groupId=tomge-consumer-group] Subscribed to topic(s): testtopic
2025-03-31 16:28:53.063 [main] INFO  org.apache.dubbo.config.deploy.DefaultModuleDeployer -  [DUBBO] Dubbo Module[1.1.1] is starting., dubbo version: 3.3.0, current host: 10.131.120.41
2025-03-31 16:28:53.063 [main] INFO  org.apache.dubbo.config.deploy.DefaultApplicationDeployer -  [DUBBO] Dubbo Application[1.1](testspringboot) is starting., dubbo version: 3.3.0, current host: 10.131.120.41
2025-03-31 16:28:53.063 [main] INFO  org.apache.dubbo.config.deploy.DefaultModuleDeployer -  [DUBBO] Dubbo Module[1.1.0] is starting., dubbo version: 3.3.0, current host: 10.131.120.41
2025-03-31 16:28:53.063 [main] INFO  org.apache.dubbo.config.deploy.DefaultModuleDeployer -  [DUBBO] Dubbo Module[1.1.0] has started., dubbo version: 3.3.0, current host: 10.131.120.41
2025-03-31 16:28:53.064 [main] INFO  org.apache.dubbo.config.deploy.DefaultModuleDeployer -  [DUBBO] Dubbo Module[1.1.0] has completed., dubbo version: 3.3.0, current host: 10.131.120.41
2025-03-31 16:28:53.064 [main] INFO  org.apache.dubbo.config.deploy.DefaultModuleDeployer -  [DUBBO] Dubbo Module[1.1.1] has started., dubbo version: 3.3.0, current host: 10.131.120.41
2025-03-31 16:28:53.064 [main] INFO  org.apache.dubbo.config.deploy.DefaultMetricsServiceExporter -  [DUBBO] The MetricsConfig not exist, will not export metrics service., dubbo version: 3.3.0, current host: 10.131.120.41
2025-03-31 16:28:53.064 [main] INFO  org.apache.dubbo.config.deploy.DefaultApplicationDeployer -  [DUBBO] Dubbo Application[1.1](testspringboot) is ready., dubbo version: 3.3.0, current host: 10.131.120.41
2025-03-31 16:28:53.065 [main] INFO  org.apache.dubbo.config.deploy.DefaultModuleDeployer -  [DUBBO] Dubbo Module[1.1.1] has completed., dubbo version: 3.3.0, current host: 10.131.120.41
2025-03-31 16:28:53.065 [main] INFO  org.apache.dubbo.config.deploy.DefaultApplicationDeployer -  [DUBBO] Dubbo Application[1.1](testspringboot) has completed., dubbo version: 3.3.0, current host: 10.131.120.41
2025-03-31 16:28:53.065 [main] INFO  com.test.testboot.TestbootApplicationTests - Started TestbootApplicationTests in 2.196 seconds (process running for 2.585)
2025-03-31 16:28:53.180 [org.springframework.kafka.KafkaListenerEndpointContainer#0-0-C-1] INFO  org.apache.kafka.clients.Metadata - [Consumer clientId=consumer-tomge-consumer-group-1, groupId=tomge-consumer-group] Cluster ID: 55v202dzTXeo6Uf5cKQwuw
2025-03-31 16:28:53.180 [org.springframework.kafka.KafkaListenerEndpointContainer#1-0-C-1] INFO  org.apache.kafka.clients.Metadata - [Consumer clientId=consumer-tomge-consumer-group-2, groupId=tomge-consumer-group] Cluster ID: 55v202dzTXeo6Uf5cKQwuw
2025-03-31 16:28:53.181 [org.springframework.kafka.KafkaListenerEndpointContainer#0-0-C-1] INFO  org.apache.kafka.clients.consumer.internals.ConsumerCoordinator - [Consumer clientId=consumer-tomge-consumer-group-1, groupId=tomge-consumer-group] Discovered group coordinator localhost:9092 (id: 2147483647 rack: null)
2025-03-31 16:28:53.181 [org.springframework.kafka.KafkaListenerEndpointContainer#1-0-C-1] INFO  org.apache.kafka.clients.consumer.internals.ConsumerCoordinator - [Consumer clientId=consumer-tomge-consumer-group-2, groupId=tomge-consumer-group] Discovered group coordinator localhost:9092 (id: 2147483647 rack: null)
2025-03-31 16:28:53.182 [org.springframework.kafka.KafkaListenerEndpointContainer#0-0-C-1] INFO  org.apache.kafka.clients.consumer.internals.ConsumerCoordinator - [Consumer clientId=consumer-tomge-consumer-group-1, groupId=tomge-consumer-group] (Re-)joining group
2025-03-31 16:28:53.182 [org.springframework.kafka.KafkaListenerEndpointContainer#1-0-C-1] INFO  org.apache.kafka.clients.consumer.internals.ConsumerCoordinator - [Consumer clientId=consumer-tomge-consumer-group-2, groupId=tomge-consumer-group] (Re-)joining group
2025-03-31 16:28:53.189 [org.springframework.kafka.KafkaListenerEndpointContainer#0-0-C-1] INFO  org.apache.kafka.clients.consumer.internals.ConsumerCoordinator - [Consumer clientId=consumer-tomge-consumer-group-1, groupId=tomge-consumer-group] Request joining group due to: need to re-join with the given member-id: consumer-tomge-consumer-group-1-ef2a1066-dc20-4779-8ad0-b7364185644a
2025-03-31 16:28:53.189 [org.springframework.kafka.KafkaListenerEndpointContainer#1-0-C-1] INFO  org.apache.kafka.clients.consumer.internals.ConsumerCoordinator - [Consumer clientId=consumer-tomge-consumer-group-2, groupId=tomge-consumer-group] Request joining group due to: need to re-join with the given member-id: consumer-tomge-consumer-group-2-4d11c588-6ad9-4ca0-8bd1-998f30bc975d
2025-03-31 16:28:53.189 [org.springframework.kafka.KafkaListenerEndpointContainer#0-0-C-1] INFO  org.apache.kafka.clients.consumer.internals.ConsumerCoordinator - [Consumer clientId=consumer-tomge-consumer-group-1, groupId=tomge-consumer-group] (Re-)joining group
2025-03-31 16:28:53.189 [org.springframework.kafka.KafkaListenerEndpointContainer#1-0-C-1] INFO  org.apache.kafka.clients.consumer.internals.ConsumerCoordinator - [Consumer clientId=consumer-tomge-consumer-group-2, groupId=tomge-consumer-group] (Re-)joining group
2025-03-31 16:28:53.193 [org.springframework.kafka.KafkaListenerEndpointContainer#0-0-C-1] INFO  org.apache.kafka.clients.consumer.internals.ConsumerCoordinator - [Consumer clientId=consumer-tomge-consumer-group-1, groupId=tomge-consumer-group] Successfully joined group with generation Generation{generationId=113, memberId='consumer-tomge-consumer-group-1-ef2a1066-dc20-4779-8ad0-b7364185644a', protocol='range'}
2025-03-31 16:28:53.197 [org.springframework.kafka.KafkaListenerEndpointContainer#1-0-C-1] INFO  org.apache.kafka.clients.consumer.internals.ConsumerCoordinator - [Consumer clientId=consumer-tomge-consumer-group-2, groupId=tomge-consumer-group] Successfully joined group with generation Generation{generationId=113, memberId='consumer-tomge-consumer-group-2-4d11c588-6ad9-4ca0-8bd1-998f30bc975d', protocol='range'}
2025-03-31 16:28:53.200 [org.springframework.kafka.KafkaListenerEndpointContainer#0-0-C-1] INFO  org.apache.kafka.clients.consumer.internals.ConsumerCoordinator - [Consumer clientId=consumer-tomge-consumer-group-1, groupId=tomge-consumer-group] Finished assignment for group at generation 113: {consumer-tomge-consumer-group-1-ef2a1066-dc20-4779-8ad0-b7364185644a=Assignment(partitions=[testtopic2-0]), consumer-tomge-consumer-group-2-4d11c588-6ad9-4ca0-8bd1-998f30bc975d=Assignment(partitions=[testtopic-0])}
2025-03-31 16:28:53.203 [org.springframework.kafka.KafkaListenerEndpointContainer#0-0-C-1] INFO  org.apache.kafka.clients.consumer.internals.ConsumerCoordinator - [Consumer clientId=consumer-tomge-consumer-group-1, groupId=tomge-consumer-group] Successfully synced group in generation Generation{generationId=113, memberId='consumer-tomge-consumer-group-1-ef2a1066-dc20-4779-8ad0-b7364185644a', protocol='range'}
2025-03-31 16:28:53.203 [org.springframework.kafka.KafkaListenerEndpointContainer#1-0-C-1] INFO  org.apache.kafka.clients.consumer.internals.ConsumerCoordinator - [Consumer clientId=consumer-tomge-consumer-group-2, groupId=tomge-consumer-group] Successfully synced group in generation Generation{generationId=113, memberId='consumer-tomge-consumer-group-2-4d11c588-6ad9-4ca0-8bd1-998f30bc975d', protocol='range'}
2025-03-31 16:28:53.204 [org.springframework.kafka.KafkaListenerEndpointContainer#0-0-C-1] INFO  org.apache.kafka.clients.consumer.internals.ConsumerCoordinator - [Consumer clientId=consumer-tomge-consumer-group-1, groupId=tomge-consumer-group] Notifying assignor about the new Assignment(partitions=[testtopic2-0])
2025-03-31 16:28:53.204 [org.springframework.kafka.KafkaListenerEndpointContainer#1-0-C-1] INFO  org.apache.kafka.clients.consumer.internals.ConsumerCoordinator - [Consumer clientId=consumer-tomge-consumer-group-2, groupId=tomge-consumer-group] Notifying assignor about the new Assignment(partitions=[testtopic-0])
2025-03-31 16:28:53.204 [org.springframework.kafka.KafkaListenerEndpointContainer#0-0-C-1] INFO  org.apache.kafka.clients.consumer.internals.ConsumerRebalanceListenerInvoker - [Consumer clientId=consumer-tomge-consumer-group-1, groupId=tomge-consumer-group] Adding newly assigned partitions: testtopic2-0
2025-03-31 16:28:53.204 [org.springframework.kafka.KafkaListenerEndpointContainer#1-0-C-1] INFO  org.apache.kafka.clients.consumer.internals.ConsumerRebalanceListenerInvoker - [Consumer clientId=consumer-tomge-consumer-group-2, groupId=tomge-consumer-group] Adding newly assigned partitions: testtopic-0
2025-03-31 16:28:53.208 [org.springframework.kafka.KafkaListenerEndpointContainer#1-0-C-1] INFO  org.apache.kafka.clients.consumer.internals.ConsumerUtils - Setting offset for partition testtopic-0 to the committed offset FetchPosition{offset=78, offsetEpoch=Optional.empty, currentLeader=LeaderAndEpoch{leader=Optional[localhost:9092 (id: 0 rack: null)], epoch=0}}
2025-03-31 16:28:53.208 [org.springframework.kafka.KafkaListenerEndpointContainer#0-0-C-1] INFO  org.apache.kafka.clients.consumer.internals.ConsumerUtils - Setting offset for partition testtopic2-0 to the committed offset FetchPosition{offset=50, offsetEpoch=Optional.empty, currentLeader=LeaderAndEpoch{leader=Optional[localhost:9092 (id: 0 rack: null)], epoch=0}}
2025-03-31 16:28:53.494 [DubboShutdownHook] INFO  org.apache.dubbo.config.DubboShutdownHook -  [DUBBO] Run shutdown hook now., dubbo version: 3.3.0, current host: 10.131.120.41
2025-03-31 16:28:53.495 [SpringApplicationShutdownHook] INFO  org.apache.dubbo.config.deploy.DefaultModuleDeployer -  [DUBBO] Dubbo Module[1.1.1] is stopping., dubbo version: 3.3.0, current host: 10.131.120.41
2025-03-31 16:28:53.495 [DubboShutdownHook] INFO  org.apache.dubbo.config.DubboShutdownHook -  [DUBBO] Dubbo shutdown hooks execute now. Dubbo Application[1.1](testspringboot), dubbo version: 3.3.0, current host: 10.131.120.41
2025-03-31 16:28:53.495 [SpringApplicationShutdownHook] INFO  org.apache.dubbo.config.deploy.DefaultApplicationDeployer -  [DUBBO] Dubbo Application[1.1](testspringboot) has completed., dubbo version: 3.3.0, current host: 10.131.120.41
2025-03-31 16:28:53.495 [SpringApplicationShutdownHook] INFO  org.apache.dubbo.config.deploy.DefaultModuleDeployer -  [DUBBO] Dubbo Module[1.1.1] has stopped., dubbo version: 3.3.0, current host: 10.131.120.41
2025-03-31 16:28:53.495 [SpringApplicationShutdownHook] INFO  org.apache.dubbo.config.deploy.DefaultApplicationDeployer -  [DUBBO] Dubbo Application[1.1](testspringboot) has completed., dubbo version: 3.3.0, current host: 10.131.120.41
2025-03-31 16:28:53.495 [SpringApplicationShutdownHook] INFO  org.apache.dubbo.rpc.model.FrameworkModel -  [DUBBO] Reset global default application from Dubbo Application[1.1](testspringboot) to null, dubbo version: 3.3.0, current host: 10.131.120.41
2025-03-31 16:28:53.495 [SpringApplicationShutdownHook] INFO  org.apache.dubbo.config.deploy.DefaultApplicationDeployer -  [DUBBO] Dubbo Application[1.1](testspringboot) is stopping., dubbo version: 3.3.0, current host: 10.131.120.41
2025-03-31 16:28:53.496 [SpringApplicationShutdownHook] INFO  org.apache.dubbo.config.deploy.DefaultModuleDeployer -  [DUBBO] Dubbo Module[1.1.0] is stopping., dubbo version: 3.3.0, current host: 10.131.120.41
2025-03-31 16:28:53.496 [SpringApplicationShutdownHook] INFO  org.apache.dubbo.config.deploy.DefaultModuleDeployer -  [DUBBO] Dubbo Module[1.1.0] has stopped., dubbo version: 3.3.0, current host: 10.131.120.41
2025-03-31 16:28:53.496 [SpringApplicationShutdownHook] INFO  org.apache.dubbo.registry.support.RegistryManager -  [DUBBO] Close all registries [], dubbo version: 3.3.0, current host: 10.131.120.41
2025-03-31 16:28:53.496 [SpringApplicationShutdownHook] INFO  org.apache.dubbo.common.threadpool.manager.DefaultExecutorRepository -  [DUBBO] destroying application executor repository .., dubbo version: 3.3.0, current host: 10.131.120.41
2025-03-31 16:28:53.496 [SpringApplicationShutdownHook] INFO  org.apache.dubbo.config.deploy.DefaultApplicationDeployer -  [DUBBO] Dubbo Application[1.1](testspringboot) has stopped., dubbo version: 3.3.0, current host: 10.131.120.41
2025-03-31 16:28:53.496 [SpringApplicationShutdownHook] INFO  org.apache.dubbo.rpc.model.FrameworkModel -  [DUBBO] Destroying default framework model: Dubbo Framework[1], dubbo version: 3.3.0, current host: 10.131.120.41
2025-03-31 16:28:53.496 [SpringApplicationShutdownHook] INFO  org.apache.dubbo.rpc.model.FrameworkModel -  [DUBBO] Dubbo Framework[1] is destroying ..., dubbo version: 3.3.0, current host: 10.131.120.41
2025-03-31 16:28:53.496 [SpringApplicationShutdownHook] INFO  org.apache.dubbo.config.deploy.DefaultApplicationDeployer -  [DUBBO] Dubbo Application[1.0](DUBBO_INTERNAL_APPLICATION) is stopping., dubbo version: 3.3.0, current host: 10.131.120.41
2025-03-31 16:28:53.496 [SpringApplicationShutdownHook] INFO  org.apache.dubbo.config.deploy.DefaultModuleDeployer -  [DUBBO] Dubbo Module[1.0.0] is stopping., dubbo version: 3.3.0, current host: 10.131.120.41
2025-03-31 16:28:53.497 [SpringApplicationShutdownHook] INFO  org.apache.dubbo.config.deploy.DefaultModuleDeployer -  [DUBBO] Dubbo Module[1.0.0] has stopped., dubbo version: 3.3.0, current host: 10.131.120.41
2025-03-31 16:28:53.497 [SpringApplicationShutdownHook] INFO  org.apache.dubbo.registry.support.RegistryManager -  [DUBBO] Close all registries [], dubbo version: 3.3.0, current host: 10.131.120.41
2025-03-31 16:28:53.497 [SpringApplicationShutdownHook] INFO  org.apache.dubbo.common.threadpool.manager.DefaultExecutorRepository -  [DUBBO] destroying application executor repository .., dubbo version: 3.3.0, current host: 10.131.120.41
2025-03-31 16:28:53.497 [SpringApplicationShutdownHook] INFO  org.apache.dubbo.config.deploy.DefaultApplicationDeployer -  [DUBBO] Dubbo Application[1.0](DUBBO_INTERNAL_APPLICATION) has stopped., dubbo version: 3.3.0, current host: 10.131.120.41
2025-03-31 16:28:53.497 [SpringApplicationShutdownHook] INFO  org.apache.dubbo.rpc.model.FrameworkModel -  [DUBBO] Dubbo Framework[1] is destroyed, dubbo version: 3.3.0, current host: 10.131.120.41
2025-03-31 16:28:53.497 [SpringApplicationShutdownHook] INFO  org.apache.dubbo.rpc.model.FrameworkModel -  [DUBBO] Reset global default framework from Dubbo Framework[1] to null, dubbo version: 3.3.0, current host: 10.131.120.41
2025-03-31 16:28:53.497 [SpringApplicationShutdownHook] INFO  org.apache.dubbo.common.resource.GlobalResourcesRepository -  [DUBBO] Destroying global resources ..., dubbo version: 3.3.0, current host: 10.131.120.41
2025-03-31 16:28:53.497 [SpringApplicationShutdownHook] INFO  org.apache.dubbo.common.resource.GlobalResourcesRepository -  [DUBBO] Dubbo is completely destroyed, dubbo version: 3.3.0, current host: 10.131.120.41
2025-03-31 16:28:53.497 [SpringApplicationShutdownHook] INFO  org.apache.dubbo.common.threadpool.manager.FrameworkExecutorRepository -  [DUBBO] destroying framework executor repository .., dubbo version: 3.3.0, current host: 10.131.120.41
2025-03-31 16:28:53.497 [SpringApplicationShutdownHook] INFO  org.apache.dubbo.config.spring.context.DubboSpringInitializer -  [DUBBO] Unbind Dubbo Module[1.1.1] from spring container: org.springframework.beans.factory.support.DefaultListableBeanFactory@80bfa9d, dubbo version: 3.3.0, current host: 10.131.120.41
2025-03-31 16:28:53.499 [org.springframework.kafka.KafkaListenerEndpointContainer#1-0-C-1] INFO  org.apache.kafka.clients.consumer.internals.ConsumerRebalanceListenerInvoker - [Consumer clientId=consumer-tomge-consumer-group-2, groupId=tomge-consumer-group] Revoke previously assigned partitions testtopic-0
2025-03-31 16:28:53.499 [org.springframework.kafka.KafkaListenerEndpointContainer#0-0-C-1] INFO  org.apache.kafka.clients.consumer.internals.ConsumerRebalanceListenerInvoker - [Consumer clientId=consumer-tomge-consumer-group-1, groupId=tomge-consumer-group] Revoke previously assigned partitions testtopic2-0
2025-03-31 16:28:53.499 [org.springframework.kafka.KafkaListenerEndpointContainer#1-0-C-1] INFO  org.apache.kafka.clients.consumer.internals.ConsumerCoordinator - [Consumer clientId=consumer-tomge-consumer-group-2, groupId=tomge-consumer-group] Member consumer-tomge-consumer-group-2-4d11c588-6ad9-4ca0-8bd1-998f30bc975d sending LeaveGroup request to coordinator localhost:9092 (id: 2147483647 rack: null) due to the consumer unsubscribed from all topics
2025-03-31 16:28:53.499 [org.springframework.kafka.KafkaListenerEndpointContainer#0-0-C-1] INFO  org.apache.kafka.clients.consumer.internals.ConsumerCoordinator - [Consumer clientId=consumer-tomge-consumer-group-1, groupId=tomge-consumer-group] Member consumer-tomge-consumer-group-1-ef2a1066-dc20-4779-8ad0-b7364185644a sending LeaveGroup request to coordinator localhost:9092 (id: 2147483647 rack: null) due to the consumer unsubscribed from all topics
2025-03-31 16:28:53.499 [org.springframework.kafka.KafkaListenerEndpointContainer#0-0-C-1] INFO  org.apache.kafka.clients.consumer.internals.ConsumerCoordinator - [Consumer clientId=consumer-tomge-consumer-group-1, groupId=tomge-consumer-group] Resetting generation and member id due to: consumer pro-actively leaving the group
2025-03-31 16:28:53.499 [org.springframework.kafka.KafkaListenerEndpointContainer#1-0-C-1] INFO  org.apache.kafka.clients.consumer.internals.ConsumerCoordinator - [Consumer clientId=consumer-tomge-consumer-group-2, groupId=tomge-consumer-group] Resetting generation and member id due to: consumer pro-actively leaving the group
2025-03-31 16:28:53.500 [org.springframework.kafka.KafkaListenerEndpointContainer#0-0-C-1] INFO  org.apache.kafka.clients.consumer.internals.ConsumerCoordinator - [Consumer clientId=consumer-tomge-consumer-group-1, groupId=tomge-consumer-group] Request joining group due to: consumer pro-actively leaving the group
2025-03-31 16:28:53.500 [org.springframework.kafka.KafkaListenerEndpointContainer#1-0-C-1] INFO  org.apache.kafka.clients.consumer.internals.ConsumerCoordinator - [Consumer clientId=consumer-tomge-consumer-group-2, groupId=tomge-consumer-group] Request joining group due to: consumer pro-actively leaving the group
2025-03-31 16:28:53.500 [org.springframework.kafka.KafkaListenerEndpointContainer#0-0-C-1] INFO  org.apache.kafka.clients.consumer.internals.LegacyKafkaConsumer - [Consumer clientId=consumer-tomge-consumer-group-1, groupId=tomge-consumer-group] Unsubscribed all topics or patterns and assigned partitions
2025-03-31 16:28:53.500 [org.springframework.kafka.KafkaListenerEndpointContainer#1-0-C-1] INFO  org.apache.kafka.clients.consumer.internals.LegacyKafkaConsumer - [Consumer clientId=consumer-tomge-consumer-group-2, groupId=tomge-consumer-group] Unsubscribed all topics or patterns and assigned partitions
2025-03-31 16:28:53.500 [org.springframework.kafka.KafkaListenerEndpointContainer#1-0-C-1] INFO  org.apache.kafka.clients.consumer.internals.ConsumerCoordinator - [Consumer clientId=consumer-tomge-consumer-group-2, groupId=tomge-consumer-group] Resetting generation and member id due to: consumer pro-actively leaving the group
2025-03-31 16:28:53.500 [org.springframework.kafka.KafkaListenerEndpointContainer#0-0-C-1] INFO  org.apache.kafka.clients.consumer.internals.ConsumerCoordinator - [Consumer clientId=consumer-tomge-consumer-group-1, groupId=tomge-consumer-group] Resetting generation and member id due to: consumer pro-actively leaving the group
2025-03-31 16:28:53.500 [org.springframework.kafka.KafkaListenerEndpointContainer#1-0-C-1] INFO  org.apache.kafka.clients.consumer.internals.ConsumerCoordinator - [Consumer clientId=consumer-tomge-consumer-group-2, groupId=tomge-consumer-group] Request joining group due to: consumer pro-actively leaving the group
2025-03-31 16:28:53.500 [org.springframework.kafka.KafkaListenerEndpointContainer#0-0-C-1] INFO  org.apache.kafka.clients.consumer.internals.ConsumerCoordinator - [Consumer clientId=consumer-tomge-consumer-group-1, groupId=tomge-consumer-group] Request joining group due to: consumer pro-actively leaving the group
2025-03-31 16:28:53.720 [org.springframework.kafka.KafkaListenerEndpointContainer#0-0-C-1] INFO  org.apache.kafka.clients.FetchSessionHandler - [Consumer clientId=consumer-tomge-consumer-group-1, groupId=tomge-consumer-group] Node 0 sent an invalid full fetch response with extraIds=(5-4wBK7WQSOfETuJhl1Pew), response=()
2025-03-31 16:28:53.720 [org.springframework.kafka.KafkaListenerEndpointContainer#1-0-C-1] INFO  org.apache.kafka.clients.FetchSessionHandler - [Consumer clientId=consumer-tomge-consumer-group-2, groupId=tomge-consumer-group] Node 0 sent an invalid full fetch response with extraIds=(JKCArCqFSeCjq-Q8-0yRiQ), response=()
2025-03-31 16:28:53.721 [org.springframework.kafka.KafkaListenerEndpointContainer#1-0-C-1] INFO  org.apache.kafka.common.metrics.Metrics - Metrics scheduler closed
2025-03-31 16:28:53.721 [org.springframework.kafka.KafkaListenerEndpointContainer#0-0-C-1] INFO  org.apache.kafka.common.metrics.Metrics - Metrics scheduler closed
2025-03-31 16:28:53.721 [org.springframework.kafka.KafkaListenerEndpointContainer#1-0-C-1] INFO  org.apache.kafka.common.metrics.Metrics - Closing reporter org.apache.kafka.common.metrics.JmxReporter
2025-03-31 16:28:53.721 [org.springframework.kafka.KafkaListenerEndpointContainer#0-0-C-1] INFO  org.apache.kafka.common.metrics.Metrics - Closing reporter org.apache.kafka.common.metrics.JmxReporter
2025-03-31 16:28:53.721 [org.springframework.kafka.KafkaListenerEndpointContainer#1-0-C-1] INFO  org.apache.kafka.common.metrics.Metrics - Closing reporter org.apache.kafka.common.telemetry.internals.ClientTelemetryReporter
2025-03-31 16:28:53.721 [org.springframework.kafka.KafkaListenerEndpointContainer#0-0-C-1] INFO  org.apache.kafka.common.metrics.Metrics - Closing reporter org.apache.kafka.common.telemetry.internals.ClientTelemetryReporter
2025-03-31 16:28:53.721 [org.springframework.kafka.KafkaListenerEndpointContainer#1-0-C-1] INFO  org.apache.kafka.common.metrics.Metrics - Metrics reporters closed
2025-03-31 16:28:53.721 [org.springframework.kafka.KafkaListenerEndpointContainer#0-0-C-1] INFO  org.apache.kafka.common.metrics.Metrics - Metrics reporters closed
2025-03-31 16:28:53.725 [org.springframework.kafka.KafkaListenerEndpointContainer#0-0-C-1] INFO  org.apache.kafka.common.utils.AppInfoParser - App info kafka.consumer for consumer-tomge-consumer-group-1 unregistered
2025-03-31 16:28:53.725 [org.springframework.kafka.KafkaListenerEndpointContainer#1-0-C-1] INFO  org.apache.kafka.common.utils.AppInfoParser - App info kafka.consumer for consumer-tomge-consumer-group-2 unregistered
2025-03-31 16:28:59.755 [main] INFO  org.apache.dubbo.spring.boot.context.event.WelcomeLogoApplicationListener -  [DUBBO] 

 :: Dubbo (v3.3.0) : https://github.com/apache/dubbo
 :: Discuss group : dev@dubbo.apache.org
, dubbo version: 3.3.0, current host: 10.131.120.41
2025-03-31 16:28:59.809 [main] INFO  com.test.testboot.TestbootApplication - Starting TestbootApplication v0.0.1-SNAPSHOT using Java 23.0.2 with PID 46796 (/Users/zhaoxin/Documents/GitHub/testboot/target/testboot-0.0.1-SNAPSHOT.jar started by zhaoxin in /Users/zhaoxin/Documents/GitHub/testboot)
2025-03-31 16:28:59.809 [main] INFO  com.test.testboot.TestbootApplication - No active profile set, falling back to 1 default profile: "default"
2025-03-31 16:29:00.339 [main] INFO  org.apache.dubbo.rpc.model.FrameworkModel -  [DUBBO] Dubbo Framework[1] is created, dubbo version: 3.3.0, current host: 10.131.120.41
2025-03-31 16:29:00.345 [main] INFO  org.apache.dubbo.common.resource.GlobalResourcesRepository -  [DUBBO] Creating global shared handler ..., dubbo version: 3.3.0, current host: 10.131.120.41
2025-03-31 16:29:00.387 [main] INFO  org.apache.dubbo.rpc.model.ApplicationModel -  [DUBBO] Dubbo Application[1.0](unknown) is created, dubbo version: 3.3.0, current host: 10.131.120.41
2025-03-31 16:29:00.387 [main] INFO  org.apache.dubbo.rpc.model.ScopeModel -  [DUBBO] Dubbo Module[1.0.0] is created, dubbo version: 3.3.0, current host: 10.131.120.41
2025-03-31 16:29:00.402 [main] INFO  org.apache.dubbo.config.context.AbstractConfigManager -  [DUBBO] Config settings: {dubbo.config.mode=STRICT, dubbo.config.ignore-duplicated-interface=false}, dubbo version: 3.3.0, current host: 10.131.120.41
2025-03-31 16:29:00.402 [main] INFO  org.apache.dubbo.config.context.AbstractConfigManager -  [DUBBO] Config settings: {dubbo.config.mode=STRICT, dubbo.config.ignore-duplicated-interface=false}, dubbo version: 3.3.0, current host: 10.131.120.41
2025-03-31 16:29:00.404 [main] INFO  org.apache.dubbo.common.utils.SerializeSecurityManager -  [DUBBO] Serialize check serializable: true, dubbo version: 3.3.0, current host: 10.131.120.41
2025-03-31 16:29:00.405 [main] INFO  org.apache.dubbo.common.utils.SerializeSecurityConfigurator -  [DUBBO] Read serialize allow list from jar:nested:/Users/zhaoxin/Documents/GitHub/testboot/target/testboot-0.0.1-SNAPSHOT.jar/!BOOT-INF/lib/dubbo-3.3.0.jar!/security/serialize.allowlist, dubbo version: 3.3.0, current host: 10.131.120.41
2025-03-31 16:29:00.424 [main] INFO  org.apache.dubbo.common.utils.SerializeSecurityConfigurator -  [DUBBO] Read serialize allow list from jar:nested:/Users/zhaoxin/Documents/GitHub/testboot/target/testboot-0.0.1-SNAPSHOT.jar/!BOOT-INF/lib/dubbo-common-3.3.0.jar!/security/serialize.allowlist, dubbo version: 3.3.0, current host: 10.131.120.41
2025-03-31 16:29:00.424 [main] INFO  org.apache.dubbo.common.utils.SerializeSecurityConfigurator -  [DUBBO] Read serialize blocked list from jar:nested:/Users/zhaoxin/Documents/GitHub/testboot/target/testboot-0.0.1-SNAPSHOT.jar/!BOOT-INF/lib/dubbo-3.3.0.jar!/security/serialize.blockedlist, dubbo version: 3.3.0, current host: 10.131.120.41
2025-03-31 16:29:00.449 [main] INFO  org.apache.dubbo.common.utils.SerializeSecurityConfigurator -  [DUBBO] Read serialize blocked list from jar:nested:/Users/zhaoxin/Documents/GitHub/testboot/target/testboot-0.0.1-SNAPSHOT.jar/!BOOT-INF/lib/dubbo-common-3.3.0.jar!/security/serialize.blockedlist, dubbo version: 3.3.0, current host: 10.131.120.41
2025-03-31 16:29:00.494 [main] INFO  org.apache.dubbo.rpc.model.ApplicationModel -  [DUBBO] Dubbo Application[1.1](unknown) is created, dubbo version: 3.3.0, current host: 10.131.120.41
2025-03-31 16:29:00.494 [main] INFO  org.apache.dubbo.rpc.model.ScopeModel -  [DUBBO] Dubbo Module[1.1.0] is created, dubbo version: 3.3.0, current host: 10.131.120.41
2025-03-31 16:29:00.498 [main] INFO  org.apache.dubbo.config.context.AbstractConfigManager -  [DUBBO] Config settings: {dubbo.config.mode=STRICT, dubbo.config.ignore-duplicated-interface=false}, dubbo version: 3.3.0, current host: 10.131.120.41
2025-03-31 16:29:00.498 [main] INFO  org.apache.dubbo.config.context.AbstractConfigManager -  [DUBBO] Config settings: {dubbo.config.mode=STRICT, dubbo.config.ignore-duplicated-interface=false}, dubbo version: 3.3.0, current host: 10.131.120.41
2025-03-31 16:29:00.499 [main] INFO  org.apache.dubbo.common.utils.SerializeSecurityConfigurator -  [DUBBO] Read serialize allow list from jar:nested:/Users/zhaoxin/Documents/GitHub/testboot/target/testboot-0.0.1-SNAPSHOT.jar/!BOOT-INF/lib/dubbo-3.3.0.jar!/security/serialize.allowlist, dubbo version: 3.3.0, current host: 10.131.120.41
2025-03-31 16:29:00.499 [main] INFO  org.apache.dubbo.common.utils.SerializeSecurityConfigurator -  [DUBBO] Read serialize allow list from jar:nested:/Users/zhaoxin/Documents/GitHub/testboot/target/testboot-0.0.1-SNAPSHOT.jar/!BOOT-INF/lib/dubbo-common-3.3.0.jar!/security/serialize.allowlist, dubbo version: 3.3.0, current host: 10.131.120.41
2025-03-31 16:29:00.500 [main] INFO  org.apache.dubbo.common.utils.SerializeSecurityConfigurator -  [DUBBO] Read serialize blocked list from jar:nested:/Users/zhaoxin/Documents/GitHub/testboot/target/testboot-0.0.1-SNAPSHOT.jar/!BOOT-INF/lib/dubbo-3.3.0.jar!/security/serialize.blockedlist, dubbo version: 3.3.0, current host: 10.131.120.41
2025-03-31 16:29:00.500 [main] INFO  org.apache.dubbo.common.utils.SerializeSecurityConfigurator -  [DUBBO] Read serialize blocked list from jar:nested:/Users/zhaoxin/Documents/GitHub/testboot/target/testboot-0.0.1-SNAPSHOT.jar/!BOOT-INF/lib/dubbo-common-3.3.0.jar!/security/serialize.blockedlist, dubbo version: 3.3.0, current host: 10.131.120.41
2025-03-31 16:29:00.509 [main] INFO  org.apache.dubbo.config.spring.context.DubboSpringInitializer -  [DUBBO] Use default application: Dubbo Application[1.1](unknown), dubbo version: 3.3.0, current host: 10.131.120.41
2025-03-31 16:29:00.509 [main] INFO  org.apache.dubbo.rpc.model.ScopeModel -  [DUBBO] Dubbo Module[1.1.1] is created, dubbo version: 3.3.0, current host: 10.131.120.41
2025-03-31 16:29:00.512 [main] INFO  org.apache.dubbo.config.context.AbstractConfigManager -  [DUBBO] Config settings: {dubbo.config.mode=STRICT, dubbo.config.ignore-duplicated-interface=false}, dubbo version: 3.3.0, current host: 10.131.120.41
2025-03-31 16:29:00.513 [main] INFO  org.apache.dubbo.common.utils.SerializeSecurityConfigurator -  [DUBBO] Read serialize allow list from jar:nested:/Users/zhaoxin/Documents/GitHub/testboot/target/testboot-0.0.1-SNAPSHOT.jar/!BOOT-INF/lib/dubbo-3.3.0.jar!/security/serialize.allowlist, dubbo version: 3.3.0, current host: 10.131.120.41
2025-03-31 16:29:00.513 [main] INFO  org.apache.dubbo.common.utils.SerializeSecurityConfigurator -  [DUBBO] Read serialize allow list from jar:nested:/Users/zhaoxin/Documents/GitHub/testboot/target/testboot-0.0.1-SNAPSHOT.jar/!BOOT-INF/lib/dubbo-common-3.3.0.jar!/security/serialize.allowlist, dubbo version: 3.3.0, current host: 10.131.120.41
2025-03-31 16:29:00.513 [main] INFO  org.apache.dubbo.common.utils.SerializeSecurityConfigurator -  [DUBBO] Read serialize blocked list from jar:nested:/Users/zhaoxin/Documents/GitHub/testboot/target/testboot-0.0.1-SNAPSHOT.jar/!BOOT-INF/lib/dubbo-3.3.0.jar!/security/serialize.blockedlist, dubbo version: 3.3.0, current host: 10.131.120.41
2025-03-31 16:29:00.513 [main] INFO  org.apache.dubbo.common.utils.SerializeSecurityConfigurator -  [DUBBO] Read serialize blocked list from jar:nested:/Users/zhaoxin/Documents/GitHub/testboot/target/testboot-0.0.1-SNAPSHOT.jar/!BOOT-INF/lib/dubbo-common-3.3.0.jar!/security/serialize.blockedlist, dubbo version: 3.3.0, current host: 10.131.120.41
2025-03-31 16:29:00.515 [main] INFO  org.apache.dubbo.config.spring.context.DubboSpringInitializer -  [DUBBO] Use default module model of target application: Dubbo Module[1.1.1], dubbo version: 3.3.0, current host: 10.131.120.41
2025-03-31 16:29:00.515 [main] INFO  org.apache.dubbo.config.spring.context.DubboSpringInitializer -  [DUBBO] Bind Dubbo Module[1.1.1] to spring container: org.springframework.beans.factory.support.DefaultListableBeanFactory@3cee53dc, dubbo version: 3.3.0, current host: 10.131.120.41
2025-03-31 16:29:00.918 [main] INFO  org.apache.dubbo.config.spring.beans.factory.annotation.ReferenceAnnotationBeanPostProcessor -  [DUBBO] class org.apache.dubbo.config.spring.beans.factory.annotation.ReferenceAnnotationBeanPostProcessor was destroying!, dubbo version: 3.3.0, current host: 10.131.120.41
2025-03-31 16:29:01.121 [main] INFO  org.apache.coyote.http11.Http11NioProtocol - Initializing ProtocolHandler ["http-nio-9090"]
2025-03-31 16:29:01.122 [main] INFO  org.apache.catalina.core.StandardService - Starting service [Tomcat]
2025-03-31 16:29:01.122 [main] INFO  org.apache.catalina.core.StandardEngine - Starting Servlet engine: [Apache Tomcat/10.1.36]
2025-03-31 16:29:01.140 [main] INFO  org.apache.catalina.core.ContainerBase.[Tomcat].[localhost].[/] - Initializing Spring embedded WebApplicationContext
2025-03-31 16:29:01.173 [main] INFO  org.apache.dubbo.config.spring.context.DubboConfigBeanInitializer -  [DUBBO] loading dubbo config beans ..., dubbo version: 3.3.0, current host: 10.131.120.41
2025-03-31 16:29:01.175 [main] INFO  org.apache.dubbo.config.spring.context.DubboConfigBeanInitializer -  [DUBBO] dubbo config beans are loaded., dubbo version: 3.3.0, current host: 10.131.120.41
2025-03-31 16:29:01.211 [main] INFO  org.apache.dubbo.config.context.ConfigManager -  [DUBBO] The current configurations or effective configurations are as follows:, dubbo version: 3.3.0, current host: 10.131.120.41
2025-03-31 16:29:01.212 [main] INFO  org.apache.dubbo.config.context.ConfigManager -  [DUBBO] <dubbo:application enableFileCache="true" executorManagementMode="isolation" parameters="{}" name="testspringboot" protocol="dubbo" />, dubbo version: 3.3.0, current host: 10.131.120.41
2025-03-31 16:29:01.212 [main] INFO  org.apache.dubbo.config.context.ConfigManager -  [DUBBO] <dubbo:protocol preferSerialization="hessian2,fastjson2" name="dubbo" />, dubbo version: 3.3.0, current host: 10.131.120.41
2025-03-31 16:29:01.212 [main] INFO  org.apache.dubbo.config.context.ConfigManager -  [DUBBO] <dubbo:ssl />, dubbo version: 3.3.0, current host: 10.131.120.41
2025-03-31 16:29:01.226 [main] INFO  org.apache.dubbo.config.deploy.DefaultModuleDeployer -  [DUBBO] Dubbo Module[1.1.0] has been initialized!, dubbo version: 3.3.0, current host: 10.131.120.41
2025-03-31 16:29:01.229 [main] INFO  org.apache.dubbo.config.deploy.DefaultModuleDeployer -  [DUBBO] Dubbo Module[1.1.1] has been initialized!, dubbo version: 3.3.0, current host: 10.131.120.41
2025-03-31 16:29:01.288 [main] INFO  org.apache.dubbo.config.deploy.DefaultApplicationDeployer -  [DUBBO] Dubbo Application[1.1](testspringboot) has been initialized!, dubbo version: 3.3.0, current host: 10.131.120.41
2025-03-31 16:29:02.414 [main] INFO  org.apache.coyote.http11.Http11NioProtocol - Starting ProtocolHandler ["http-nio-9090"]
2025-03-31 16:29:02.447 [main] INFO  org.apache.kafka.clients.consumer.ConsumerConfig - ConsumerConfig values: 
	allow.auto.create.topics = true
	auto.commit.interval.ms = 5000
	auto.include.jmx.reporter = true
	auto.offset.reset = latest
	bootstrap.servers = [localhost:9092]
	check.crcs = true
	client.dns.lookup = use_all_dns_ips
	client.id = consumer-tomge-consumer-group-1
	client.rack = 
	connections.max.idle.ms = 540000
	default.api.timeout.ms = 60000
	enable.auto.commit = false
	enable.metrics.push = true
	exclude.internal.topics = true
	fetch.max.bytes = 52428800
	fetch.max.wait.ms = 500
	fetch.min.bytes = 1
	group.id = tomge-consumer-group
	group.instance.id = null
	group.protocol = classic
	group.remote.assignor = null
	heartbeat.interval.ms = 3000
	interceptor.classes = []
	internal.leave.group.on.close = true
	internal.throw.on.fetch.stable.offset.unsupported = false
	isolation.level = read_uncommitted
	key.deserializer = class org.apache.kafka.common.serialization.StringDeserializer
	max.partition.fetch.bytes = 1048576
	max.poll.interval.ms = 300000
	max.poll.records = 500
	metadata.max.age.ms = 300000
	metric.reporters = []
	metrics.num.samples = 2
	metrics.recording.level = INFO
	metrics.sample.window.ms = 30000
	partition.assignment.strategy = [class org.apache.kafka.clients.consumer.RangeAssignor, class org.apache.kafka.clients.consumer.CooperativeStickyAssignor]
	receive.buffer.bytes = 65536
	reconnect.backoff.max.ms = 1000
	reconnect.backoff.ms = 50
	request.timeout.ms = 30000
	retry.backoff.max.ms = 1000
	retry.backoff.ms = 100
	sasl.client.callback.handler.class = null
	sasl.jaas.config = null
	sasl.kerberos.kinit.cmd = /usr/bin/kinit
	sasl.kerberos.min.time.before.relogin = 60000
	sasl.kerberos.service.name = null
	sasl.kerberos.ticket.renew.jitter = 0.05
	sasl.kerberos.ticket.renew.window.factor = 0.8
	sasl.login.callback.handler.class = null
	sasl.login.class = null
	sasl.login.connect.timeout.ms = null
	sasl.login.read.timeout.ms = null
	sasl.login.refresh.buffer.seconds = 300
	sasl.login.refresh.min.period.seconds = 60
	sasl.login.refresh.window.factor = 0.8
	sasl.login.refresh.window.jitter = 0.05
	sasl.login.retry.backoff.max.ms = 10000
	sasl.login.retry.backoff.ms = 100
	sasl.mechanism = GSSAPI
	sasl.oauthbearer.clock.skew.seconds = 30
	sasl.oauthbearer.expected.audience = null
	sasl.oauthbearer.expected.issuer = null
	sasl.oauthbearer.jwks.endpoint.refresh.ms = 3600000
	sasl.oauthbearer.jwks.endpoint.retry.backoff.max.ms = 10000
	sasl.oauthbearer.jwks.endpoint.retry.backoff.ms = 100
	sasl.oauthbearer.jwks.endpoint.url = null
	sasl.oauthbearer.scope.claim.name = scope
	sasl.oauthbearer.sub.claim.name = sub
	sasl.oauthbearer.token.endpoint.url = null
	security.protocol = PLAINTEXT
	security.providers = null
	send.buffer.bytes = 131072
	session.timeout.ms = 45000
	socket.connection.setup.timeout.max.ms = 30000
	socket.connection.setup.timeout.ms = 10000
	ssl.cipher.suites = null
	ssl.enabled.protocols = [TLSv1.2, TLSv1.3]
	ssl.endpoint.identification.algorithm = https
	ssl.engine.factory.class = null
	ssl.key.password = null
	ssl.keymanager.algorithm = SunX509
	ssl.keystore.certificate.chain = null
	ssl.keystore.key = null
	ssl.keystore.location = null
	ssl.keystore.password = null
	ssl.keystore.type = JKS
	ssl.protocol = TLSv1.3
	ssl.provider = null
	ssl.secure.random.implementation = null
	ssl.trustmanager.algorithm = PKIX
	ssl.truststore.certificates = null
	ssl.truststore.location = null
	ssl.truststore.password = null
	ssl.truststore.type = JKS
	value.deserializer = class org.apache.kafka.common.serialization.StringDeserializer

2025-03-31 16:29:02.482 [main] INFO  org.apache.kafka.common.telemetry.internals.KafkaMetricsCollector - initializing Kafka metrics collector
2025-03-31 16:29:02.571 [main] INFO  org.apache.kafka.common.utils.AppInfoParser - Kafka version: 3.7.2
2025-03-31 16:29:02.571 [main] INFO  org.apache.kafka.common.utils.AppInfoParser - Kafka commitId: 79a8f2b5f44f9d5a
2025-03-31 16:29:02.571 [main] INFO  org.apache.kafka.common.utils.AppInfoParser - Kafka startTimeMs: 1743409742570
2025-03-31 16:29:02.573 [main] INFO  org.apache.kafka.clients.consumer.internals.LegacyKafkaConsumer - [Consumer clientId=consumer-tomge-consumer-group-1, groupId=tomge-consumer-group] Subscribed to topic(s): testtopic
2025-03-31 16:29:02.578 [main] INFO  org.apache.kafka.clients.consumer.ConsumerConfig - ConsumerConfig values: 
	allow.auto.create.topics = true
	auto.commit.interval.ms = 5000
	auto.include.jmx.reporter = true
	auto.offset.reset = latest
	bootstrap.servers = [localhost:9092]
	check.crcs = true
	client.dns.lookup = use_all_dns_ips
	client.id = consumer-tomge-consumer-group-2
	client.rack = 
	connections.max.idle.ms = 540000
	default.api.timeout.ms = 60000
	enable.auto.commit = false
	enable.metrics.push = true
	exclude.internal.topics = true
	fetch.max.bytes = 52428800
	fetch.max.wait.ms = 500
	fetch.min.bytes = 1
	group.id = tomge-consumer-group
	group.instance.id = null
	group.protocol = classic
	group.remote.assignor = null
	heartbeat.interval.ms = 3000
	interceptor.classes = []
	internal.leave.group.on.close = true
	internal.throw.on.fetch.stable.offset.unsupported = false
	isolation.level = read_uncommitted
	key.deserializer = class org.apache.kafka.common.serialization.StringDeserializer
	max.partition.fetch.bytes = 1048576
	max.poll.interval.ms = 300000
	max.poll.records = 500
	metadata.max.age.ms = 300000
	metric.reporters = []
	metrics.num.samples = 2
	metrics.recording.level = INFO
	metrics.sample.window.ms = 30000
	partition.assignment.strategy = [class org.apache.kafka.clients.consumer.RangeAssignor, class org.apache.kafka.clients.consumer.CooperativeStickyAssignor]
	receive.buffer.bytes = 65536
	reconnect.backoff.max.ms = 1000
	reconnect.backoff.ms = 50
	request.timeout.ms = 30000
	retry.backoff.max.ms = 1000
	retry.backoff.ms = 100
	sasl.client.callback.handler.class = null
	sasl.jaas.config = null
	sasl.kerberos.kinit.cmd = /usr/bin/kinit
	sasl.kerberos.min.time.before.relogin = 60000
	sasl.kerberos.service.name = null
	sasl.kerberos.ticket.renew.jitter = 0.05
	sasl.kerberos.ticket.renew.window.factor = 0.8
	sasl.login.callback.handler.class = null
	sasl.login.class = null
	sasl.login.connect.timeout.ms = null
	sasl.login.read.timeout.ms = null
	sasl.login.refresh.buffer.seconds = 300
	sasl.login.refresh.min.period.seconds = 60
	sasl.login.refresh.window.factor = 0.8
	sasl.login.refresh.window.jitter = 0.05
	sasl.login.retry.backoff.max.ms = 10000
	sasl.login.retry.backoff.ms = 100
	sasl.mechanism = GSSAPI
	sasl.oauthbearer.clock.skew.seconds = 30
	sasl.oauthbearer.expected.audience = null
	sasl.oauthbearer.expected.issuer = null
	sasl.oauthbearer.jwks.endpoint.refresh.ms = 3600000
	sasl.oauthbearer.jwks.endpoint.retry.backoff.max.ms = 10000
	sasl.oauthbearer.jwks.endpoint.retry.backoff.ms = 100
	sasl.oauthbearer.jwks.endpoint.url = null
	sasl.oauthbearer.scope.claim.name = scope
	sasl.oauthbearer.sub.claim.name = sub
	sasl.oauthbearer.token.endpoint.url = null
	security.protocol = PLAINTEXT
	security.providers = null
	send.buffer.bytes = 131072
	session.timeout.ms = 45000
	socket.connection.setup.timeout.max.ms = 30000
	socket.connection.setup.timeout.ms = 10000
	ssl.cipher.suites = null
	ssl.enabled.protocols = [TLSv1.2, TLSv1.3]
	ssl.endpoint.identification.algorithm = https
	ssl.engine.factory.class = null
	ssl.key.password = null
	ssl.keymanager.algorithm = SunX509
	ssl.keystore.certificate.chain = null
	ssl.keystore.key = null
	ssl.keystore.location = null
	ssl.keystore.password = null
	ssl.keystore.type = JKS
	ssl.protocol = TLSv1.3
	ssl.provider = null
	ssl.secure.random.implementation = null
	ssl.trustmanager.algorithm = PKIX
	ssl.truststore.certificates = null
	ssl.truststore.location = null
	ssl.truststore.password = null
	ssl.truststore.type = JKS
	value.deserializer = class org.apache.kafka.common.serialization.StringDeserializer

2025-03-31 16:29:02.582 [main] INFO  org.apache.kafka.common.telemetry.internals.KafkaMetricsCollector - initializing Kafka metrics collector
2025-03-31 16:29:02.586 [main] INFO  org.apache.kafka.common.utils.AppInfoParser - Kafka version: 3.7.2
2025-03-31 16:29:02.586 [main] INFO  org.apache.kafka.common.utils.AppInfoParser - Kafka commitId: 79a8f2b5f44f9d5a
2025-03-31 16:29:02.586 [main] INFO  org.apache.kafka.common.utils.AppInfoParser - Kafka startTimeMs: 1743409742586
2025-03-31 16:29:02.586 [main] INFO  org.apache.kafka.clients.consumer.internals.LegacyKafkaConsumer - [Consumer clientId=consumer-tomge-consumer-group-2, groupId=tomge-consumer-group] Subscribed to topic(s): testtopic2
2025-03-31 16:29:02.596 [main] INFO  org.apache.dubbo.config.deploy.DefaultModuleDeployer -  [DUBBO] Dubbo Module[1.1.1] is starting., dubbo version: 3.3.0, current host: 10.131.120.41
2025-03-31 16:29:02.596 [main] INFO  org.apache.dubbo.config.deploy.DefaultApplicationDeployer -  [DUBBO] Dubbo Application[1.1](testspringboot) is starting., dubbo version: 3.3.0, current host: 10.131.120.41
2025-03-31 16:29:02.596 [main] INFO  org.apache.dubbo.config.deploy.DefaultModuleDeployer -  [DUBBO] Dubbo Module[1.1.0] is starting., dubbo version: 3.3.0, current host: 10.131.120.41
2025-03-31 16:29:02.596 [main] INFO  org.apache.dubbo.config.deploy.DefaultModuleDeployer -  [DUBBO] Dubbo Module[1.1.0] has started., dubbo version: 3.3.0, current host: 10.131.120.41
2025-03-31 16:29:02.597 [main] INFO  org.apache.dubbo.config.deploy.DefaultModuleDeployer -  [DUBBO] Dubbo Module[1.1.0] has completed., dubbo version: 3.3.0, current host: 10.131.120.41
2025-03-31 16:29:02.597 [main] INFO  org.apache.dubbo.config.deploy.DefaultModuleDeployer -  [DUBBO] Dubbo Module[1.1.1] has started., dubbo version: 3.3.0, current host: 10.131.120.41
2025-03-31 16:29:02.597 [main] INFO  org.apache.dubbo.config.deploy.DefaultMetricsServiceExporter -  [DUBBO] The MetricsConfig not exist, will not export metrics service., dubbo version: 3.3.0, current host: 10.131.120.41
2025-03-31 16:29:02.598 [main] INFO  org.apache.dubbo.config.deploy.DefaultApplicationDeployer -  [DUBBO] Dubbo Application[1.1](testspringboot) is ready., dubbo version: 3.3.0, current host: 10.131.120.41
2025-03-31 16:29:02.598 [main] INFO  org.apache.dubbo.config.deploy.DefaultModuleDeployer -  [DUBBO] Dubbo Module[1.1.1] has completed., dubbo version: 3.3.0, current host: 10.131.120.41
2025-03-31 16:29:02.598 [main] INFO  org.apache.dubbo.config.deploy.DefaultApplicationDeployer -  [DUBBO] Dubbo Application[1.1](testspringboot) has completed., dubbo version: 3.3.0, current host: 10.131.120.41
2025-03-31 16:29:02.599 [main] INFO  com.test.testboot.TestbootApplication - Started TestbootApplication in 3.168 seconds (process running for 3.452)
2025-03-31 16:29:02.772 [org.springframework.kafka.KafkaListenerEndpointContainer#1-0-C-1] INFO  org.apache.kafka.clients.Metadata - [Consumer clientId=consumer-tomge-consumer-group-2, groupId=tomge-consumer-group] Cluster ID: 55v202dzTXeo6Uf5cKQwuw
2025-03-31 16:29:02.772 [org.springframework.kafka.KafkaListenerEndpointContainer#0-0-C-1] INFO  org.apache.kafka.clients.Metadata - [Consumer clientId=consumer-tomge-consumer-group-1, groupId=tomge-consumer-group] Cluster ID: 55v202dzTXeo6Uf5cKQwuw
2025-03-31 16:29:02.773 [org.springframework.kafka.KafkaListenerEndpointContainer#1-0-C-1] INFO  org.apache.kafka.clients.consumer.internals.ConsumerCoordinator - [Consumer clientId=consumer-tomge-consumer-group-2, groupId=tomge-consumer-group] Discovered group coordinator localhost:9092 (id: 2147483647 rack: null)
2025-03-31 16:29:02.773 [org.springframework.kafka.KafkaListenerEndpointContainer#0-0-C-1] INFO  org.apache.kafka.clients.consumer.internals.ConsumerCoordinator - [Consumer clientId=consumer-tomge-consumer-group-1, groupId=tomge-consumer-group] Discovered group coordinator localhost:9092 (id: 2147483647 rack: null)
2025-03-31 16:29:02.774 [org.springframework.kafka.KafkaListenerEndpointContainer#1-0-C-1] INFO  org.apache.kafka.clients.consumer.internals.ConsumerCoordinator - [Consumer clientId=consumer-tomge-consumer-group-2, groupId=tomge-consumer-group] (Re-)joining group
2025-03-31 16:29:02.774 [org.springframework.kafka.KafkaListenerEndpointContainer#0-0-C-1] INFO  org.apache.kafka.clients.consumer.internals.ConsumerCoordinator - [Consumer clientId=consumer-tomge-consumer-group-1, groupId=tomge-consumer-group] (Re-)joining group
2025-03-31 16:29:02.782 [org.springframework.kafka.KafkaListenerEndpointContainer#1-0-C-1] INFO  org.apache.kafka.clients.consumer.internals.ConsumerCoordinator - [Consumer clientId=consumer-tomge-consumer-group-2, groupId=tomge-consumer-group] Request joining group due to: need to re-join with the given member-id: consumer-tomge-consumer-group-2-7c4e2bf4-e9ac-455d-85e5-124155023700
2025-03-31 16:29:02.782 [org.springframework.kafka.KafkaListenerEndpointContainer#0-0-C-1] INFO  org.apache.kafka.clients.consumer.internals.ConsumerCoordinator - [Consumer clientId=consumer-tomge-consumer-group-1, groupId=tomge-consumer-group] Request joining group due to: need to re-join with the given member-id: consumer-tomge-consumer-group-1-8852d59a-930c-4c56-985d-79201a28c0de
2025-03-31 16:29:02.783 [org.springframework.kafka.KafkaListenerEndpointContainer#1-0-C-1] INFO  org.apache.kafka.clients.consumer.internals.ConsumerCoordinator - [Consumer clientId=consumer-tomge-consumer-group-2, groupId=tomge-consumer-group] (Re-)joining group
2025-03-31 16:29:02.783 [org.springframework.kafka.KafkaListenerEndpointContainer#0-0-C-1] INFO  org.apache.kafka.clients.consumer.internals.ConsumerCoordinator - [Consumer clientId=consumer-tomge-consumer-group-1, groupId=tomge-consumer-group] (Re-)joining group
2025-03-31 16:29:02.784 [org.springframework.kafka.KafkaListenerEndpointContainer#1-0-C-1] INFO  org.apache.kafka.clients.consumer.internals.ConsumerCoordinator - [Consumer clientId=consumer-tomge-consumer-group-2, groupId=tomge-consumer-group] Successfully joined group with generation Generation{generationId=115, memberId='consumer-tomge-consumer-group-2-7c4e2bf4-e9ac-455d-85e5-124155023700', protocol='range'}
2025-03-31 16:29:02.784 [org.springframework.kafka.KafkaListenerEndpointContainer#0-0-C-1] INFO  org.apache.kafka.clients.consumer.internals.ConsumerCoordinator - [Consumer clientId=consumer-tomge-consumer-group-1, groupId=tomge-consumer-group] Successfully joined group with generation Generation{generationId=115, memberId='consumer-tomge-consumer-group-1-8852d59a-930c-4c56-985d-79201a28c0de', protocol='range'}
2025-03-31 16:29:02.789 [org.springframework.kafka.KafkaListenerEndpointContainer#1-0-C-1] INFO  org.apache.kafka.clients.consumer.internals.ConsumerCoordinator - [Consumer clientId=consumer-tomge-consumer-group-2, groupId=tomge-consumer-group] Finished assignment for group at generation 115: {consumer-tomge-consumer-group-2-7c4e2bf4-e9ac-455d-85e5-124155023700=Assignment(partitions=[testtopic2-0]), consumer-tomge-consumer-group-1-8852d59a-930c-4c56-985d-79201a28c0de=Assignment(partitions=[testtopic-0])}
2025-03-31 16:29:02.791 [org.springframework.kafka.KafkaListenerEndpointContainer#1-0-C-1] INFO  org.apache.kafka.clients.consumer.internals.ConsumerCoordinator - [Consumer clientId=consumer-tomge-consumer-group-2, groupId=tomge-consumer-group] Successfully synced group in generation Generation{generationId=115, memberId='consumer-tomge-consumer-group-2-7c4e2bf4-e9ac-455d-85e5-124155023700', protocol='range'}
2025-03-31 16:29:02.791 [org.springframework.kafka.KafkaListenerEndpointContainer#0-0-C-1] INFO  org.apache.kafka.clients.consumer.internals.ConsumerCoordinator - [Consumer clientId=consumer-tomge-consumer-group-1, groupId=tomge-consumer-group] Successfully synced group in generation Generation{generationId=115, memberId='consumer-tomge-consumer-group-1-8852d59a-930c-4c56-985d-79201a28c0de', protocol='range'}
2025-03-31 16:29:02.792 [org.springframework.kafka.KafkaListenerEndpointContainer#0-0-C-1] INFO  org.apache.kafka.clients.consumer.internals.ConsumerCoordinator - [Consumer clientId=consumer-tomge-consumer-group-1, groupId=tomge-consumer-group] Notifying assignor about the new Assignment(partitions=[testtopic-0])
2025-03-31 16:29:02.792 [org.springframework.kafka.KafkaListenerEndpointContainer#1-0-C-1] INFO  org.apache.kafka.clients.consumer.internals.ConsumerCoordinator - [Consumer clientId=consumer-tomge-consumer-group-2, groupId=tomge-consumer-group] Notifying assignor about the new Assignment(partitions=[testtopic2-0])
2025-03-31 16:29:02.793 [org.springframework.kafka.KafkaListenerEndpointContainer#0-0-C-1] INFO  org.apache.kafka.clients.consumer.internals.ConsumerRebalanceListenerInvoker - [Consumer clientId=consumer-tomge-consumer-group-1, groupId=tomge-consumer-group] Adding newly assigned partitions: testtopic-0
2025-03-31 16:29:02.793 [org.springframework.kafka.KafkaListenerEndpointContainer#1-0-C-1] INFO  org.apache.kafka.clients.consumer.internals.ConsumerRebalanceListenerInvoker - [Consumer clientId=consumer-tomge-consumer-group-2, groupId=tomge-consumer-group] Adding newly assigned partitions: testtopic2-0
2025-03-31 16:29:02.797 [org.springframework.kafka.KafkaListenerEndpointContainer#1-0-C-1] INFO  org.apache.kafka.clients.consumer.internals.ConsumerUtils - Setting offset for partition testtopic2-0 to the committed offset FetchPosition{offset=50, offsetEpoch=Optional.empty, currentLeader=LeaderAndEpoch{leader=Optional[localhost:9092 (id: 0 rack: null)], epoch=0}}
2025-03-31 16:29:02.797 [org.springframework.kafka.KafkaListenerEndpointContainer#0-0-C-1] INFO  org.apache.kafka.clients.consumer.internals.ConsumerUtils - Setting offset for partition testtopic-0 to the committed offset FetchPosition{offset=78, offsetEpoch=Optional.empty, currentLeader=LeaderAndEpoch{leader=Optional[localhost:9092 (id: 0 rack: null)], epoch=0}}
2025-03-31 16:29:26.252 [http-nio-9090-exec-2] INFO  org.apache.catalina.core.ContainerBase.[Tomcat].[localhost].[/] - Initializing Spring DispatcherServlet 'dispatcherServlet'
2025-03-31 16:29:26.375 [http-nio-9090-exec-2] INFO  com.test.testboot.controller.StudentController - {"messageType":"JSON","data":{"address":"湖北省襄阳市","sex":"女","name":"黄蓉","birth":"1500","id":913,"department":"丐帮"}}
2025-03-31 16:29:26.383 [http-nio-9090-exec-2] INFO  org.apache.kafka.clients.producer.ProducerConfig - ProducerConfig values: 
	acks = -1
	auto.include.jmx.reporter = true
	batch.size = 16384
	bootstrap.servers = [localhost:9092]
	buffer.memory = 33554432
	client.dns.lookup = use_all_dns_ips
	client.id = testspringboot-producer-1
	compression.type = none
	connections.max.idle.ms = 540000
	delivery.timeout.ms = 120000
	enable.idempotence = true
	enable.metrics.push = true
	interceptor.classes = []
	key.serializer = class org.apache.kafka.common.serialization.StringSerializer
	linger.ms = 0
	max.block.ms = 60000
	max.in.flight.requests.per.connection = 5
	max.request.size = 1048576
	metadata.max.age.ms = 300000
	metadata.max.idle.ms = 300000
	metric.reporters = []
	metrics.num.samples = 2
	metrics.recording.level = INFO
	metrics.sample.window.ms = 30000
	partitioner.adaptive.partitioning.enable = true
	partitioner.availability.timeout.ms = 0
	partitioner.class = null
	partitioner.ignore.keys = false
	receive.buffer.bytes = 32768
	reconnect.backoff.max.ms = 1000
	reconnect.backoff.ms = 50
	request.timeout.ms = 30000
	retries = 3
	retry.backoff.max.ms = 1000
	retry.backoff.ms = 100
	sasl.client.callback.handler.class = null
	sasl.jaas.config = null
	sasl.kerberos.kinit.cmd = /usr/bin/kinit
	sasl.kerberos.min.time.before.relogin = 60000
	sasl.kerberos.service.name = null
	sasl.kerberos.ticket.renew.jitter = 0.05
	sasl.kerberos.ticket.renew.window.factor = 0.8
	sasl.login.callback.handler.class = null
	sasl.login.class = null
	sasl.login.connect.timeout.ms = null
	sasl.login.read.timeout.ms = null
	sasl.login.refresh.buffer.seconds = 300
	sasl.login.refresh.min.period.seconds = 60
	sasl.login.refresh.window.factor = 0.8
	sasl.login.refresh.window.jitter = 0.05
	sasl.login.retry.backoff.max.ms = 10000
	sasl.login.retry.backoff.ms = 100
	sasl.mechanism = GSSAPI
	sasl.oauthbearer.clock.skew.seconds = 30
	sasl.oauthbearer.expected.audience = null
	sasl.oauthbearer.expected.issuer = null
	sasl.oauthbearer.jwks.endpoint.refresh.ms = 3600000
	sasl.oauthbearer.jwks.endpoint.retry.backoff.max.ms = 10000
	sasl.oauthbearer.jwks.endpoint.retry.backoff.ms = 100
	sasl.oauthbearer.jwks.endpoint.url = null
	sasl.oauthbearer.scope.claim.name = scope
	sasl.oauthbearer.sub.claim.name = sub
	sasl.oauthbearer.token.endpoint.url = null
	security.protocol = PLAINTEXT
	security.providers = null
	send.buffer.bytes = 131072
	socket.connection.setup.timeout.max.ms = 30000
	socket.connection.setup.timeout.ms = 10000
	ssl.cipher.suites = null
	ssl.enabled.protocols = [TLSv1.2, TLSv1.3]
	ssl.endpoint.identification.algorithm = https
	ssl.engine.factory.class = null
	ssl.key.password = null
	ssl.keymanager.algorithm = SunX509
	ssl.keystore.certificate.chain = null
	ssl.keystore.key = null
	ssl.keystore.location = null
	ssl.keystore.password = null
	ssl.keystore.type = JKS
	ssl.protocol = TLSv1.3
	ssl.provider = null
	ssl.secure.random.implementation = null
	ssl.trustmanager.algorithm = PKIX
	ssl.truststore.certificates = null
	ssl.truststore.location = null
	ssl.truststore.password = null
	ssl.truststore.type = JKS
	transaction.timeout.ms = 60000
	transactional.id = null
	value.serializer = class org.apache.kafka.common.serialization.StringSerializer

2025-03-31 16:29:26.387 [http-nio-9090-exec-2] INFO  org.apache.kafka.common.telemetry.internals.KafkaMetricsCollector - initializing Kafka metrics collector
2025-03-31 16:29:26.393 [http-nio-9090-exec-2] INFO  org.apache.kafka.clients.producer.KafkaProducer - [Producer clientId=testspringboot-producer-1] Instantiated an idempotent producer.
2025-03-31 16:29:26.399 [http-nio-9090-exec-2] INFO  org.apache.kafka.common.utils.AppInfoParser - Kafka version: 3.7.2
2025-03-31 16:29:26.399 [http-nio-9090-exec-2] INFO  org.apache.kafka.common.utils.AppInfoParser - Kafka commitId: 79a8f2b5f44f9d5a
2025-03-31 16:29:26.399 [http-nio-9090-exec-2] INFO  org.apache.kafka.common.utils.AppInfoParser - Kafka startTimeMs: 1743409766399
2025-03-31 16:29:26.402 [kafka-producer-network-thread | testspringboot-producer-1] INFO  org.apache.kafka.clients.Metadata - [Producer clientId=testspringboot-producer-1] Cluster ID: 55v202dzTXeo6Uf5cKQwuw
2025-03-31 16:29:26.402 [kafka-producer-network-thread | testspringboot-producer-1] INFO  org.apache.kafka.clients.producer.internals.TransactionManager - [Producer clientId=testspringboot-producer-1] ProducerId set to 1040 with epoch 0
2025-03-31 16:29:26.419 [http-nio-9090-exec-2] INFO  com.test.testboot.kafkaservice.ProducerService - {"messageType":"JSON","data":{"address":"湖北省襄阳市","sex":"女","name":"黄蓉","birth":"1500","id":913,"department":"丐帮"}}
2025-03-31 16:29:26.433 [org.springframework.kafka.KafkaListenerEndpointContainer#0-0-C-1] INFO  com.test.testboot.kafkaservice.ConsumerService - {"address":"湖北省襄阳市","sex":"女","name":"黄蓉","birth":"1500","id":913,"department":"丐帮"}
2025-03-31 16:29:26.433 [org.springframework.kafka.KafkaListenerEndpointContainer#0-0-C-1] INFO  com.test.testboot.kafkaservice.ConsumerService - {"address":"湖北省襄阳市","sex":"女","name":"黄蓉","birth":"1500","id":913,"department":"丐帮"}
2025-03-31 16:29:26.456 [org.springframework.kafka.KafkaListenerEndpointContainer#0-0-C-1] INFO  com.zaxxer.hikari.HikariDataSource - HikariPool-1 - Starting...
2025-03-31 16:29:26.563 [org.springframework.kafka.KafkaListenerEndpointContainer#0-0-C-1] INFO  com.zaxxer.hikari.pool.HikariPool - HikariPool-1 - Added connection com.mysql.cj.jdbc.ConnectionImpl@76a58e83
2025-03-31 16:29:26.564 [org.springframework.kafka.KafkaListenerEndpointContainer#0-0-C-1] INFO  com.zaxxer.hikari.HikariDataSource - HikariPool-1 - Start completed.
2025-03-31 16:29:26.721 [org.springframework.kafka.KafkaListenerEndpointContainer#1-0-C-1] INFO  com.test.testboot.kafkaservice.ConsumerService - CanalModel: null
2025-03-31 16:29:26.881 [org.springframework.kafka.KafkaListenerEndpointContainer#1-0-C-1] INFO  com.test.testboot.kafkaservice.ConsumerService - INSERT 操作成功 - id: 913, value: {"address":"湖北省襄阳市","sex":"女","name":"黄蓉","birth":"1500","id":"913","department":"丐帮"}
2025-03-31 16:29:49.573 [DubboShutdownHook] INFO  org.apache.dubbo.config.DubboShutdownHook -  [DUBBO] Run shutdown hook now., dubbo version: 3.3.0, current host: 10.131.120.41
2025-03-31 16:29:49.575 [DubboShutdownHook] INFO  org.apache.dubbo.config.DubboShutdownHook -  [DUBBO] Waiting for modules(Dubbo Application[1.1](testspringboot)) managed by Spring to be shutdown., dubbo version: 3.3.0, current host: 10.131.120.41
2025-03-31 16:29:49.575 [SpringApplicationShutdownHook] INFO  org.apache.dubbo.config.deploy.DefaultModuleDeployer -  [DUBBO] Dubbo Module[1.1.1] is stopping., dubbo version: 3.3.0, current host: 10.131.120.41
2025-03-31 16:29:49.576 [SpringApplicationShutdownHook] INFO  org.apache.dubbo.config.deploy.DefaultApplicationDeployer -  [DUBBO] Dubbo Application[1.1](testspringboot) has completed., dubbo version: 3.3.0, current host: 10.131.120.41
2025-03-31 16:29:49.577 [SpringApplicationShutdownHook] INFO  org.apache.dubbo.config.deploy.DefaultModuleDeployer -  [DUBBO] Dubbo Module[1.1.1] has stopped., dubbo version: 3.3.0, current host: 10.131.120.41
2025-03-31 16:29:49.578 [SpringApplicationShutdownHook] INFO  org.apache.dubbo.config.deploy.DefaultApplicationDeployer -  [DUBBO] Dubbo Application[1.1](testspringboot) has completed., dubbo version: 3.3.0, current host: 10.131.120.41
2025-03-31 16:29:49.578 [SpringApplicationShutdownHook] INFO  org.apache.dubbo.rpc.model.FrameworkModel -  [DUBBO] Reset global default application from Dubbo Application[1.1](testspringboot) to null, dubbo version: 3.3.0, current host: 10.131.120.41
2025-03-31 16:29:49.578 [SpringApplicationShutdownHook] INFO  org.apache.dubbo.config.deploy.DefaultApplicationDeployer -  [DUBBO] Dubbo Application[1.1](testspringboot) is stopping., dubbo version: 3.3.0, current host: 10.131.120.41
2025-03-31 16:29:49.579 [SpringApplicationShutdownHook] INFO  org.apache.dubbo.config.deploy.DefaultModuleDeployer -  [DUBBO] Dubbo Module[1.1.0] is stopping., dubbo version: 3.3.0, current host: 10.131.120.41
2025-03-31 16:29:49.579 [SpringApplicationShutdownHook] INFO  org.apache.dubbo.config.deploy.DefaultModuleDeployer -  [DUBBO] Dubbo Module[1.1.0] has stopped., dubbo version: 3.3.0, current host: 10.131.120.41
2025-03-31 16:29:49.580 [SpringApplicationShutdownHook] INFO  org.apache.dubbo.registry.support.RegistryManager -  [DUBBO] Close all registries [], dubbo version: 3.3.0, current host: 10.131.120.41
2025-03-31 16:29:49.581 [SpringApplicationShutdownHook] INFO  org.apache.dubbo.common.threadpool.manager.DefaultExecutorRepository -  [DUBBO] destroying application executor repository .., dubbo version: 3.3.0, current host: 10.131.120.41
2025-03-31 16:29:49.581 [SpringApplicationShutdownHook] INFO  org.apache.dubbo.config.deploy.DefaultApplicationDeployer -  [DUBBO] Dubbo Application[1.1](testspringboot) has stopped., dubbo version: 3.3.0, current host: 10.131.120.41
2025-03-31 16:29:49.582 [SpringApplicationShutdownHook] INFO  org.apache.dubbo.rpc.model.FrameworkModel -  [DUBBO] Destroying default framework model: Dubbo Framework[1], dubbo version: 3.3.0, current host: 10.131.120.41
2025-03-31 16:29:49.582 [SpringApplicationShutdownHook] INFO  org.apache.dubbo.rpc.model.FrameworkModel -  [DUBBO] Dubbo Framework[1] is destroying ..., dubbo version: 3.3.0, current host: 10.131.120.41
2025-03-31 16:29:49.582 [SpringApplicationShutdownHook] INFO  org.apache.dubbo.config.deploy.DefaultApplicationDeployer -  [DUBBO] Dubbo Application[1.0](DUBBO_INTERNAL_APPLICATION) is stopping., dubbo version: 3.3.0, current host: 10.131.120.41
2025-03-31 16:29:49.582 [SpringApplicationShutdownHook] INFO  org.apache.dubbo.config.deploy.DefaultModuleDeployer -  [DUBBO] Dubbo Module[1.0.0] is stopping., dubbo version: 3.3.0, current host: 10.131.120.41
2025-03-31 16:29:49.582 [SpringApplicationShutdownHook] INFO  org.apache.dubbo.config.deploy.DefaultModuleDeployer -  [DUBBO] Dubbo Module[1.0.0] has stopped., dubbo version: 3.3.0, current host: 10.131.120.41
2025-03-31 16:29:49.582 [SpringApplicationShutdownHook] INFO  org.apache.dubbo.registry.support.RegistryManager -  [DUBBO] Close all registries [], dubbo version: 3.3.0, current host: 10.131.120.41
2025-03-31 16:29:49.582 [SpringApplicationShutdownHook] INFO  org.apache.dubbo.common.threadpool.manager.DefaultExecutorRepository -  [DUBBO] destroying application executor repository .., dubbo version: 3.3.0, current host: 10.131.120.41
2025-03-31 16:29:49.583 [SpringApplicationShutdownHook] INFO  org.apache.dubbo.config.deploy.DefaultApplicationDeployer -  [DUBBO] Dubbo Application[1.0](DUBBO_INTERNAL_APPLICATION) has stopped., dubbo version: 3.3.0, current host: 10.131.120.41
2025-03-31 16:29:49.583 [SpringApplicationShutdownHook] INFO  org.apache.dubbo.rpc.model.FrameworkModel -  [DUBBO] Dubbo Framework[1] is destroyed, dubbo version: 3.3.0, current host: 10.131.120.41
2025-03-31 16:29:49.583 [SpringApplicationShutdownHook] INFO  org.apache.dubbo.rpc.model.FrameworkModel -  [DUBBO] Reset global default framework from Dubbo Framework[1] to null, dubbo version: 3.3.0, current host: 10.131.120.41
2025-03-31 16:29:49.583 [SpringApplicationShutdownHook] INFO  org.apache.dubbo.common.resource.GlobalResourcesRepository -  [DUBBO] Destroying global resources ..., dubbo version: 3.3.0, current host: 10.131.120.41
2025-03-31 16:29:49.584 [SpringApplicationShutdownHook] INFO  org.apache.dubbo.common.resource.GlobalResourcesRepository -  [DUBBO] Dubbo is completely destroyed, dubbo version: 3.3.0, current host: 10.131.120.41
2025-03-31 16:29:49.584 [SpringApplicationShutdownHook] INFO  org.apache.dubbo.common.threadpool.manager.FrameworkExecutorRepository -  [DUBBO] destroying framework executor repository .., dubbo version: 3.3.0, current host: 10.131.120.41
2025-03-31 16:29:49.585 [SpringApplicationShutdownHook] INFO  org.apache.dubbo.config.spring.context.DubboSpringInitializer -  [DUBBO] Unbind Dubbo Module[1.1.1] from spring container: org.springframework.beans.factory.support.DefaultListableBeanFactory@3cee53dc, dubbo version: 3.3.0, current host: 10.131.120.41
2025-03-31 16:29:49.588 [org.springframework.kafka.KafkaListenerEndpointContainer#0-0-C-1] INFO  org.apache.kafka.clients.consumer.internals.ConsumerRebalanceListenerInvoker - [Consumer clientId=consumer-tomge-consumer-group-1, groupId=tomge-consumer-group] Revoke previously assigned partitions testtopic-0
2025-03-31 16:29:49.588 [org.springframework.kafka.KafkaListenerEndpointContainer#1-0-C-1] INFO  org.apache.kafka.clients.consumer.internals.ConsumerRebalanceListenerInvoker - [Consumer clientId=consumer-tomge-consumer-group-2, groupId=tomge-consumer-group] Revoke previously assigned partitions testtopic2-0
2025-03-31 16:29:49.589 [org.springframework.kafka.KafkaListenerEndpointContainer#0-0-C-1] INFO  org.apache.kafka.clients.consumer.internals.ConsumerCoordinator - [Consumer clientId=consumer-tomge-consumer-group-1, groupId=tomge-consumer-group] Member consumer-tomge-consumer-group-1-8852d59a-930c-4c56-985d-79201a28c0de sending LeaveGroup request to coordinator localhost:9092 (id: 2147483647 rack: null) due to the consumer unsubscribed from all topics
2025-03-31 16:29:49.589 [org.springframework.kafka.KafkaListenerEndpointContainer#1-0-C-1] INFO  org.apache.kafka.clients.consumer.internals.ConsumerCoordinator - [Consumer clientId=consumer-tomge-consumer-group-2, groupId=tomge-consumer-group] Member consumer-tomge-consumer-group-2-7c4e2bf4-e9ac-455d-85e5-124155023700 sending LeaveGroup request to coordinator localhost:9092 (id: 2147483647 rack: null) due to the consumer unsubscribed from all topics
2025-03-31 16:29:49.589 [org.springframework.kafka.KafkaListenerEndpointContainer#0-0-C-1] INFO  org.apache.kafka.clients.consumer.internals.ConsumerCoordinator - [Consumer clientId=consumer-tomge-consumer-group-1, groupId=tomge-consumer-group] Resetting generation and member id due to: consumer pro-actively leaving the group
2025-03-31 16:29:49.589 [org.springframework.kafka.KafkaListenerEndpointContainer#1-0-C-1] INFO  org.apache.kafka.clients.consumer.internals.ConsumerCoordinator - [Consumer clientId=consumer-tomge-consumer-group-2, groupId=tomge-consumer-group] Resetting generation and member id due to: consumer pro-actively leaving the group
2025-03-31 16:29:49.589 [org.springframework.kafka.KafkaListenerEndpointContainer#0-0-C-1] INFO  org.apache.kafka.clients.consumer.internals.ConsumerCoordinator - [Consumer clientId=consumer-tomge-consumer-group-1, groupId=tomge-consumer-group] Request joining group due to: consumer pro-actively leaving the group
2025-03-31 16:29:49.589 [org.springframework.kafka.KafkaListenerEndpointContainer#1-0-C-1] INFO  org.apache.kafka.clients.consumer.internals.ConsumerCoordinator - [Consumer clientId=consumer-tomge-consumer-group-2, groupId=tomge-consumer-group] Request joining group due to: consumer pro-actively leaving the group
2025-03-31 16:29:49.589 [org.springframework.kafka.KafkaListenerEndpointContainer#0-0-C-1] INFO  org.apache.kafka.clients.consumer.internals.LegacyKafkaConsumer - [Consumer clientId=consumer-tomge-consumer-group-1, groupId=tomge-consumer-group] Unsubscribed all topics or patterns and assigned partitions
2025-03-31 16:29:49.590 [org.springframework.kafka.KafkaListenerEndpointContainer#1-0-C-1] INFO  org.apache.kafka.clients.consumer.internals.LegacyKafkaConsumer - [Consumer clientId=consumer-tomge-consumer-group-2, groupId=tomge-consumer-group] Unsubscribed all topics or patterns and assigned partitions
2025-03-31 16:29:49.592 [org.springframework.kafka.KafkaListenerEndpointContainer#0-0-C-1] INFO  org.apache.kafka.clients.consumer.internals.ConsumerCoordinator - [Consumer clientId=consumer-tomge-consumer-group-1, groupId=tomge-consumer-group] Resetting generation and member id due to: consumer pro-actively leaving the group
2025-03-31 16:29:49.592 [org.springframework.kafka.KafkaListenerEndpointContainer#1-0-C-1] INFO  org.apache.kafka.clients.consumer.internals.ConsumerCoordinator - [Consumer clientId=consumer-tomge-consumer-group-2, groupId=tomge-consumer-group] Resetting generation and member id due to: consumer pro-actively leaving the group
2025-03-31 16:29:49.592 [org.springframework.kafka.KafkaListenerEndpointContainer#0-0-C-1] INFO  org.apache.kafka.clients.consumer.internals.ConsumerCoordinator - [Consumer clientId=consumer-tomge-consumer-group-1, groupId=tomge-consumer-group] Request joining group due to: consumer pro-actively leaving the group
2025-03-31 16:29:49.592 [org.springframework.kafka.KafkaListenerEndpointContainer#1-0-C-1] INFO  org.apache.kafka.clients.consumer.internals.ConsumerCoordinator - [Consumer clientId=consumer-tomge-consumer-group-2, groupId=tomge-consumer-group] Request joining group due to: consumer pro-actively leaving the group
2025-03-31 16:29:49.597 [org.springframework.kafka.KafkaListenerEndpointContainer#0-0-C-1] INFO  org.apache.kafka.common.metrics.Metrics - Metrics scheduler closed
2025-03-31 16:29:49.597 [org.springframework.kafka.KafkaListenerEndpointContainer#0-0-C-1] INFO  org.apache.kafka.common.metrics.Metrics - Closing reporter org.apache.kafka.common.metrics.JmxReporter
2025-03-31 16:29:49.597 [org.springframework.kafka.KafkaListenerEndpointContainer#0-0-C-1] INFO  org.apache.kafka.common.metrics.Metrics - Closing reporter org.apache.kafka.common.telemetry.internals.ClientTelemetryReporter
2025-03-31 16:29:49.597 [org.springframework.kafka.KafkaListenerEndpointContainer#0-0-C-1] INFO  org.apache.kafka.common.metrics.Metrics - Metrics reporters closed
2025-03-31 16:29:49.600 [org.springframework.kafka.KafkaListenerEndpointContainer#0-0-C-1] INFO  org.apache.kafka.common.utils.AppInfoParser - App info kafka.consumer for consumer-tomge-consumer-group-1 unregistered
2025-03-31 16:29:49.902 [org.springframework.kafka.KafkaListenerEndpointContainer#1-0-C-1] INFO  org.apache.kafka.common.metrics.Metrics - Metrics scheduler closed
2025-03-31 16:29:49.903 [org.springframework.kafka.KafkaListenerEndpointContainer#1-0-C-1] INFO  org.apache.kafka.common.metrics.Metrics - Closing reporter org.apache.kafka.common.metrics.JmxReporter
2025-03-31 16:29:49.903 [org.springframework.kafka.KafkaListenerEndpointContainer#1-0-C-1] INFO  org.apache.kafka.common.metrics.Metrics - Closing reporter org.apache.kafka.common.telemetry.internals.ClientTelemetryReporter
2025-03-31 16:29:49.903 [org.springframework.kafka.KafkaListenerEndpointContainer#1-0-C-1] INFO  org.apache.kafka.common.metrics.Metrics - Metrics reporters closed
2025-03-31 16:29:49.909 [org.springframework.kafka.KafkaListenerEndpointContainer#1-0-C-1] INFO  org.apache.kafka.common.utils.AppInfoParser - App info kafka.consumer for consumer-tomge-consumer-group-2 unregistered
2025-03-31 16:29:51.537 [SpringApplicationShutdownHook] INFO  org.apache.kafka.clients.producer.KafkaProducer - [Producer clientId=testspringboot-producer-1] Closing the Kafka producer with timeoutMillis = 30000 ms.
2025-03-31 16:29:51.541 [SpringApplicationShutdownHook] INFO  org.apache.kafka.common.metrics.Metrics - Metrics scheduler closed
2025-03-31 16:29:51.541 [SpringApplicationShutdownHook] INFO  org.apache.kafka.common.metrics.Metrics - Closing reporter org.apache.kafka.common.metrics.JmxReporter
2025-03-31 16:29:51.541 [SpringApplicationShutdownHook] INFO  org.apache.kafka.common.metrics.Metrics - Closing reporter org.apache.kafka.common.telemetry.internals.ClientTelemetryReporter
2025-03-31 16:29:51.541 [SpringApplicationShutdownHook] INFO  org.apache.kafka.common.metrics.Metrics - Metrics reporters closed
2025-03-31 16:29:51.542 [SpringApplicationShutdownHook] INFO  org.apache.kafka.common.utils.AppInfoParser - App info kafka.producer for testspringboot-producer-1 unregistered
2025-03-31 16:29:51.544 [SpringApplicationShutdownHook] INFO  com.zaxxer.hikari.HikariDataSource - HikariPool-1 - Shutdown initiated...
2025-03-31 16:29:51.549 [SpringApplicationShutdownHook] INFO  com.zaxxer.hikari.HikariDataSource - HikariPool-1 - Shutdown completed.
2025-03-31 17:27:43.589 [main] INFO  org.apache.dubbo.spring.boot.context.event.WelcomeLogoApplicationListener -  [DUBBO] 

 :: Dubbo (v3.3.0) : https://github.com/apache/dubbo
 :: Discuss group : dev@dubbo.apache.org
, dubbo version: 3.3.0, current host: 10.131.120.41
2025-03-31 17:27:43.619 [main] INFO  com.test.testboot.TestbootApplication - Starting TestbootApplication using Java 23.0.2 with PID 48225 (/Users/zhaoxin/Documents/GitHub/testboot/target/classes started by zhaoxin in /Users/zhaoxin/Documents/GitHub/testboot)
2025-03-31 17:27:43.619 [main] INFO  com.test.testboot.TestbootApplication - No active profile set, falling back to 1 default profile: "default"
2025-03-31 17:27:43.981 [main] INFO  org.apache.dubbo.rpc.model.FrameworkModel -  [DUBBO] Dubbo Framework[1] is created, dubbo version: 3.3.0, current host: 10.131.120.41
2025-03-31 17:27:43.985 [main] INFO  org.apache.dubbo.common.resource.GlobalResourcesRepository -  [DUBBO] Creating global shared handler ..., dubbo version: 3.3.0, current host: 10.131.120.41
2025-03-31 17:27:44.014 [main] INFO  org.apache.dubbo.rpc.model.ApplicationModel -  [DUBBO] Dubbo Application[1.0](unknown) is created, dubbo version: 3.3.0, current host: 10.131.120.41
2025-03-31 17:27:44.015 [main] INFO  org.apache.dubbo.rpc.model.ScopeModel -  [DUBBO] Dubbo Module[1.0.0] is created, dubbo version: 3.3.0, current host: 10.131.120.41
2025-03-31 17:27:44.024 [main] INFO  org.apache.dubbo.config.context.AbstractConfigManager -  [DUBBO] Config settings: {dubbo.config.mode=STRICT, dubbo.config.ignore-duplicated-interface=false}, dubbo version: 3.3.0, current host: 10.131.120.41
2025-03-31 17:27:44.024 [main] INFO  org.apache.dubbo.config.context.AbstractConfigManager -  [DUBBO] Config settings: {dubbo.config.mode=STRICT, dubbo.config.ignore-duplicated-interface=false}, dubbo version: 3.3.0, current host: 10.131.120.41
2025-03-31 17:27:44.025 [main] INFO  org.apache.dubbo.common.utils.SerializeSecurityManager -  [DUBBO] Serialize check serializable: true, dubbo version: 3.3.0, current host: 10.131.120.41
2025-03-31 17:27:44.026 [main] INFO  org.apache.dubbo.common.utils.SerializeSecurityConfigurator -  [DUBBO] Read serialize allow list from jar:file:/Users/zhaoxin/.m2/repository/org/apache/dubbo/dubbo/3.3.0/dubbo-3.3.0.jar!/security/serialize.allowlist, dubbo version: 3.3.0, current host: 10.131.120.41
2025-03-31 17:27:44.039 [main] INFO  org.apache.dubbo.common.utils.SerializeSecurityConfigurator -  [DUBBO] Read serialize allow list from jar:file:/Users/zhaoxin/.m2/repository/org/apache/dubbo/dubbo-common/3.3.0/dubbo-common-3.3.0.jar!/security/serialize.allowlist, dubbo version: 3.3.0, current host: 10.131.120.41
2025-03-31 17:27:44.040 [main] INFO  org.apache.dubbo.common.utils.SerializeSecurityConfigurator -  [DUBBO] Read serialize blocked list from jar:file:/Users/zhaoxin/.m2/repository/org/apache/dubbo/dubbo/3.3.0/dubbo-3.3.0.jar!/security/serialize.blockedlist, dubbo version: 3.3.0, current host: 10.131.120.41
2025-03-31 17:27:44.056 [main] INFO  org.apache.dubbo.common.utils.SerializeSecurityConfigurator -  [DUBBO] Read serialize blocked list from jar:file:/Users/zhaoxin/.m2/repository/org/apache/dubbo/dubbo-common/3.3.0/dubbo-common-3.3.0.jar!/security/serialize.blockedlist, dubbo version: 3.3.0, current host: 10.131.120.41
2025-03-31 17:27:44.087 [main] INFO  org.apache.dubbo.rpc.model.ApplicationModel -  [DUBBO] Dubbo Application[1.1](unknown) is created, dubbo version: 3.3.0, current host: 10.131.120.41
2025-03-31 17:27:44.087 [main] INFO  org.apache.dubbo.rpc.model.ScopeModel -  [DUBBO] Dubbo Module[1.1.0] is created, dubbo version: 3.3.0, current host: 10.131.120.41
2025-03-31 17:27:44.090 [main] INFO  org.apache.dubbo.config.context.AbstractConfigManager -  [DUBBO] Config settings: {dubbo.config.mode=STRICT, dubbo.config.ignore-duplicated-interface=false}, dubbo version: 3.3.0, current host: 10.131.120.41
2025-03-31 17:27:44.090 [main] INFO  org.apache.dubbo.config.context.AbstractConfigManager -  [DUBBO] Config settings: {dubbo.config.mode=STRICT, dubbo.config.ignore-duplicated-interface=false}, dubbo version: 3.3.0, current host: 10.131.120.41
2025-03-31 17:27:44.091 [main] INFO  org.apache.dubbo.common.utils.SerializeSecurityConfigurator -  [DUBBO] Read serialize allow list from jar:file:/Users/zhaoxin/.m2/repository/org/apache/dubbo/dubbo/3.3.0/dubbo-3.3.0.jar!/security/serialize.allowlist, dubbo version: 3.3.0, current host: 10.131.120.41
2025-03-31 17:27:44.091 [main] INFO  org.apache.dubbo.common.utils.SerializeSecurityConfigurator -  [DUBBO] Read serialize allow list from jar:file:/Users/zhaoxin/.m2/repository/org/apache/dubbo/dubbo-common/3.3.0/dubbo-common-3.3.0.jar!/security/serialize.allowlist, dubbo version: 3.3.0, current host: 10.131.120.41
2025-03-31 17:27:44.091 [main] INFO  org.apache.dubbo.common.utils.SerializeSecurityConfigurator -  [DUBBO] Read serialize blocked list from jar:file:/Users/zhaoxin/.m2/repository/org/apache/dubbo/dubbo/3.3.0/dubbo-3.3.0.jar!/security/serialize.blockedlist, dubbo version: 3.3.0, current host: 10.131.120.41
2025-03-31 17:27:44.091 [main] INFO  org.apache.dubbo.common.utils.SerializeSecurityConfigurator -  [DUBBO] Read serialize blocked list from jar:file:/Users/zhaoxin/.m2/repository/org/apache/dubbo/dubbo-common/3.3.0/dubbo-common-3.3.0.jar!/security/serialize.blockedlist, dubbo version: 3.3.0, current host: 10.131.120.41
2025-03-31 17:27:44.096 [main] INFO  org.apache.dubbo.config.spring.context.DubboSpringInitializer -  [DUBBO] Use default application: Dubbo Application[1.1](unknown), dubbo version: 3.3.0, current host: 10.131.120.41
2025-03-31 17:27:44.096 [main] INFO  org.apache.dubbo.rpc.model.ScopeModel -  [DUBBO] Dubbo Module[1.1.1] is created, dubbo version: 3.3.0, current host: 10.131.120.41
2025-03-31 17:27:44.098 [main] INFO  org.apache.dubbo.config.context.AbstractConfigManager -  [DUBBO] Config settings: {dubbo.config.mode=STRICT, dubbo.config.ignore-duplicated-interface=false}, dubbo version: 3.3.0, current host: 10.131.120.41
2025-03-31 17:27:44.098 [main] INFO  org.apache.dubbo.common.utils.SerializeSecurityConfigurator -  [DUBBO] Read serialize allow list from jar:file:/Users/zhaoxin/.m2/repository/org/apache/dubbo/dubbo/3.3.0/dubbo-3.3.0.jar!/security/serialize.allowlist, dubbo version: 3.3.0, current host: 10.131.120.41
2025-03-31 17:27:44.099 [main] INFO  org.apache.dubbo.common.utils.SerializeSecurityConfigurator -  [DUBBO] Read serialize allow list from jar:file:/Users/zhaoxin/.m2/repository/org/apache/dubbo/dubbo-common/3.3.0/dubbo-common-3.3.0.jar!/security/serialize.allowlist, dubbo version: 3.3.0, current host: 10.131.120.41
2025-03-31 17:27:44.099 [main] INFO  org.apache.dubbo.common.utils.SerializeSecurityConfigurator -  [DUBBO] Read serialize blocked list from jar:file:/Users/zhaoxin/.m2/repository/org/apache/dubbo/dubbo/3.3.0/dubbo-3.3.0.jar!/security/serialize.blockedlist, dubbo version: 3.3.0, current host: 10.131.120.41
2025-03-31 17:27:44.099 [main] INFO  org.apache.dubbo.common.utils.SerializeSecurityConfigurator -  [DUBBO] Read serialize blocked list from jar:file:/Users/zhaoxin/.m2/repository/org/apache/dubbo/dubbo-common/3.3.0/dubbo-common-3.3.0.jar!/security/serialize.blockedlist, dubbo version: 3.3.0, current host: 10.131.120.41
2025-03-31 17:27:44.100 [main] INFO  org.apache.dubbo.config.spring.context.DubboSpringInitializer -  [DUBBO] Use default module model of target application: Dubbo Module[1.1.1], dubbo version: 3.3.0, current host: 10.131.120.41
2025-03-31 17:27:44.100 [main] INFO  org.apache.dubbo.config.spring.context.DubboSpringInitializer -  [DUBBO] Bind Dubbo Module[1.1.1] to spring container: org.springframework.beans.factory.support.DefaultListableBeanFactory@36b310aa, dubbo version: 3.3.0, current host: 10.131.120.41
2025-03-31 17:27:44.227 [main] INFO  org.apache.dubbo.config.spring.beans.factory.annotation.ServiceAnnotationPostProcessor -  [DUBBO] BeanNameGenerator bean can't be found in BeanFactory with name [org.springframework.context.annotation.internalConfigurationBeanNameGenerator], dubbo version: 3.3.0, current host: 10.131.120.41
2025-03-31 17:27:44.228 [main] INFO  org.apache.dubbo.config.spring.beans.factory.annotation.ServiceAnnotationPostProcessor -  [DUBBO] BeanNameGenerator will be a instance of org.springframework.context.annotation.AnnotationBeanNameGenerator , it maybe a potential problem on bean name generation., dubbo version: 3.3.0, current host: 10.131.120.41
2025-03-31 17:27:44.229 [main] WARN  org.apache.dubbo.config.spring.beans.factory.annotation.ServiceAnnotationPostProcessor -  [DUBBO] No class annotated by Dubbo @DubboService or @Service was found under package [com.buddha.service], ignore re-scanned classes: 0, dubbo version: 3.3.0, current host: 10.131.120.41, error code: 5-28. This may be caused by No annotations were found on the class, go to https://dubbo.apache.org/faq/5/28 to find instructions. 
2025-03-31 17:27:44.473 [main] INFO  org.apache.dubbo.config.spring.beans.factory.annotation.ReferenceAnnotationBeanPostProcessor -  [DUBBO] class org.apache.dubbo.config.spring.beans.factory.annotation.ReferenceAnnotationBeanPostProcessor was destroying!, dubbo version: 3.3.0, current host: 10.131.120.41
2025-03-31 17:27:44.635 [main] INFO  org.apache.coyote.http11.Http11NioProtocol - Initializing ProtocolHandler ["http-nio-9090"]
2025-03-31 17:27:44.635 [main] INFO  org.apache.catalina.core.StandardService - Starting service [Tomcat]
2025-03-31 17:27:44.636 [main] INFO  org.apache.catalina.core.StandardEngine - Starting Servlet engine: [Apache Tomcat/10.1.36]
2025-03-31 17:27:44.664 [main] INFO  org.apache.catalina.core.ContainerBase.[Tomcat].[localhost].[/] - Initializing Spring embedded WebApplicationContext
2025-03-31 17:27:44.697 [main] INFO  org.apache.dubbo.config.spring.context.DubboConfigBeanInitializer -  [DUBBO] loading dubbo config beans ..., dubbo version: 3.3.0, current host: 10.131.120.41
2025-03-31 17:27:44.699 [main] INFO  org.apache.dubbo.config.spring.context.DubboConfigBeanInitializer -  [DUBBO] dubbo config beans are loaded., dubbo version: 3.3.0, current host: 10.131.120.41
2025-03-31 17:27:44.718 [main] INFO  org.apache.dubbo.config.deploy.DefaultApplicationDeployer -  [DUBBO] No value is configured in the registry, the DynamicConfigurationFactory extension[name : zookeeper] supports as the config center, dubbo version: 3.3.0, current host: 10.131.120.41
2025-03-31 17:27:44.718 [main] INFO  org.apache.dubbo.config.deploy.DefaultApplicationDeployer -  [DUBBO] The registry[<dubbo:registry port="2181" address="zookeeper://127.0.0.1:2181" protocol="zookeeper" />] will be used as the config center, dubbo version: 3.3.0, current host: 10.131.120.41
2025-03-31 17:27:44.721 [main] INFO  org.apache.dubbo.config.deploy.DefaultApplicationDeployer -  [DUBBO] use registry as config-center: <dubbo:config-center highestPriority="false" id="config-center-zookeeper-127.0.0.1-2181" address="zookeeper://127.0.0.1:2181" protocol="zookeeper" port="2181" parameters="{client=null}" />, dubbo version: 3.3.0, current host: 10.131.120.41
2025-03-31 17:27:44.758 [main] INFO  org.apache.curator.framework.imps.CuratorFrameworkImpl - Starting
2025-03-31 17:27:44.762 [main] INFO  org.apache.zookeeper.ZooKeeper - Client environment:zookeeper.version=3.8.4-9316c2a7a97e1666d8f4593f34dd6fc36ecc436c, built on 2024-02-12 22:16 UTC
2025-03-31 17:27:44.762 [main] INFO  org.apache.zookeeper.ZooKeeper - Client environment:host.name=localhost
2025-03-31 17:27:44.762 [main] INFO  org.apache.zookeeper.ZooKeeper - Client environment:java.version=23.0.2
2025-03-31 17:27:44.762 [main] INFO  org.apache.zookeeper.ZooKeeper - Client environment:java.vendor=Homebrew
2025-03-31 17:27:44.762 [main] INFO  org.apache.zookeeper.ZooKeeper - Client environment:java.home=/opt/homebrew/Cellar/openjdk/23.0.2/libexec/openjdk.jdk/Contents/Home
2025-03-31 17:27:44.762 [main] INFO  org.apache.zookeeper.ZooKeeper - Client environment:java.class.path=/Users/zhaoxin/Documents/GitHub/testboot/target/classes:/Users/zhaoxin/.m2/repository/org/springframework/boot/spring-boot-starter-data-redis/3.3.9/spring-boot-starter-data-redis-3.3.9.jar:/Users/zhaoxin/.m2/repository/org/springframework/boot/spring-boot-starter/3.3.9/spring-boot-starter-3.3.9.jar:/Users/zhaoxin/.m2/repository/org/springframework/boot/spring-boot/3.3.9/spring-boot-3.3.9.jar:/Users/zhaoxin/.m2/repository/jakarta/annotation/jakarta.annotation-api/2.1.1/jakarta.annotation-api-2.1.1.jar:/Users/zhaoxin/.m2/repository/org/yaml/snakeyaml/2.2/snakeyaml-2.2.jar:/Users/zhaoxin/.m2/repository/io/lettuce/lettuce-core/6.3.2.RELEASE/lettuce-core-6.3.2.RELEASE.jar:/Users/zhaoxin/.m2/repository/io/netty/netty-common/4.1.118.Final/netty-common-4.1.118.Final.jar:/Users/zhaoxin/.m2/repository/io/netty/netty-handler/4.1.118.Final/netty-handler-4.1.118.Final.jar:/Users/zhaoxin/.m2/repository/io/netty/netty-resolver/4.1.118.Final/netty-resolver-4.1.118.Final.jar:/Users/zhaoxin/.m2/repository/io/netty/netty-buffer/4.1.118.Final/netty-buffer-4.1.118.Final.jar:/Users/zhaoxin/.m2/repository/io/netty/netty-transport-native-unix-common/4.1.118.Final/netty-transport-native-unix-common-4.1.118.Final.jar:/Users/zhaoxin/.m2/repository/io/netty/netty-codec/4.1.118.Final/netty-codec-4.1.118.Final.jar:/Users/zhaoxin/.m2/repository/io/netty/netty-transport/4.1.118.Final/netty-transport-4.1.118.Final.jar:/Users/zhaoxin/.m2/repository/io/projectreactor/reactor-core/3.6.14/reactor-core-3.6.14.jar:/Users/zhaoxin/.m2/repository/org/reactivestreams/reactive-streams/1.0.4/reactive-streams-1.0.4.jar:/Users/zhaoxin/.m2/repository/org/springframework/data/spring-data-redis/3.3.9/spring-data-redis-3.3.9.jar:/Users/zhaoxin/.m2/repository/org/springframework/data/spring-data-keyvalue/3.3.9/spring-data-keyvalue-3.3.9.jar:/Users/zhaoxin/.m2/repository/org/springframework/data/spring-data-commons/3.3.9/spring-data-commons-3.3.9.jar:/Users/zhaoxin/.m2/repository/org/springframework/spring-oxm/6.1.17/spring-oxm-6.1.17.jar:/Users/zhaoxin/.m2/repository/org/springframework/spring-aop/6.1.17/spring-aop-6.1.17.jar:/Users/zhaoxin/.m2/repository/org/springframework/spring-context-support/6.1.17/spring-context-support-6.1.17.jar:/Users/zhaoxin/.m2/repository/org/slf4j/slf4j-api/2.0.16/slf4j-api-2.0.16.jar:/Users/zhaoxin/.m2/repository/org/apache/dubbo/dubbo-spring-boot-starter/3.3.0/dubbo-spring-boot-starter-3.3.0.jar:/Users/zhaoxin/.m2/repository/org/apache/dubbo/dubbo-spring-boot-autoconfigure/3.3.0/dubbo-spring-boot-autoconfigure-3.3.0.jar:/Users/zhaoxin/.m2/repository/org/apache/dubbo/dubbo-spring-boot-autoconfigure-compatible/3.3.0/dubbo-spring-boot-autoconfigure-compatible-3.3.0.jar:/Users/zhaoxin/.m2/repository/org/apache/dubbo/dubbo/3.3.0/dubbo-3.3.0.jar:/Users/zhaoxin/.m2/repository/org/javassist/javassist/3.30.2-GA/javassist-3.30.2-GA.jar:/Users/zhaoxin/.m2/repository/io/netty/netty-all/4.1.118.Final/netty-all-4.1.118.Final.jar:/Users/zhaoxin/.m2/repository/io/netty/netty-codec-dns/4.1.118.Final/netty-codec-dns-4.1.118.Final.jar:/Users/zhaoxin/.m2/repository/io/netty/netty-codec-haproxy/4.1.118.Final/netty-codec-haproxy-4.1.118.Final.jar:/Users/zhaoxin/.m2/repository/io/netty/netty-codec-http/4.1.118.Final/netty-codec-http-4.1.118.Final.jar:/Users/zhaoxin/.m2/repository/io/netty/netty-codec-http2/4.1.118.Final/netty-codec-http2-4.1.118.Final.jar:/Users/zhaoxin/.m2/repository/io/netty/netty-codec-memcache/4.1.118.Final/netty-codec-memcache-4.1.118.Final.jar:/Users/zhaoxin/.m2/repository/io/netty/netty-codec-mqtt/4.1.118.Final/netty-codec-mqtt-4.1.118.Final.jar:/Users/zhaoxin/.m2/repository/io/netty/netty-codec-redis/4.1.118.Final/netty-codec-redis-4.1.118.Final.jar:/Users/zhaoxin/.m2/repository/io/netty/netty-codec-smtp/4.1.118.Final/netty-codec-smtp-4.1.118.Final.jar:/Users/zhaoxin/.m2/repository/io/netty/netty-codec-socks/4.1.118.Final/netty-codec-socks-4.1.118.Final.jar:/Users/zhaoxin/.m2/repository/io/netty/netty-codec-stomp/4.1.118.Final/netty-codec-stomp-4.1.118.Final.jar:/Users/zhaoxin/.m2/repository/io/netty/netty-codec-xml/4.1.118.Final/netty-codec-xml-4.1.118.Final.jar:/Users/zhaoxin/.m2/repository/io/netty/netty-handler-proxy/4.1.118.Final/netty-handler-proxy-4.1.118.Final.jar:/Users/zhaoxin/.m2/repository/io/netty/netty-handler-ssl-ocsp/4.1.118.Final/netty-handler-ssl-ocsp-4.1.118.Final.jar:/Users/zhaoxin/.m2/repository/io/netty/netty-resolver-dns/4.1.118.Final/netty-resolver-dns-4.1.118.Final.jar:/Users/zhaoxin/.m2/repository/io/netty/netty-transport-rxtx/4.1.118.Final/netty-transport-rxtx-4.1.118.Final.jar:/Users/zhaoxin/.m2/repository/io/netty/netty-transport-sctp/4.1.118.Final/netty-transport-sctp-4.1.118.Final.jar:/Users/zhaoxin/.m2/repository/io/netty/netty-transport-udt/4.1.118.Final/netty-transport-udt-4.1.118.Final.jar:/Users/zhaoxin/.m2/repository/io/netty/netty-transport-classes-kqueue/4.1.118.Final/netty-transport-classes-kqueue-4.1.118.Final.jar:/Users/zhaoxin/.m2/repository/io/netty/netty-resolver-dns-classes-macos/4.1.118.Final/netty-resolver-dns-classes-macos-4.1.118.Final.jar:/Users/zhaoxin/.m2/repository/io/netty/netty-transport-native-epoll/4.1.118.Final/netty-transport-native-epoll-4.1.118.Final-linux-x86_64.jar:/Users/zhaoxin/.m2/repository/io/netty/netty-transport-native-epoll/4.1.118.Final/netty-transport-native-epoll-4.1.118.Final-linux-aarch_64.jar:/Users/zhaoxin/.m2/repository/io/netty/netty-transport-native-epoll/4.1.118.Final/netty-transport-native-epoll-4.1.118.Final-linux-riscv64.jar:/Users/zhaoxin/.m2/repository/io/netty/netty-transport-native-kqueue/4.1.118.Final/netty-transport-native-kqueue-4.1.118.Final-osx-x86_64.jar:/Users/zhaoxin/.m2/repository/io/netty/netty-transport-native-kqueue/4.1.118.Final/netty-transport-native-kqueue-4.1.118.Final-osx-aarch_64.jar:/Users/zhaoxin/.m2/repository/io/netty/netty-resolver-dns-native-macos/4.1.118.Final/netty-resolver-dns-native-macos-4.1.118.Final-osx-x86_64.jar:/Users/zhaoxin/.m2/repository/io/netty/netty-resolver-dns-native-macos/4.1.118.Final/netty-resolver-dns-native-macos-4.1.118.Final-osx-aarch_64.jar:/Users/zhaoxin/.m2/repository/org/apache/dubbo/hessian-lite/4.0.3/hessian-lite-4.0.3.jar:/Users/zhaoxin/.m2/repository/com/google/protobuf/protobuf-java/3.25.4/protobuf-java-3.25.4.jar:/Users/zhaoxin/.m2/repository/org/apache/dubbo/dubbo-registry-zookeeper/3.3.0/dubbo-registry-zookeeper-3.3.0.jar:/Users/zhaoxin/.m2/repository/org/apache/dubbo/dubbo-registry-api/3.3.0/dubbo-registry-api-3.3.0.jar:/Users/zhaoxin/.m2/repository/org/apache/dubbo/dubbo-common/3.3.0/dubbo-common-3.3.0.jar:/Users/zhaoxin/.m2/repository/javax/annotation/javax.annotation-api/1.3.2/javax.annotation-api-1.3.2.jar:/Users/zhaoxin/.m2/repository/org/apache/dubbo/dubbo-cluster/3.3.0/dubbo-cluster-3.3.0.jar:/Users/zhaoxin/.m2/repository/org/apache/dubbo/dubbo-rpc-api/3.3.0/dubbo-rpc-api-3.3.0.jar:/Users/zhaoxin/.m2/repository/org/apache/dubbo/dubbo-serialization-api/3.3.0/dubbo-serialization-api-3.3.0.jar:/Users/zhaoxin/.m2/repository/org/apache/dubbo/dubbo-remoting-api/3.3.0/dubbo-remoting-api-3.3.0.jar:/Users/zhaoxin/.m2/repository/org/apache/dubbo/dubbo-metadata-api/3.3.0/dubbo-metadata-api-3.3.0.jar:/Users/zhaoxin/.m2/repository/org/apache/dubbo/dubbo-rpc-triple/3.3.0/dubbo-rpc-triple-3.3.0.jar:/Users/zhaoxin/.m2/repository/org/apache/dubbo/dubbo-remoting-http12/3.3.0/dubbo-remoting-http12-3.3.0.jar:/Users/zhaoxin/.m2/repository/com/google/protobuf/protobuf-java-util/3.25.4/protobuf-java-util-3.25.4.jar:/Users/zhaoxin/.m2/repository/com/google/code/gson/gson/2.10.1/gson-2.10.1.jar:/Users/zhaoxin/.m2/repository/org/apache/commons/commons-compress/1.27.1/commons-compress-1.27.1.jar:/Users/zhaoxin/.m2/repository/org/apache/dubbo/dubbo-metrics-api/3.3.0/dubbo-metrics-api-3.3.0.jar:/Users/zhaoxin/.m2/repository/org/apache/dubbo/dubbo-metrics-event/3.3.0/dubbo-metrics-event-3.3.0.jar:/Users/zhaoxin/.m2/repository/io/micrometer/micrometer-core/1.13.11/micrometer-core-1.13.11.jar:/Users/zhaoxin/.m2/repository/org/hdrhistogram/HdrHistogram/2.2.2/HdrHistogram-2.2.2.jar:/Users/zhaoxin/.m2/repository/org/latencyutils/LatencyUtils/2.0.3/LatencyUtils-2.0.3.jar:/Users/zhaoxin/.m2/repository/com/tdunning/t-digest/3.3/t-digest-3.3.jar:/Users/zhaoxin/.m2/repository/org/apache/dubbo/dubbo-metrics-default/3.3.0/dubbo-metrics-default-3.3.0.jar:/Users/zhaoxin/.m2/repository/org/apache/dubbo/dubbo-metrics-metadata/3.3.0/dubbo-metrics-metadata-3.3.0.jar:/Users/zhaoxin/.m2/repository/org/apache/dubbo/dubbo-metrics-registry/3.3.0/dubbo-metrics-registry-3.3.0.jar:/Users/zhaoxin/.m2/repository/org/apache/dubbo/dubbo-native/3.3.0/dubbo-native-3.3.0.jar:/Users/zhaoxin/.m2/repository/org/apache/dubbo/dubbo-remoting-zookeeper-curator5/3.3.0/dubbo-remoting-zookeeper-curator5-3.3.0.jar:/Users/zhaoxin/.m2/repository/org/apache/curator/curator-x-discovery/5.1.0/curator-x-discovery-5.1.0.jar:/Users/zhaoxin/.m2/repository/org/apache/curator/curator-framework/5.1.0/curator-framework-5.1.0.jar:/Users/zhaoxin/.m2/repository/org/apache/curator/curator-client/5.1.0/curator-client-5.1.0.jar:/Users/zhaoxin/.m2/repository/com/google/guava/guava/27.0.1-jre/guava-27.0.1-jre.jar:/Users/zhaoxin/.m2/repository/com/google/guava/failureaccess/1.0.1/failureaccess-1.0.1.jar:/Users/zhaoxin/.m2/repository/com/google/guava/listenablefuture/9999.0-empty-to-avoid-conflict-with-guava/listenablefuture-9999.0-empty-to-avoid-conflict-with-guava.jar:/Users/zhaoxin/.m2/repository/com/google/code/findbugs/jsr305/3.0.2/jsr305-3.0.2.jar:/Users/zhaoxin/.m2/repository/org/checkerframework/checker-qual/2.5.2/checker-qual-2.5.2.jar:/Users/zhaoxin/.m2/repository/com/google/errorprone/error_prone_annotations/2.2.0/error_prone_annotations-2.2.0.jar:/Users/zhaoxin/.m2/repository/com/google/j2objc/j2objc-annotations/1.1/j2objc-annotations-1.1.jar:/Users/zhaoxin/.m2/repository/org/codehaus/mojo/animal-sniffer-annotations/1.17/animal-sniffer-annotations-1.17.jar:/Users/zhaoxin/.m2/repository/org/apache/curator/curator-recipes/5.1.0/curator-recipes-5.1.0.jar:/Users/zhaoxin/.m2/repository/org/apache/commons/commons-pool2/2.12.1/commons-pool2-2.12.1.jar:/Users/zhaoxin/.m2/repository/org/springframework/boot/spring-boot-starter-web/3.3.9/spring-boot-starter-web-3.3.9.jar:/Users/zhaoxin/.m2/repository/org/springframework/boot/spring-boot-starter-json/3.3.9/spring-boot-starter-json-3.3.9.jar:/Users/zhaoxin/.m2/repository/com/fasterxml/jackson/datatype/jackson-datatype-jdk8/2.17.3/jackson-datatype-jdk8-2.17.3.jar:/Users/zhaoxin/.m2/repository/com/fasterxml/jackson/datatype/jackson-datatype-jsr310/2.17.3/jackson-datatype-jsr310-2.17.3.jar:/Users/zhaoxin/.m2/repository/com/fasterxml/jackson/module/jackson-module-parameter-names/2.17.3/jackson-module-parameter-names-2.17.3.jar:/Users/zhaoxin/.m2/repository/org/springframework/boot/spring-boot-starter-tomcat/3.3.9/spring-boot-starter-tomcat-3.3.9.jar:/Users/zhaoxin/.m2/repository/org/apache/tomcat/embed/tomcat-embed-core/10.1.36/tomcat-embed-core-10.1.36.jar:/Users/zhaoxin/.m2/repository/org/apache/tomcat/embed/tomcat-embed-el/10.1.36/tomcat-embed-el-10.1.36.jar:/Users/zhaoxin/.m2/repository/org/apache/tomcat/embed/tomcat-embed-websocket/10.1.36/tomcat-embed-websocket-10.1.36.jar:/Users/zhaoxin/.m2/repository/org/springframework/spring-web/6.1.17/spring-web-6.1.17.jar:/Users/zhaoxin/.m2/repository/org/springframework/spring-beans/6.1.17/spring-beans-6.1.17.jar:/Users/zhaoxin/.m2/repository/org/springframework/spring-webmvc/6.1.17/spring-webmvc-6.1.17.jar:/Users/zhaoxin/.m2/repository/org/springframework/spring-expression/6.1.17/spring-expression-6.1.17.jar:/Users/zhaoxin/.m2/repository/org/mybatis/spring/boot/mybatis-spring-boot-starter/3.0.4/mybatis-spring-boot-starter-3.0.4.jar:/Users/zhaoxin/.m2/repository/org/springframework/boot/spring-boot-starter-jdbc/3.3.9/spring-boot-starter-jdbc-3.3.9.jar:/Users/zhaoxin/.m2/repository/com/zaxxer/HikariCP/5.1.0/HikariCP-5.1.0.jar:/Users/zhaoxin/.m2/repository/org/springframework/spring-jdbc/6.1.17/spring-jdbc-6.1.17.jar:/Users/zhaoxin/.m2/repository/org/mybatis/spring/boot/mybatis-spring-boot-autoconfigure/3.0.4/mybatis-spring-boot-autoconfigure-3.0.4.jar:/Users/zhaoxin/.m2/repository/org/mybatis/mybatis/3.5.17/mybatis-3.5.17.jar:/Users/zhaoxin/.m2/repository/org/mybatis/mybatis-spring/3.0.4/mybatis-spring-3.0.4.jar:/Users/zhaoxin/.m2/repository/org/springframework/kafka/spring-kafka/3.2.7/spring-kafka-3.2.7.jar:/Users/zhaoxin/.m2/repository/org/springframework/spring-context/6.1.17/spring-context-6.1.17.jar:/Users/zhaoxin/.m2/repository/org/springframework/spring-messaging/6.1.17/spring-messaging-6.1.17.jar:/Users/zhaoxin/.m2/repository/org/springframework/spring-tx/6.1.17/spring-tx-6.1.17.jar:/Users/zhaoxin/.m2/repository/org/springframework/retry/spring-retry/2.0.11/spring-retry-2.0.11.jar:/Users/zhaoxin/.m2/repository/org/apache/kafka/kafka-clients/3.7.2/kafka-clients-3.7.2.jar:/Users/zhaoxin/.m2/repository/com/github/luben/zstd-jni/1.5.6-4/zstd-jni-1.5.6-4.jar:/Users/zhaoxin/.m2/repository/org/lz4/lz4-java/1.8.0/lz4-java-1.8.0.jar:/Users/zhaoxin/.m2/repository/org/xerial/snappy/snappy-java/1.1.10.5/snappy-java-1.1.10.5.jar:/Users/zhaoxin/.m2/repository/io/micrometer/micrometer-observation/1.13.11/micrometer-observation-1.13.11.jar:/Users/zhaoxin/.m2/repository/io/micrometer/micrometer-commons/1.13.11/micrometer-commons-1.13.11.jar:/Users/zhaoxin/.m2/repository/com/mysql/mysql-connector-j/8.3.0/mysql-connector-j-8.3.0.jar:/Users/zhaoxin/.m2/repository/jakarta/xml/bind/jakarta.xml.bind-api/4.0.2/jakarta.xml.bind-api-4.0.2.jar:/Users/zhaoxin/.m2/repository/jakarta/activation/jakarta.activation-api/2.1.3/jakarta.activation-api-2.1.3.jar:/Users/zhaoxin/.m2/repository/org/springframework/spring-core/6.1.17/spring-core-6.1.17.jar:/Users/zhaoxin/.m2/repository/org/springframework/spring-jcl/6.1.17/spring-jcl-6.1.17.jar:/Users/zhaoxin/.m2/repository/org/apache/zookeeper/zookeeper/3.8.4/zookeeper-3.8.4.jar:/Users/zhaoxin/.m2/repository/org/apache/zookeeper/zookeeper-jute/3.8.4/zookeeper-jute-3.8.4.jar:/Users/zhaoxin/.m2/repository/org/apache/yetus/audience-annotations/0.12.0/audience-annotations-0.12.0.jar:/Users/zhaoxin/.m2/repository/io/netty/netty-transport-native-epoll/4.1.118.Final/netty-transport-native-epoll-4.1.118.Final.jar:/Users/zhaoxin/.m2/repository/io/netty/netty-transport-classes-epoll/4.1.118.Final/netty-transport-classes-epoll-4.1.118.Final.jar:/Users/zhaoxin/.m2/repository/ch/qos/logback/logback-core/1.5.16/logback-core-1.5.16.jar:/Users/zhaoxin/.m2/repository/commons-io/commons-io/2.11.0/commons-io-2.11.0.jar:/Users/zhaoxin/.m2/repository/com/baomidou/mybatis-plus-boot-starter/3.0.4/mybatis-plus-boot-starter-3.0.4.jar:/Users/zhaoxin/.m2/repository/com/baomidou/mybatis-plus/3.0.4/mybatis-plus-3.0.4.jar:/Users/zhaoxin/.m2/repository/com/baomidou/mybatis-plus-extension/3.0.4/mybatis-plus-extension-3.0.4.jar:/Users/zhaoxin/.m2/repository/com/baomidou/mybatis-plus-core/3.0.4/mybatis-plus-core-3.0.4.jar:/Users/zhaoxin/.m2/repository/com/baomidou/mybatis-plus-annotation/3.0.4/mybatis-plus-annotation-3.0.4.jar:/Users/zhaoxin/.m2/repository/com/github/jsqlparser/jsqlparser/1.2/jsqlparser-1.2.jar:/Users/zhaoxin/.m2/repository/com/baomidou/mybatis-plus-generator/3.0.4/mybatis-plus-generator-3.0.4.jar:/Users/zhaoxin/.m2/repository/org/springframework/boot/spring-boot-autoconfigure/3.3.9/spring-boot-autoconfigure-3.3.9.jar:/Users/zhaoxin/.m2/repository/org/springframework/boot/spring-boot-configuration-processor/3.3.9/spring-boot-configuration-processor-3.3.9.jar:/Users/zhaoxin/.m2/repository/org/projectlombok/lombok/1.18.36/lombok-1.18.36.jar:/Users/zhaoxin/.m2/repository/com/alibaba/fastjson/2.0.53/fastjson-2.0.53.jar:/Users/zhaoxin/.m2/repository/com/alibaba/fastjson2/fastjson2-extension/2.0.53/fastjson2-extension-2.0.53.jar:/Users/zhaoxin/.m2/repository/com/alibaba/fastjson2/fastjson2/2.0.53/fastjson2-2.0.53.jar:/Users/zhaoxin/.m2/repository/com/fasterxml/jackson/core/jackson-databind/2.15.0/jackson-databind-2.15.0.jar:/Users/zhaoxin/.m2/repository/com/fasterxml/jackson/core/jackson-annotations/2.17.3/jackson-annotations-2.17.3.jar:/Users/zhaoxin/.m2/repository/com/fasterxml/jackson/core/jackson-core/2.17.3/jackson-core-2.17.3.jar:/Users/zhaoxin/.m2/repository/org/springframework/boot/spring-boot-starter-logging/3.3.9/spring-boot-starter-logging-3.3.9.jar:/Users/zhaoxin/.m2/repository/ch/qos/logback/logback-classic/1.5.16/logback-classic-1.5.16.jar:/Users/zhaoxin/.m2/repository/org/apache/logging/log4j/log4j-to-slf4j/2.23.1/log4j-to-slf4j-2.23.1.jar:/Users/zhaoxin/.m2/repository/org/apache/logging/log4j/log4j-api/2.23.1/log4j-api-2.23.1.jar:/Users/zhaoxin/.m2/repository/org/slf4j/jul-to-slf4j/2.0.16/jul-to-slf4j-2.0.16.jar:/Users/zhaoxin/.m2/repository/top/javatool/canal-spring-boot-starter/1.2.1-RELEASE/canal-spring-boot-starter-1.2.1-RELEASE.jar:/Users/zhaoxin/.m2/repository/top/javatool/canal-spring-boot-autoconfigure/1.2.1-RELEASE/canal-spring-boot-autoconfigure-1.2.1-RELEASE.jar:/Users/zhaoxin/.m2/repository/top/javatool/canal-client/1.2.1-RELEASE/canal-client-1.2.1-RELEASE.jar:/Users/zhaoxin/.m2/repository/org/hibernate/javax/persistence/hibernate-jpa-2.1-api/1.0.2.Final/hibernate-jpa-2.1-api-1.0.2.Final.jar:/Users/zhaoxin/.m2/repository/org/apache/commons/commons-lang3/3.14.0/commons-lang3-3.14.0.jar:/Users/zhaoxin/.m2/repository/com/alibaba/otter/canal.client/1.1.3/canal.client-1.1.3.jar:/Users/zhaoxin/.m2/repository/com/101tec/zkclient/0.10/zkclient-0.10.jar:/Users/zhaoxin/.m2/repository/commons-lang/commons-lang/2.6/commons-lang-2.6.jar:/Users/zhaoxin/.m2/repository/commons-codec/commons-codec/1.16.1/commons-codec-1.16.1.jar:/Users/zhaoxin/.m2/repository/org/slf4j/jcl-over-slf4j/2.0.16/jcl-over-slf4j-2.0.16.jar:/Users/zhaoxin/.m2/repository/org/springframework/spring-orm/6.1.17/spring-orm-6.1.17.jar:/Users/zhaoxin/.m2/repository/org/apache/rocketmq/rocketmq-client/4.3.0/rocketmq-client-4.3.0.jar:/Users/zhaoxin/.m2/repository/org/apache/rocketmq/rocketmq-common/4.3.0/rocketmq-common-4.3.0.jar:/Users/zhaoxin/.m2/repository/org/apache/rocketmq/rocketmq-remoting/4.3.0/rocketmq-remoting-4.3.0.jar:/Users/zhaoxin/.m2/repository/org/apache/rocketmq/rocketmq-logging/4.3.0/rocketmq-logging-4.3.0.jar:/Users/zhaoxin/.m2/repository/io/netty/netty-tcnative-boringssl-static/2.0.70.Final/netty-tcnative-boringssl-static-2.0.70.Final.jar:/Users/zhaoxin/.m2/repository/io/netty/netty-tcnative-classes/2.0.70.Final/netty-tcnative-classes-2.0.70.Final.jar:/Users/zhaoxin/.m2/repository/io/netty/netty-tcnative-boringssl-static/2.0.70.Final/netty-tcnative-boringssl-static-2.0.70.Final-linux-x86_64.jar:/Users/zhaoxin/.m2/repository/io/netty/netty-tcnative-boringssl-static/2.0.70.Final/netty-tcnative-boringssl-static-2.0.70.Final-linux-aarch_64.jar:/Users/zhaoxin/.m2/repository/io/netty/netty-tcnative-boringssl-static/2.0.70.Final/netty-tcnative-boringssl-static-2.0.70.Final-osx-x86_64.jar:/Users/zhaoxin/.m2/repository/io/netty/netty-tcnative-boringssl-static/2.0.70.Final/netty-tcnative-boringssl-static-2.0.70.Final-osx-aarch_64.jar:/Users/zhaoxin/.m2/repository/io/netty/netty-tcnative-boringssl-static/2.0.70.Final/netty-tcnative-boringssl-static-2.0.70.Final-windows-x86_64.jar:/Users/zhaoxin/.m2/repository/com/aliyun/openservices/aliware-apache-rocketmq-cloud/1.0/aliware-apache-rocketmq-cloud-1.0.jar:/Users/zhaoxin/.m2/repository/com/alibaba/otter/canal.common/1.1.3/canal.common-1.1.3.jar:/Users/zhaoxin/.m2/repository/org/reflections/reflections/0.9.11/reflections-0.9.11.jar:/Users/zhaoxin/.m2/repository/org/springframework/ai/spring-ai-ollama-spring-boot-starter/1.0.0-M6/spring-ai-ollama-spring-boot-starter-1.0.0-M6.jar:/Users/zhaoxin/.m2/repository/org/springframework/ai/spring-ai-spring-boot-autoconfigure/1.0.0-M6/spring-ai-spring-boot-autoconfigure-1.0.0-M6.jar:/Users/zhaoxin/.m2/repository/org/springframework/ai/spring-ai-ollama/1.0.0-M6/spring-ai-ollama-1.0.0-M6.jar:/Users/zhaoxin/.m2/repository/org/springframework/ai/spring-ai-core/1.0.0-M6/spring-ai-core-1.0.0-M6.jar:/Users/zhaoxin/.m2/repository/com/fasterxml/jackson/module/jackson-module-jsonSchema/2.17.3/jackson-module-jsonSchema-2.17.3.jar:/Users/zhaoxin/.m2/repository/javax/validation/validation-api/1.1.0.Final/validation-api-1.1.0.Final.jar:/Users/zhaoxin/.m2/repository/io/swagger/core/v3/swagger-annotations/2.2.25/swagger-annotations-2.2.25.jar:/Users/zhaoxin/.m2/repository/com/github/victools/jsonschema-module-swagger-2/4.37.0/jsonschema-module-swagger-2-4.37.0.jar:/Users/zhaoxin/.m2/repository/org/antlr/ST4/4.3.4/ST4-4.3.4.jar:/Users/zhaoxin/.m2/repository/org/antlr/antlr-runtime/3.5.3/antlr-runtime-3.5.3.jar:/Users/zhaoxin/.m2/repository/org/antlr/antlr4-runtime/4.13.1/antlr4-runtime-4.13.1.jar:/Users/zhaoxin/.m2/repository/io/micrometer/context-propagation/1.1.2/context-propagation-1.1.2.jar:/Users/zhaoxin/.m2/repository/com/knuddels/jtokkit/1.1.0/jtokkit-1.1.0.jar:/Users/zhaoxin/.m2/repository/org/springframework/ai/spring-ai-retry/1.0.0-M6/spring-ai-retry-1.0.0-M6.jar:/Users/zhaoxin/.m2/repository/org/springframework/spring-webflux/6.1.17/spring-webflux-6.1.17.jar:/Users/zhaoxin/.m2/repository/org/springframework/ai/spring-ai-anthropic-spring-boot-starter/1.0.0-M6/spring-ai-anthropic-spring-boot-starter-1.0.0-M6.jar:/Users/zhaoxin/.m2/repository/org/springframework/ai/spring-ai-anthropic/1.0.0-M6/spring-ai-anthropic-1.0.0-M6.jar:/Users/zhaoxin/.m2/repository/io/rest-assured/json-path/5.4.0/json-path-5.4.0.jar:/Users/zhaoxin/.m2/repository/org/apache/groovy/groovy-json/4.0.25/groovy-json-4.0.25.jar:/Users/zhaoxin/.m2/repository/org/apache/groovy/groovy/4.0.25/groovy-4.0.25.jar:/Users/zhaoxin/.m2/repository/io/rest-assured/rest-assured-common/5.4.0/rest-assured-common-5.4.0.jar:/Users/zhaoxin/.m2/repository/com/github/victools/jsonschema-generator/4.37.0/jsonschema-generator-4.37.0.jar:/Users/zhaoxin/.m2/repository/com/fasterxml/classmate/1.7.0/classmate-1.7.0.jar:/Users/zhaoxin/.m2/repository/com/github/victools/jsonschema-module-jackson/4.37.0/jsonschema-module-jackson-4.37.0.jar:/Users/zhaoxin/.m2/repository/org/springframework/ai/spring-ai-mcp-client-spring-boot-starter/1.0.0-M6/spring-ai-mcp-client-spring-boot-starter-1.0.0-M6.jar:/Users/zhaoxin/.m2/repository/org/springframework/ai/spring-ai-mcp-client-spring-boot-autoconfigure/1.0.0-M6/spring-ai-mcp-client-spring-boot-autoconfigure-1.0.0-M6.jar:/Users/zhaoxin/.m2/repository/org/springframework/ai/spring-ai-mcp/1.0.0-M6/spring-ai-mcp-1.0.0-M6.jar:/Users/zhaoxin/.m2/repository/io/modelcontextprotocol/sdk/mcp/0.7.0/mcp-0.7.0.jar
2025-03-31 17:27:44.762 [main] INFO  org.apache.zookeeper.ZooKeeper - Client environment:java.library.path=/Users/zhaoxin/Library/Java/Extensions:/Library/Java/Extensions:/Network/Library/Java/Extensions:/System/Library/Java/Extensions:/usr/lib/java:.
2025-03-31 17:27:44.763 [main] INFO  org.apache.zookeeper.ZooKeeper - Client environment:java.io.tmpdir=/var/folders/1h/n0xlf2vn58q1j2zzsmz0vxt80000gn/T/
2025-03-31 17:27:44.763 [main] INFO  org.apache.zookeeper.ZooKeeper - Client environment:java.compiler=<NA>
2025-03-31 17:27:44.763 [main] INFO  org.apache.zookeeper.ZooKeeper - Client environment:os.name=Mac OS X
2025-03-31 17:27:44.763 [main] INFO  org.apache.zookeeper.ZooKeeper - Client environment:os.arch=aarch64
2025-03-31 17:27:44.763 [main] INFO  org.apache.zookeeper.ZooKeeper - Client environment:os.version=15.3.2
2025-03-31 17:27:44.763 [main] INFO  org.apache.zookeeper.ZooKeeper - Client environment:user.name=zhaoxin
2025-03-31 17:27:44.763 [main] INFO  org.apache.zookeeper.ZooKeeper - Client environment:user.home=/Users/zhaoxin
2025-03-31 17:27:44.763 [main] INFO  org.apache.zookeeper.ZooKeeper - Client environment:user.dir=/Users/zhaoxin/Documents/GitHub/testboot
2025-03-31 17:27:44.763 [main] INFO  org.apache.zookeeper.ZooKeeper - Client environment:os.memory.free=42MB
2025-03-31 17:27:44.763 [main] INFO  org.apache.zookeeper.ZooKeeper - Client environment:os.memory.max=4096MB
2025-03-31 17:27:44.763 [main] INFO  org.apache.zookeeper.ZooKeeper - Client environment:os.memory.total=88MB
2025-03-31 17:27:44.763 [main] INFO  org.apache.zookeeper.ZooKeeper - Initiating client connection, connectString=127.0.0.1:2181 sessionTimeout=60000 watcher=org.apache.curator.ConnectionState@5d94ac8a
2025-03-31 17:27:44.765 [main] INFO  org.apache.zookeeper.common.X509Util - Setting -D jdk.tls.rejectClientInitiatedRenegotiation=true to disable client-initiated TLS renegotiation
2025-03-31 17:27:44.768 [main] INFO  org.apache.zookeeper.ClientCnxnSocket - jute.maxbuffer value is 1048575 Bytes
2025-03-31 17:27:44.771 [main] INFO  org.apache.zookeeper.ClientCnxn - zookeeper.request.timeout value is 0. feature enabled=false
2025-03-31 17:27:44.774 [main-SendThread(127.0.0.1:2181)] INFO  org.apache.zookeeper.ClientCnxn - Opening socket connection to server localhost/127.0.0.1:2181.
2025-03-31 17:27:44.774 [main-SendThread(127.0.0.1:2181)] INFO  org.apache.zookeeper.ClientCnxn - SASL config status: Will not attempt to authenticate using SASL (unknown error)
2025-03-31 17:27:44.774 [main] INFO  org.apache.curator.framework.imps.CuratorFrameworkImpl - Default schema
2025-03-31 17:27:44.776 [main-SendThread(127.0.0.1:2181)] INFO  org.apache.zookeeper.ClientCnxn - Socket connection established, initiating session, client: /127.0.0.1:56542, server: localhost/127.0.0.1:2181
2025-03-31 17:27:44.785 [main-SendThread(127.0.0.1:2181)] INFO  org.apache.zookeeper.ClientCnxn - Session establishment complete on server localhost/127.0.0.1:2181, session id = 0x1000ece03d60001, negotiated timeout = 60000
2025-03-31 17:27:44.787 [main-EventThread] INFO  org.apache.curator.framework.state.ConnectionStateManager - State change: CONNECTED
2025-03-31 17:27:44.787 [main] INFO  org.apache.dubbo.remoting.zookeeper.curator5.ZookeeperClientManager -  [DUBBO] No valid zookeeper client found from cache, therefore create a new client for url. zookeeper://127.0.0.1:2181/org.apache.dubbo.config.ConfigCenterConfig?check=true&config-file=dubbo.properties&group=dubbo&highest-priority=false&namespace=dubbo&timeout=30000, dubbo version: 3.3.0, current host: 10.131.120.41
2025-03-31 17:27:44.788 [Curator-ConnectionStateManager-0] INFO  org.apache.dubbo.remoting.zookeeper.curator5.Curator5ZookeeperClient -  [DUBBO] Curator zookeeper client instance initiated successfully, session id is 1000ece03d60001, dubbo version: 3.3.0, current host: 10.131.120.41
2025-03-31 17:27:44.790 [main-EventThread] INFO  org.apache.curator.framework.imps.EnsembleTracker - New config event received: {}
2025-03-31 17:27:44.790 [main-EventThread] INFO  org.apache.curator.framework.imps.EnsembleTracker - New config event received: {}
2025-03-31 17:27:44.793 [main] INFO  org.apache.dubbo.common.config.ConfigurationUtils -  [DUBBO] Config center was specified, but no config item found., dubbo version: 3.3.0, current host: 10.131.120.41
2025-03-31 17:27:44.793 [main] INFO  org.apache.dubbo.common.config.ConfigurationUtils -  [DUBBO] Config center was specified, but no config item found., dubbo version: 3.3.0, current host: 10.131.120.41
2025-03-31 17:27:44.806 [main] INFO  org.apache.dubbo.config.context.ConfigManager -  [DUBBO] The current configurations or effective configurations are as follows:, dubbo version: 3.3.0, current host: 10.131.120.41
2025-03-31 17:27:44.807 [main] INFO  org.apache.dubbo.config.context.ConfigManager -  [DUBBO] <dubbo:application enableFileCache="true" executorManagementMode="isolation" parameters="{}" name="provider" protocol="dubbo" />, dubbo version: 3.3.0, current host: 10.131.120.41
2025-03-31 17:27:44.807 [main] INFO  org.apache.dubbo.config.context.ConfigManager -  [DUBBO] <dubbo:protocol preferSerialization="hessian2,fastjson2" port="20880" name="dubbo" />, dubbo version: 3.3.0, current host: 10.131.120.41
2025-03-31 17:27:44.807 [main] INFO  org.apache.dubbo.config.context.ConfigManager -  [DUBBO] <dubbo:registry port="2181" address="zookeeper://127.0.0.1:2181" protocol="zookeeper" />, dubbo version: 3.3.0, current host: 10.131.120.41
2025-03-31 17:27:44.807 [main] INFO  org.apache.dubbo.config.context.ConfigManager -  [DUBBO] <dubbo:ssl />, dubbo version: 3.3.0, current host: 10.131.120.41
2025-03-31 17:27:44.816 [main] INFO  org.apache.dubbo.config.deploy.DefaultModuleDeployer -  [DUBBO] Dubbo Module[1.1.0] has been initialized!, dubbo version: 3.3.0, current host: 10.131.120.41
2025-03-31 17:27:44.818 [main] INFO  org.apache.dubbo.config.deploy.DefaultModuleDeployer -  [DUBBO] Dubbo Module[1.1.1] has been initialized!, dubbo version: 3.3.0, current host: 10.131.120.41
2025-03-31 17:27:44.865 [main] INFO  org.apache.dubbo.config.deploy.DefaultApplicationDeployer -  [DUBBO] No value is configured in the registry, the MetadataReportFactory extension[name : zookeeper] supports as the metadata center, dubbo version: 3.3.0, current host: 10.131.120.41
2025-03-31 17:27:44.865 [main] INFO  org.apache.dubbo.config.deploy.DefaultApplicationDeployer -  [DUBBO] The registry[<dubbo:registry port="2181" address="zookeeper://127.0.0.1:2181" protocol="zookeeper" />] will be used as the metadata center, dubbo version: 3.3.0, current host: 10.131.120.41
2025-03-31 17:27:44.867 [main] INFO  org.apache.dubbo.config.deploy.DefaultApplicationDeployer -  [DUBBO] use registry as metadata-center: <dubbo:metadata-report address="zookeeper://127.0.0.1:2181" protocol="zookeeper" port="2181" parameters="{client=null}" />, dubbo version: 3.3.0, current host: 10.131.120.41
2025-03-31 17:27:44.873 [main] INFO  org.apache.dubbo.remoting.zookeeper.curator5.ZookeeperClientManager -  [DUBBO] find valid zookeeper client from the cache for address: zookeeper://127.0.0.1:2181/org.apache.dubbo.metadata.report.MetadataReport?application=provider&client=&file-cache=true&port=2181&protocol=zookeeper, dubbo version: 3.3.0, current host: 10.131.120.41
2025-03-31 17:27:44.873 [main] INFO  org.apache.dubbo.config.deploy.DefaultApplicationDeployer -  [DUBBO] Dubbo Application[1.1](provider) has been initialized!, dubbo version: 3.3.0, current host: 10.131.120.41
2025-03-31 17:27:47.770 [main] INFO  org.apache.coyote.http11.Http11NioProtocol - Starting ProtocolHandler ["http-nio-9090"]
2025-03-31 17:27:47.793 [main] INFO  org.apache.kafka.clients.consumer.ConsumerConfig - ConsumerConfig values: 
	allow.auto.create.topics = true
	auto.commit.interval.ms = 5000
	auto.include.jmx.reporter = true
	auto.offset.reset = latest
	bootstrap.servers = [localhost:9092]
	check.crcs = true
	client.dns.lookup = use_all_dns_ips
	client.id = consumer-tomge-consumer-group-1
	client.rack = 
	connections.max.idle.ms = 540000
	default.api.timeout.ms = 60000
	enable.auto.commit = false
	enable.metrics.push = true
	exclude.internal.topics = true
	fetch.max.bytes = 52428800
	fetch.max.wait.ms = 500
	fetch.min.bytes = 1
	group.id = tomge-consumer-group
	group.instance.id = null
	group.protocol = classic
	group.remote.assignor = null
	heartbeat.interval.ms = 3000
	interceptor.classes = []
	internal.leave.group.on.close = true
	internal.throw.on.fetch.stable.offset.unsupported = false
	isolation.level = read_uncommitted
	key.deserializer = class org.apache.kafka.common.serialization.StringDeserializer
	max.partition.fetch.bytes = 1048576
	max.poll.interval.ms = 300000
	max.poll.records = 500
	metadata.max.age.ms = 300000
	metric.reporters = []
	metrics.num.samples = 2
	metrics.recording.level = INFO
	metrics.sample.window.ms = 30000
	partition.assignment.strategy = [class org.apache.kafka.clients.consumer.RangeAssignor, class org.apache.kafka.clients.consumer.CooperativeStickyAssignor]
	receive.buffer.bytes = 65536
	reconnect.backoff.max.ms = 1000
	reconnect.backoff.ms = 50
	request.timeout.ms = 30000
	retry.backoff.max.ms = 1000
	retry.backoff.ms = 100
	sasl.client.callback.handler.class = null
	sasl.jaas.config = null
	sasl.kerberos.kinit.cmd = /usr/bin/kinit
	sasl.kerberos.min.time.before.relogin = 60000
	sasl.kerberos.service.name = null
	sasl.kerberos.ticket.renew.jitter = 0.05
	sasl.kerberos.ticket.renew.window.factor = 0.8
	sasl.login.callback.handler.class = null
	sasl.login.class = null
	sasl.login.connect.timeout.ms = null
	sasl.login.read.timeout.ms = null
	sasl.login.refresh.buffer.seconds = 300
	sasl.login.refresh.min.period.seconds = 60
	sasl.login.refresh.window.factor = 0.8
	sasl.login.refresh.window.jitter = 0.05
	sasl.login.retry.backoff.max.ms = 10000
	sasl.login.retry.backoff.ms = 100
	sasl.mechanism = GSSAPI
	sasl.oauthbearer.clock.skew.seconds = 30
	sasl.oauthbearer.expected.audience = null
	sasl.oauthbearer.expected.issuer = null
	sasl.oauthbearer.jwks.endpoint.refresh.ms = 3600000
	sasl.oauthbearer.jwks.endpoint.retry.backoff.max.ms = 10000
	sasl.oauthbearer.jwks.endpoint.retry.backoff.ms = 100
	sasl.oauthbearer.jwks.endpoint.url = null
	sasl.oauthbearer.scope.claim.name = scope
	sasl.oauthbearer.sub.claim.name = sub
	sasl.oauthbearer.token.endpoint.url = null
	security.protocol = PLAINTEXT
	security.providers = null
	send.buffer.bytes = 131072
	session.timeout.ms = 45000
	socket.connection.setup.timeout.max.ms = 30000
	socket.connection.setup.timeout.ms = 10000
	ssl.cipher.suites = null
	ssl.enabled.protocols = [TLSv1.2, TLSv1.3]
	ssl.endpoint.identification.algorithm = https
	ssl.engine.factory.class = null
	ssl.key.password = null
	ssl.keymanager.algorithm = SunX509
	ssl.keystore.certificate.chain = null
	ssl.keystore.key = null
	ssl.keystore.location = null
	ssl.keystore.password = null
	ssl.keystore.type = JKS
	ssl.protocol = TLSv1.3
	ssl.provider = null
	ssl.secure.random.implementation = null
	ssl.trustmanager.algorithm = PKIX
	ssl.truststore.certificates = null
	ssl.truststore.location = null
	ssl.truststore.password = null
	ssl.truststore.type = JKS
	value.deserializer = class org.apache.kafka.common.serialization.StringDeserializer

2025-03-31 17:27:47.815 [main] INFO  org.apache.kafka.common.telemetry.internals.KafkaMetricsCollector - initializing Kafka metrics collector
2025-03-31 17:27:47.844 [main] INFO  org.apache.kafka.common.utils.AppInfoParser - Kafka version: 3.7.2
2025-03-31 17:27:47.844 [main] INFO  org.apache.kafka.common.utils.AppInfoParser - Kafka commitId: 79a8f2b5f44f9d5a
2025-03-31 17:27:47.844 [main] INFO  org.apache.kafka.common.utils.AppInfoParser - Kafka startTimeMs: 1743413267844
2025-03-31 17:27:47.845 [main] INFO  org.apache.kafka.clients.consumer.internals.LegacyKafkaConsumer - [Consumer clientId=consumer-tomge-consumer-group-1, groupId=tomge-consumer-group] Subscribed to topic(s): testtopic
2025-03-31 17:27:47.849 [main] INFO  org.apache.kafka.clients.consumer.ConsumerConfig - ConsumerConfig values: 
	allow.auto.create.topics = true
	auto.commit.interval.ms = 5000
	auto.include.jmx.reporter = true
	auto.offset.reset = latest
	bootstrap.servers = [localhost:9092]
	check.crcs = true
	client.dns.lookup = use_all_dns_ips
	client.id = consumer-tomge-consumer-group-2
	client.rack = 
	connections.max.idle.ms = 540000
	default.api.timeout.ms = 60000
	enable.auto.commit = false
	enable.metrics.push = true
	exclude.internal.topics = true
	fetch.max.bytes = 52428800
	fetch.max.wait.ms = 500
	fetch.min.bytes = 1
	group.id = tomge-consumer-group
	group.instance.id = null
	group.protocol = classic
	group.remote.assignor = null
	heartbeat.interval.ms = 3000
	interceptor.classes = []
	internal.leave.group.on.close = true
	internal.throw.on.fetch.stable.offset.unsupported = false
	isolation.level = read_uncommitted
	key.deserializer = class org.apache.kafka.common.serialization.StringDeserializer
	max.partition.fetch.bytes = 1048576
	max.poll.interval.ms = 300000
	max.poll.records = 500
	metadata.max.age.ms = 300000
	metric.reporters = []
	metrics.num.samples = 2
	metrics.recording.level = INFO
	metrics.sample.window.ms = 30000
	partition.assignment.strategy = [class org.apache.kafka.clients.consumer.RangeAssignor, class org.apache.kafka.clients.consumer.CooperativeStickyAssignor]
	receive.buffer.bytes = 65536
	reconnect.backoff.max.ms = 1000
	reconnect.backoff.ms = 50
	request.timeout.ms = 30000
	retry.backoff.max.ms = 1000
	retry.backoff.ms = 100
	sasl.client.callback.handler.class = null
	sasl.jaas.config = null
	sasl.kerberos.kinit.cmd = /usr/bin/kinit
	sasl.kerberos.min.time.before.relogin = 60000
	sasl.kerberos.service.name = null
	sasl.kerberos.ticket.renew.jitter = 0.05
	sasl.kerberos.ticket.renew.window.factor = 0.8
	sasl.login.callback.handler.class = null
	sasl.login.class = null
	sasl.login.connect.timeout.ms = null
	sasl.login.read.timeout.ms = null
	sasl.login.refresh.buffer.seconds = 300
	sasl.login.refresh.min.period.seconds = 60
	sasl.login.refresh.window.factor = 0.8
	sasl.login.refresh.window.jitter = 0.05
	sasl.login.retry.backoff.max.ms = 10000
	sasl.login.retry.backoff.ms = 100
	sasl.mechanism = GSSAPI
	sasl.oauthbearer.clock.skew.seconds = 30
	sasl.oauthbearer.expected.audience = null
	sasl.oauthbearer.expected.issuer = null
	sasl.oauthbearer.jwks.endpoint.refresh.ms = 3600000
	sasl.oauthbearer.jwks.endpoint.retry.backoff.max.ms = 10000
	sasl.oauthbearer.jwks.endpoint.retry.backoff.ms = 100
	sasl.oauthbearer.jwks.endpoint.url = null
	sasl.oauthbearer.scope.claim.name = scope
	sasl.oauthbearer.sub.claim.name = sub
	sasl.oauthbearer.token.endpoint.url = null
	security.protocol = PLAINTEXT
	security.providers = null
	send.buffer.bytes = 131072
	session.timeout.ms = 45000
	socket.connection.setup.timeout.max.ms = 30000
	socket.connection.setup.timeout.ms = 10000
	ssl.cipher.suites = null
	ssl.enabled.protocols = [TLSv1.2, TLSv1.3]
	ssl.endpoint.identification.algorithm = https
	ssl.engine.factory.class = null
	ssl.key.password = null
	ssl.keymanager.algorithm = SunX509
	ssl.keystore.certificate.chain = null
	ssl.keystore.key = null
	ssl.keystore.location = null
	ssl.keystore.password = null
	ssl.keystore.type = JKS
	ssl.protocol = TLSv1.3
	ssl.provider = null
	ssl.secure.random.implementation = null
	ssl.trustmanager.algorithm = PKIX
	ssl.truststore.certificates = null
	ssl.truststore.location = null
	ssl.truststore.password = null
	ssl.truststore.type = JKS
	value.deserializer = class org.apache.kafka.common.serialization.StringDeserializer

2025-03-31 17:27:47.849 [main] INFO  org.apache.kafka.common.telemetry.internals.KafkaMetricsCollector - initializing Kafka metrics collector
2025-03-31 17:27:47.851 [main] INFO  org.apache.kafka.common.utils.AppInfoParser - Kafka version: 3.7.2
2025-03-31 17:27:47.852 [main] INFO  org.apache.kafka.common.utils.AppInfoParser - Kafka commitId: 79a8f2b5f44f9d5a
2025-03-31 17:27:47.852 [main] INFO  org.apache.kafka.common.utils.AppInfoParser - Kafka startTimeMs: 1743413267851
2025-03-31 17:27:47.852 [main] INFO  org.apache.kafka.clients.consumer.internals.LegacyKafkaConsumer - [Consumer clientId=consumer-tomge-consumer-group-2, groupId=tomge-consumer-group] Subscribed to topic(s): testtopic2
2025-03-31 17:27:47.857 [main] INFO  org.apache.dubbo.config.deploy.DefaultModuleDeployer -  [DUBBO] Dubbo Module[1.1.1] is starting., dubbo version: 3.3.0, current host: 10.131.120.41
2025-03-31 17:27:47.857 [main] INFO  org.apache.dubbo.config.deploy.DefaultApplicationDeployer -  [DUBBO] Dubbo Application[1.1](provider) is starting., dubbo version: 3.3.0, current host: 10.131.120.41
2025-03-31 17:27:47.857 [main] INFO  org.apache.dubbo.config.deploy.DefaultModuleDeployer -  [DUBBO] Dubbo Module[1.1.0] is starting., dubbo version: 3.3.0, current host: 10.131.120.41
2025-03-31 17:27:47.858 [main] INFO  org.apache.dubbo.config.deploy.DefaultModuleDeployer -  [DUBBO] Dubbo Module[1.1.0] has started., dubbo version: 3.3.0, current host: 10.131.120.41
2025-03-31 17:27:47.858 [main] INFO  org.apache.dubbo.config.deploy.DefaultModuleDeployer -  [DUBBO] Dubbo Module[1.1.0] has completed., dubbo version: 3.3.0, current host: 10.131.120.41
2025-03-31 17:27:47.858 [main] INFO  org.apache.dubbo.config.deploy.DefaultModuleDeployer -  [DUBBO] Dubbo Module[1.1.1] has started., dubbo version: 3.3.0, current host: 10.131.120.41
2025-03-31 17:27:47.858 [main] INFO  org.apache.dubbo.config.deploy.DefaultMetricsServiceExporter -  [DUBBO] The MetricsConfig not exist, will not export metrics service., dubbo version: 3.3.0, current host: 10.131.120.41
2025-03-31 17:27:47.858 [main] INFO  org.apache.dubbo.config.deploy.DefaultApplicationDeployer -  [DUBBO] Dubbo Application[1.1](provider) is ready., dubbo version: 3.3.0, current host: 10.131.120.41
2025-03-31 17:27:47.858 [main] INFO  org.apache.dubbo.config.deploy.DefaultModuleDeployer -  [DUBBO] Dubbo Module[1.1.1] has completed., dubbo version: 3.3.0, current host: 10.131.120.41
2025-03-31 17:27:47.859 [main] INFO  org.apache.dubbo.config.deploy.DefaultApplicationDeployer -  [DUBBO] Dubbo Application[1.1](provider) has completed., dubbo version: 3.3.0, current host: 10.131.120.41
2025-03-31 17:27:47.859 [main] INFO  com.test.testboot.TestbootApplication - Started TestbootApplication in 4.476 seconds (process running for 4.744)
2025-03-31 17:27:47.995 [org.springframework.kafka.KafkaListenerEndpointContainer#1-0-C-1] INFO  org.apache.kafka.clients.Metadata - [Consumer clientId=consumer-tomge-consumer-group-2, groupId=tomge-consumer-group] Cluster ID: 55v202dzTXeo6Uf5cKQwuw
2025-03-31 17:27:47.995 [org.springframework.kafka.KafkaListenerEndpointContainer#0-0-C-1] INFO  org.apache.kafka.clients.Metadata - [Consumer clientId=consumer-tomge-consumer-group-1, groupId=tomge-consumer-group] Cluster ID: 55v202dzTXeo6Uf5cKQwuw
2025-03-31 17:27:47.998 [org.springframework.kafka.KafkaListenerEndpointContainer#1-0-C-1] INFO  org.apache.kafka.clients.consumer.internals.ConsumerCoordinator - [Consumer clientId=consumer-tomge-consumer-group-2, groupId=tomge-consumer-group] Discovered group coordinator localhost:9092 (id: 2147483647 rack: null)
2025-03-31 17:27:47.999 [org.springframework.kafka.KafkaListenerEndpointContainer#0-0-C-1] INFO  org.apache.kafka.clients.consumer.internals.ConsumerCoordinator - [Consumer clientId=consumer-tomge-consumer-group-1, groupId=tomge-consumer-group] Discovered group coordinator localhost:9092 (id: 2147483647 rack: null)
2025-03-31 17:27:47.999 [org.springframework.kafka.KafkaListenerEndpointContainer#1-0-C-1] INFO  org.apache.kafka.clients.consumer.internals.ConsumerCoordinator - [Consumer clientId=consumer-tomge-consumer-group-2, groupId=tomge-consumer-group] (Re-)joining group
2025-03-31 17:27:47.999 [org.springframework.kafka.KafkaListenerEndpointContainer#0-0-C-1] INFO  org.apache.kafka.clients.consumer.internals.ConsumerCoordinator - [Consumer clientId=consumer-tomge-consumer-group-1, groupId=tomge-consumer-group] (Re-)joining group
2025-03-31 17:27:48.016 [org.springframework.kafka.KafkaListenerEndpointContainer#1-0-C-1] INFO  org.apache.kafka.clients.consumer.internals.ConsumerCoordinator - [Consumer clientId=consumer-tomge-consumer-group-2, groupId=tomge-consumer-group] Request joining group due to: need to re-join with the given member-id: consumer-tomge-consumer-group-2-0f3a93c8-6ba9-4b25-9ff7-adb3421c1985
2025-03-31 17:27:48.016 [org.springframework.kafka.KafkaListenerEndpointContainer#0-0-C-1] INFO  org.apache.kafka.clients.consumer.internals.ConsumerCoordinator - [Consumer clientId=consumer-tomge-consumer-group-1, groupId=tomge-consumer-group] Request joining group due to: need to re-join with the given member-id: consumer-tomge-consumer-group-1-81bffaf6-18f6-42ce-b79b-6eb67e2f3911
2025-03-31 17:27:48.016 [org.springframework.kafka.KafkaListenerEndpointContainer#1-0-C-1] INFO  org.apache.kafka.clients.consumer.internals.ConsumerCoordinator - [Consumer clientId=consumer-tomge-consumer-group-2, groupId=tomge-consumer-group] (Re-)joining group
2025-03-31 17:27:48.016 [org.springframework.kafka.KafkaListenerEndpointContainer#0-0-C-1] INFO  org.apache.kafka.clients.consumer.internals.ConsumerCoordinator - [Consumer clientId=consumer-tomge-consumer-group-1, groupId=tomge-consumer-group] (Re-)joining group
2025-03-31 17:27:48.020 [org.springframework.kafka.KafkaListenerEndpointContainer#1-0-C-1] INFO  org.apache.kafka.clients.consumer.internals.ConsumerCoordinator - [Consumer clientId=consumer-tomge-consumer-group-2, groupId=tomge-consumer-group] Successfully joined group with generation Generation{generationId=119, memberId='consumer-tomge-consumer-group-2-0f3a93c8-6ba9-4b25-9ff7-adb3421c1985', protocol='range'}
2025-03-31 17:27:48.021 [org.springframework.kafka.KafkaListenerEndpointContainer#0-0-C-1] INFO  org.apache.kafka.clients.consumer.internals.ConsumerCoordinator - [Consumer clientId=consumer-tomge-consumer-group-1, groupId=tomge-consumer-group] Successfully joined group with generation Generation{generationId=119, memberId='consumer-tomge-consumer-group-1-81bffaf6-18f6-42ce-b79b-6eb67e2f3911', protocol='range'}
2025-03-31 17:27:48.025 [org.springframework.kafka.KafkaListenerEndpointContainer#0-0-C-1] INFO  org.apache.kafka.clients.consumer.internals.ConsumerCoordinator - [Consumer clientId=consumer-tomge-consumer-group-1, groupId=tomge-consumer-group] Finished assignment for group at generation 119: {consumer-tomge-consumer-group-2-0f3a93c8-6ba9-4b25-9ff7-adb3421c1985=Assignment(partitions=[testtopic2-0]), consumer-tomge-consumer-group-1-81bffaf6-18f6-42ce-b79b-6eb67e2f3911=Assignment(partitions=[testtopic-0])}
2025-03-31 17:27:48.041 [org.springframework.kafka.KafkaListenerEndpointContainer#0-0-C-1] INFO  org.apache.kafka.clients.consumer.internals.ConsumerCoordinator - [Consumer clientId=consumer-tomge-consumer-group-1, groupId=tomge-consumer-group] Successfully synced group in generation Generation{generationId=119, memberId='consumer-tomge-consumer-group-1-81bffaf6-18f6-42ce-b79b-6eb67e2f3911', protocol='range'}
2025-03-31 17:27:48.041 [org.springframework.kafka.KafkaListenerEndpointContainer#1-0-C-1] INFO  org.apache.kafka.clients.consumer.internals.ConsumerCoordinator - [Consumer clientId=consumer-tomge-consumer-group-2, groupId=tomge-consumer-group] Successfully synced group in generation Generation{generationId=119, memberId='consumer-tomge-consumer-group-2-0f3a93c8-6ba9-4b25-9ff7-adb3421c1985', protocol='range'}
2025-03-31 17:27:48.041 [org.springframework.kafka.KafkaListenerEndpointContainer#0-0-C-1] INFO  org.apache.kafka.clients.consumer.internals.ConsumerCoordinator - [Consumer clientId=consumer-tomge-consumer-group-1, groupId=tomge-consumer-group] Notifying assignor about the new Assignment(partitions=[testtopic-0])
2025-03-31 17:27:48.041 [org.springframework.kafka.KafkaListenerEndpointContainer#1-0-C-1] INFO  org.apache.kafka.clients.consumer.internals.ConsumerCoordinator - [Consumer clientId=consumer-tomge-consumer-group-2, groupId=tomge-consumer-group] Notifying assignor about the new Assignment(partitions=[testtopic2-0])
2025-03-31 17:27:48.042 [org.springframework.kafka.KafkaListenerEndpointContainer#0-0-C-1] INFO  org.apache.kafka.clients.consumer.internals.ConsumerRebalanceListenerInvoker - [Consumer clientId=consumer-tomge-consumer-group-1, groupId=tomge-consumer-group] Adding newly assigned partitions: testtopic-0
2025-03-31 17:27:48.042 [org.springframework.kafka.KafkaListenerEndpointContainer#1-0-C-1] INFO  org.apache.kafka.clients.consumer.internals.ConsumerRebalanceListenerInvoker - [Consumer clientId=consumer-tomge-consumer-group-2, groupId=tomge-consumer-group] Adding newly assigned partitions: testtopic2-0
2025-03-31 17:27:48.049 [org.springframework.kafka.KafkaListenerEndpointContainer#0-0-C-1] INFO  org.apache.kafka.clients.consumer.internals.ConsumerUtils - Setting offset for partition testtopic-0 to the committed offset FetchPosition{offset=80, offsetEpoch=Optional.empty, currentLeader=LeaderAndEpoch{leader=Optional[localhost:9092 (id: 0 rack: null)], epoch=0}}
2025-03-31 17:27:48.049 [org.springframework.kafka.KafkaListenerEndpointContainer#1-0-C-1] INFO  org.apache.kafka.clients.consumer.internals.ConsumerUtils - Setting offset for partition testtopic2-0 to the committed offset FetchPosition{offset=53, offsetEpoch=Optional.empty, currentLeader=LeaderAndEpoch{leader=Optional[localhost:9092 (id: 0 rack: null)], epoch=0}}
2025-03-31 17:27:55.771 [http-nio-9090-exec-2] INFO  org.apache.catalina.core.ContainerBase.[Tomcat].[localhost].[/] - Initializing Spring DispatcherServlet 'dispatcherServlet'
2025-03-31 17:27:55.869 [http-nio-9090-exec-2] INFO  com.test.testboot.controller.StudentController - {"messageType":"JSON","data":{"address":"湖北省襄阳市","sex":"女","name":"黄蓉","birth":"1500","id":914,"department":"丐帮"}}
2025-03-31 17:27:55.877 [http-nio-9090-exec-2] INFO  org.apache.kafka.clients.producer.ProducerConfig - ProducerConfig values: 
	acks = -1
	auto.include.jmx.reporter = true
	batch.size = 16384
	bootstrap.servers = [localhost:9092]
	buffer.memory = 33554432
	client.dns.lookup = use_all_dns_ips
	client.id = testspringboot-producer-1
	compression.type = none
	connections.max.idle.ms = 540000
	delivery.timeout.ms = 120000
	enable.idempotence = true
	enable.metrics.push = true
	interceptor.classes = []
	key.serializer = class org.apache.kafka.common.serialization.StringSerializer
	linger.ms = 0
	max.block.ms = 60000
	max.in.flight.requests.per.connection = 5
	max.request.size = 1048576
	metadata.max.age.ms = 300000
	metadata.max.idle.ms = 300000
	metric.reporters = []
	metrics.num.samples = 2
	metrics.recording.level = INFO
	metrics.sample.window.ms = 30000
	partitioner.adaptive.partitioning.enable = true
	partitioner.availability.timeout.ms = 0
	partitioner.class = null
	partitioner.ignore.keys = false
	receive.buffer.bytes = 32768
	reconnect.backoff.max.ms = 1000
	reconnect.backoff.ms = 50
	request.timeout.ms = 30000
	retries = 3
	retry.backoff.max.ms = 1000
	retry.backoff.ms = 100
	sasl.client.callback.handler.class = null
	sasl.jaas.config = null
	sasl.kerberos.kinit.cmd = /usr/bin/kinit
	sasl.kerberos.min.time.before.relogin = 60000
	sasl.kerberos.service.name = null
	sasl.kerberos.ticket.renew.jitter = 0.05
	sasl.kerberos.ticket.renew.window.factor = 0.8
	sasl.login.callback.handler.class = null
	sasl.login.class = null
	sasl.login.connect.timeout.ms = null
	sasl.login.read.timeout.ms = null
	sasl.login.refresh.buffer.seconds = 300
	sasl.login.refresh.min.period.seconds = 60
	sasl.login.refresh.window.factor = 0.8
	sasl.login.refresh.window.jitter = 0.05
	sasl.login.retry.backoff.max.ms = 10000
	sasl.login.retry.backoff.ms = 100
	sasl.mechanism = GSSAPI
	sasl.oauthbearer.clock.skew.seconds = 30
	sasl.oauthbearer.expected.audience = null
	sasl.oauthbearer.expected.issuer = null
	sasl.oauthbearer.jwks.endpoint.refresh.ms = 3600000
	sasl.oauthbearer.jwks.endpoint.retry.backoff.max.ms = 10000
	sasl.oauthbearer.jwks.endpoint.retry.backoff.ms = 100
	sasl.oauthbearer.jwks.endpoint.url = null
	sasl.oauthbearer.scope.claim.name = scope
	sasl.oauthbearer.sub.claim.name = sub
	sasl.oauthbearer.token.endpoint.url = null
	security.protocol = PLAINTEXT
	security.providers = null
	send.buffer.bytes = 131072
	socket.connection.setup.timeout.max.ms = 30000
	socket.connection.setup.timeout.ms = 10000
	ssl.cipher.suites = null
	ssl.enabled.protocols = [TLSv1.2, TLSv1.3]
	ssl.endpoint.identification.algorithm = https
	ssl.engine.factory.class = null
	ssl.key.password = null
	ssl.keymanager.algorithm = SunX509
	ssl.keystore.certificate.chain = null
	ssl.keystore.key = null
	ssl.keystore.location = null
	ssl.keystore.password = null
	ssl.keystore.type = JKS
	ssl.protocol = TLSv1.3
	ssl.provider = null
	ssl.secure.random.implementation = null
	ssl.trustmanager.algorithm = PKIX
	ssl.truststore.certificates = null
	ssl.truststore.location = null
	ssl.truststore.password = null
	ssl.truststore.type = JKS
	transaction.timeout.ms = 60000
	transactional.id = null
	value.serializer = class org.apache.kafka.common.serialization.StringSerializer

2025-03-31 17:27:55.878 [http-nio-9090-exec-2] INFO  org.apache.kafka.common.telemetry.internals.KafkaMetricsCollector - initializing Kafka metrics collector
2025-03-31 17:27:55.881 [http-nio-9090-exec-2] INFO  org.apache.kafka.clients.producer.KafkaProducer - [Producer clientId=testspringboot-producer-1] Instantiated an idempotent producer.
2025-03-31 17:27:55.886 [http-nio-9090-exec-2] INFO  org.apache.kafka.common.utils.AppInfoParser - Kafka version: 3.7.2
2025-03-31 17:27:55.886 [http-nio-9090-exec-2] INFO  org.apache.kafka.common.utils.AppInfoParser - Kafka commitId: 79a8f2b5f44f9d5a
2025-03-31 17:27:55.886 [http-nio-9090-exec-2] INFO  org.apache.kafka.common.utils.AppInfoParser - Kafka startTimeMs: 1743413275886
2025-03-31 17:27:55.890 [kafka-producer-network-thread | testspringboot-producer-1] INFO  org.apache.kafka.clients.Metadata - [Producer clientId=testspringboot-producer-1] Cluster ID: 55v202dzTXeo6Uf5cKQwuw
2025-03-31 17:27:56.010 [kafka-producer-network-thread | testspringboot-producer-1] INFO  org.apache.kafka.clients.producer.internals.TransactionManager - [Producer clientId=testspringboot-producer-1] ProducerId set to 2000 with epoch 0
2025-03-31 17:27:56.040 [http-nio-9090-exec-2] INFO  com.test.testboot.kafkaservice.ProducerService - {"messageType":"JSON","data":{"address":"湖北省襄阳市","sex":"女","name":"黄蓉","birth":"1500","id":914,"department":"丐帮"}}
2025-03-31 17:27:56.058 [org.springframework.kafka.KafkaListenerEndpointContainer#0-0-C-1] INFO  com.test.testboot.kafkaservice.ConsumerService - {"address":"湖北省襄阳市","sex":"女","name":"黄蓉","birth":"1500","id":914,"department":"丐帮"}
2025-03-31 17:27:56.058 [org.springframework.kafka.KafkaListenerEndpointContainer#0-0-C-1] INFO  com.test.testboot.kafkaservice.ConsumerService - {"address":"湖北省襄阳市","sex":"女","name":"黄蓉","birth":"1500","id":914,"department":"丐帮"}
2025-03-31 17:27:56.082 [org.springframework.kafka.KafkaListenerEndpointContainer#0-0-C-1] INFO  com.zaxxer.hikari.HikariDataSource - HikariPool-1 - Starting...
2025-03-31 17:27:56.158 [org.springframework.kafka.KafkaListenerEndpointContainer#0-0-C-1] INFO  com.zaxxer.hikari.pool.HikariPool - HikariPool-1 - Added connection com.mysql.cj.jdbc.ConnectionImpl@4676b454
2025-03-31 17:27:56.159 [org.springframework.kafka.KafkaListenerEndpointContainer#0-0-C-1] INFO  com.zaxxer.hikari.HikariDataSource - HikariPool-1 - Start completed.
2025-03-31 17:27:56.379 [org.springframework.kafka.KafkaListenerEndpointContainer#1-0-C-1] INFO  com.test.testboot.kafkaservice.ConsumerService - CanalModel: null
2025-03-31 17:27:56.546 [org.springframework.kafka.KafkaListenerEndpointContainer#1-0-C-1] INFO  com.test.testboot.kafkaservice.ConsumerService - INSERT 操作成功 - id: 914, value: {"address":"湖北省襄阳市","sex":"女","name":"黄蓉","birth":"1500","id":"914","department":"丐帮"}
2025-03-31 17:36:48.017 [org.springframework.kafka.KafkaListenerEndpointContainer#1-0-C-1] INFO  org.apache.kafka.clients.NetworkClient - [Consumer clientId=consumer-tomge-consumer-group-2, groupId=tomge-consumer-group] Node -1 disconnected.
2025-03-31 17:36:48.017 [org.springframework.kafka.KafkaListenerEndpointContainer#0-0-C-1] INFO  org.apache.kafka.clients.NetworkClient - [Consumer clientId=consumer-tomge-consumer-group-1, groupId=tomge-consumer-group] Node -1 disconnected.
2025-03-31 17:36:55.908 [kafka-producer-network-thread | testspringboot-producer-1] INFO  org.apache.kafka.clients.NetworkClient - [Producer clientId=testspringboot-producer-1] Node -1 disconnected.
2025-03-31 17:39:35.695 [DubboShutdownHook] INFO  org.apache.dubbo.config.DubboShutdownHook -  [DUBBO] Run shutdown hook now., dubbo version: 3.3.0, current host: 10.131.120.41
2025-03-31 17:39:35.696 [DubboShutdownHook] INFO  org.apache.dubbo.config.DubboShutdownHook -  [DUBBO] Waiting for modules(Dubbo Application[1.1](provider)) managed by Spring to be shutdown., dubbo version: 3.3.0, current host: 10.131.120.41
2025-03-31 17:39:35.696 [SpringApplicationShutdownHook] INFO  org.apache.dubbo.config.deploy.DefaultModuleDeployer -  [DUBBO] Dubbo Module[1.1.1] is stopping., dubbo version: 3.3.0, current host: 10.131.120.41
2025-03-31 17:39:35.696 [SpringApplicationShutdownHook] INFO  org.apache.dubbo.config.deploy.DefaultApplicationDeployer -  [DUBBO] Dubbo Application[1.1](provider) has completed., dubbo version: 3.3.0, current host: 10.131.120.41
2025-03-31 17:39:35.697 [SpringApplicationShutdownHook] INFO  org.apache.dubbo.config.deploy.DefaultModuleDeployer -  [DUBBO] Dubbo Module[1.1.1] has stopped., dubbo version: 3.3.0, current host: 10.131.120.41
2025-03-31 17:39:35.697 [SpringApplicationShutdownHook] INFO  org.apache.dubbo.config.deploy.DefaultApplicationDeployer -  [DUBBO] Dubbo Application[1.1](provider) has completed., dubbo version: 3.3.0, current host: 10.131.120.41
2025-03-31 17:39:35.697 [SpringApplicationShutdownHook] INFO  org.apache.dubbo.rpc.model.FrameworkModel -  [DUBBO] Reset global default application from Dubbo Application[1.1](provider) to null, dubbo version: 3.3.0, current host: 10.131.120.41
2025-03-31 17:39:35.697 [SpringApplicationShutdownHook] INFO  org.apache.dubbo.config.deploy.DefaultApplicationDeployer -  [DUBBO] Dubbo Application[1.1](provider) is stopping., dubbo version: 3.3.0, current host: 10.131.120.41
2025-03-31 17:39:35.697 [SpringApplicationShutdownHook] INFO  org.apache.dubbo.config.deploy.DefaultModuleDeployer -  [DUBBO] Dubbo Module[1.1.0] is stopping., dubbo version: 3.3.0, current host: 10.131.120.41
2025-03-31 17:39:35.697 [SpringApplicationShutdownHook] INFO  org.apache.dubbo.config.deploy.DefaultModuleDeployer -  [DUBBO] Dubbo Module[1.1.0] has stopped., dubbo version: 3.3.0, current host: 10.131.120.41
2025-03-31 17:39:35.698 [SpringApplicationShutdownHook] INFO  org.apache.dubbo.registry.support.RegistryManager -  [DUBBO] Close all registries [], dubbo version: 3.3.0, current host: 10.131.120.41
2025-03-31 17:39:35.698 [SpringApplicationShutdownHook] INFO  org.apache.dubbo.common.threadpool.manager.DefaultExecutorRepository -  [DUBBO] destroying application executor repository .., dubbo version: 3.3.0, current host: 10.131.120.41
2025-03-31 17:39:35.699 [SpringApplicationShutdownHook] INFO  org.apache.dubbo.config.deploy.DefaultApplicationDeployer -  [DUBBO] Dubbo Application[1.1](provider) has stopped., dubbo version: 3.3.0, current host: 10.131.120.41
2025-03-31 17:39:35.699 [Curator-Framework-0] INFO  org.apache.curator.framework.imps.CuratorFrameworkImpl - backgroundOperationsLoop exiting
2025-03-31 17:39:35.824 [main-EventThread] INFO  org.apache.zookeeper.ClientCnxn - EventThread shut down for session: 0x1000ece03d60001
2025-03-31 17:39:35.824 [SpringApplicationShutdownHook] INFO  org.apache.zookeeper.ZooKeeper - Session: 0x1000ece03d60001 closed
2025-03-31 17:39:35.825 [SpringApplicationShutdownHook] INFO  org.apache.dubbo.rpc.model.FrameworkModel -  [DUBBO] Destroying default framework model: Dubbo Framework[1], dubbo version: 3.3.0, current host: 10.131.120.41
2025-03-31 17:39:35.825 [SpringApplicationShutdownHook] INFO  org.apache.dubbo.rpc.model.FrameworkModel -  [DUBBO] Dubbo Framework[1] is destroying ..., dubbo version: 3.3.0, current host: 10.131.120.41
2025-03-31 17:39:35.825 [SpringApplicationShutdownHook] INFO  org.apache.dubbo.config.deploy.DefaultApplicationDeployer -  [DUBBO] Dubbo Application[1.0](DUBBO_INTERNAL_APPLICATION) is stopping., dubbo version: 3.3.0, current host: 10.131.120.41
2025-03-31 17:39:35.825 [SpringApplicationShutdownHook] INFO  org.apache.dubbo.config.deploy.DefaultModuleDeployer -  [DUBBO] Dubbo Module[1.0.0] is stopping., dubbo version: 3.3.0, current host: 10.131.120.41
2025-03-31 17:39:35.825 [SpringApplicationShutdownHook] INFO  org.apache.dubbo.config.deploy.DefaultModuleDeployer -  [DUBBO] Dubbo Module[1.0.0] has stopped., dubbo version: 3.3.0, current host: 10.131.120.41
2025-03-31 17:39:35.825 [SpringApplicationShutdownHook] INFO  org.apache.dubbo.registry.support.RegistryManager -  [DUBBO] Close all registries [], dubbo version: 3.3.0, current host: 10.131.120.41
2025-03-31 17:39:35.825 [SpringApplicationShutdownHook] INFO  org.apache.dubbo.common.threadpool.manager.DefaultExecutorRepository -  [DUBBO] destroying application executor repository .., dubbo version: 3.3.0, current host: 10.131.120.41
2025-03-31 17:39:35.825 [SpringApplicationShutdownHook] INFO  org.apache.dubbo.config.deploy.DefaultApplicationDeployer -  [DUBBO] Dubbo Application[1.0](DUBBO_INTERNAL_APPLICATION) has stopped., dubbo version: 3.3.0, current host: 10.131.120.41
2025-03-31 17:39:35.826 [SpringApplicationShutdownHook] INFO  org.apache.dubbo.rpc.model.FrameworkModel -  [DUBBO] Dubbo Framework[1] is destroyed, dubbo version: 3.3.0, current host: 10.131.120.41
2025-03-31 17:39:35.826 [SpringApplicationShutdownHook] INFO  org.apache.dubbo.rpc.model.FrameworkModel -  [DUBBO] Reset global default framework from Dubbo Framework[1] to null, dubbo version: 3.3.0, current host: 10.131.120.41
2025-03-31 17:39:35.826 [SpringApplicationShutdownHook] INFO  org.apache.dubbo.common.resource.GlobalResourcesRepository -  [DUBBO] Destroying global resources ..., dubbo version: 3.3.0, current host: 10.131.120.41
2025-03-31 17:39:35.826 [SpringApplicationShutdownHook] INFO  org.apache.dubbo.common.resource.GlobalResourcesRepository -  [DUBBO] Dubbo is completely destroyed, dubbo version: 3.3.0, current host: 10.131.120.41
2025-03-31 17:39:35.826 [SpringApplicationShutdownHook] INFO  org.apache.dubbo.common.threadpool.manager.FrameworkExecutorRepository -  [DUBBO] destroying framework executor repository .., dubbo version: 3.3.0, current host: 10.131.120.41
2025-03-31 17:39:35.826 [SpringApplicationShutdownHook] INFO  org.apache.dubbo.config.spring.context.DubboSpringInitializer -  [DUBBO] Unbind Dubbo Module[1.1.1] from spring container: org.springframework.beans.factory.support.DefaultListableBeanFactory@36b310aa, dubbo version: 3.3.0, current host: 10.131.120.41
2025-03-31 17:39:35.830 [org.springframework.kafka.KafkaListenerEndpointContainer#1-0-C-1] INFO  org.apache.kafka.clients.consumer.internals.ConsumerRebalanceListenerInvoker - [Consumer clientId=consumer-tomge-consumer-group-2, groupId=tomge-consumer-group] Revoke previously assigned partitions testtopic2-0
2025-03-31 17:39:35.830 [org.springframework.kafka.KafkaListenerEndpointContainer#0-0-C-1] INFO  org.apache.kafka.clients.consumer.internals.ConsumerRebalanceListenerInvoker - [Consumer clientId=consumer-tomge-consumer-group-1, groupId=tomge-consumer-group] Revoke previously assigned partitions testtopic-0
2025-03-31 17:39:35.831 [org.springframework.kafka.KafkaListenerEndpointContainer#0-0-C-1] INFO  org.apache.kafka.clients.consumer.internals.ConsumerCoordinator - [Consumer clientId=consumer-tomge-consumer-group-1, groupId=tomge-consumer-group] Member consumer-tomge-consumer-group-1-81bffaf6-18f6-42ce-b79b-6eb67e2f3911 sending LeaveGroup request to coordinator localhost:9092 (id: 2147483647 rack: null) due to the consumer unsubscribed from all topics
2025-03-31 17:39:35.831 [org.springframework.kafka.KafkaListenerEndpointContainer#1-0-C-1] INFO  org.apache.kafka.clients.consumer.internals.ConsumerCoordinator - [Consumer clientId=consumer-tomge-consumer-group-2, groupId=tomge-consumer-group] Member consumer-tomge-consumer-group-2-0f3a93c8-6ba9-4b25-9ff7-adb3421c1985 sending LeaveGroup request to coordinator localhost:9092 (id: 2147483647 rack: null) due to the consumer unsubscribed from all topics
2025-03-31 17:39:35.831 [org.springframework.kafka.KafkaListenerEndpointContainer#0-0-C-1] INFO  org.apache.kafka.clients.consumer.internals.ConsumerCoordinator - [Consumer clientId=consumer-tomge-consumer-group-1, groupId=tomge-consumer-group] Resetting generation and member id due to: consumer pro-actively leaving the group
2025-03-31 17:39:35.831 [org.springframework.kafka.KafkaListenerEndpointContainer#1-0-C-1] INFO  org.apache.kafka.clients.consumer.internals.ConsumerCoordinator - [Consumer clientId=consumer-tomge-consumer-group-2, groupId=tomge-consumer-group] Resetting generation and member id due to: consumer pro-actively leaving the group
2025-03-31 17:39:35.831 [org.springframework.kafka.KafkaListenerEndpointContainer#0-0-C-1] INFO  org.apache.kafka.clients.consumer.internals.ConsumerCoordinator - [Consumer clientId=consumer-tomge-consumer-group-1, groupId=tomge-consumer-group] Request joining group due to: consumer pro-actively leaving the group
2025-03-31 17:39:35.831 [org.springframework.kafka.KafkaListenerEndpointContainer#1-0-C-1] INFO  org.apache.kafka.clients.consumer.internals.ConsumerCoordinator - [Consumer clientId=consumer-tomge-consumer-group-2, groupId=tomge-consumer-group] Request joining group due to: consumer pro-actively leaving the group
2025-03-31 17:39:35.831 [org.springframework.kafka.KafkaListenerEndpointContainer#0-0-C-1] INFO  org.apache.kafka.clients.consumer.internals.LegacyKafkaConsumer - [Consumer clientId=consumer-tomge-consumer-group-1, groupId=tomge-consumer-group] Unsubscribed all topics or patterns and assigned partitions
2025-03-31 17:39:35.831 [org.springframework.kafka.KafkaListenerEndpointContainer#1-0-C-1] INFO  org.apache.kafka.clients.consumer.internals.LegacyKafkaConsumer - [Consumer clientId=consumer-tomge-consumer-group-2, groupId=tomge-consumer-group] Unsubscribed all topics or patterns and assigned partitions
2025-03-31 17:39:35.833 [org.springframework.kafka.KafkaListenerEndpointContainer#1-0-C-1] INFO  org.apache.kafka.clients.consumer.internals.ConsumerCoordinator - [Consumer clientId=consumer-tomge-consumer-group-2, groupId=tomge-consumer-group] Resetting generation and member id due to: consumer pro-actively leaving the group
2025-03-31 17:39:35.833 [org.springframework.kafka.KafkaListenerEndpointContainer#0-0-C-1] INFO  org.apache.kafka.clients.consumer.internals.ConsumerCoordinator - [Consumer clientId=consumer-tomge-consumer-group-1, groupId=tomge-consumer-group] Resetting generation and member id due to: consumer pro-actively leaving the group
2025-03-31 17:39:35.833 [org.springframework.kafka.KafkaListenerEndpointContainer#1-0-C-1] INFO  org.apache.kafka.clients.consumer.internals.ConsumerCoordinator - [Consumer clientId=consumer-tomge-consumer-group-2, groupId=tomge-consumer-group] Request joining group due to: consumer pro-actively leaving the group
2025-03-31 17:39:35.833 [org.springframework.kafka.KafkaListenerEndpointContainer#0-0-C-1] INFO  org.apache.kafka.clients.consumer.internals.ConsumerCoordinator - [Consumer clientId=consumer-tomge-consumer-group-1, groupId=tomge-consumer-group] Request joining group due to: consumer pro-actively leaving the group
2025-03-31 17:39:36.094 [org.springframework.kafka.KafkaListenerEndpointContainer#0-0-C-1] INFO  org.apache.kafka.common.metrics.Metrics - Metrics scheduler closed
2025-03-31 17:39:36.094 [org.springframework.kafka.KafkaListenerEndpointContainer#1-0-C-1] INFO  org.apache.kafka.common.metrics.Metrics - Metrics scheduler closed
2025-03-31 17:39:36.094 [org.springframework.kafka.KafkaListenerEndpointContainer#0-0-C-1] INFO  org.apache.kafka.common.metrics.Metrics - Closing reporter org.apache.kafka.common.metrics.JmxReporter
2025-03-31 17:39:36.094 [org.springframework.kafka.KafkaListenerEndpointContainer#1-0-C-1] INFO  org.apache.kafka.common.metrics.Metrics - Closing reporter org.apache.kafka.common.metrics.JmxReporter
2025-03-31 17:39:36.094 [org.springframework.kafka.KafkaListenerEndpointContainer#0-0-C-1] INFO  org.apache.kafka.common.metrics.Metrics - Closing reporter org.apache.kafka.common.telemetry.internals.ClientTelemetryReporter
2025-03-31 17:39:36.094 [org.springframework.kafka.KafkaListenerEndpointContainer#1-0-C-1] INFO  org.apache.kafka.common.metrics.Metrics - Closing reporter org.apache.kafka.common.telemetry.internals.ClientTelemetryReporter
2025-03-31 17:39:36.094 [org.springframework.kafka.KafkaListenerEndpointContainer#0-0-C-1] INFO  org.apache.kafka.common.metrics.Metrics - Metrics reporters closed
2025-03-31 17:39:36.094 [org.springframework.kafka.KafkaListenerEndpointContainer#1-0-C-1] INFO  org.apache.kafka.common.metrics.Metrics - Metrics reporters closed
2025-03-31 17:39:36.097 [org.springframework.kafka.KafkaListenerEndpointContainer#1-0-C-1] INFO  org.apache.kafka.common.utils.AppInfoParser - App info kafka.consumer for consumer-tomge-consumer-group-2 unregistered
2025-03-31 17:39:36.097 [org.springframework.kafka.KafkaListenerEndpointContainer#0-0-C-1] INFO  org.apache.kafka.common.utils.AppInfoParser - App info kafka.consumer for consumer-tomge-consumer-group-1 unregistered
2025-03-31 17:39:37.731 [SpringApplicationShutdownHook] INFO  org.apache.kafka.clients.producer.KafkaProducer - [Producer clientId=testspringboot-producer-1] Closing the Kafka producer with timeoutMillis = 30000 ms.
2025-03-31 17:39:37.733 [SpringApplicationShutdownHook] INFO  org.apache.kafka.common.metrics.Metrics - Metrics scheduler closed
2025-03-31 17:39:37.733 [SpringApplicationShutdownHook] INFO  org.apache.kafka.common.metrics.Metrics - Closing reporter org.apache.kafka.common.metrics.JmxReporter
2025-03-31 17:39:37.733 [SpringApplicationShutdownHook] INFO  org.apache.kafka.common.metrics.Metrics - Closing reporter org.apache.kafka.common.telemetry.internals.ClientTelemetryReporter
2025-03-31 17:39:37.733 [SpringApplicationShutdownHook] INFO  org.apache.kafka.common.metrics.Metrics - Metrics reporters closed
2025-03-31 17:39:37.733 [SpringApplicationShutdownHook] INFO  org.apache.kafka.common.utils.AppInfoParser - App info kafka.producer for testspringboot-producer-1 unregistered
2025-03-31 17:39:37.739 [SpringApplicationShutdownHook] INFO  com.zaxxer.hikari.HikariDataSource - HikariPool-1 - Shutdown initiated...
2025-03-31 17:39:37.744 [SpringApplicationShutdownHook] INFO  com.zaxxer.hikari.HikariDataSource - HikariPool-1 - Shutdown completed.
