2025-04-02 00:04:48.974 [main] INFO  com.test.testboot.TestbootApplication - Starting TestbootApplication using Java 23.0.2 with PID 58634 (/Users/zhaoxin/Documents/GitHub/testboot/target/classes started by zhaoxin in /Users/zhaoxin/Documents/GitHub/testboot)
2025-04-02 00:04:48.975 [main] INFO  com.test.testboot.TestbootApplication - No active profile set, falling back to 1 default profile: "default"
2025-04-02 00:04:49.650 [main] INFO  org.apache.coyote.http11.Http11NioProtocol - Initializing ProtocolHandler ["http-nio-9090"]
2025-04-02 00:04:49.651 [main] INFO  org.apache.catalina.core.StandardService - Starting service [Tomcat]
2025-04-02 00:04:49.651 [main] INFO  org.apache.catalina.core.StandardEngine - Starting Servlet engine: [Apache Tomcat/10.1.36]
2025-04-02 00:04:49.672 [main] INFO  org.apache.catalina.core.ContainerBase.[Tomcat].[localhost].[/] - Initializing Spring embedded WebApplicationContext
2025-04-02 00:04:53.754 [main] INFO  org.apache.coyote.http11.Http11NioProtocol - Starting ProtocolHandler ["http-nio-9090"]
2025-04-02 00:04:53.774 [main] INFO  org.apache.kafka.clients.consumer.ConsumerConfig - ConsumerConfig values: 
	allow.auto.create.topics = true
	auto.commit.interval.ms = 5000
	auto.include.jmx.reporter = true
	auto.offset.reset = latest
	bootstrap.servers = [localhost:9092]
	check.crcs = true
	client.dns.lookup = use_all_dns_ips
	client.id = consumer-tomge-consumer-group-1
	client.rack = 
	connections.max.idle.ms = 540000
	default.api.timeout.ms = 60000
	enable.auto.commit = false
	enable.metrics.push = true
	exclude.internal.topics = true
	fetch.max.bytes = 52428800
	fetch.max.wait.ms = 500
	fetch.min.bytes = 1
	group.id = tomge-consumer-group
	group.instance.id = null
	group.protocol = classic
	group.remote.assignor = null
	heartbeat.interval.ms = 3000
	interceptor.classes = []
	internal.leave.group.on.close = true
	internal.throw.on.fetch.stable.offset.unsupported = false
	isolation.level = read_uncommitted
	key.deserializer = class org.apache.kafka.common.serialization.StringDeserializer
	max.partition.fetch.bytes = 1048576
	max.poll.interval.ms = 300000
	max.poll.records = 500
	metadata.max.age.ms = 300000
	metric.reporters = []
	metrics.num.samples = 2
	metrics.recording.level = INFO
	metrics.sample.window.ms = 30000
	partition.assignment.strategy = [class org.apache.kafka.clients.consumer.RangeAssignor, class org.apache.kafka.clients.consumer.CooperativeStickyAssignor]
	receive.buffer.bytes = 65536
	reconnect.backoff.max.ms = 1000
	reconnect.backoff.ms = 50
	request.timeout.ms = 30000
	retry.backoff.max.ms = 1000
	retry.backoff.ms = 100
	sasl.client.callback.handler.class = null
	sasl.jaas.config = null
	sasl.kerberos.kinit.cmd = /usr/bin/kinit
	sasl.kerberos.min.time.before.relogin = 60000
	sasl.kerberos.service.name = null
	sasl.kerberos.ticket.renew.jitter = 0.05
	sasl.kerberos.ticket.renew.window.factor = 0.8
	sasl.login.callback.handler.class = null
	sasl.login.class = null
	sasl.login.connect.timeout.ms = null
	sasl.login.read.timeout.ms = null
	sasl.login.refresh.buffer.seconds = 300
	sasl.login.refresh.min.period.seconds = 60
	sasl.login.refresh.window.factor = 0.8
	sasl.login.refresh.window.jitter = 0.05
	sasl.login.retry.backoff.max.ms = 10000
	sasl.login.retry.backoff.ms = 100
	sasl.mechanism = GSSAPI
	sasl.oauthbearer.clock.skew.seconds = 30
	sasl.oauthbearer.expected.audience = null
	sasl.oauthbearer.expected.issuer = null
	sasl.oauthbearer.jwks.endpoint.refresh.ms = 3600000
	sasl.oauthbearer.jwks.endpoint.retry.backoff.max.ms = 10000
	sasl.oauthbearer.jwks.endpoint.retry.backoff.ms = 100
	sasl.oauthbearer.jwks.endpoint.url = null
	sasl.oauthbearer.scope.claim.name = scope
	sasl.oauthbearer.sub.claim.name = sub
	sasl.oauthbearer.token.endpoint.url = null
	security.protocol = PLAINTEXT
	security.providers = null
	send.buffer.bytes = 131072
	session.timeout.ms = 45000
	socket.connection.setup.timeout.max.ms = 30000
	socket.connection.setup.timeout.ms = 10000
	ssl.cipher.suites = null
	ssl.enabled.protocols = [TLSv1.2, TLSv1.3]
	ssl.endpoint.identification.algorithm = https
	ssl.engine.factory.class = null
	ssl.key.password = null
	ssl.keymanager.algorithm = SunX509
	ssl.keystore.certificate.chain = null
	ssl.keystore.key = null
	ssl.keystore.location = null
	ssl.keystore.password = null
	ssl.keystore.type = JKS
	ssl.protocol = TLSv1.3
	ssl.provider = null
	ssl.secure.random.implementation = null
	ssl.trustmanager.algorithm = PKIX
	ssl.truststore.certificates = null
	ssl.truststore.location = null
	ssl.truststore.password = null
	ssl.truststore.type = JKS
	value.deserializer = class org.apache.kafka.common.serialization.StringDeserializer

2025-04-02 00:04:53.797 [main] INFO  org.apache.kafka.common.telemetry.internals.KafkaMetricsCollector - initializing Kafka metrics collector
2025-04-02 00:04:53.825 [main] INFO  org.apache.kafka.common.utils.AppInfoParser - Kafka version: 3.7.2
2025-04-02 00:04:53.826 [main] INFO  org.apache.kafka.common.utils.AppInfoParser - Kafka commitId: 79a8f2b5f44f9d5a
2025-04-02 00:04:53.826 [main] INFO  org.apache.kafka.common.utils.AppInfoParser - Kafka startTimeMs: 1743523493825
2025-04-02 00:04:53.827 [main] INFO  org.apache.kafka.clients.consumer.internals.LegacyKafkaConsumer - [Consumer clientId=consumer-tomge-consumer-group-1, groupId=tomge-consumer-group] Subscribed to topic(s): testtopic2
2025-04-02 00:04:53.830 [main] INFO  org.apache.kafka.clients.consumer.ConsumerConfig - ConsumerConfig values: 
	allow.auto.create.topics = true
	auto.commit.interval.ms = 5000
	auto.include.jmx.reporter = true
	auto.offset.reset = latest
	bootstrap.servers = [localhost:9092]
	check.crcs = true
	client.dns.lookup = use_all_dns_ips
	client.id = consumer-tomge-consumer-group-2
	client.rack = 
	connections.max.idle.ms = 540000
	default.api.timeout.ms = 60000
	enable.auto.commit = false
	enable.metrics.push = true
	exclude.internal.topics = true
	fetch.max.bytes = 52428800
	fetch.max.wait.ms = 500
	fetch.min.bytes = 1
	group.id = tomge-consumer-group
	group.instance.id = null
	group.protocol = classic
	group.remote.assignor = null
	heartbeat.interval.ms = 3000
	interceptor.classes = []
	internal.leave.group.on.close = true
	internal.throw.on.fetch.stable.offset.unsupported = false
	isolation.level = read_uncommitted
	key.deserializer = class org.apache.kafka.common.serialization.StringDeserializer
	max.partition.fetch.bytes = 1048576
	max.poll.interval.ms = 300000
	max.poll.records = 500
	metadata.max.age.ms = 300000
	metric.reporters = []
	metrics.num.samples = 2
	metrics.recording.level = INFO
	metrics.sample.window.ms = 30000
	partition.assignment.strategy = [class org.apache.kafka.clients.consumer.RangeAssignor, class org.apache.kafka.clients.consumer.CooperativeStickyAssignor]
	receive.buffer.bytes = 65536
	reconnect.backoff.max.ms = 1000
	reconnect.backoff.ms = 50
	request.timeout.ms = 30000
	retry.backoff.max.ms = 1000
	retry.backoff.ms = 100
	sasl.client.callback.handler.class = null
	sasl.jaas.config = null
	sasl.kerberos.kinit.cmd = /usr/bin/kinit
	sasl.kerberos.min.time.before.relogin = 60000
	sasl.kerberos.service.name = null
	sasl.kerberos.ticket.renew.jitter = 0.05
	sasl.kerberos.ticket.renew.window.factor = 0.8
	sasl.login.callback.handler.class = null
	sasl.login.class = null
	sasl.login.connect.timeout.ms = null
	sasl.login.read.timeout.ms = null
	sasl.login.refresh.buffer.seconds = 300
	sasl.login.refresh.min.period.seconds = 60
	sasl.login.refresh.window.factor = 0.8
	sasl.login.refresh.window.jitter = 0.05
	sasl.login.retry.backoff.max.ms = 10000
	sasl.login.retry.backoff.ms = 100
	sasl.mechanism = GSSAPI
	sasl.oauthbearer.clock.skew.seconds = 30
	sasl.oauthbearer.expected.audience = null
	sasl.oauthbearer.expected.issuer = null
	sasl.oauthbearer.jwks.endpoint.refresh.ms = 3600000
	sasl.oauthbearer.jwks.endpoint.retry.backoff.max.ms = 10000
	sasl.oauthbearer.jwks.endpoint.retry.backoff.ms = 100
	sasl.oauthbearer.jwks.endpoint.url = null
	sasl.oauthbearer.scope.claim.name = scope
	sasl.oauthbearer.sub.claim.name = sub
	sasl.oauthbearer.token.endpoint.url = null
	security.protocol = PLAINTEXT
	security.providers = null
	send.buffer.bytes = 131072
	session.timeout.ms = 45000
	socket.connection.setup.timeout.max.ms = 30000
	socket.connection.setup.timeout.ms = 10000
	ssl.cipher.suites = null
	ssl.enabled.protocols = [TLSv1.2, TLSv1.3]
	ssl.endpoint.identification.algorithm = https
	ssl.engine.factory.class = null
	ssl.key.password = null
	ssl.keymanager.algorithm = SunX509
	ssl.keystore.certificate.chain = null
	ssl.keystore.key = null
	ssl.keystore.location = null
	ssl.keystore.password = null
	ssl.keystore.type = JKS
	ssl.protocol = TLSv1.3
	ssl.provider = null
	ssl.secure.random.implementation = null
	ssl.trustmanager.algorithm = PKIX
	ssl.truststore.certificates = null
	ssl.truststore.location = null
	ssl.truststore.password = null
	ssl.truststore.type = JKS
	value.deserializer = class org.apache.kafka.common.serialization.StringDeserializer

2025-04-02 00:04:53.831 [main] INFO  org.apache.kafka.common.telemetry.internals.KafkaMetricsCollector - initializing Kafka metrics collector
2025-04-02 00:04:53.833 [main] INFO  org.apache.kafka.common.utils.AppInfoParser - Kafka version: 3.7.2
2025-04-02 00:04:53.833 [main] INFO  org.apache.kafka.common.utils.AppInfoParser - Kafka commitId: 79a8f2b5f44f9d5a
2025-04-02 00:04:53.833 [main] INFO  org.apache.kafka.common.utils.AppInfoParser - Kafka startTimeMs: 1743523493833
2025-04-02 00:04:53.833 [main] INFO  org.apache.kafka.clients.consumer.internals.LegacyKafkaConsumer - [Consumer clientId=consumer-tomge-consumer-group-2, groupId=tomge-consumer-group] Subscribed to topic(s): testtopic
2025-04-02 00:04:53.839 [main] INFO  com.test.testboot.TestbootApplication - Started TestbootApplication in 5.083 seconds (process running for 5.37)
2025-04-02 00:04:53.955 [org.springframework.kafka.KafkaListenerEndpointContainer#0-0-C-1] INFO  org.apache.kafka.clients.Metadata - [Consumer clientId=consumer-tomge-consumer-group-1, groupId=tomge-consumer-group] Cluster ID: 55v202dzTXeo6Uf5cKQwuw
2025-04-02 00:04:53.955 [org.springframework.kafka.KafkaListenerEndpointContainer#1-0-C-1] INFO  org.apache.kafka.clients.Metadata - [Consumer clientId=consumer-tomge-consumer-group-2, groupId=tomge-consumer-group] Cluster ID: 55v202dzTXeo6Uf5cKQwuw
2025-04-02 00:04:53.956 [org.springframework.kafka.KafkaListenerEndpointContainer#0-0-C-1] INFO  org.apache.kafka.clients.consumer.internals.ConsumerCoordinator - [Consumer clientId=consumer-tomge-consumer-group-1, groupId=tomge-consumer-group] Discovered group coordinator localhost:9092 (id: 2147483647 rack: null)
2025-04-02 00:04:53.956 [org.springframework.kafka.KafkaListenerEndpointContainer#1-0-C-1] INFO  org.apache.kafka.clients.consumer.internals.ConsumerCoordinator - [Consumer clientId=consumer-tomge-consumer-group-2, groupId=tomge-consumer-group] Discovered group coordinator localhost:9092 (id: 2147483647 rack: null)
2025-04-02 00:04:53.957 [org.springframework.kafka.KafkaListenerEndpointContainer#0-0-C-1] INFO  org.apache.kafka.clients.consumer.internals.ConsumerCoordinator - [Consumer clientId=consumer-tomge-consumer-group-1, groupId=tomge-consumer-group] (Re-)joining group
2025-04-02 00:04:53.957 [org.springframework.kafka.KafkaListenerEndpointContainer#1-0-C-1] INFO  org.apache.kafka.clients.consumer.internals.ConsumerCoordinator - [Consumer clientId=consumer-tomge-consumer-group-2, groupId=tomge-consumer-group] (Re-)joining group
2025-04-02 00:04:53.971 [org.springframework.kafka.KafkaListenerEndpointContainer#1-0-C-1] INFO  org.apache.kafka.clients.consumer.internals.ConsumerCoordinator - [Consumer clientId=consumer-tomge-consumer-group-2, groupId=tomge-consumer-group] Request joining group due to: need to re-join with the given member-id: consumer-tomge-consumer-group-2-c846dc50-f38c-4f22-b24f-e0d72e65c2d8
2025-04-02 00:04:53.971 [org.springframework.kafka.KafkaListenerEndpointContainer#0-0-C-1] INFO  org.apache.kafka.clients.consumer.internals.ConsumerCoordinator - [Consumer clientId=consumer-tomge-consumer-group-1, groupId=tomge-consumer-group] Request joining group due to: need to re-join with the given member-id: consumer-tomge-consumer-group-1-f04668ba-8c35-45ee-9f08-f6801a0afd12
2025-04-02 00:04:53.971 [org.springframework.kafka.KafkaListenerEndpointContainer#1-0-C-1] INFO  org.apache.kafka.clients.consumer.internals.ConsumerCoordinator - [Consumer clientId=consumer-tomge-consumer-group-2, groupId=tomge-consumer-group] (Re-)joining group
2025-04-02 00:04:53.971 [org.springframework.kafka.KafkaListenerEndpointContainer#0-0-C-1] INFO  org.apache.kafka.clients.consumer.internals.ConsumerCoordinator - [Consumer clientId=consumer-tomge-consumer-group-1, groupId=tomge-consumer-group] (Re-)joining group
2025-04-02 00:04:53.974 [org.springframework.kafka.KafkaListenerEndpointContainer#1-0-C-1] INFO  org.apache.kafka.clients.consumer.internals.ConsumerCoordinator - [Consumer clientId=consumer-tomge-consumer-group-2, groupId=tomge-consumer-group] Successfully joined group with generation Generation{generationId=123, memberId='consumer-tomge-consumer-group-2-c846dc50-f38c-4f22-b24f-e0d72e65c2d8', protocol='range'}
2025-04-02 00:04:53.974 [org.springframework.kafka.KafkaListenerEndpointContainer#0-0-C-1] INFO  org.apache.kafka.clients.consumer.internals.ConsumerCoordinator - [Consumer clientId=consumer-tomge-consumer-group-1, groupId=tomge-consumer-group] Successfully joined group with generation Generation{generationId=123, memberId='consumer-tomge-consumer-group-1-f04668ba-8c35-45ee-9f08-f6801a0afd12', protocol='range'}
2025-04-02 00:04:53.979 [org.springframework.kafka.KafkaListenerEndpointContainer#1-0-C-1] INFO  org.apache.kafka.clients.consumer.internals.ConsumerCoordinator - [Consumer clientId=consumer-tomge-consumer-group-2, groupId=tomge-consumer-group] Finished assignment for group at generation 123: {consumer-tomge-consumer-group-2-c846dc50-f38c-4f22-b24f-e0d72e65c2d8=Assignment(partitions=[testtopic-0]), consumer-tomge-consumer-group-1-f04668ba-8c35-45ee-9f08-f6801a0afd12=Assignment(partitions=[testtopic2-0])}
2025-04-02 00:04:53.985 [org.springframework.kafka.KafkaListenerEndpointContainer#0-0-C-1] INFO  org.apache.kafka.clients.consumer.internals.ConsumerCoordinator - [Consumer clientId=consumer-tomge-consumer-group-1, groupId=tomge-consumer-group] Successfully synced group in generation Generation{generationId=123, memberId='consumer-tomge-consumer-group-1-f04668ba-8c35-45ee-9f08-f6801a0afd12', protocol='range'}
2025-04-02 00:04:53.985 [org.springframework.kafka.KafkaListenerEndpointContainer#1-0-C-1] INFO  org.apache.kafka.clients.consumer.internals.ConsumerCoordinator - [Consumer clientId=consumer-tomge-consumer-group-2, groupId=tomge-consumer-group] Successfully synced group in generation Generation{generationId=123, memberId='consumer-tomge-consumer-group-2-c846dc50-f38c-4f22-b24f-e0d72e65c2d8', protocol='range'}
2025-04-02 00:04:53.986 [org.springframework.kafka.KafkaListenerEndpointContainer#0-0-C-1] INFO  org.apache.kafka.clients.consumer.internals.ConsumerCoordinator - [Consumer clientId=consumer-tomge-consumer-group-1, groupId=tomge-consumer-group] Notifying assignor about the new Assignment(partitions=[testtopic2-0])
2025-04-02 00:04:53.986 [org.springframework.kafka.KafkaListenerEndpointContainer#1-0-C-1] INFO  org.apache.kafka.clients.consumer.internals.ConsumerCoordinator - [Consumer clientId=consumer-tomge-consumer-group-2, groupId=tomge-consumer-group] Notifying assignor about the new Assignment(partitions=[testtopic-0])
2025-04-02 00:04:53.987 [org.springframework.kafka.KafkaListenerEndpointContainer#0-0-C-1] INFO  org.apache.kafka.clients.consumer.internals.ConsumerRebalanceListenerInvoker - [Consumer clientId=consumer-tomge-consumer-group-1, groupId=tomge-consumer-group] Adding newly assigned partitions: testtopic2-0
2025-04-02 00:04:53.987 [org.springframework.kafka.KafkaListenerEndpointContainer#1-0-C-1] INFO  org.apache.kafka.clients.consumer.internals.ConsumerRebalanceListenerInvoker - [Consumer clientId=consumer-tomge-consumer-group-2, groupId=tomge-consumer-group] Adding newly assigned partitions: testtopic-0
2025-04-02 00:04:54.009 [org.springframework.kafka.KafkaListenerEndpointContainer#0-0-C-1] INFO  org.apache.kafka.clients.consumer.internals.ConsumerUtils - Setting offset for partition testtopic2-0 to the committed offset FetchPosition{offset=55, offsetEpoch=Optional.empty, currentLeader=LeaderAndEpoch{leader=Optional[localhost:9092 (id: 0 rack: null)], epoch=0}}
2025-04-02 00:04:54.009 [org.springframework.kafka.KafkaListenerEndpointContainer#1-0-C-1] INFO  org.apache.kafka.clients.consumer.internals.ConsumerUtils - Setting offset for partition testtopic-0 to the committed offset FetchPosition{offset=82, offsetEpoch=Optional.empty, currentLeader=LeaderAndEpoch{leader=Optional[localhost:9092 (id: 0 rack: null)], epoch=0}}
2025-04-02 00:05:31.288 [org.springframework.kafka.KafkaListenerEndpointContainer#0-0-C-1] INFO  com.test.testboot.kafkaservice.ConsumerService - CanalModel: null
2025-04-02 00:05:31.539 [org.springframework.kafka.KafkaListenerEndpointContainer#0-0-C-1] INFO  com.test.testboot.kafkaservice.ConsumerService - UPDATE 操作成功 - id: 915, value: {"address":"湖北省襄阳市","sex":"女","name":"黄蓉1","birth":"1500","id":"915","department":"丐帮"}
2025-04-02 00:06:07.403 [http-nio-9090-exec-2] INFO  org.apache.catalina.core.ContainerBase.[Tomcat].[localhost].[/] - Initializing Spring DispatcherServlet 'dispatcherServlet'
2025-04-02 00:06:07.490 [http-nio-9090-exec-2] ERROR org.apache.catalina.core.ContainerBase.[Tomcat].[localhost].[/].[dispatcherServlet] - Servlet.service() for servlet [dispatcherServlet] in context with path [] threw exception [Request processing failed: java.lang.NullPointerException: Cannot invoke "java.util.List.toString()" because "list" is null] with root cause
java.lang.NullPointerException: Cannot invoke "java.util.List.toString()" because "list" is null
	at com.test.testboot.controller.StudentController.findById(StudentController.java:46)
	at java.base/jdk.internal.reflect.DirectMethodHandleAccessor.invoke(DirectMethodHandleAccessor.java:103)
	at java.base/java.lang.reflect.Method.invoke(Method.java:580)
	at org.springframework.web.method.support.InvocableHandlerMethod.doInvoke(InvocableHandlerMethod.java:255)
	at org.springframework.web.method.support.InvocableHandlerMethod.invokeForRequest(InvocableHandlerMethod.java:188)
	at org.springframework.web.servlet.mvc.method.annotation.ServletInvocableHandlerMethod.invokeAndHandle(ServletInvocableHandlerMethod.java:118)
	at org.springframework.web.servlet.mvc.method.annotation.RequestMappingHandlerAdapter.invokeHandlerMethod(RequestMappingHandlerAdapter.java:926)
	at org.springframework.web.servlet.mvc.method.annotation.RequestMappingHandlerAdapter.handleInternal(RequestMappingHandlerAdapter.java:831)
	at org.springframework.web.servlet.mvc.method.AbstractHandlerMethodAdapter.handle(AbstractHandlerMethodAdapter.java:87)
	at org.springframework.web.servlet.DispatcherServlet.doDispatch(DispatcherServlet.java:1089)
	at org.springframework.web.servlet.DispatcherServlet.doService(DispatcherServlet.java:979)
	at org.springframework.web.servlet.FrameworkServlet.processRequest(FrameworkServlet.java:1014)
	at org.springframework.web.servlet.FrameworkServlet.doGet(FrameworkServlet.java:903)
	at jakarta.servlet.http.HttpServlet.service(HttpServlet.java:564)
	at org.springframework.web.servlet.FrameworkServlet.service(FrameworkServlet.java:885)
	at jakarta.servlet.http.HttpServlet.service(HttpServlet.java:658)
	at org.apache.catalina.core.ApplicationFilterChain.internalDoFilter(ApplicationFilterChain.java:195)
	at org.apache.catalina.core.ApplicationFilterChain.doFilter(ApplicationFilterChain.java:140)
	at org.apache.tomcat.websocket.server.WsFilter.doFilter(WsFilter.java:51)
	at org.apache.catalina.core.ApplicationFilterChain.internalDoFilter(ApplicationFilterChain.java:164)
	at org.apache.catalina.core.ApplicationFilterChain.doFilter(ApplicationFilterChain.java:140)
	at org.springframework.web.filter.RequestContextFilter.doFilterInternal(RequestContextFilter.java:100)
	at org.springframework.web.filter.OncePerRequestFilter.doFilter(OncePerRequestFilter.java:116)
	at org.apache.catalina.core.ApplicationFilterChain.internalDoFilter(ApplicationFilterChain.java:164)
	at org.apache.catalina.core.ApplicationFilterChain.doFilter(ApplicationFilterChain.java:140)
	at org.springframework.web.filter.FormContentFilter.doFilterInternal(FormContentFilter.java:93)
	at org.springframework.web.filter.OncePerRequestFilter.doFilter(OncePerRequestFilter.java:116)
	at org.apache.catalina.core.ApplicationFilterChain.internalDoFilter(ApplicationFilterChain.java:164)
	at org.apache.catalina.core.ApplicationFilterChain.doFilter(ApplicationFilterChain.java:140)
	at org.springframework.web.filter.CharacterEncodingFilter.doFilterInternal(CharacterEncodingFilter.java:201)
	at org.springframework.web.filter.OncePerRequestFilter.doFilter(OncePerRequestFilter.java:116)
	at org.apache.catalina.core.ApplicationFilterChain.internalDoFilter(ApplicationFilterChain.java:164)
	at org.apache.catalina.core.ApplicationFilterChain.doFilter(ApplicationFilterChain.java:140)
	at org.apache.catalina.core.StandardWrapperValve.invoke(StandardWrapperValve.java:167)
	at org.apache.catalina.core.StandardContextValve.invoke(StandardContextValve.java:90)
	at org.apache.catalina.authenticator.AuthenticatorBase.invoke(AuthenticatorBase.java:483)
	at org.apache.catalina.core.StandardHostValve.invoke(StandardHostValve.java:115)
	at org.apache.catalina.valves.ErrorReportValve.invoke(ErrorReportValve.java:93)
	at org.apache.catalina.core.StandardEngineValve.invoke(StandardEngineValve.java:74)
	at org.apache.catalina.connector.CoyoteAdapter.service(CoyoteAdapter.java:344)
	at org.apache.coyote.http11.Http11Processor.service(Http11Processor.java:397)
	at org.apache.coyote.AbstractProcessorLight.process(AbstractProcessorLight.java:63)
	at org.apache.coyote.AbstractProtocol$ConnectionHandler.process(AbstractProtocol.java:905)
	at org.apache.tomcat.util.net.NioEndpoint$SocketProcessor.doRun(NioEndpoint.java:1743)
	at org.apache.tomcat.util.net.SocketProcessorBase.run(SocketProcessorBase.java:52)
	at org.apache.tomcat.util.threads.ThreadPoolExecutor.runWorker(ThreadPoolExecutor.java:1190)
	at org.apache.tomcat.util.threads.ThreadPoolExecutor$Worker.run(ThreadPoolExecutor.java:659)
	at org.apache.tomcat.util.threads.TaskThread$WrappingRunnable.run(TaskThread.java:63)
	at java.base/java.lang.Thread.run(Thread.java:1575)
2025-04-02 00:07:19.087 [http-nio-9090-exec-4] ERROR org.apache.catalina.core.ContainerBase.[Tomcat].[localhost].[/].[dispatcherServlet] - Servlet.service() for servlet [dispatcherServlet] in context with path [] threw exception [Request processing failed: java.lang.NullPointerException: Cannot invoke "java.util.List.toString()" because "list" is null] with root cause
java.lang.NullPointerException: Cannot invoke "java.util.List.toString()" because "list" is null
	at com.test.testboot.controller.StudentController.findById(StudentController.java:46)
	at java.base/jdk.internal.reflect.DirectMethodHandleAccessor.invoke(DirectMethodHandleAccessor.java:103)
	at java.base/java.lang.reflect.Method.invoke(Method.java:580)
	at org.springframework.web.method.support.InvocableHandlerMethod.doInvoke(InvocableHandlerMethod.java:255)
	at org.springframework.web.method.support.InvocableHandlerMethod.invokeForRequest(InvocableHandlerMethod.java:188)
	at org.springframework.web.servlet.mvc.method.annotation.ServletInvocableHandlerMethod.invokeAndHandle(ServletInvocableHandlerMethod.java:118)
	at org.springframework.web.servlet.mvc.method.annotation.RequestMappingHandlerAdapter.invokeHandlerMethod(RequestMappingHandlerAdapter.java:926)
	at org.springframework.web.servlet.mvc.method.annotation.RequestMappingHandlerAdapter.handleInternal(RequestMappingHandlerAdapter.java:831)
	at org.springframework.web.servlet.mvc.method.AbstractHandlerMethodAdapter.handle(AbstractHandlerMethodAdapter.java:87)
	at org.springframework.web.servlet.DispatcherServlet.doDispatch(DispatcherServlet.java:1089)
	at org.springframework.web.servlet.DispatcherServlet.doService(DispatcherServlet.java:979)
	at org.springframework.web.servlet.FrameworkServlet.processRequest(FrameworkServlet.java:1014)
	at org.springframework.web.servlet.FrameworkServlet.doGet(FrameworkServlet.java:903)
	at jakarta.servlet.http.HttpServlet.service(HttpServlet.java:564)
	at org.springframework.web.servlet.FrameworkServlet.service(FrameworkServlet.java:885)
	at jakarta.servlet.http.HttpServlet.service(HttpServlet.java:658)
	at org.apache.catalina.core.ApplicationFilterChain.internalDoFilter(ApplicationFilterChain.java:195)
	at org.apache.catalina.core.ApplicationFilterChain.doFilter(ApplicationFilterChain.java:140)
	at org.apache.tomcat.websocket.server.WsFilter.doFilter(WsFilter.java:51)
	at org.apache.catalina.core.ApplicationFilterChain.internalDoFilter(ApplicationFilterChain.java:164)
	at org.apache.catalina.core.ApplicationFilterChain.doFilter(ApplicationFilterChain.java:140)
	at org.springframework.web.filter.RequestContextFilter.doFilterInternal(RequestContextFilter.java:100)
	at org.springframework.web.filter.OncePerRequestFilter.doFilter(OncePerRequestFilter.java:116)
	at org.apache.catalina.core.ApplicationFilterChain.internalDoFilter(ApplicationFilterChain.java:164)
	at org.apache.catalina.core.ApplicationFilterChain.doFilter(ApplicationFilterChain.java:140)
	at org.springframework.web.filter.FormContentFilter.doFilterInternal(FormContentFilter.java:93)
	at org.springframework.web.filter.OncePerRequestFilter.doFilter(OncePerRequestFilter.java:116)
	at org.apache.catalina.core.ApplicationFilterChain.internalDoFilter(ApplicationFilterChain.java:164)
	at org.apache.catalina.core.ApplicationFilterChain.doFilter(ApplicationFilterChain.java:140)
	at org.springframework.web.filter.CharacterEncodingFilter.doFilterInternal(CharacterEncodingFilter.java:201)
	at org.springframework.web.filter.OncePerRequestFilter.doFilter(OncePerRequestFilter.java:116)
	at org.apache.catalina.core.ApplicationFilterChain.internalDoFilter(ApplicationFilterChain.java:164)
	at org.apache.catalina.core.ApplicationFilterChain.doFilter(ApplicationFilterChain.java:140)
	at org.apache.catalina.core.StandardWrapperValve.invoke(StandardWrapperValve.java:167)
	at org.apache.catalina.core.StandardContextValve.invoke(StandardContextValve.java:90)
	at org.apache.catalina.authenticator.AuthenticatorBase.invoke(AuthenticatorBase.java:483)
	at org.apache.catalina.core.StandardHostValve.invoke(StandardHostValve.java:115)
	at org.apache.catalina.valves.ErrorReportValve.invoke(ErrorReportValve.java:93)
	at org.apache.catalina.core.StandardEngineValve.invoke(StandardEngineValve.java:74)
	at org.apache.catalina.connector.CoyoteAdapter.service(CoyoteAdapter.java:344)
	at org.apache.coyote.http11.Http11Processor.service(Http11Processor.java:397)
	at org.apache.coyote.AbstractProcessorLight.process(AbstractProcessorLight.java:63)
	at org.apache.coyote.AbstractProtocol$ConnectionHandler.process(AbstractProtocol.java:905)
	at org.apache.tomcat.util.net.NioEndpoint$SocketProcessor.doRun(NioEndpoint.java:1743)
	at org.apache.tomcat.util.net.SocketProcessorBase.run(SocketProcessorBase.java:52)
	at org.apache.tomcat.util.threads.ThreadPoolExecutor.runWorker(ThreadPoolExecutor.java:1190)
	at org.apache.tomcat.util.threads.ThreadPoolExecutor$Worker.run(ThreadPoolExecutor.java:659)
	at org.apache.tomcat.util.threads.TaskThread$WrappingRunnable.run(TaskThread.java:63)
	at java.base/java.lang.Thread.run(Thread.java:1575)
2025-04-02 00:09:03.575 [org.springframework.kafka.KafkaListenerEndpointContainer#0-0-C-1] INFO  com.test.testboot.kafkaservice.ConsumerService - CanalModel: null
2025-04-02 00:09:03.579 [org.springframework.kafka.KafkaListenerEndpointContainer#0-0-C-1] INFO  com.test.testboot.kafkaservice.ConsumerService - UPDATE 操作成功 - id: 915, value: {"address":"湖北省襄阳市","sex":"男","name":"黄蓉","birth":"1500","id":"915","department":"丐帮"}
2025-04-02 00:10:17.090 [http-nio-9090-exec-6] ERROR org.apache.catalina.core.ContainerBase.[Tomcat].[localhost].[/].[dispatcherServlet] - Servlet.service() for servlet [dispatcherServlet] in context with path [] threw exception [Request processing failed: java.lang.NullPointerException: Cannot invoke "java.util.List.toString()" because "list" is null] with root cause
java.lang.NullPointerException: Cannot invoke "java.util.List.toString()" because "list" is null
	at com.test.testboot.controller.StudentController.findById(StudentController.java:46)
	at java.base/jdk.internal.reflect.DirectMethodHandleAccessor.invoke(DirectMethodHandleAccessor.java:103)
	at java.base/java.lang.reflect.Method.invoke(Method.java:580)
	at org.springframework.web.method.support.InvocableHandlerMethod.doInvoke(InvocableHandlerMethod.java:255)
	at org.springframework.web.method.support.InvocableHandlerMethod.invokeForRequest(InvocableHandlerMethod.java:188)
	at org.springframework.web.servlet.mvc.method.annotation.ServletInvocableHandlerMethod.invokeAndHandle(ServletInvocableHandlerMethod.java:118)
	at org.springframework.web.servlet.mvc.method.annotation.RequestMappingHandlerAdapter.invokeHandlerMethod(RequestMappingHandlerAdapter.java:926)
	at org.springframework.web.servlet.mvc.method.annotation.RequestMappingHandlerAdapter.handleInternal(RequestMappingHandlerAdapter.java:831)
	at org.springframework.web.servlet.mvc.method.AbstractHandlerMethodAdapter.handle(AbstractHandlerMethodAdapter.java:87)
	at org.springframework.web.servlet.DispatcherServlet.doDispatch(DispatcherServlet.java:1089)
	at org.springframework.web.servlet.DispatcherServlet.doService(DispatcherServlet.java:979)
	at org.springframework.web.servlet.FrameworkServlet.processRequest(FrameworkServlet.java:1014)
	at org.springframework.web.servlet.FrameworkServlet.doGet(FrameworkServlet.java:903)
	at jakarta.servlet.http.HttpServlet.service(HttpServlet.java:564)
	at org.springframework.web.servlet.FrameworkServlet.service(FrameworkServlet.java:885)
	at jakarta.servlet.http.HttpServlet.service(HttpServlet.java:658)
	at org.apache.catalina.core.ApplicationFilterChain.internalDoFilter(ApplicationFilterChain.java:195)
	at org.apache.catalina.core.ApplicationFilterChain.doFilter(ApplicationFilterChain.java:140)
	at org.apache.tomcat.websocket.server.WsFilter.doFilter(WsFilter.java:51)
	at org.apache.catalina.core.ApplicationFilterChain.internalDoFilter(ApplicationFilterChain.java:164)
	at org.apache.catalina.core.ApplicationFilterChain.doFilter(ApplicationFilterChain.java:140)
	at org.springframework.web.filter.RequestContextFilter.doFilterInternal(RequestContextFilter.java:100)
	at org.springframework.web.filter.OncePerRequestFilter.doFilter(OncePerRequestFilter.java:116)
	at org.apache.catalina.core.ApplicationFilterChain.internalDoFilter(ApplicationFilterChain.java:164)
	at org.apache.catalina.core.ApplicationFilterChain.doFilter(ApplicationFilterChain.java:140)
	at org.springframework.web.filter.FormContentFilter.doFilterInternal(FormContentFilter.java:93)
	at org.springframework.web.filter.OncePerRequestFilter.doFilter(OncePerRequestFilter.java:116)
	at org.apache.catalina.core.ApplicationFilterChain.internalDoFilter(ApplicationFilterChain.java:164)
	at org.apache.catalina.core.ApplicationFilterChain.doFilter(ApplicationFilterChain.java:140)
	at org.springframework.web.filter.CharacterEncodingFilter.doFilterInternal(CharacterEncodingFilter.java:201)
	at org.springframework.web.filter.OncePerRequestFilter.doFilter(OncePerRequestFilter.java:116)
	at org.apache.catalina.core.ApplicationFilterChain.internalDoFilter(ApplicationFilterChain.java:164)
	at org.apache.catalina.core.ApplicationFilterChain.doFilter(ApplicationFilterChain.java:140)
	at org.apache.catalina.core.StandardWrapperValve.invoke(StandardWrapperValve.java:167)
	at org.apache.catalina.core.StandardContextValve.invoke(StandardContextValve.java:90)
	at org.apache.catalina.authenticator.AuthenticatorBase.invoke(AuthenticatorBase.java:483)
	at org.apache.catalina.core.StandardHostValve.invoke(StandardHostValve.java:115)
	at org.apache.catalina.valves.ErrorReportValve.invoke(ErrorReportValve.java:93)
	at org.apache.catalina.core.StandardEngineValve.invoke(StandardEngineValve.java:74)
	at org.apache.catalina.connector.CoyoteAdapter.service(CoyoteAdapter.java:344)
	at org.apache.coyote.http11.Http11Processor.service(Http11Processor.java:397)
	at org.apache.coyote.AbstractProcessorLight.process(AbstractProcessorLight.java:63)
	at org.apache.coyote.AbstractProtocol$ConnectionHandler.process(AbstractProtocol.java:905)
	at org.apache.tomcat.util.net.NioEndpoint$SocketProcessor.doRun(NioEndpoint.java:1743)
	at org.apache.tomcat.util.net.SocketProcessorBase.run(SocketProcessorBase.java:52)
	at org.apache.tomcat.util.threads.ThreadPoolExecutor.runWorker(ThreadPoolExecutor.java:1190)
	at org.apache.tomcat.util.threads.ThreadPoolExecutor$Worker.run(ThreadPoolExecutor.java:659)
	at org.apache.tomcat.util.threads.TaskThread$WrappingRunnable.run(TaskThread.java:63)
	at java.base/java.lang.Thread.run(Thread.java:1575)
2025-04-02 00:11:52.957 [org.springframework.kafka.KafkaListenerEndpointContainer#0-0-C-1] INFO  org.apache.kafka.clients.consumer.internals.ConsumerRebalanceListenerInvoker - [Consumer clientId=consumer-tomge-consumer-group-1, groupId=tomge-consumer-group] Revoke previously assigned partitions testtopic2-0
2025-04-02 00:11:52.957 [org.springframework.kafka.KafkaListenerEndpointContainer#1-0-C-1] INFO  org.apache.kafka.clients.consumer.internals.ConsumerRebalanceListenerInvoker - [Consumer clientId=consumer-tomge-consumer-group-2, groupId=tomge-consumer-group] Revoke previously assigned partitions testtopic-0
2025-04-02 00:11:52.958 [org.springframework.kafka.KafkaListenerEndpointContainer#0-0-C-1] INFO  org.apache.kafka.clients.consumer.internals.ConsumerCoordinator - [Consumer clientId=consumer-tomge-consumer-group-1, groupId=tomge-consumer-group] Member consumer-tomge-consumer-group-1-f04668ba-8c35-45ee-9f08-f6801a0afd12 sending LeaveGroup request to coordinator localhost:9092 (id: 2147483647 rack: null) due to the consumer unsubscribed from all topics
2025-04-02 00:11:52.958 [org.springframework.kafka.KafkaListenerEndpointContainer#1-0-C-1] INFO  org.apache.kafka.clients.consumer.internals.ConsumerCoordinator - [Consumer clientId=consumer-tomge-consumer-group-2, groupId=tomge-consumer-group] Member consumer-tomge-consumer-group-2-c846dc50-f38c-4f22-b24f-e0d72e65c2d8 sending LeaveGroup request to coordinator localhost:9092 (id: 2147483647 rack: null) due to the consumer unsubscribed from all topics
2025-04-02 00:11:52.958 [org.springframework.kafka.KafkaListenerEndpointContainer#1-0-C-1] INFO  org.apache.kafka.clients.consumer.internals.ConsumerCoordinator - [Consumer clientId=consumer-tomge-consumer-group-2, groupId=tomge-consumer-group] Resetting generation and member id due to: consumer pro-actively leaving the group
2025-04-02 00:11:52.958 [org.springframework.kafka.KafkaListenerEndpointContainer#0-0-C-1] INFO  org.apache.kafka.clients.consumer.internals.ConsumerCoordinator - [Consumer clientId=consumer-tomge-consumer-group-1, groupId=tomge-consumer-group] Resetting generation and member id due to: consumer pro-actively leaving the group
2025-04-02 00:11:52.958 [org.springframework.kafka.KafkaListenerEndpointContainer#1-0-C-1] INFO  org.apache.kafka.clients.consumer.internals.ConsumerCoordinator - [Consumer clientId=consumer-tomge-consumer-group-2, groupId=tomge-consumer-group] Request joining group due to: consumer pro-actively leaving the group
2025-04-02 00:11:52.959 [org.springframework.kafka.KafkaListenerEndpointContainer#0-0-C-1] INFO  org.apache.kafka.clients.consumer.internals.ConsumerCoordinator - [Consumer clientId=consumer-tomge-consumer-group-1, groupId=tomge-consumer-group] Request joining group due to: consumer pro-actively leaving the group
2025-04-02 00:11:52.959 [org.springframework.kafka.KafkaListenerEndpointContainer#1-0-C-1] INFO  org.apache.kafka.clients.consumer.internals.LegacyKafkaConsumer - [Consumer clientId=consumer-tomge-consumer-group-2, groupId=tomge-consumer-group] Unsubscribed all topics or patterns and assigned partitions
2025-04-02 00:11:52.959 [org.springframework.kafka.KafkaListenerEndpointContainer#0-0-C-1] INFO  org.apache.kafka.clients.consumer.internals.LegacyKafkaConsumer - [Consumer clientId=consumer-tomge-consumer-group-1, groupId=tomge-consumer-group] Unsubscribed all topics or patterns and assigned partitions
2025-04-02 00:11:52.960 [org.springframework.kafka.KafkaListenerEndpointContainer#1-0-C-1] INFO  org.apache.kafka.clients.consumer.internals.ConsumerCoordinator - [Consumer clientId=consumer-tomge-consumer-group-2, groupId=tomge-consumer-group] Resetting generation and member id due to: consumer pro-actively leaving the group
2025-04-02 00:11:52.960 [org.springframework.kafka.KafkaListenerEndpointContainer#0-0-C-1] INFO  org.apache.kafka.clients.consumer.internals.ConsumerCoordinator - [Consumer clientId=consumer-tomge-consumer-group-1, groupId=tomge-consumer-group] Resetting generation and member id due to: consumer pro-actively leaving the group
2025-04-02 00:11:52.960 [org.springframework.kafka.KafkaListenerEndpointContainer#1-0-C-1] INFO  org.apache.kafka.clients.consumer.internals.ConsumerCoordinator - [Consumer clientId=consumer-tomge-consumer-group-2, groupId=tomge-consumer-group] Request joining group due to: consumer pro-actively leaving the group
2025-04-02 00:11:52.960 [org.springframework.kafka.KafkaListenerEndpointContainer#0-0-C-1] INFO  org.apache.kafka.clients.consumer.internals.ConsumerCoordinator - [Consumer clientId=consumer-tomge-consumer-group-1, groupId=tomge-consumer-group] Request joining group due to: consumer pro-actively leaving the group
2025-04-02 00:11:53.075 [org.springframework.kafka.KafkaListenerEndpointContainer#1-0-C-1] INFO  org.apache.kafka.common.metrics.Metrics - Metrics scheduler closed
2025-04-02 00:11:53.075 [org.springframework.kafka.KafkaListenerEndpointContainer#0-0-C-1] INFO  org.apache.kafka.common.metrics.Metrics - Metrics scheduler closed
2025-04-02 00:11:53.075 [org.springframework.kafka.KafkaListenerEndpointContainer#1-0-C-1] INFO  org.apache.kafka.common.metrics.Metrics - Closing reporter org.apache.kafka.common.metrics.JmxReporter
2025-04-02 00:11:53.075 [org.springframework.kafka.KafkaListenerEndpointContainer#0-0-C-1] INFO  org.apache.kafka.common.metrics.Metrics - Closing reporter org.apache.kafka.common.metrics.JmxReporter
2025-04-02 00:11:53.075 [org.springframework.kafka.KafkaListenerEndpointContainer#1-0-C-1] INFO  org.apache.kafka.common.metrics.Metrics - Closing reporter org.apache.kafka.common.telemetry.internals.ClientTelemetryReporter
2025-04-02 00:11:53.075 [org.springframework.kafka.KafkaListenerEndpointContainer#0-0-C-1] INFO  org.apache.kafka.common.metrics.Metrics - Closing reporter org.apache.kafka.common.telemetry.internals.ClientTelemetryReporter
2025-04-02 00:11:53.075 [org.springframework.kafka.KafkaListenerEndpointContainer#1-0-C-1] INFO  org.apache.kafka.common.metrics.Metrics - Metrics reporters closed
2025-04-02 00:11:53.075 [org.springframework.kafka.KafkaListenerEndpointContainer#0-0-C-1] INFO  org.apache.kafka.common.metrics.Metrics - Metrics reporters closed
2025-04-02 00:11:53.080 [org.springframework.kafka.KafkaListenerEndpointContainer#0-0-C-1] INFO  org.apache.kafka.common.utils.AppInfoParser - App info kafka.consumer for consumer-tomge-consumer-group-1 unregistered
2025-04-02 00:11:53.080 [org.springframework.kafka.KafkaListenerEndpointContainer#1-0-C-1] INFO  org.apache.kafka.common.utils.AppInfoParser - App info kafka.consumer for consumer-tomge-consumer-group-2 unregistered
2025-04-02 00:11:58.270 [main] INFO  com.test.testboot.TestbootApplication - Starting TestbootApplication using Java 23.0.2 with PID 58712 (/Users/zhaoxin/Documents/GitHub/testboot/target/classes started by zhaoxin in /Users/zhaoxin/Documents/GitHub/testboot)
2025-04-02 00:11:58.271 [main] INFO  com.test.testboot.TestbootApplication - No active profile set, falling back to 1 default profile: "default"
2025-04-02 00:11:58.922 [main] INFO  org.apache.coyote.http11.Http11NioProtocol - Initializing ProtocolHandler ["http-nio-9090"]
2025-04-02 00:11:58.922 [main] INFO  org.apache.catalina.core.StandardService - Starting service [Tomcat]
2025-04-02 00:11:58.922 [main] INFO  org.apache.catalina.core.StandardEngine - Starting Servlet engine: [Apache Tomcat/10.1.36]
2025-04-02 00:11:58.944 [main] INFO  org.apache.catalina.core.ContainerBase.[Tomcat].[localhost].[/] - Initializing Spring embedded WebApplicationContext
2025-04-02 00:12:00.522 [main] INFO  org.apache.coyote.http11.Http11NioProtocol - Starting ProtocolHandler ["http-nio-9090"]
2025-04-02 00:12:00.543 [main] INFO  org.apache.kafka.clients.consumer.ConsumerConfig - ConsumerConfig values: 
	allow.auto.create.topics = true
	auto.commit.interval.ms = 5000
	auto.include.jmx.reporter = true
	auto.offset.reset = latest
	bootstrap.servers = [localhost:9092]
	check.crcs = true
	client.dns.lookup = use_all_dns_ips
	client.id = consumer-tomge-consumer-group-1
	client.rack = 
	connections.max.idle.ms = 540000
	default.api.timeout.ms = 60000
	enable.auto.commit = false
	enable.metrics.push = true
	exclude.internal.topics = true
	fetch.max.bytes = 52428800
	fetch.max.wait.ms = 500
	fetch.min.bytes = 1
	group.id = tomge-consumer-group
	group.instance.id = null
	group.protocol = classic
	group.remote.assignor = null
	heartbeat.interval.ms = 3000
	interceptor.classes = []
	internal.leave.group.on.close = true
	internal.throw.on.fetch.stable.offset.unsupported = false
	isolation.level = read_uncommitted
	key.deserializer = class org.apache.kafka.common.serialization.StringDeserializer
	max.partition.fetch.bytes = 1048576
	max.poll.interval.ms = 300000
	max.poll.records = 500
	metadata.max.age.ms = 300000
	metric.reporters = []
	metrics.num.samples = 2
	metrics.recording.level = INFO
	metrics.sample.window.ms = 30000
	partition.assignment.strategy = [class org.apache.kafka.clients.consumer.RangeAssignor, class org.apache.kafka.clients.consumer.CooperativeStickyAssignor]
	receive.buffer.bytes = 65536
	reconnect.backoff.max.ms = 1000
	reconnect.backoff.ms = 50
	request.timeout.ms = 30000
	retry.backoff.max.ms = 1000
	retry.backoff.ms = 100
	sasl.client.callback.handler.class = null
	sasl.jaas.config = null
	sasl.kerberos.kinit.cmd = /usr/bin/kinit
	sasl.kerberos.min.time.before.relogin = 60000
	sasl.kerberos.service.name = null
	sasl.kerberos.ticket.renew.jitter = 0.05
	sasl.kerberos.ticket.renew.window.factor = 0.8
	sasl.login.callback.handler.class = null
	sasl.login.class = null
	sasl.login.connect.timeout.ms = null
	sasl.login.read.timeout.ms = null
	sasl.login.refresh.buffer.seconds = 300
	sasl.login.refresh.min.period.seconds = 60
	sasl.login.refresh.window.factor = 0.8
	sasl.login.refresh.window.jitter = 0.05
	sasl.login.retry.backoff.max.ms = 10000
	sasl.login.retry.backoff.ms = 100
	sasl.mechanism = GSSAPI
	sasl.oauthbearer.clock.skew.seconds = 30
	sasl.oauthbearer.expected.audience = null
	sasl.oauthbearer.expected.issuer = null
	sasl.oauthbearer.jwks.endpoint.refresh.ms = 3600000
	sasl.oauthbearer.jwks.endpoint.retry.backoff.max.ms = 10000
	sasl.oauthbearer.jwks.endpoint.retry.backoff.ms = 100
	sasl.oauthbearer.jwks.endpoint.url = null
	sasl.oauthbearer.scope.claim.name = scope
	sasl.oauthbearer.sub.claim.name = sub
	sasl.oauthbearer.token.endpoint.url = null
	security.protocol = PLAINTEXT
	security.providers = null
	send.buffer.bytes = 131072
	session.timeout.ms = 45000
	socket.connection.setup.timeout.max.ms = 30000
	socket.connection.setup.timeout.ms = 10000
	ssl.cipher.suites = null
	ssl.enabled.protocols = [TLSv1.2, TLSv1.3]
	ssl.endpoint.identification.algorithm = https
	ssl.engine.factory.class = null
	ssl.key.password = null
	ssl.keymanager.algorithm = SunX509
	ssl.keystore.certificate.chain = null
	ssl.keystore.key = null
	ssl.keystore.location = null
	ssl.keystore.password = null
	ssl.keystore.type = JKS
	ssl.protocol = TLSv1.3
	ssl.provider = null
	ssl.secure.random.implementation = null
	ssl.trustmanager.algorithm = PKIX
	ssl.truststore.certificates = null
	ssl.truststore.location = null
	ssl.truststore.password = null
	ssl.truststore.type = JKS
	value.deserializer = class org.apache.kafka.common.serialization.StringDeserializer

2025-04-02 00:12:00.562 [main] INFO  org.apache.kafka.common.telemetry.internals.KafkaMetricsCollector - initializing Kafka metrics collector
2025-04-02 00:12:00.588 [main] INFO  org.apache.kafka.common.utils.AppInfoParser - Kafka version: 3.7.2
2025-04-02 00:12:00.588 [main] INFO  org.apache.kafka.common.utils.AppInfoParser - Kafka commitId: 79a8f2b5f44f9d5a
2025-04-02 00:12:00.588 [main] INFO  org.apache.kafka.common.utils.AppInfoParser - Kafka startTimeMs: 1743523920588
2025-04-02 00:12:00.590 [main] INFO  org.apache.kafka.clients.consumer.internals.LegacyKafkaConsumer - [Consumer clientId=consumer-tomge-consumer-group-1, groupId=tomge-consumer-group] Subscribed to topic(s): testtopic2
2025-04-02 00:12:00.592 [main] INFO  org.apache.kafka.clients.consumer.ConsumerConfig - ConsumerConfig values: 
	allow.auto.create.topics = true
	auto.commit.interval.ms = 5000
	auto.include.jmx.reporter = true
	auto.offset.reset = latest
	bootstrap.servers = [localhost:9092]
	check.crcs = true
	client.dns.lookup = use_all_dns_ips
	client.id = consumer-tomge-consumer-group-2
	client.rack = 
	connections.max.idle.ms = 540000
	default.api.timeout.ms = 60000
	enable.auto.commit = false
	enable.metrics.push = true
	exclude.internal.topics = true
	fetch.max.bytes = 52428800
	fetch.max.wait.ms = 500
	fetch.min.bytes = 1
	group.id = tomge-consumer-group
	group.instance.id = null
	group.protocol = classic
	group.remote.assignor = null
	heartbeat.interval.ms = 3000
	interceptor.classes = []
	internal.leave.group.on.close = true
	internal.throw.on.fetch.stable.offset.unsupported = false
	isolation.level = read_uncommitted
	key.deserializer = class org.apache.kafka.common.serialization.StringDeserializer
	max.partition.fetch.bytes = 1048576
	max.poll.interval.ms = 300000
	max.poll.records = 500
	metadata.max.age.ms = 300000
	metric.reporters = []
	metrics.num.samples = 2
	metrics.recording.level = INFO
	metrics.sample.window.ms = 30000
	partition.assignment.strategy = [class org.apache.kafka.clients.consumer.RangeAssignor, class org.apache.kafka.clients.consumer.CooperativeStickyAssignor]
	receive.buffer.bytes = 65536
	reconnect.backoff.max.ms = 1000
	reconnect.backoff.ms = 50
	request.timeout.ms = 30000
	retry.backoff.max.ms = 1000
	retry.backoff.ms = 100
	sasl.client.callback.handler.class = null
	sasl.jaas.config = null
	sasl.kerberos.kinit.cmd = /usr/bin/kinit
	sasl.kerberos.min.time.before.relogin = 60000
	sasl.kerberos.service.name = null
	sasl.kerberos.ticket.renew.jitter = 0.05
	sasl.kerberos.ticket.renew.window.factor = 0.8
	sasl.login.callback.handler.class = null
	sasl.login.class = null
	sasl.login.connect.timeout.ms = null
	sasl.login.read.timeout.ms = null
	sasl.login.refresh.buffer.seconds = 300
	sasl.login.refresh.min.period.seconds = 60
	sasl.login.refresh.window.factor = 0.8
	sasl.login.refresh.window.jitter = 0.05
	sasl.login.retry.backoff.max.ms = 10000
	sasl.login.retry.backoff.ms = 100
	sasl.mechanism = GSSAPI
	sasl.oauthbearer.clock.skew.seconds = 30
	sasl.oauthbearer.expected.audience = null
	sasl.oauthbearer.expected.issuer = null
	sasl.oauthbearer.jwks.endpoint.refresh.ms = 3600000
	sasl.oauthbearer.jwks.endpoint.retry.backoff.max.ms = 10000
	sasl.oauthbearer.jwks.endpoint.retry.backoff.ms = 100
	sasl.oauthbearer.jwks.endpoint.url = null
	sasl.oauthbearer.scope.claim.name = scope
	sasl.oauthbearer.sub.claim.name = sub
	sasl.oauthbearer.token.endpoint.url = null
	security.protocol = PLAINTEXT
	security.providers = null
	send.buffer.bytes = 131072
	session.timeout.ms = 45000
	socket.connection.setup.timeout.max.ms = 30000
	socket.connection.setup.timeout.ms = 10000
	ssl.cipher.suites = null
	ssl.enabled.protocols = [TLSv1.2, TLSv1.3]
	ssl.endpoint.identification.algorithm = https
	ssl.engine.factory.class = null
	ssl.key.password = null
	ssl.keymanager.algorithm = SunX509
	ssl.keystore.certificate.chain = null
	ssl.keystore.key = null
	ssl.keystore.location = null
	ssl.keystore.password = null
	ssl.keystore.type = JKS
	ssl.protocol = TLSv1.3
	ssl.provider = null
	ssl.secure.random.implementation = null
	ssl.trustmanager.algorithm = PKIX
	ssl.truststore.certificates = null
	ssl.truststore.location = null
	ssl.truststore.password = null
	ssl.truststore.type = JKS
	value.deserializer = class org.apache.kafka.common.serialization.StringDeserializer

2025-04-02 00:12:00.593 [main] INFO  org.apache.kafka.common.telemetry.internals.KafkaMetricsCollector - initializing Kafka metrics collector
2025-04-02 00:12:00.595 [main] INFO  org.apache.kafka.common.utils.AppInfoParser - Kafka version: 3.7.2
2025-04-02 00:12:00.595 [main] INFO  org.apache.kafka.common.utils.AppInfoParser - Kafka commitId: 79a8f2b5f44f9d5a
2025-04-02 00:12:00.595 [main] INFO  org.apache.kafka.common.utils.AppInfoParser - Kafka startTimeMs: 1743523920595
2025-04-02 00:12:00.595 [main] INFO  org.apache.kafka.clients.consumer.internals.LegacyKafkaConsumer - [Consumer clientId=consumer-tomge-consumer-group-2, groupId=tomge-consumer-group] Subscribed to topic(s): testtopic
2025-04-02 00:12:00.601 [main] INFO  com.test.testboot.TestbootApplication - Started TestbootApplication in 2.541 seconds (process running for 2.798)
2025-04-02 00:12:00.709 [org.springframework.kafka.KafkaListenerEndpointContainer#1-0-C-1] INFO  org.apache.kafka.clients.Metadata - [Consumer clientId=consumer-tomge-consumer-group-2, groupId=tomge-consumer-group] Cluster ID: 55v202dzTXeo6Uf5cKQwuw
2025-04-02 00:12:00.709 [org.springframework.kafka.KafkaListenerEndpointContainer#0-0-C-1] INFO  org.apache.kafka.clients.Metadata - [Consumer clientId=consumer-tomge-consumer-group-1, groupId=tomge-consumer-group] Cluster ID: 55v202dzTXeo6Uf5cKQwuw
2025-04-02 00:12:00.709 [org.springframework.kafka.KafkaListenerEndpointContainer#0-0-C-1] INFO  org.apache.kafka.clients.consumer.internals.ConsumerCoordinator - [Consumer clientId=consumer-tomge-consumer-group-1, groupId=tomge-consumer-group] Discovered group coordinator localhost:9092 (id: 2147483647 rack: null)
2025-04-02 00:12:00.710 [org.springframework.kafka.KafkaListenerEndpointContainer#1-0-C-1] INFO  org.apache.kafka.clients.consumer.internals.ConsumerCoordinator - [Consumer clientId=consumer-tomge-consumer-group-2, groupId=tomge-consumer-group] Discovered group coordinator localhost:9092 (id: 2147483647 rack: null)
2025-04-02 00:12:00.710 [org.springframework.kafka.KafkaListenerEndpointContainer#0-0-C-1] INFO  org.apache.kafka.clients.consumer.internals.ConsumerCoordinator - [Consumer clientId=consumer-tomge-consumer-group-1, groupId=tomge-consumer-group] (Re-)joining group
2025-04-02 00:12:00.710 [org.springframework.kafka.KafkaListenerEndpointContainer#1-0-C-1] INFO  org.apache.kafka.clients.consumer.internals.ConsumerCoordinator - [Consumer clientId=consumer-tomge-consumer-group-2, groupId=tomge-consumer-group] (Re-)joining group
2025-04-02 00:12:00.716 [org.springframework.kafka.KafkaListenerEndpointContainer#1-0-C-1] INFO  org.apache.kafka.clients.consumer.internals.ConsumerCoordinator - [Consumer clientId=consumer-tomge-consumer-group-2, groupId=tomge-consumer-group] Request joining group due to: need to re-join with the given member-id: consumer-tomge-consumer-group-2-89f5f1c5-0f19-4579-a146-2b19146d6a2b
2025-04-02 00:12:00.716 [org.springframework.kafka.KafkaListenerEndpointContainer#0-0-C-1] INFO  org.apache.kafka.clients.consumer.internals.ConsumerCoordinator - [Consumer clientId=consumer-tomge-consumer-group-1, groupId=tomge-consumer-group] Request joining group due to: need to re-join with the given member-id: consumer-tomge-consumer-group-1-f02c1ec6-8415-4400-ad0d-d378e7a3e02e
2025-04-02 00:12:00.716 [org.springframework.kafka.KafkaListenerEndpointContainer#1-0-C-1] INFO  org.apache.kafka.clients.consumer.internals.ConsumerCoordinator - [Consumer clientId=consumer-tomge-consumer-group-2, groupId=tomge-consumer-group] (Re-)joining group
2025-04-02 00:12:00.716 [org.springframework.kafka.KafkaListenerEndpointContainer#0-0-C-1] INFO  org.apache.kafka.clients.consumer.internals.ConsumerCoordinator - [Consumer clientId=consumer-tomge-consumer-group-1, groupId=tomge-consumer-group] (Re-)joining group
2025-04-02 00:12:00.717 [org.springframework.kafka.KafkaListenerEndpointContainer#1-0-C-1] INFO  org.apache.kafka.clients.consumer.internals.ConsumerCoordinator - [Consumer clientId=consumer-tomge-consumer-group-2, groupId=tomge-consumer-group] Successfully joined group with generation Generation{generationId=125, memberId='consumer-tomge-consumer-group-2-89f5f1c5-0f19-4579-a146-2b19146d6a2b', protocol='range'}
2025-04-02 00:12:00.717 [org.springframework.kafka.KafkaListenerEndpointContainer#0-0-C-1] INFO  org.apache.kafka.clients.consumer.internals.ConsumerCoordinator - [Consumer clientId=consumer-tomge-consumer-group-1, groupId=tomge-consumer-group] Successfully joined group with generation Generation{generationId=125, memberId='consumer-tomge-consumer-group-1-f02c1ec6-8415-4400-ad0d-d378e7a3e02e', protocol='range'}
2025-04-02 00:12:00.721 [org.springframework.kafka.KafkaListenerEndpointContainer#1-0-C-1] INFO  org.apache.kafka.clients.consumer.internals.ConsumerCoordinator - [Consumer clientId=consumer-tomge-consumer-group-2, groupId=tomge-consumer-group] Finished assignment for group at generation 125: {consumer-tomge-consumer-group-2-89f5f1c5-0f19-4579-a146-2b19146d6a2b=Assignment(partitions=[testtopic-0]), consumer-tomge-consumer-group-1-f02c1ec6-8415-4400-ad0d-d378e7a3e02e=Assignment(partitions=[testtopic2-0])}
2025-04-02 00:12:00.724 [org.springframework.kafka.KafkaListenerEndpointContainer#0-0-C-1] INFO  org.apache.kafka.clients.consumer.internals.ConsumerCoordinator - [Consumer clientId=consumer-tomge-consumer-group-1, groupId=tomge-consumer-group] Successfully synced group in generation Generation{generationId=125, memberId='consumer-tomge-consumer-group-1-f02c1ec6-8415-4400-ad0d-d378e7a3e02e', protocol='range'}
2025-04-02 00:12:00.724 [org.springframework.kafka.KafkaListenerEndpointContainer#1-0-C-1] INFO  org.apache.kafka.clients.consumer.internals.ConsumerCoordinator - [Consumer clientId=consumer-tomge-consumer-group-2, groupId=tomge-consumer-group] Successfully synced group in generation Generation{generationId=125, memberId='consumer-tomge-consumer-group-2-89f5f1c5-0f19-4579-a146-2b19146d6a2b', protocol='range'}
2025-04-02 00:12:00.724 [org.springframework.kafka.KafkaListenerEndpointContainer#1-0-C-1] INFO  org.apache.kafka.clients.consumer.internals.ConsumerCoordinator - [Consumer clientId=consumer-tomge-consumer-group-2, groupId=tomge-consumer-group] Notifying assignor about the new Assignment(partitions=[testtopic-0])
2025-04-02 00:12:00.724 [org.springframework.kafka.KafkaListenerEndpointContainer#0-0-C-1] INFO  org.apache.kafka.clients.consumer.internals.ConsumerCoordinator - [Consumer clientId=consumer-tomge-consumer-group-1, groupId=tomge-consumer-group] Notifying assignor about the new Assignment(partitions=[testtopic2-0])
2025-04-02 00:12:00.725 [org.springframework.kafka.KafkaListenerEndpointContainer#1-0-C-1] INFO  org.apache.kafka.clients.consumer.internals.ConsumerRebalanceListenerInvoker - [Consumer clientId=consumer-tomge-consumer-group-2, groupId=tomge-consumer-group] Adding newly assigned partitions: testtopic-0
2025-04-02 00:12:00.725 [org.springframework.kafka.KafkaListenerEndpointContainer#0-0-C-1] INFO  org.apache.kafka.clients.consumer.internals.ConsumerRebalanceListenerInvoker - [Consumer clientId=consumer-tomge-consumer-group-1, groupId=tomge-consumer-group] Adding newly assigned partitions: testtopic2-0
2025-04-02 00:12:00.729 [org.springframework.kafka.KafkaListenerEndpointContainer#0-0-C-1] INFO  org.apache.kafka.clients.consumer.internals.ConsumerUtils - Setting offset for partition testtopic2-0 to the committed offset FetchPosition{offset=57, offsetEpoch=Optional.empty, currentLeader=LeaderAndEpoch{leader=Optional[localhost:9092 (id: 0 rack: null)], epoch=0}}
2025-04-02 00:12:00.729 [org.springframework.kafka.KafkaListenerEndpointContainer#1-0-C-1] INFO  org.apache.kafka.clients.consumer.internals.ConsumerUtils - Setting offset for partition testtopic-0 to the committed offset FetchPosition{offset=82, offsetEpoch=Optional.empty, currentLeader=LeaderAndEpoch{leader=Optional[localhost:9092 (id: 0 rack: null)], epoch=0}}
2025-04-02 00:12:11.811 [http-nio-9090-exec-2] INFO  org.apache.catalina.core.ContainerBase.[Tomcat].[localhost].[/] - Initializing Spring DispatcherServlet 'dispatcherServlet'
2025-04-02 00:12:12.041 [http-nio-9090-exec-2] ERROR org.apache.catalina.core.ContainerBase.[Tomcat].[localhost].[/].[dispatcherServlet] - Servlet.service() for servlet [dispatcherServlet] in context with path [] threw exception [Request processing failed: java.lang.NullPointerException: Cannot invoke "java.util.List.toString()" because "list" is null] with root cause
java.lang.NullPointerException: Cannot invoke "java.util.List.toString()" because "list" is null
	at com.test.testboot.controller.StudentController.findById(StudentController.java:46)
	at java.base/jdk.internal.reflect.DirectMethodHandleAccessor.invoke(DirectMethodHandleAccessor.java:103)
	at java.base/java.lang.reflect.Method.invoke(Method.java:580)
	at org.springframework.web.method.support.InvocableHandlerMethod.doInvoke(InvocableHandlerMethod.java:255)
	at org.springframework.web.method.support.InvocableHandlerMethod.invokeForRequest(InvocableHandlerMethod.java:188)
	at org.springframework.web.servlet.mvc.method.annotation.ServletInvocableHandlerMethod.invokeAndHandle(ServletInvocableHandlerMethod.java:118)
	at org.springframework.web.servlet.mvc.method.annotation.RequestMappingHandlerAdapter.invokeHandlerMethod(RequestMappingHandlerAdapter.java:926)
	at org.springframework.web.servlet.mvc.method.annotation.RequestMappingHandlerAdapter.handleInternal(RequestMappingHandlerAdapter.java:831)
	at org.springframework.web.servlet.mvc.method.AbstractHandlerMethodAdapter.handle(AbstractHandlerMethodAdapter.java:87)
	at org.springframework.web.servlet.DispatcherServlet.doDispatch(DispatcherServlet.java:1089)
	at org.springframework.web.servlet.DispatcherServlet.doService(DispatcherServlet.java:979)
	at org.springframework.web.servlet.FrameworkServlet.processRequest(FrameworkServlet.java:1014)
	at org.springframework.web.servlet.FrameworkServlet.doGet(FrameworkServlet.java:903)
	at jakarta.servlet.http.HttpServlet.service(HttpServlet.java:564)
	at org.springframework.web.servlet.FrameworkServlet.service(FrameworkServlet.java:885)
	at jakarta.servlet.http.HttpServlet.service(HttpServlet.java:658)
	at org.apache.catalina.core.ApplicationFilterChain.internalDoFilter(ApplicationFilterChain.java:195)
	at org.apache.catalina.core.ApplicationFilterChain.doFilter(ApplicationFilterChain.java:140)
	at org.apache.tomcat.websocket.server.WsFilter.doFilter(WsFilter.java:51)
	at org.apache.catalina.core.ApplicationFilterChain.internalDoFilter(ApplicationFilterChain.java:164)
	at org.apache.catalina.core.ApplicationFilterChain.doFilter(ApplicationFilterChain.java:140)
	at org.springframework.web.filter.RequestContextFilter.doFilterInternal(RequestContextFilter.java:100)
	at org.springframework.web.filter.OncePerRequestFilter.doFilter(OncePerRequestFilter.java:116)
	at org.apache.catalina.core.ApplicationFilterChain.internalDoFilter(ApplicationFilterChain.java:164)
	at org.apache.catalina.core.ApplicationFilterChain.doFilter(ApplicationFilterChain.java:140)
	at org.springframework.web.filter.FormContentFilter.doFilterInternal(FormContentFilter.java:93)
	at org.springframework.web.filter.OncePerRequestFilter.doFilter(OncePerRequestFilter.java:116)
	at org.apache.catalina.core.ApplicationFilterChain.internalDoFilter(ApplicationFilterChain.java:164)
	at org.apache.catalina.core.ApplicationFilterChain.doFilter(ApplicationFilterChain.java:140)
	at org.springframework.web.filter.CharacterEncodingFilter.doFilterInternal(CharacterEncodingFilter.java:201)
	at org.springframework.web.filter.OncePerRequestFilter.doFilter(OncePerRequestFilter.java:116)
	at org.apache.catalina.core.ApplicationFilterChain.internalDoFilter(ApplicationFilterChain.java:164)
	at org.apache.catalina.core.ApplicationFilterChain.doFilter(ApplicationFilterChain.java:140)
	at org.apache.catalina.core.StandardWrapperValve.invoke(StandardWrapperValve.java:167)
	at org.apache.catalina.core.StandardContextValve.invoke(StandardContextValve.java:90)
	at org.apache.catalina.authenticator.AuthenticatorBase.invoke(AuthenticatorBase.java:483)
	at org.apache.catalina.core.StandardHostValve.invoke(StandardHostValve.java:115)
	at org.apache.catalina.valves.ErrorReportValve.invoke(ErrorReportValve.java:93)
	at org.apache.catalina.core.StandardEngineValve.invoke(StandardEngineValve.java:74)
	at org.apache.catalina.connector.CoyoteAdapter.service(CoyoteAdapter.java:344)
	at org.apache.coyote.http11.Http11Processor.service(Http11Processor.java:397)
	at org.apache.coyote.AbstractProcessorLight.process(AbstractProcessorLight.java:63)
	at org.apache.coyote.AbstractProtocol$ConnectionHandler.process(AbstractProtocol.java:905)
	at org.apache.tomcat.util.net.NioEndpoint$SocketProcessor.doRun(NioEndpoint.java:1743)
	at org.apache.tomcat.util.net.SocketProcessorBase.run(SocketProcessorBase.java:52)
	at org.apache.tomcat.util.threads.ThreadPoolExecutor.runWorker(ThreadPoolExecutor.java:1190)
	at org.apache.tomcat.util.threads.ThreadPoolExecutor$Worker.run(ThreadPoolExecutor.java:659)
	at org.apache.tomcat.util.threads.TaskThread$WrappingRunnable.run(TaskThread.java:63)
	at java.base/java.lang.Thread.run(Thread.java:1575)
2025-04-02 00:12:24.232 [http-nio-9090-exec-4] ERROR org.apache.catalina.core.ContainerBase.[Tomcat].[localhost].[/].[dispatcherServlet] - Servlet.service() for servlet [dispatcherServlet] in context with path [] threw exception [Request processing failed: java.lang.NullPointerException: Cannot invoke "java.util.List.toString()" because "list" is null] with root cause
java.lang.NullPointerException: Cannot invoke "java.util.List.toString()" because "list" is null
	at com.test.testboot.controller.StudentController.findById(StudentController.java:46)
	at java.base/jdk.internal.reflect.DirectMethodHandleAccessor.invoke(DirectMethodHandleAccessor.java:103)
	at java.base/java.lang.reflect.Method.invoke(Method.java:580)
	at org.springframework.web.method.support.InvocableHandlerMethod.doInvoke(InvocableHandlerMethod.java:255)
	at org.springframework.web.method.support.InvocableHandlerMethod.invokeForRequest(InvocableHandlerMethod.java:188)
	at org.springframework.web.servlet.mvc.method.annotation.ServletInvocableHandlerMethod.invokeAndHandle(ServletInvocableHandlerMethod.java:118)
	at org.springframework.web.servlet.mvc.method.annotation.RequestMappingHandlerAdapter.invokeHandlerMethod(RequestMappingHandlerAdapter.java:926)
	at org.springframework.web.servlet.mvc.method.annotation.RequestMappingHandlerAdapter.handleInternal(RequestMappingHandlerAdapter.java:831)
	at org.springframework.web.servlet.mvc.method.AbstractHandlerMethodAdapter.handle(AbstractHandlerMethodAdapter.java:87)
	at org.springframework.web.servlet.DispatcherServlet.doDispatch(DispatcherServlet.java:1089)
	at org.springframework.web.servlet.DispatcherServlet.doService(DispatcherServlet.java:979)
	at org.springframework.web.servlet.FrameworkServlet.processRequest(FrameworkServlet.java:1014)
	at org.springframework.web.servlet.FrameworkServlet.doGet(FrameworkServlet.java:903)
	at jakarta.servlet.http.HttpServlet.service(HttpServlet.java:564)
	at org.springframework.web.servlet.FrameworkServlet.service(FrameworkServlet.java:885)
	at jakarta.servlet.http.HttpServlet.service(HttpServlet.java:658)
	at org.apache.catalina.core.ApplicationFilterChain.internalDoFilter(ApplicationFilterChain.java:195)
	at org.apache.catalina.core.ApplicationFilterChain.doFilter(ApplicationFilterChain.java:140)
	at org.apache.tomcat.websocket.server.WsFilter.doFilter(WsFilter.java:51)
	at org.apache.catalina.core.ApplicationFilterChain.internalDoFilter(ApplicationFilterChain.java:164)
	at org.apache.catalina.core.ApplicationFilterChain.doFilter(ApplicationFilterChain.java:140)
	at org.springframework.web.filter.RequestContextFilter.doFilterInternal(RequestContextFilter.java:100)
	at org.springframework.web.filter.OncePerRequestFilter.doFilter(OncePerRequestFilter.java:116)
	at org.apache.catalina.core.ApplicationFilterChain.internalDoFilter(ApplicationFilterChain.java:164)
	at org.apache.catalina.core.ApplicationFilterChain.doFilter(ApplicationFilterChain.java:140)
	at org.springframework.web.filter.FormContentFilter.doFilterInternal(FormContentFilter.java:93)
	at org.springframework.web.filter.OncePerRequestFilter.doFilter(OncePerRequestFilter.java:116)
	at org.apache.catalina.core.ApplicationFilterChain.internalDoFilter(ApplicationFilterChain.java:164)
	at org.apache.catalina.core.ApplicationFilterChain.doFilter(ApplicationFilterChain.java:140)
	at org.springframework.web.filter.CharacterEncodingFilter.doFilterInternal(CharacterEncodingFilter.java:201)
	at org.springframework.web.filter.OncePerRequestFilter.doFilter(OncePerRequestFilter.java:116)
	at org.apache.catalina.core.ApplicationFilterChain.internalDoFilter(ApplicationFilterChain.java:164)
	at org.apache.catalina.core.ApplicationFilterChain.doFilter(ApplicationFilterChain.java:140)
	at org.apache.catalina.core.StandardWrapperValve.invoke(StandardWrapperValve.java:167)
	at org.apache.catalina.core.StandardContextValve.invoke(StandardContextValve.java:90)
	at org.apache.catalina.authenticator.AuthenticatorBase.invoke(AuthenticatorBase.java:483)
	at org.apache.catalina.core.StandardHostValve.invoke(StandardHostValve.java:115)
	at org.apache.catalina.valves.ErrorReportValve.invoke(ErrorReportValve.java:93)
	at org.apache.catalina.core.StandardEngineValve.invoke(StandardEngineValve.java:74)
	at org.apache.catalina.connector.CoyoteAdapter.service(CoyoteAdapter.java:344)
	at org.apache.coyote.http11.Http11Processor.service(Http11Processor.java:397)
	at org.apache.coyote.AbstractProcessorLight.process(AbstractProcessorLight.java:63)
	at org.apache.coyote.AbstractProtocol$ConnectionHandler.process(AbstractProtocol.java:905)
	at org.apache.tomcat.util.net.NioEndpoint$SocketProcessor.doRun(NioEndpoint.java:1743)
	at org.apache.tomcat.util.net.SocketProcessorBase.run(SocketProcessorBase.java:52)
	at org.apache.tomcat.util.threads.ThreadPoolExecutor.runWorker(ThreadPoolExecutor.java:1190)
	at org.apache.tomcat.util.threads.ThreadPoolExecutor$Worker.run(ThreadPoolExecutor.java:659)
	at org.apache.tomcat.util.threads.TaskThread$WrappingRunnable.run(TaskThread.java:63)
	at java.base/java.lang.Thread.run(Thread.java:1575)
2025-04-02 00:13:40.048 [http-nio-9090-exec-6] ERROR org.apache.catalina.core.ContainerBase.[Tomcat].[localhost].[/].[dispatcherServlet] - Servlet.service() for servlet [dispatcherServlet] in context with path [] threw exception [Request processing failed: java.lang.NullPointerException: Cannot invoke "java.util.List.toString()" because "list" is null] with root cause
java.lang.NullPointerException: Cannot invoke "java.util.List.toString()" because "list" is null
	at com.test.testboot.controller.StudentController.findById(StudentController.java:46)
	at java.base/jdk.internal.reflect.DirectMethodHandleAccessor.invoke(DirectMethodHandleAccessor.java:103)
	at java.base/java.lang.reflect.Method.invoke(Method.java:580)
	at org.springframework.web.method.support.InvocableHandlerMethod.doInvoke(InvocableHandlerMethod.java:255)
	at org.springframework.web.method.support.InvocableHandlerMethod.invokeForRequest(InvocableHandlerMethod.java:188)
	at org.springframework.web.servlet.mvc.method.annotation.ServletInvocableHandlerMethod.invokeAndHandle(ServletInvocableHandlerMethod.java:118)
	at org.springframework.web.servlet.mvc.method.annotation.RequestMappingHandlerAdapter.invokeHandlerMethod(RequestMappingHandlerAdapter.java:926)
	at org.springframework.web.servlet.mvc.method.annotation.RequestMappingHandlerAdapter.handleInternal(RequestMappingHandlerAdapter.java:831)
	at org.springframework.web.servlet.mvc.method.AbstractHandlerMethodAdapter.handle(AbstractHandlerMethodAdapter.java:87)
	at org.springframework.web.servlet.DispatcherServlet.doDispatch(DispatcherServlet.java:1089)
	at org.springframework.web.servlet.DispatcherServlet.doService(DispatcherServlet.java:979)
	at org.springframework.web.servlet.FrameworkServlet.processRequest(FrameworkServlet.java:1014)
	at org.springframework.web.servlet.FrameworkServlet.doGet(FrameworkServlet.java:903)
	at jakarta.servlet.http.HttpServlet.service(HttpServlet.java:564)
	at org.springframework.web.servlet.FrameworkServlet.service(FrameworkServlet.java:885)
	at jakarta.servlet.http.HttpServlet.service(HttpServlet.java:658)
	at org.apache.catalina.core.ApplicationFilterChain.internalDoFilter(ApplicationFilterChain.java:195)
	at org.apache.catalina.core.ApplicationFilterChain.doFilter(ApplicationFilterChain.java:140)
	at org.apache.tomcat.websocket.server.WsFilter.doFilter(WsFilter.java:51)
	at org.apache.catalina.core.ApplicationFilterChain.internalDoFilter(ApplicationFilterChain.java:164)
	at org.apache.catalina.core.ApplicationFilterChain.doFilter(ApplicationFilterChain.java:140)
	at org.springframework.web.filter.RequestContextFilter.doFilterInternal(RequestContextFilter.java:100)
	at org.springframework.web.filter.OncePerRequestFilter.doFilter(OncePerRequestFilter.java:116)
	at org.apache.catalina.core.ApplicationFilterChain.internalDoFilter(ApplicationFilterChain.java:164)
	at org.apache.catalina.core.ApplicationFilterChain.doFilter(ApplicationFilterChain.java:140)
	at org.springframework.web.filter.FormContentFilter.doFilterInternal(FormContentFilter.java:93)
	at org.springframework.web.filter.OncePerRequestFilter.doFilter(OncePerRequestFilter.java:116)
	at org.apache.catalina.core.ApplicationFilterChain.internalDoFilter(ApplicationFilterChain.java:164)
	at org.apache.catalina.core.ApplicationFilterChain.doFilter(ApplicationFilterChain.java:140)
	at org.springframework.web.filter.CharacterEncodingFilter.doFilterInternal(CharacterEncodingFilter.java:201)
	at org.springframework.web.filter.OncePerRequestFilter.doFilter(OncePerRequestFilter.java:116)
	at org.apache.catalina.core.ApplicationFilterChain.internalDoFilter(ApplicationFilterChain.java:164)
	at org.apache.catalina.core.ApplicationFilterChain.doFilter(ApplicationFilterChain.java:140)
	at org.apache.catalina.core.StandardWrapperValve.invoke(StandardWrapperValve.java:167)
	at org.apache.catalina.core.StandardContextValve.invoke(StandardContextValve.java:90)
	at org.apache.catalina.authenticator.AuthenticatorBase.invoke(AuthenticatorBase.java:483)
	at org.apache.catalina.core.StandardHostValve.invoke(StandardHostValve.java:115)
	at org.apache.catalina.valves.ErrorReportValve.invoke(ErrorReportValve.java:93)
	at org.apache.catalina.core.StandardEngineValve.invoke(StandardEngineValve.java:74)
	at org.apache.catalina.connector.CoyoteAdapter.service(CoyoteAdapter.java:344)
	at org.apache.coyote.http11.Http11Processor.service(Http11Processor.java:397)
	at org.apache.coyote.AbstractProcessorLight.process(AbstractProcessorLight.java:63)
	at org.apache.coyote.AbstractProtocol$ConnectionHandler.process(AbstractProtocol.java:905)
	at org.apache.tomcat.util.net.NioEndpoint$SocketProcessor.doRun(NioEndpoint.java:1743)
	at org.apache.tomcat.util.net.SocketProcessorBase.run(SocketProcessorBase.java:52)
	at org.apache.tomcat.util.threads.ThreadPoolExecutor.runWorker(ThreadPoolExecutor.java:1190)
	at org.apache.tomcat.util.threads.ThreadPoolExecutor$Worker.run(ThreadPoolExecutor.java:659)
	at org.apache.tomcat.util.threads.TaskThread$WrappingRunnable.run(TaskThread.java:63)
	at java.base/java.lang.Thread.run(Thread.java:1575)
2025-04-02 00:15:28.749 [org.springframework.kafka.KafkaListenerEndpointContainer#0-0-C-1] INFO  org.apache.kafka.clients.consumer.internals.ConsumerRebalanceListenerInvoker - [Consumer clientId=consumer-tomge-consumer-group-1, groupId=tomge-consumer-group] Revoke previously assigned partitions testtopic2-0
2025-04-02 00:15:28.749 [org.springframework.kafka.KafkaListenerEndpointContainer#1-0-C-1] INFO  org.apache.kafka.clients.consumer.internals.ConsumerRebalanceListenerInvoker - [Consumer clientId=consumer-tomge-consumer-group-2, groupId=tomge-consumer-group] Revoke previously assigned partitions testtopic-0
2025-04-02 00:15:28.751 [org.springframework.kafka.KafkaListenerEndpointContainer#0-0-C-1] INFO  org.apache.kafka.clients.consumer.internals.ConsumerCoordinator - [Consumer clientId=consumer-tomge-consumer-group-1, groupId=tomge-consumer-group] Member consumer-tomge-consumer-group-1-f02c1ec6-8415-4400-ad0d-d378e7a3e02e sending LeaveGroup request to coordinator localhost:9092 (id: 2147483647 rack: null) due to the consumer unsubscribed from all topics
2025-04-02 00:15:28.751 [org.springframework.kafka.KafkaListenerEndpointContainer#1-0-C-1] INFO  org.apache.kafka.clients.consumer.internals.ConsumerCoordinator - [Consumer clientId=consumer-tomge-consumer-group-2, groupId=tomge-consumer-group] Member consumer-tomge-consumer-group-2-89f5f1c5-0f19-4579-a146-2b19146d6a2b sending LeaveGroup request to coordinator localhost:9092 (id: 2147483647 rack: null) due to the consumer unsubscribed from all topics
2025-04-02 00:15:28.751 [org.springframework.kafka.KafkaListenerEndpointContainer#0-0-C-1] INFO  org.apache.kafka.clients.consumer.internals.ConsumerCoordinator - [Consumer clientId=consumer-tomge-consumer-group-1, groupId=tomge-consumer-group] Resetting generation and member id due to: consumer pro-actively leaving the group
2025-04-02 00:15:28.751 [org.springframework.kafka.KafkaListenerEndpointContainer#1-0-C-1] INFO  org.apache.kafka.clients.consumer.internals.ConsumerCoordinator - [Consumer clientId=consumer-tomge-consumer-group-2, groupId=tomge-consumer-group] Resetting generation and member id due to: consumer pro-actively leaving the group
2025-04-02 00:15:28.751 [org.springframework.kafka.KafkaListenerEndpointContainer#0-0-C-1] INFO  org.apache.kafka.clients.consumer.internals.ConsumerCoordinator - [Consumer clientId=consumer-tomge-consumer-group-1, groupId=tomge-consumer-group] Request joining group due to: consumer pro-actively leaving the group
2025-04-02 00:15:28.751 [org.springframework.kafka.KafkaListenerEndpointContainer#1-0-C-1] INFO  org.apache.kafka.clients.consumer.internals.ConsumerCoordinator - [Consumer clientId=consumer-tomge-consumer-group-2, groupId=tomge-consumer-group] Request joining group due to: consumer pro-actively leaving the group
2025-04-02 00:15:28.751 [org.springframework.kafka.KafkaListenerEndpointContainer#1-0-C-1] INFO  org.apache.kafka.clients.consumer.internals.LegacyKafkaConsumer - [Consumer clientId=consumer-tomge-consumer-group-2, groupId=tomge-consumer-group] Unsubscribed all topics or patterns and assigned partitions
2025-04-02 00:15:28.751 [org.springframework.kafka.KafkaListenerEndpointContainer#0-0-C-1] INFO  org.apache.kafka.clients.consumer.internals.LegacyKafkaConsumer - [Consumer clientId=consumer-tomge-consumer-group-1, groupId=tomge-consumer-group] Unsubscribed all topics or patterns and assigned partitions
2025-04-02 00:15:28.753 [org.springframework.kafka.KafkaListenerEndpointContainer#0-0-C-1] INFO  org.apache.kafka.clients.consumer.internals.ConsumerCoordinator - [Consumer clientId=consumer-tomge-consumer-group-1, groupId=tomge-consumer-group] Resetting generation and member id due to: consumer pro-actively leaving the group
2025-04-02 00:15:28.753 [org.springframework.kafka.KafkaListenerEndpointContainer#1-0-C-1] INFO  org.apache.kafka.clients.consumer.internals.ConsumerCoordinator - [Consumer clientId=consumer-tomge-consumer-group-2, groupId=tomge-consumer-group] Resetting generation and member id due to: consumer pro-actively leaving the group
2025-04-02 00:15:28.753 [org.springframework.kafka.KafkaListenerEndpointContainer#0-0-C-1] INFO  org.apache.kafka.clients.consumer.internals.ConsumerCoordinator - [Consumer clientId=consumer-tomge-consumer-group-1, groupId=tomge-consumer-group] Request joining group due to: consumer pro-actively leaving the group
2025-04-02 00:15:28.753 [org.springframework.kafka.KafkaListenerEndpointContainer#1-0-C-1] INFO  org.apache.kafka.clients.consumer.internals.ConsumerCoordinator - [Consumer clientId=consumer-tomge-consumer-group-2, groupId=tomge-consumer-group] Request joining group due to: consumer pro-actively leaving the group
2025-04-02 00:15:29.188 [org.springframework.kafka.KafkaListenerEndpointContainer#0-0-C-1] INFO  org.apache.kafka.common.metrics.Metrics - Metrics scheduler closed
2025-04-02 00:15:29.188 [org.springframework.kafka.KafkaListenerEndpointContainer#1-0-C-1] INFO  org.apache.kafka.common.metrics.Metrics - Metrics scheduler closed
2025-04-02 00:15:29.188 [org.springframework.kafka.KafkaListenerEndpointContainer#1-0-C-1] INFO  org.apache.kafka.common.metrics.Metrics - Closing reporter org.apache.kafka.common.metrics.JmxReporter
2025-04-02 00:15:29.188 [org.springframework.kafka.KafkaListenerEndpointContainer#0-0-C-1] INFO  org.apache.kafka.common.metrics.Metrics - Closing reporter org.apache.kafka.common.metrics.JmxReporter
2025-04-02 00:15:29.189 [org.springframework.kafka.KafkaListenerEndpointContainer#1-0-C-1] INFO  org.apache.kafka.common.metrics.Metrics - Closing reporter org.apache.kafka.common.telemetry.internals.ClientTelemetryReporter
2025-04-02 00:15:29.189 [org.springframework.kafka.KafkaListenerEndpointContainer#0-0-C-1] INFO  org.apache.kafka.common.metrics.Metrics - Closing reporter org.apache.kafka.common.telemetry.internals.ClientTelemetryReporter
2025-04-02 00:15:29.189 [org.springframework.kafka.KafkaListenerEndpointContainer#1-0-C-1] INFO  org.apache.kafka.common.metrics.Metrics - Metrics reporters closed
2025-04-02 00:15:29.189 [org.springframework.kafka.KafkaListenerEndpointContainer#0-0-C-1] INFO  org.apache.kafka.common.metrics.Metrics - Metrics reporters closed
2025-04-02 00:15:29.198 [org.springframework.kafka.KafkaListenerEndpointContainer#0-0-C-1] INFO  org.apache.kafka.common.utils.AppInfoParser - App info kafka.consumer for consumer-tomge-consumer-group-1 unregistered
2025-04-02 00:15:29.198 [org.springframework.kafka.KafkaListenerEndpointContainer#1-0-C-1] INFO  org.apache.kafka.common.utils.AppInfoParser - App info kafka.consumer for consumer-tomge-consumer-group-2 unregistered
2025-04-02 00:15:35.333 [main] INFO  com.test.testboot.TestbootApplication - Starting TestbootApplication using Java 23.0.2 with PID 58758 (/Users/zhaoxin/Documents/GitHub/testboot/target/classes started by zhaoxin in /Users/zhaoxin/Documents/GitHub/testboot)
2025-04-02 00:15:35.334 [main] INFO  com.test.testboot.TestbootApplication - No active profile set, falling back to 1 default profile: "default"
2025-04-02 00:15:35.975 [main] INFO  org.apache.coyote.http11.Http11NioProtocol - Initializing ProtocolHandler ["http-nio-9090"]
2025-04-02 00:15:35.976 [main] INFO  org.apache.catalina.core.StandardService - Starting service [Tomcat]
2025-04-02 00:15:35.976 [main] INFO  org.apache.catalina.core.StandardEngine - Starting Servlet engine: [Apache Tomcat/10.1.36]
2025-04-02 00:15:35.997 [main] INFO  org.apache.catalina.core.ContainerBase.[Tomcat].[localhost].[/] - Initializing Spring embedded WebApplicationContext
2025-04-02 00:15:39.810 [main] INFO  org.apache.coyote.http11.Http11NioProtocol - Starting ProtocolHandler ["http-nio-9090"]
2025-04-02 00:15:39.829 [main] INFO  org.apache.kafka.clients.consumer.ConsumerConfig - ConsumerConfig values: 
	allow.auto.create.topics = true
	auto.commit.interval.ms = 5000
	auto.include.jmx.reporter = true
	auto.offset.reset = latest
	bootstrap.servers = [localhost:9092]
	check.crcs = true
	client.dns.lookup = use_all_dns_ips
	client.id = consumer-tomge-consumer-group-1
	client.rack = 
	connections.max.idle.ms = 540000
	default.api.timeout.ms = 60000
	enable.auto.commit = false
	enable.metrics.push = true
	exclude.internal.topics = true
	fetch.max.bytes = 52428800
	fetch.max.wait.ms = 500
	fetch.min.bytes = 1
	group.id = tomge-consumer-group
	group.instance.id = null
	group.protocol = classic
	group.remote.assignor = null
	heartbeat.interval.ms = 3000
	interceptor.classes = []
	internal.leave.group.on.close = true
	internal.throw.on.fetch.stable.offset.unsupported = false
	isolation.level = read_uncommitted
	key.deserializer = class org.apache.kafka.common.serialization.StringDeserializer
	max.partition.fetch.bytes = 1048576
	max.poll.interval.ms = 300000
	max.poll.records = 500
	metadata.max.age.ms = 300000
	metric.reporters = []
	metrics.num.samples = 2
	metrics.recording.level = INFO
	metrics.sample.window.ms = 30000
	partition.assignment.strategy = [class org.apache.kafka.clients.consumer.RangeAssignor, class org.apache.kafka.clients.consumer.CooperativeStickyAssignor]
	receive.buffer.bytes = 65536
	reconnect.backoff.max.ms = 1000
	reconnect.backoff.ms = 50
	request.timeout.ms = 30000
	retry.backoff.max.ms = 1000
	retry.backoff.ms = 100
	sasl.client.callback.handler.class = null
	sasl.jaas.config = null
	sasl.kerberos.kinit.cmd = /usr/bin/kinit
	sasl.kerberos.min.time.before.relogin = 60000
	sasl.kerberos.service.name = null
	sasl.kerberos.ticket.renew.jitter = 0.05
	sasl.kerberos.ticket.renew.window.factor = 0.8
	sasl.login.callback.handler.class = null
	sasl.login.class = null
	sasl.login.connect.timeout.ms = null
	sasl.login.read.timeout.ms = null
	sasl.login.refresh.buffer.seconds = 300
	sasl.login.refresh.min.period.seconds = 60
	sasl.login.refresh.window.factor = 0.8
	sasl.login.refresh.window.jitter = 0.05
	sasl.login.retry.backoff.max.ms = 10000
	sasl.login.retry.backoff.ms = 100
	sasl.mechanism = GSSAPI
	sasl.oauthbearer.clock.skew.seconds = 30
	sasl.oauthbearer.expected.audience = null
	sasl.oauthbearer.expected.issuer = null
	sasl.oauthbearer.jwks.endpoint.refresh.ms = 3600000
	sasl.oauthbearer.jwks.endpoint.retry.backoff.max.ms = 10000
	sasl.oauthbearer.jwks.endpoint.retry.backoff.ms = 100
	sasl.oauthbearer.jwks.endpoint.url = null
	sasl.oauthbearer.scope.claim.name = scope
	sasl.oauthbearer.sub.claim.name = sub
	sasl.oauthbearer.token.endpoint.url = null
	security.protocol = PLAINTEXT
	security.providers = null
	send.buffer.bytes = 131072
	session.timeout.ms = 45000
	socket.connection.setup.timeout.max.ms = 30000
	socket.connection.setup.timeout.ms = 10000
	ssl.cipher.suites = null
	ssl.enabled.protocols = [TLSv1.2, TLSv1.3]
	ssl.endpoint.identification.algorithm = https
	ssl.engine.factory.class = null
	ssl.key.password = null
	ssl.keymanager.algorithm = SunX509
	ssl.keystore.certificate.chain = null
	ssl.keystore.key = null
	ssl.keystore.location = null
	ssl.keystore.password = null
	ssl.keystore.type = JKS
	ssl.protocol = TLSv1.3
	ssl.provider = null
	ssl.secure.random.implementation = null
	ssl.trustmanager.algorithm = PKIX
	ssl.truststore.certificates = null
	ssl.truststore.location = null
	ssl.truststore.password = null
	ssl.truststore.type = JKS
	value.deserializer = class org.apache.kafka.common.serialization.StringDeserializer

2025-04-02 00:15:39.851 [main] INFO  org.apache.kafka.common.telemetry.internals.KafkaMetricsCollector - initializing Kafka metrics collector
2025-04-02 00:15:39.879 [main] INFO  org.apache.kafka.common.utils.AppInfoParser - Kafka version: 3.7.2
2025-04-02 00:15:39.880 [main] INFO  org.apache.kafka.common.utils.AppInfoParser - Kafka commitId: 79a8f2b5f44f9d5a
2025-04-02 00:15:39.880 [main] INFO  org.apache.kafka.common.utils.AppInfoParser - Kafka startTimeMs: 1743524139879
2025-04-02 00:15:39.881 [main] INFO  org.apache.kafka.clients.consumer.internals.LegacyKafkaConsumer - [Consumer clientId=consumer-tomge-consumer-group-1, groupId=tomge-consumer-group] Subscribed to topic(s): testtopic2
2025-04-02 00:15:39.884 [main] INFO  org.apache.kafka.clients.consumer.ConsumerConfig - ConsumerConfig values: 
	allow.auto.create.topics = true
	auto.commit.interval.ms = 5000
	auto.include.jmx.reporter = true
	auto.offset.reset = latest
	bootstrap.servers = [localhost:9092]
	check.crcs = true
	client.dns.lookup = use_all_dns_ips
	client.id = consumer-tomge-consumer-group-2
	client.rack = 
	connections.max.idle.ms = 540000
	default.api.timeout.ms = 60000
	enable.auto.commit = false
	enable.metrics.push = true
	exclude.internal.topics = true
	fetch.max.bytes = 52428800
	fetch.max.wait.ms = 500
	fetch.min.bytes = 1
	group.id = tomge-consumer-group
	group.instance.id = null
	group.protocol = classic
	group.remote.assignor = null
	heartbeat.interval.ms = 3000
	interceptor.classes = []
	internal.leave.group.on.close = true
	internal.throw.on.fetch.stable.offset.unsupported = false
	isolation.level = read_uncommitted
	key.deserializer = class org.apache.kafka.common.serialization.StringDeserializer
	max.partition.fetch.bytes = 1048576
	max.poll.interval.ms = 300000
	max.poll.records = 500
	metadata.max.age.ms = 300000
	metric.reporters = []
	metrics.num.samples = 2
	metrics.recording.level = INFO
	metrics.sample.window.ms = 30000
	partition.assignment.strategy = [class org.apache.kafka.clients.consumer.RangeAssignor, class org.apache.kafka.clients.consumer.CooperativeStickyAssignor]
	receive.buffer.bytes = 65536
	reconnect.backoff.max.ms = 1000
	reconnect.backoff.ms = 50
	request.timeout.ms = 30000
	retry.backoff.max.ms = 1000
	retry.backoff.ms = 100
	sasl.client.callback.handler.class = null
	sasl.jaas.config = null
	sasl.kerberos.kinit.cmd = /usr/bin/kinit
	sasl.kerberos.min.time.before.relogin = 60000
	sasl.kerberos.service.name = null
	sasl.kerberos.ticket.renew.jitter = 0.05
	sasl.kerberos.ticket.renew.window.factor = 0.8
	sasl.login.callback.handler.class = null
	sasl.login.class = null
	sasl.login.connect.timeout.ms = null
	sasl.login.read.timeout.ms = null
	sasl.login.refresh.buffer.seconds = 300
	sasl.login.refresh.min.period.seconds = 60
	sasl.login.refresh.window.factor = 0.8
	sasl.login.refresh.window.jitter = 0.05
	sasl.login.retry.backoff.max.ms = 10000
	sasl.login.retry.backoff.ms = 100
	sasl.mechanism = GSSAPI
	sasl.oauthbearer.clock.skew.seconds = 30
	sasl.oauthbearer.expected.audience = null
	sasl.oauthbearer.expected.issuer = null
	sasl.oauthbearer.jwks.endpoint.refresh.ms = 3600000
	sasl.oauthbearer.jwks.endpoint.retry.backoff.max.ms = 10000
	sasl.oauthbearer.jwks.endpoint.retry.backoff.ms = 100
	sasl.oauthbearer.jwks.endpoint.url = null
	sasl.oauthbearer.scope.claim.name = scope
	sasl.oauthbearer.sub.claim.name = sub
	sasl.oauthbearer.token.endpoint.url = null
	security.protocol = PLAINTEXT
	security.providers = null
	send.buffer.bytes = 131072
	session.timeout.ms = 45000
	socket.connection.setup.timeout.max.ms = 30000
	socket.connection.setup.timeout.ms = 10000
	ssl.cipher.suites = null
	ssl.enabled.protocols = [TLSv1.2, TLSv1.3]
	ssl.endpoint.identification.algorithm = https
	ssl.engine.factory.class = null
	ssl.key.password = null
	ssl.keymanager.algorithm = SunX509
	ssl.keystore.certificate.chain = null
	ssl.keystore.key = null
	ssl.keystore.location = null
	ssl.keystore.password = null
	ssl.keystore.type = JKS
	ssl.protocol = TLSv1.3
	ssl.provider = null
	ssl.secure.random.implementation = null
	ssl.trustmanager.algorithm = PKIX
	ssl.truststore.certificates = null
	ssl.truststore.location = null
	ssl.truststore.password = null
	ssl.truststore.type = JKS
	value.deserializer = class org.apache.kafka.common.serialization.StringDeserializer

2025-04-02 00:15:39.884 [main] INFO  org.apache.kafka.common.telemetry.internals.KafkaMetricsCollector - initializing Kafka metrics collector
2025-04-02 00:15:39.887 [main] INFO  org.apache.kafka.common.utils.AppInfoParser - Kafka version: 3.7.2
2025-04-02 00:15:39.887 [main] INFO  org.apache.kafka.common.utils.AppInfoParser - Kafka commitId: 79a8f2b5f44f9d5a
2025-04-02 00:15:39.887 [main] INFO  org.apache.kafka.common.utils.AppInfoParser - Kafka startTimeMs: 1743524139887
2025-04-02 00:15:39.887 [main] INFO  org.apache.kafka.clients.consumer.internals.LegacyKafkaConsumer - [Consumer clientId=consumer-tomge-consumer-group-2, groupId=tomge-consumer-group] Subscribed to topic(s): testtopic
2025-04-02 00:15:39.893 [main] INFO  com.test.testboot.TestbootApplication - Started TestbootApplication in 4.751 seconds (process running for 5.0)
2025-04-02 00:15:40.004 [org.springframework.kafka.KafkaListenerEndpointContainer#1-0-C-1] INFO  org.apache.kafka.clients.Metadata - [Consumer clientId=consumer-tomge-consumer-group-2, groupId=tomge-consumer-group] Cluster ID: 55v202dzTXeo6Uf5cKQwuw
2025-04-02 00:15:40.004 [org.springframework.kafka.KafkaListenerEndpointContainer#0-0-C-1] INFO  org.apache.kafka.clients.Metadata - [Consumer clientId=consumer-tomge-consumer-group-1, groupId=tomge-consumer-group] Cluster ID: 55v202dzTXeo6Uf5cKQwuw
2025-04-02 00:15:40.004 [org.springframework.kafka.KafkaListenerEndpointContainer#1-0-C-1] INFO  org.apache.kafka.clients.consumer.internals.ConsumerCoordinator - [Consumer clientId=consumer-tomge-consumer-group-2, groupId=tomge-consumer-group] Discovered group coordinator localhost:9092 (id: 2147483647 rack: null)
2025-04-02 00:15:40.004 [org.springframework.kafka.KafkaListenerEndpointContainer#0-0-C-1] INFO  org.apache.kafka.clients.consumer.internals.ConsumerCoordinator - [Consumer clientId=consumer-tomge-consumer-group-1, groupId=tomge-consumer-group] Discovered group coordinator localhost:9092 (id: 2147483647 rack: null)
2025-04-02 00:15:40.005 [org.springframework.kafka.KafkaListenerEndpointContainer#0-0-C-1] INFO  org.apache.kafka.clients.consumer.internals.ConsumerCoordinator - [Consumer clientId=consumer-tomge-consumer-group-1, groupId=tomge-consumer-group] (Re-)joining group
2025-04-02 00:15:40.005 [org.springframework.kafka.KafkaListenerEndpointContainer#1-0-C-1] INFO  org.apache.kafka.clients.consumer.internals.ConsumerCoordinator - [Consumer clientId=consumer-tomge-consumer-group-2, groupId=tomge-consumer-group] (Re-)joining group
2025-04-02 00:15:40.012 [org.springframework.kafka.KafkaListenerEndpointContainer#1-0-C-1] INFO  org.apache.kafka.clients.consumer.internals.ConsumerCoordinator - [Consumer clientId=consumer-tomge-consumer-group-2, groupId=tomge-consumer-group] Request joining group due to: need to re-join with the given member-id: consumer-tomge-consumer-group-2-04cc893d-cbc0-4e7c-93d9-eefcf6926729
2025-04-02 00:15:40.012 [org.springframework.kafka.KafkaListenerEndpointContainer#0-0-C-1] INFO  org.apache.kafka.clients.consumer.internals.ConsumerCoordinator - [Consumer clientId=consumer-tomge-consumer-group-1, groupId=tomge-consumer-group] Request joining group due to: need to re-join with the given member-id: consumer-tomge-consumer-group-1-7ef60050-7b88-4353-963b-96d881bf39bc
2025-04-02 00:15:40.012 [org.springframework.kafka.KafkaListenerEndpointContainer#1-0-C-1] INFO  org.apache.kafka.clients.consumer.internals.ConsumerCoordinator - [Consumer clientId=consumer-tomge-consumer-group-2, groupId=tomge-consumer-group] (Re-)joining group
2025-04-02 00:15:40.012 [org.springframework.kafka.KafkaListenerEndpointContainer#0-0-C-1] INFO  org.apache.kafka.clients.consumer.internals.ConsumerCoordinator - [Consumer clientId=consumer-tomge-consumer-group-1, groupId=tomge-consumer-group] (Re-)joining group
2025-04-02 00:15:40.014 [org.springframework.kafka.KafkaListenerEndpointContainer#0-0-C-1] INFO  org.apache.kafka.clients.consumer.internals.ConsumerCoordinator - [Consumer clientId=consumer-tomge-consumer-group-1, groupId=tomge-consumer-group] Successfully joined group with generation Generation{generationId=127, memberId='consumer-tomge-consumer-group-1-7ef60050-7b88-4353-963b-96d881bf39bc', protocol='range'}
2025-04-02 00:15:40.014 [org.springframework.kafka.KafkaListenerEndpointContainer#1-0-C-1] INFO  org.apache.kafka.clients.consumer.internals.ConsumerCoordinator - [Consumer clientId=consumer-tomge-consumer-group-2, groupId=tomge-consumer-group] Successfully joined group with generation Generation{generationId=127, memberId='consumer-tomge-consumer-group-2-04cc893d-cbc0-4e7c-93d9-eefcf6926729', protocol='range'}
2025-04-02 00:15:40.019 [org.springframework.kafka.KafkaListenerEndpointContainer#1-0-C-1] INFO  org.apache.kafka.clients.consumer.internals.ConsumerCoordinator - [Consumer clientId=consumer-tomge-consumer-group-2, groupId=tomge-consumer-group] Finished assignment for group at generation 127: {consumer-tomge-consumer-group-1-7ef60050-7b88-4353-963b-96d881bf39bc=Assignment(partitions=[testtopic2-0]), consumer-tomge-consumer-group-2-04cc893d-cbc0-4e7c-93d9-eefcf6926729=Assignment(partitions=[testtopic-0])}
2025-04-02 00:15:40.022 [org.springframework.kafka.KafkaListenerEndpointContainer#1-0-C-1] INFO  org.apache.kafka.clients.consumer.internals.ConsumerCoordinator - [Consumer clientId=consumer-tomge-consumer-group-2, groupId=tomge-consumer-group] Successfully synced group in generation Generation{generationId=127, memberId='consumer-tomge-consumer-group-2-04cc893d-cbc0-4e7c-93d9-eefcf6926729', protocol='range'}
2025-04-02 00:15:40.022 [org.springframework.kafka.KafkaListenerEndpointContainer#0-0-C-1] INFO  org.apache.kafka.clients.consumer.internals.ConsumerCoordinator - [Consumer clientId=consumer-tomge-consumer-group-1, groupId=tomge-consumer-group] Successfully synced group in generation Generation{generationId=127, memberId='consumer-tomge-consumer-group-1-7ef60050-7b88-4353-963b-96d881bf39bc', protocol='range'}
2025-04-02 00:15:40.023 [org.springframework.kafka.KafkaListenerEndpointContainer#1-0-C-1] INFO  org.apache.kafka.clients.consumer.internals.ConsumerCoordinator - [Consumer clientId=consumer-tomge-consumer-group-2, groupId=tomge-consumer-group] Notifying assignor about the new Assignment(partitions=[testtopic-0])
2025-04-02 00:15:40.023 [org.springframework.kafka.KafkaListenerEndpointContainer#0-0-C-1] INFO  org.apache.kafka.clients.consumer.internals.ConsumerCoordinator - [Consumer clientId=consumer-tomge-consumer-group-1, groupId=tomge-consumer-group] Notifying assignor about the new Assignment(partitions=[testtopic2-0])
2025-04-02 00:15:40.023 [org.springframework.kafka.KafkaListenerEndpointContainer#0-0-C-1] INFO  org.apache.kafka.clients.consumer.internals.ConsumerRebalanceListenerInvoker - [Consumer clientId=consumer-tomge-consumer-group-1, groupId=tomge-consumer-group] Adding newly assigned partitions: testtopic2-0
2025-04-02 00:15:40.023 [org.springframework.kafka.KafkaListenerEndpointContainer#1-0-C-1] INFO  org.apache.kafka.clients.consumer.internals.ConsumerRebalanceListenerInvoker - [Consumer clientId=consumer-tomge-consumer-group-2, groupId=tomge-consumer-group] Adding newly assigned partitions: testtopic-0
2025-04-02 00:15:40.028 [org.springframework.kafka.KafkaListenerEndpointContainer#1-0-C-1] INFO  org.apache.kafka.clients.consumer.internals.ConsumerUtils - Setting offset for partition testtopic-0 to the committed offset FetchPosition{offset=82, offsetEpoch=Optional.empty, currentLeader=LeaderAndEpoch{leader=Optional[localhost:9092 (id: 0 rack: null)], epoch=0}}
2025-04-02 00:15:40.028 [org.springframework.kafka.KafkaListenerEndpointContainer#0-0-C-1] INFO  org.apache.kafka.clients.consumer.internals.ConsumerUtils - Setting offset for partition testtopic2-0 to the committed offset FetchPosition{offset=57, offsetEpoch=Optional.empty, currentLeader=LeaderAndEpoch{leader=Optional[localhost:9092 (id: 0 rack: null)], epoch=0}}
2025-04-02 00:15:44.999 [http-nio-9090-exec-2] INFO  org.apache.catalina.core.ContainerBase.[Tomcat].[localhost].[/] - Initializing Spring DispatcherServlet 'dispatcherServlet'
2025-04-02 00:15:45.214 [http-nio-9090-exec-2] INFO  com.test.testboot.service.impl.ScoreServiceImpl - {"address":"湖北省襄阳市","sex":"女","name":"黄蓉","birth":"1500","id":"913","department":"丐帮"}
2025-04-02 00:15:45.232 [http-nio-9090-exec-2] ERROR org.apache.catalina.core.ContainerBase.[Tomcat].[localhost].[/].[dispatcherServlet] - Servlet.service() for servlet [dispatcherServlet] in context with path [] threw exception [Request processing failed: java.lang.NullPointerException: Cannot invoke "java.util.List.toString()" because "list" is null] with root cause
java.lang.NullPointerException: Cannot invoke "java.util.List.toString()" because "list" is null
	at com.test.testboot.controller.StudentController.findById(StudentController.java:46)
	at java.base/jdk.internal.reflect.DirectMethodHandleAccessor.invoke(DirectMethodHandleAccessor.java:103)
	at java.base/java.lang.reflect.Method.invoke(Method.java:580)
	at org.springframework.web.method.support.InvocableHandlerMethod.doInvoke(InvocableHandlerMethod.java:255)
	at org.springframework.web.method.support.InvocableHandlerMethod.invokeForRequest(InvocableHandlerMethod.java:188)
	at org.springframework.web.servlet.mvc.method.annotation.ServletInvocableHandlerMethod.invokeAndHandle(ServletInvocableHandlerMethod.java:118)
	at org.springframework.web.servlet.mvc.method.annotation.RequestMappingHandlerAdapter.invokeHandlerMethod(RequestMappingHandlerAdapter.java:926)
	at org.springframework.web.servlet.mvc.method.annotation.RequestMappingHandlerAdapter.handleInternal(RequestMappingHandlerAdapter.java:831)
	at org.springframework.web.servlet.mvc.method.AbstractHandlerMethodAdapter.handle(AbstractHandlerMethodAdapter.java:87)
	at org.springframework.web.servlet.DispatcherServlet.doDispatch(DispatcherServlet.java:1089)
	at org.springframework.web.servlet.DispatcherServlet.doService(DispatcherServlet.java:979)
	at org.springframework.web.servlet.FrameworkServlet.processRequest(FrameworkServlet.java:1014)
	at org.springframework.web.servlet.FrameworkServlet.doGet(FrameworkServlet.java:903)
	at jakarta.servlet.http.HttpServlet.service(HttpServlet.java:564)
	at org.springframework.web.servlet.FrameworkServlet.service(FrameworkServlet.java:885)
	at jakarta.servlet.http.HttpServlet.service(HttpServlet.java:658)
	at org.apache.catalina.core.ApplicationFilterChain.internalDoFilter(ApplicationFilterChain.java:195)
	at org.apache.catalina.core.ApplicationFilterChain.doFilter(ApplicationFilterChain.java:140)
	at org.apache.tomcat.websocket.server.WsFilter.doFilter(WsFilter.java:51)
	at org.apache.catalina.core.ApplicationFilterChain.internalDoFilter(ApplicationFilterChain.java:164)
	at org.apache.catalina.core.ApplicationFilterChain.doFilter(ApplicationFilterChain.java:140)
	at org.springframework.web.filter.RequestContextFilter.doFilterInternal(RequestContextFilter.java:100)
	at org.springframework.web.filter.OncePerRequestFilter.doFilter(OncePerRequestFilter.java:116)
	at org.apache.catalina.core.ApplicationFilterChain.internalDoFilter(ApplicationFilterChain.java:164)
	at org.apache.catalina.core.ApplicationFilterChain.doFilter(ApplicationFilterChain.java:140)
	at org.springframework.web.filter.FormContentFilter.doFilterInternal(FormContentFilter.java:93)
	at org.springframework.web.filter.OncePerRequestFilter.doFilter(OncePerRequestFilter.java:116)
	at org.apache.catalina.core.ApplicationFilterChain.internalDoFilter(ApplicationFilterChain.java:164)
	at org.apache.catalina.core.ApplicationFilterChain.doFilter(ApplicationFilterChain.java:140)
	at org.springframework.web.filter.CharacterEncodingFilter.doFilterInternal(CharacterEncodingFilter.java:201)
	at org.springframework.web.filter.OncePerRequestFilter.doFilter(OncePerRequestFilter.java:116)
	at org.apache.catalina.core.ApplicationFilterChain.internalDoFilter(ApplicationFilterChain.java:164)
	at org.apache.catalina.core.ApplicationFilterChain.doFilter(ApplicationFilterChain.java:140)
	at org.apache.catalina.core.StandardWrapperValve.invoke(StandardWrapperValve.java:167)
	at org.apache.catalina.core.StandardContextValve.invoke(StandardContextValve.java:90)
	at org.apache.catalina.authenticator.AuthenticatorBase.invoke(AuthenticatorBase.java:483)
	at org.apache.catalina.core.StandardHostValve.invoke(StandardHostValve.java:115)
	at org.apache.catalina.valves.ErrorReportValve.invoke(ErrorReportValve.java:93)
	at org.apache.catalina.core.StandardEngineValve.invoke(StandardEngineValve.java:74)
	at org.apache.catalina.connector.CoyoteAdapter.service(CoyoteAdapter.java:344)
	at org.apache.coyote.http11.Http11Processor.service(Http11Processor.java:397)
	at org.apache.coyote.AbstractProcessorLight.process(AbstractProcessorLight.java:63)
	at org.apache.coyote.AbstractProtocol$ConnectionHandler.process(AbstractProtocol.java:905)
	at org.apache.tomcat.util.net.NioEndpoint$SocketProcessor.doRun(NioEndpoint.java:1743)
	at org.apache.tomcat.util.net.SocketProcessorBase.run(SocketProcessorBase.java:52)
	at org.apache.tomcat.util.threads.ThreadPoolExecutor.runWorker(ThreadPoolExecutor.java:1190)
	at org.apache.tomcat.util.threads.ThreadPoolExecutor$Worker.run(ThreadPoolExecutor.java:659)
	at org.apache.tomcat.util.threads.TaskThread$WrappingRunnable.run(TaskThread.java:63)
	at java.base/java.lang.Thread.run(Thread.java:1575)
2025-04-02 00:17:27.302 [org.springframework.kafka.KafkaListenerEndpointContainer#1-0-C-1] INFO  org.apache.kafka.clients.consumer.internals.ConsumerRebalanceListenerInvoker - [Consumer clientId=consumer-tomge-consumer-group-2, groupId=tomge-consumer-group] Revoke previously assigned partitions testtopic-0
2025-04-02 00:17:27.302 [org.springframework.kafka.KafkaListenerEndpointContainer#0-0-C-1] INFO  org.apache.kafka.clients.consumer.internals.ConsumerRebalanceListenerInvoker - [Consumer clientId=consumer-tomge-consumer-group-1, groupId=tomge-consumer-group] Revoke previously assigned partitions testtopic2-0
2025-04-02 00:17:27.303 [org.springframework.kafka.KafkaListenerEndpointContainer#0-0-C-1] INFO  org.apache.kafka.clients.consumer.internals.ConsumerCoordinator - [Consumer clientId=consumer-tomge-consumer-group-1, groupId=tomge-consumer-group] Member consumer-tomge-consumer-group-1-7ef60050-7b88-4353-963b-96d881bf39bc sending LeaveGroup request to coordinator localhost:9092 (id: 2147483647 rack: null) due to the consumer unsubscribed from all topics
2025-04-02 00:17:27.303 [org.springframework.kafka.KafkaListenerEndpointContainer#1-0-C-1] INFO  org.apache.kafka.clients.consumer.internals.ConsumerCoordinator - [Consumer clientId=consumer-tomge-consumer-group-2, groupId=tomge-consumer-group] Member consumer-tomge-consumer-group-2-04cc893d-cbc0-4e7c-93d9-eefcf6926729 sending LeaveGroup request to coordinator localhost:9092 (id: 2147483647 rack: null) due to the consumer unsubscribed from all topics
2025-04-02 00:17:27.303 [org.springframework.kafka.KafkaListenerEndpointContainer#1-0-C-1] INFO  org.apache.kafka.clients.consumer.internals.ConsumerCoordinator - [Consumer clientId=consumer-tomge-consumer-group-2, groupId=tomge-consumer-group] Resetting generation and member id due to: consumer pro-actively leaving the group
2025-04-02 00:17:27.303 [org.springframework.kafka.KafkaListenerEndpointContainer#0-0-C-1] INFO  org.apache.kafka.clients.consumer.internals.ConsumerCoordinator - [Consumer clientId=consumer-tomge-consumer-group-1, groupId=tomge-consumer-group] Resetting generation and member id due to: consumer pro-actively leaving the group
2025-04-02 00:17:27.303 [org.springframework.kafka.KafkaListenerEndpointContainer#1-0-C-1] INFO  org.apache.kafka.clients.consumer.internals.ConsumerCoordinator - [Consumer clientId=consumer-tomge-consumer-group-2, groupId=tomge-consumer-group] Request joining group due to: consumer pro-actively leaving the group
2025-04-02 00:17:27.304 [org.springframework.kafka.KafkaListenerEndpointContainer#0-0-C-1] INFO  org.apache.kafka.clients.consumer.internals.ConsumerCoordinator - [Consumer clientId=consumer-tomge-consumer-group-1, groupId=tomge-consumer-group] Request joining group due to: consumer pro-actively leaving the group
2025-04-02 00:17:27.304 [org.springframework.kafka.KafkaListenerEndpointContainer#1-0-C-1] INFO  org.apache.kafka.clients.consumer.internals.LegacyKafkaConsumer - [Consumer clientId=consumer-tomge-consumer-group-2, groupId=tomge-consumer-group] Unsubscribed all topics or patterns and assigned partitions
2025-04-02 00:17:27.304 [org.springframework.kafka.KafkaListenerEndpointContainer#0-0-C-1] INFO  org.apache.kafka.clients.consumer.internals.LegacyKafkaConsumer - [Consumer clientId=consumer-tomge-consumer-group-1, groupId=tomge-consumer-group] Unsubscribed all topics or patterns and assigned partitions
2025-04-02 00:17:27.304 [org.springframework.kafka.KafkaListenerEndpointContainer#0-0-C-1] INFO  org.apache.kafka.clients.consumer.internals.ConsumerCoordinator - [Consumer clientId=consumer-tomge-consumer-group-1, groupId=tomge-consumer-group] Resetting generation and member id due to: consumer pro-actively leaving the group
2025-04-02 00:17:27.304 [org.springframework.kafka.KafkaListenerEndpointContainer#1-0-C-1] INFO  org.apache.kafka.clients.consumer.internals.ConsumerCoordinator - [Consumer clientId=consumer-tomge-consumer-group-2, groupId=tomge-consumer-group] Resetting generation and member id due to: consumer pro-actively leaving the group
2025-04-02 00:17:27.304 [org.springframework.kafka.KafkaListenerEndpointContainer#0-0-C-1] INFO  org.apache.kafka.clients.consumer.internals.ConsumerCoordinator - [Consumer clientId=consumer-tomge-consumer-group-1, groupId=tomge-consumer-group] Request joining group due to: consumer pro-actively leaving the group
2025-04-02 00:17:27.304 [org.springframework.kafka.KafkaListenerEndpointContainer#1-0-C-1] INFO  org.apache.kafka.clients.consumer.internals.ConsumerCoordinator - [Consumer clientId=consumer-tomge-consumer-group-2, groupId=tomge-consumer-group] Request joining group due to: consumer pro-actively leaving the group
2025-04-02 00:17:27.340 [org.springframework.kafka.KafkaListenerEndpointContainer#0-0-C-1] INFO  org.apache.kafka.common.metrics.Metrics - Metrics scheduler closed
2025-04-02 00:17:27.340 [org.springframework.kafka.KafkaListenerEndpointContainer#1-0-C-1] INFO  org.apache.kafka.common.metrics.Metrics - Metrics scheduler closed
2025-04-02 00:17:27.340 [org.springframework.kafka.KafkaListenerEndpointContainer#0-0-C-1] INFO  org.apache.kafka.common.metrics.Metrics - Closing reporter org.apache.kafka.common.metrics.JmxReporter
2025-04-02 00:17:27.340 [org.springframework.kafka.KafkaListenerEndpointContainer#1-0-C-1] INFO  org.apache.kafka.common.metrics.Metrics - Closing reporter org.apache.kafka.common.metrics.JmxReporter
2025-04-02 00:17:27.340 [org.springframework.kafka.KafkaListenerEndpointContainer#0-0-C-1] INFO  org.apache.kafka.common.metrics.Metrics - Closing reporter org.apache.kafka.common.telemetry.internals.ClientTelemetryReporter
2025-04-02 00:17:27.340 [org.springframework.kafka.KafkaListenerEndpointContainer#1-0-C-1] INFO  org.apache.kafka.common.metrics.Metrics - Closing reporter org.apache.kafka.common.telemetry.internals.ClientTelemetryReporter
2025-04-02 00:17:27.340 [org.springframework.kafka.KafkaListenerEndpointContainer#0-0-C-1] INFO  org.apache.kafka.common.metrics.Metrics - Metrics reporters closed
2025-04-02 00:17:27.340 [org.springframework.kafka.KafkaListenerEndpointContainer#1-0-C-1] INFO  org.apache.kafka.common.metrics.Metrics - Metrics reporters closed
2025-04-02 00:17:27.343 [org.springframework.kafka.KafkaListenerEndpointContainer#1-0-C-1] INFO  org.apache.kafka.common.utils.AppInfoParser - App info kafka.consumer for consumer-tomge-consumer-group-2 unregistered
2025-04-02 00:17:27.343 [org.springframework.kafka.KafkaListenerEndpointContainer#0-0-C-1] INFO  org.apache.kafka.common.utils.AppInfoParser - App info kafka.consumer for consumer-tomge-consumer-group-1 unregistered
2025-04-02 00:17:54.503 [main] INFO  com.test.testboot.TestbootApplication - Starting TestbootApplication using Java 23.0.2 with PID 58779 (/Users/zhaoxin/Documents/GitHub/testboot/target/classes started by zhaoxin in /Users/zhaoxin/Documents/GitHub/testboot)
2025-04-02 00:17:54.505 [main] INFO  com.test.testboot.TestbootApplication - No active profile set, falling back to 1 default profile: "default"
2025-04-02 00:17:55.159 [main] INFO  org.apache.coyote.http11.Http11NioProtocol - Initializing ProtocolHandler ["http-nio-9090"]
2025-04-02 00:17:55.160 [main] INFO  org.apache.catalina.core.StandardService - Starting service [Tomcat]
2025-04-02 00:17:55.160 [main] INFO  org.apache.catalina.core.StandardEngine - Starting Servlet engine: [Apache Tomcat/10.1.36]
2025-04-02 00:17:55.182 [main] INFO  org.apache.catalina.core.ContainerBase.[Tomcat].[localhost].[/] - Initializing Spring embedded WebApplicationContext
2025-04-02 00:17:56.073 [main] INFO  org.apache.coyote.http11.Http11NioProtocol - Starting ProtocolHandler ["http-nio-9090"]
2025-04-02 00:17:56.093 [main] INFO  org.apache.kafka.clients.consumer.ConsumerConfig - ConsumerConfig values: 
	allow.auto.create.topics = true
	auto.commit.interval.ms = 5000
	auto.include.jmx.reporter = true
	auto.offset.reset = latest
	bootstrap.servers = [localhost:9092]
	check.crcs = true
	client.dns.lookup = use_all_dns_ips
	client.id = consumer-tomge-consumer-group-1
	client.rack = 
	connections.max.idle.ms = 540000
	default.api.timeout.ms = 60000
	enable.auto.commit = false
	enable.metrics.push = true
	exclude.internal.topics = true
	fetch.max.bytes = 52428800
	fetch.max.wait.ms = 500
	fetch.min.bytes = 1
	group.id = tomge-consumer-group
	group.instance.id = null
	group.protocol = classic
	group.remote.assignor = null
	heartbeat.interval.ms = 3000
	interceptor.classes = []
	internal.leave.group.on.close = true
	internal.throw.on.fetch.stable.offset.unsupported = false
	isolation.level = read_uncommitted
	key.deserializer = class org.apache.kafka.common.serialization.StringDeserializer
	max.partition.fetch.bytes = 1048576
	max.poll.interval.ms = 300000
	max.poll.records = 500
	metadata.max.age.ms = 300000
	metric.reporters = []
	metrics.num.samples = 2
	metrics.recording.level = INFO
	metrics.sample.window.ms = 30000
	partition.assignment.strategy = [class org.apache.kafka.clients.consumer.RangeAssignor, class org.apache.kafka.clients.consumer.CooperativeStickyAssignor]
	receive.buffer.bytes = 65536
	reconnect.backoff.max.ms = 1000
	reconnect.backoff.ms = 50
	request.timeout.ms = 30000
	retry.backoff.max.ms = 1000
	retry.backoff.ms = 100
	sasl.client.callback.handler.class = null
	sasl.jaas.config = null
	sasl.kerberos.kinit.cmd = /usr/bin/kinit
	sasl.kerberos.min.time.before.relogin = 60000
	sasl.kerberos.service.name = null
	sasl.kerberos.ticket.renew.jitter = 0.05
	sasl.kerberos.ticket.renew.window.factor = 0.8
	sasl.login.callback.handler.class = null
	sasl.login.class = null
	sasl.login.connect.timeout.ms = null
	sasl.login.read.timeout.ms = null
	sasl.login.refresh.buffer.seconds = 300
	sasl.login.refresh.min.period.seconds = 60
	sasl.login.refresh.window.factor = 0.8
	sasl.login.refresh.window.jitter = 0.05
	sasl.login.retry.backoff.max.ms = 10000
	sasl.login.retry.backoff.ms = 100
	sasl.mechanism = GSSAPI
	sasl.oauthbearer.clock.skew.seconds = 30
	sasl.oauthbearer.expected.audience = null
	sasl.oauthbearer.expected.issuer = null
	sasl.oauthbearer.jwks.endpoint.refresh.ms = 3600000
	sasl.oauthbearer.jwks.endpoint.retry.backoff.max.ms = 10000
	sasl.oauthbearer.jwks.endpoint.retry.backoff.ms = 100
	sasl.oauthbearer.jwks.endpoint.url = null
	sasl.oauthbearer.scope.claim.name = scope
	sasl.oauthbearer.sub.claim.name = sub
	sasl.oauthbearer.token.endpoint.url = null
	security.protocol = PLAINTEXT
	security.providers = null
	send.buffer.bytes = 131072
	session.timeout.ms = 45000
	socket.connection.setup.timeout.max.ms = 30000
	socket.connection.setup.timeout.ms = 10000
	ssl.cipher.suites = null
	ssl.enabled.protocols = [TLSv1.2, TLSv1.3]
	ssl.endpoint.identification.algorithm = https
	ssl.engine.factory.class = null
	ssl.key.password = null
	ssl.keymanager.algorithm = SunX509
	ssl.keystore.certificate.chain = null
	ssl.keystore.key = null
	ssl.keystore.location = null
	ssl.keystore.password = null
	ssl.keystore.type = JKS
	ssl.protocol = TLSv1.3
	ssl.provider = null
	ssl.secure.random.implementation = null
	ssl.trustmanager.algorithm = PKIX
	ssl.truststore.certificates = null
	ssl.truststore.location = null
	ssl.truststore.password = null
	ssl.truststore.type = JKS
	value.deserializer = class org.apache.kafka.common.serialization.StringDeserializer

2025-04-02 00:17:56.112 [main] INFO  org.apache.kafka.common.telemetry.internals.KafkaMetricsCollector - initializing Kafka metrics collector
2025-04-02 00:17:56.138 [main] INFO  org.apache.kafka.common.utils.AppInfoParser - Kafka version: 3.7.2
2025-04-02 00:17:56.138 [main] INFO  org.apache.kafka.common.utils.AppInfoParser - Kafka commitId: 79a8f2b5f44f9d5a
2025-04-02 00:17:56.138 [main] INFO  org.apache.kafka.common.utils.AppInfoParser - Kafka startTimeMs: 1743524276137
2025-04-02 00:17:56.139 [main] INFO  org.apache.kafka.clients.consumer.internals.LegacyKafkaConsumer - [Consumer clientId=consumer-tomge-consumer-group-1, groupId=tomge-consumer-group] Subscribed to topic(s): testtopic2
2025-04-02 00:17:56.142 [main] INFO  org.apache.kafka.clients.consumer.ConsumerConfig - ConsumerConfig values: 
	allow.auto.create.topics = true
	auto.commit.interval.ms = 5000
	auto.include.jmx.reporter = true
	auto.offset.reset = latest
	bootstrap.servers = [localhost:9092]
	check.crcs = true
	client.dns.lookup = use_all_dns_ips
	client.id = consumer-tomge-consumer-group-2
	client.rack = 
	connections.max.idle.ms = 540000
	default.api.timeout.ms = 60000
	enable.auto.commit = false
	enable.metrics.push = true
	exclude.internal.topics = true
	fetch.max.bytes = 52428800
	fetch.max.wait.ms = 500
	fetch.min.bytes = 1
	group.id = tomge-consumer-group
	group.instance.id = null
	group.protocol = classic
	group.remote.assignor = null
	heartbeat.interval.ms = 3000
	interceptor.classes = []
	internal.leave.group.on.close = true
	internal.throw.on.fetch.stable.offset.unsupported = false
	isolation.level = read_uncommitted
	key.deserializer = class org.apache.kafka.common.serialization.StringDeserializer
	max.partition.fetch.bytes = 1048576
	max.poll.interval.ms = 300000
	max.poll.records = 500
	metadata.max.age.ms = 300000
	metric.reporters = []
	metrics.num.samples = 2
	metrics.recording.level = INFO
	metrics.sample.window.ms = 30000
	partition.assignment.strategy = [class org.apache.kafka.clients.consumer.RangeAssignor, class org.apache.kafka.clients.consumer.CooperativeStickyAssignor]
	receive.buffer.bytes = 65536
	reconnect.backoff.max.ms = 1000
	reconnect.backoff.ms = 50
	request.timeout.ms = 30000
	retry.backoff.max.ms = 1000
	retry.backoff.ms = 100
	sasl.client.callback.handler.class = null
	sasl.jaas.config = null
	sasl.kerberos.kinit.cmd = /usr/bin/kinit
	sasl.kerberos.min.time.before.relogin = 60000
	sasl.kerberos.service.name = null
	sasl.kerberos.ticket.renew.jitter = 0.05
	sasl.kerberos.ticket.renew.window.factor = 0.8
	sasl.login.callback.handler.class = null
	sasl.login.class = null
	sasl.login.connect.timeout.ms = null
	sasl.login.read.timeout.ms = null
	sasl.login.refresh.buffer.seconds = 300
	sasl.login.refresh.min.period.seconds = 60
	sasl.login.refresh.window.factor = 0.8
	sasl.login.refresh.window.jitter = 0.05
	sasl.login.retry.backoff.max.ms = 10000
	sasl.login.retry.backoff.ms = 100
	sasl.mechanism = GSSAPI
	sasl.oauthbearer.clock.skew.seconds = 30
	sasl.oauthbearer.expected.audience = null
	sasl.oauthbearer.expected.issuer = null
	sasl.oauthbearer.jwks.endpoint.refresh.ms = 3600000
	sasl.oauthbearer.jwks.endpoint.retry.backoff.max.ms = 10000
	sasl.oauthbearer.jwks.endpoint.retry.backoff.ms = 100
	sasl.oauthbearer.jwks.endpoint.url = null
	sasl.oauthbearer.scope.claim.name = scope
	sasl.oauthbearer.sub.claim.name = sub
	sasl.oauthbearer.token.endpoint.url = null
	security.protocol = PLAINTEXT
	security.providers = null
	send.buffer.bytes = 131072
	session.timeout.ms = 45000
	socket.connection.setup.timeout.max.ms = 30000
	socket.connection.setup.timeout.ms = 10000
	ssl.cipher.suites = null
	ssl.enabled.protocols = [TLSv1.2, TLSv1.3]
	ssl.endpoint.identification.algorithm = https
	ssl.engine.factory.class = null
	ssl.key.password = null
	ssl.keymanager.algorithm = SunX509
	ssl.keystore.certificate.chain = null
	ssl.keystore.key = null
	ssl.keystore.location = null
	ssl.keystore.password = null
	ssl.keystore.type = JKS
	ssl.protocol = TLSv1.3
	ssl.provider = null
	ssl.secure.random.implementation = null
	ssl.trustmanager.algorithm = PKIX
	ssl.truststore.certificates = null
	ssl.truststore.location = null
	ssl.truststore.password = null
	ssl.truststore.type = JKS
	value.deserializer = class org.apache.kafka.common.serialization.StringDeserializer

2025-04-02 00:17:56.142 [main] INFO  org.apache.kafka.common.telemetry.internals.KafkaMetricsCollector - initializing Kafka metrics collector
2025-04-02 00:17:56.145 [main] INFO  org.apache.kafka.common.utils.AppInfoParser - Kafka version: 3.7.2
2025-04-02 00:17:56.145 [main] INFO  org.apache.kafka.common.utils.AppInfoParser - Kafka commitId: 79a8f2b5f44f9d5a
2025-04-02 00:17:56.145 [main] INFO  org.apache.kafka.common.utils.AppInfoParser - Kafka startTimeMs: 1743524276145
2025-04-02 00:17:56.146 [main] INFO  org.apache.kafka.clients.consumer.internals.LegacyKafkaConsumer - [Consumer clientId=consumer-tomge-consumer-group-2, groupId=tomge-consumer-group] Subscribed to topic(s): testtopic
2025-04-02 00:17:56.155 [main] INFO  com.test.testboot.TestbootApplication - Started TestbootApplication in 1.851 seconds (process running for 2.104)
2025-04-02 00:17:56.259 [org.springframework.kafka.KafkaListenerEndpointContainer#0-0-C-1] INFO  org.apache.kafka.clients.Metadata - [Consumer clientId=consumer-tomge-consumer-group-1, groupId=tomge-consumer-group] Cluster ID: 55v202dzTXeo6Uf5cKQwuw
2025-04-02 00:17:56.259 [org.springframework.kafka.KafkaListenerEndpointContainer#1-0-C-1] INFO  org.apache.kafka.clients.Metadata - [Consumer clientId=consumer-tomge-consumer-group-2, groupId=tomge-consumer-group] Cluster ID: 55v202dzTXeo6Uf5cKQwuw
2025-04-02 00:17:56.260 [org.springframework.kafka.KafkaListenerEndpointContainer#0-0-C-1] INFO  org.apache.kafka.clients.consumer.internals.ConsumerCoordinator - [Consumer clientId=consumer-tomge-consumer-group-1, groupId=tomge-consumer-group] Discovered group coordinator localhost:9092 (id: 2147483647 rack: null)
2025-04-02 00:17:56.260 [org.springframework.kafka.KafkaListenerEndpointContainer#1-0-C-1] INFO  org.apache.kafka.clients.consumer.internals.ConsumerCoordinator - [Consumer clientId=consumer-tomge-consumer-group-2, groupId=tomge-consumer-group] Discovered group coordinator localhost:9092 (id: 2147483647 rack: null)
2025-04-02 00:17:56.261 [org.springframework.kafka.KafkaListenerEndpointContainer#0-0-C-1] INFO  org.apache.kafka.clients.consumer.internals.ConsumerCoordinator - [Consumer clientId=consumer-tomge-consumer-group-1, groupId=tomge-consumer-group] (Re-)joining group
2025-04-02 00:17:56.261 [org.springframework.kafka.KafkaListenerEndpointContainer#1-0-C-1] INFO  org.apache.kafka.clients.consumer.internals.ConsumerCoordinator - [Consumer clientId=consumer-tomge-consumer-group-2, groupId=tomge-consumer-group] (Re-)joining group
2025-04-02 00:17:56.267 [org.springframework.kafka.KafkaListenerEndpointContainer#0-0-C-1] INFO  org.apache.kafka.clients.consumer.internals.ConsumerCoordinator - [Consumer clientId=consumer-tomge-consumer-group-1, groupId=tomge-consumer-group] Request joining group due to: need to re-join with the given member-id: consumer-tomge-consumer-group-1-d0b7e8d6-d659-487e-a05d-837c4802ee0d
2025-04-02 00:17:56.267 [org.springframework.kafka.KafkaListenerEndpointContainer#0-0-C-1] INFO  org.apache.kafka.clients.consumer.internals.ConsumerCoordinator - [Consumer clientId=consumer-tomge-consumer-group-1, groupId=tomge-consumer-group] (Re-)joining group
2025-04-02 00:17:56.267 [org.springframework.kafka.KafkaListenerEndpointContainer#1-0-C-1] INFO  org.apache.kafka.clients.consumer.internals.ConsumerCoordinator - [Consumer clientId=consumer-tomge-consumer-group-2, groupId=tomge-consumer-group] Request joining group due to: need to re-join with the given member-id: consumer-tomge-consumer-group-2-3ccdddf1-db64-425d-994c-44598f25fb8b
2025-04-02 00:17:56.267 [org.springframework.kafka.KafkaListenerEndpointContainer#1-0-C-1] INFO  org.apache.kafka.clients.consumer.internals.ConsumerCoordinator - [Consumer clientId=consumer-tomge-consumer-group-2, groupId=tomge-consumer-group] (Re-)joining group
2025-04-02 00:17:56.269 [org.springframework.kafka.KafkaListenerEndpointContainer#0-0-C-1] INFO  org.apache.kafka.clients.consumer.internals.ConsumerCoordinator - [Consumer clientId=consumer-tomge-consumer-group-1, groupId=tomge-consumer-group] Successfully joined group with generation Generation{generationId=129, memberId='consumer-tomge-consumer-group-1-d0b7e8d6-d659-487e-a05d-837c4802ee0d', protocol='range'}
2025-04-02 00:17:56.269 [org.springframework.kafka.KafkaListenerEndpointContainer#1-0-C-1] INFO  org.apache.kafka.clients.consumer.internals.ConsumerCoordinator - [Consumer clientId=consumer-tomge-consumer-group-2, groupId=tomge-consumer-group] Successfully joined group with generation Generation{generationId=129, memberId='consumer-tomge-consumer-group-2-3ccdddf1-db64-425d-994c-44598f25fb8b', protocol='range'}
2025-04-02 00:17:56.273 [org.springframework.kafka.KafkaListenerEndpointContainer#0-0-C-1] INFO  org.apache.kafka.clients.consumer.internals.ConsumerCoordinator - [Consumer clientId=consumer-tomge-consumer-group-1, groupId=tomge-consumer-group] Finished assignment for group at generation 129: {consumer-tomge-consumer-group-1-d0b7e8d6-d659-487e-a05d-837c4802ee0d=Assignment(partitions=[testtopic2-0]), consumer-tomge-consumer-group-2-3ccdddf1-db64-425d-994c-44598f25fb8b=Assignment(partitions=[testtopic-0])}
2025-04-02 00:17:56.276 [org.springframework.kafka.KafkaListenerEndpointContainer#0-0-C-1] INFO  org.apache.kafka.clients.consumer.internals.ConsumerCoordinator - [Consumer clientId=consumer-tomge-consumer-group-1, groupId=tomge-consumer-group] Successfully synced group in generation Generation{generationId=129, memberId='consumer-tomge-consumer-group-1-d0b7e8d6-d659-487e-a05d-837c4802ee0d', protocol='range'}
2025-04-02 00:17:56.276 [org.springframework.kafka.KafkaListenerEndpointContainer#1-0-C-1] INFO  org.apache.kafka.clients.consumer.internals.ConsumerCoordinator - [Consumer clientId=consumer-tomge-consumer-group-2, groupId=tomge-consumer-group] Successfully synced group in generation Generation{generationId=129, memberId='consumer-tomge-consumer-group-2-3ccdddf1-db64-425d-994c-44598f25fb8b', protocol='range'}
2025-04-02 00:17:56.276 [org.springframework.kafka.KafkaListenerEndpointContainer#0-0-C-1] INFO  org.apache.kafka.clients.consumer.internals.ConsumerCoordinator - [Consumer clientId=consumer-tomge-consumer-group-1, groupId=tomge-consumer-group] Notifying assignor about the new Assignment(partitions=[testtopic2-0])
2025-04-02 00:17:56.276 [org.springframework.kafka.KafkaListenerEndpointContainer#1-0-C-1] INFO  org.apache.kafka.clients.consumer.internals.ConsumerCoordinator - [Consumer clientId=consumer-tomge-consumer-group-2, groupId=tomge-consumer-group] Notifying assignor about the new Assignment(partitions=[testtopic-0])
2025-04-02 00:17:56.277 [org.springframework.kafka.KafkaListenerEndpointContainer#0-0-C-1] INFO  org.apache.kafka.clients.consumer.internals.ConsumerRebalanceListenerInvoker - [Consumer clientId=consumer-tomge-consumer-group-1, groupId=tomge-consumer-group] Adding newly assigned partitions: testtopic2-0
2025-04-02 00:17:56.277 [org.springframework.kafka.KafkaListenerEndpointContainer#1-0-C-1] INFO  org.apache.kafka.clients.consumer.internals.ConsumerRebalanceListenerInvoker - [Consumer clientId=consumer-tomge-consumer-group-2, groupId=tomge-consumer-group] Adding newly assigned partitions: testtopic-0
2025-04-02 00:17:56.280 [org.springframework.kafka.KafkaListenerEndpointContainer#0-0-C-1] INFO  org.apache.kafka.clients.consumer.internals.ConsumerUtils - Setting offset for partition testtopic2-0 to the committed offset FetchPosition{offset=57, offsetEpoch=Optional.empty, currentLeader=LeaderAndEpoch{leader=Optional[localhost:9092 (id: 0 rack: null)], epoch=0}}
2025-04-02 00:17:56.280 [org.springframework.kafka.KafkaListenerEndpointContainer#1-0-C-1] INFO  org.apache.kafka.clients.consumer.internals.ConsumerUtils - Setting offset for partition testtopic-0 to the committed offset FetchPosition{offset=82, offsetEpoch=Optional.empty, currentLeader=LeaderAndEpoch{leader=Optional[localhost:9092 (id: 0 rack: null)], epoch=0}}
2025-04-02 00:18:02.607 [http-nio-9090-exec-2] INFO  org.apache.catalina.core.ContainerBase.[Tomcat].[localhost].[/] - Initializing Spring DispatcherServlet 'dispatcherServlet'
2025-04-02 00:18:02.809 [http-nio-9090-exec-2] INFO  com.test.testboot.service.impl.ScoreServiceImpl - {"address":"湖北省襄阳市","sex":"女","name":"黄蓉","birth":"1500","id":"913","department":"丐帮"}
2025-04-02 00:18:02.827 [http-nio-9090-exec-2] ERROR org.apache.catalina.core.ContainerBase.[Tomcat].[localhost].[/].[dispatcherServlet] - Servlet.service() for servlet [dispatcherServlet] in context with path [] threw exception [Request processing failed: java.lang.NullPointerException: Cannot invoke "java.util.List.toString()" because "list" is null] with root cause
java.lang.NullPointerException: Cannot invoke "java.util.List.toString()" because "list" is null
	at com.test.testboot.controller.StudentController.findById(StudentController.java:46)
	at java.base/jdk.internal.reflect.DirectMethodHandleAccessor.invoke(DirectMethodHandleAccessor.java:103)
	at java.base/java.lang.reflect.Method.invoke(Method.java:580)
	at org.springframework.web.method.support.InvocableHandlerMethod.doInvoke(InvocableHandlerMethod.java:255)
	at org.springframework.web.method.support.InvocableHandlerMethod.invokeForRequest(InvocableHandlerMethod.java:188)
	at org.springframework.web.servlet.mvc.method.annotation.ServletInvocableHandlerMethod.invokeAndHandle(ServletInvocableHandlerMethod.java:118)
	at org.springframework.web.servlet.mvc.method.annotation.RequestMappingHandlerAdapter.invokeHandlerMethod(RequestMappingHandlerAdapter.java:926)
	at org.springframework.web.servlet.mvc.method.annotation.RequestMappingHandlerAdapter.handleInternal(RequestMappingHandlerAdapter.java:831)
	at org.springframework.web.servlet.mvc.method.AbstractHandlerMethodAdapter.handle(AbstractHandlerMethodAdapter.java:87)
	at org.springframework.web.servlet.DispatcherServlet.doDispatch(DispatcherServlet.java:1089)
	at org.springframework.web.servlet.DispatcherServlet.doService(DispatcherServlet.java:979)
	at org.springframework.web.servlet.FrameworkServlet.processRequest(FrameworkServlet.java:1014)
	at org.springframework.web.servlet.FrameworkServlet.doGet(FrameworkServlet.java:903)
	at jakarta.servlet.http.HttpServlet.service(HttpServlet.java:564)
	at org.springframework.web.servlet.FrameworkServlet.service(FrameworkServlet.java:885)
	at jakarta.servlet.http.HttpServlet.service(HttpServlet.java:658)
	at org.apache.catalina.core.ApplicationFilterChain.internalDoFilter(ApplicationFilterChain.java:195)
	at org.apache.catalina.core.ApplicationFilterChain.doFilter(ApplicationFilterChain.java:140)
	at org.apache.tomcat.websocket.server.WsFilter.doFilter(WsFilter.java:51)
	at org.apache.catalina.core.ApplicationFilterChain.internalDoFilter(ApplicationFilterChain.java:164)
	at org.apache.catalina.core.ApplicationFilterChain.doFilter(ApplicationFilterChain.java:140)
	at org.springframework.web.filter.RequestContextFilter.doFilterInternal(RequestContextFilter.java:100)
	at org.springframework.web.filter.OncePerRequestFilter.doFilter(OncePerRequestFilter.java:116)
	at org.apache.catalina.core.ApplicationFilterChain.internalDoFilter(ApplicationFilterChain.java:164)
	at org.apache.catalina.core.ApplicationFilterChain.doFilter(ApplicationFilterChain.java:140)
	at org.springframework.web.filter.FormContentFilter.doFilterInternal(FormContentFilter.java:93)
	at org.springframework.web.filter.OncePerRequestFilter.doFilter(OncePerRequestFilter.java:116)
	at org.apache.catalina.core.ApplicationFilterChain.internalDoFilter(ApplicationFilterChain.java:164)
	at org.apache.catalina.core.ApplicationFilterChain.doFilter(ApplicationFilterChain.java:140)
	at org.springframework.web.filter.CharacterEncodingFilter.doFilterInternal(CharacterEncodingFilter.java:201)
	at org.springframework.web.filter.OncePerRequestFilter.doFilter(OncePerRequestFilter.java:116)
	at org.apache.catalina.core.ApplicationFilterChain.internalDoFilter(ApplicationFilterChain.java:164)
	at org.apache.catalina.core.ApplicationFilterChain.doFilter(ApplicationFilterChain.java:140)
	at org.apache.catalina.core.StandardWrapperValve.invoke(StandardWrapperValve.java:167)
	at org.apache.catalina.core.StandardContextValve.invoke(StandardContextValve.java:90)
	at org.apache.catalina.authenticator.AuthenticatorBase.invoke(AuthenticatorBase.java:483)
	at org.apache.catalina.core.StandardHostValve.invoke(StandardHostValve.java:115)
	at org.apache.catalina.valves.ErrorReportValve.invoke(ErrorReportValve.java:93)
	at org.apache.catalina.core.StandardEngineValve.invoke(StandardEngineValve.java:74)
	at org.apache.catalina.connector.CoyoteAdapter.service(CoyoteAdapter.java:344)
	at org.apache.coyote.http11.Http11Processor.service(Http11Processor.java:397)
	at org.apache.coyote.AbstractProcessorLight.process(AbstractProcessorLight.java:63)
	at org.apache.coyote.AbstractProtocol$ConnectionHandler.process(AbstractProtocol.java:905)
	at org.apache.tomcat.util.net.NioEndpoint$SocketProcessor.doRun(NioEndpoint.java:1743)
	at org.apache.tomcat.util.net.SocketProcessorBase.run(SocketProcessorBase.java:52)
	at org.apache.tomcat.util.threads.ThreadPoolExecutor.runWorker(ThreadPoolExecutor.java:1190)
	at org.apache.tomcat.util.threads.ThreadPoolExecutor$Worker.run(ThreadPoolExecutor.java:659)
	at org.apache.tomcat.util.threads.TaskThread$WrappingRunnable.run(TaskThread.java:63)
	at java.base/java.lang.Thread.run(Thread.java:1575)
2025-04-02 00:19:39.735 [org.springframework.kafka.KafkaListenerEndpointContainer#1-0-C-1] INFO  org.apache.kafka.clients.consumer.internals.ConsumerRebalanceListenerInvoker - [Consumer clientId=consumer-tomge-consumer-group-2, groupId=tomge-consumer-group] Revoke previously assigned partitions testtopic-0
2025-04-02 00:19:39.735 [org.springframework.kafka.KafkaListenerEndpointContainer#0-0-C-1] INFO  org.apache.kafka.clients.consumer.internals.ConsumerRebalanceListenerInvoker - [Consumer clientId=consumer-tomge-consumer-group-1, groupId=tomge-consumer-group] Revoke previously assigned partitions testtopic2-0
2025-04-02 00:19:39.736 [org.springframework.kafka.KafkaListenerEndpointContainer#1-0-C-1] INFO  org.apache.kafka.clients.consumer.internals.ConsumerCoordinator - [Consumer clientId=consumer-tomge-consumer-group-2, groupId=tomge-consumer-group] Member consumer-tomge-consumer-group-2-3ccdddf1-db64-425d-994c-44598f25fb8b sending LeaveGroup request to coordinator localhost:9092 (id: 2147483647 rack: null) due to the consumer unsubscribed from all topics
2025-04-02 00:19:39.736 [org.springframework.kafka.KafkaListenerEndpointContainer#0-0-C-1] INFO  org.apache.kafka.clients.consumer.internals.ConsumerCoordinator - [Consumer clientId=consumer-tomge-consumer-group-1, groupId=tomge-consumer-group] Member consumer-tomge-consumer-group-1-d0b7e8d6-d659-487e-a05d-837c4802ee0d sending LeaveGroup request to coordinator localhost:9092 (id: 2147483647 rack: null) due to the consumer unsubscribed from all topics
2025-04-02 00:19:39.736 [org.springframework.kafka.KafkaListenerEndpointContainer#0-0-C-1] INFO  org.apache.kafka.clients.consumer.internals.ConsumerCoordinator - [Consumer clientId=consumer-tomge-consumer-group-1, groupId=tomge-consumer-group] Resetting generation and member id due to: consumer pro-actively leaving the group
2025-04-02 00:19:39.736 [org.springframework.kafka.KafkaListenerEndpointContainer#1-0-C-1] INFO  org.apache.kafka.clients.consumer.internals.ConsumerCoordinator - [Consumer clientId=consumer-tomge-consumer-group-2, groupId=tomge-consumer-group] Resetting generation and member id due to: consumer pro-actively leaving the group
2025-04-02 00:19:39.737 [org.springframework.kafka.KafkaListenerEndpointContainer#0-0-C-1] INFO  org.apache.kafka.clients.consumer.internals.ConsumerCoordinator - [Consumer clientId=consumer-tomge-consumer-group-1, groupId=tomge-consumer-group] Request joining group due to: consumer pro-actively leaving the group
2025-04-02 00:19:39.737 [org.springframework.kafka.KafkaListenerEndpointContainer#1-0-C-1] INFO  org.apache.kafka.clients.consumer.internals.ConsumerCoordinator - [Consumer clientId=consumer-tomge-consumer-group-2, groupId=tomge-consumer-group] Request joining group due to: consumer pro-actively leaving the group
2025-04-02 00:19:39.737 [org.springframework.kafka.KafkaListenerEndpointContainer#0-0-C-1] INFO  org.apache.kafka.clients.consumer.internals.LegacyKafkaConsumer - [Consumer clientId=consumer-tomge-consumer-group-1, groupId=tomge-consumer-group] Unsubscribed all topics or patterns and assigned partitions
2025-04-02 00:19:39.737 [org.springframework.kafka.KafkaListenerEndpointContainer#1-0-C-1] INFO  org.apache.kafka.clients.consumer.internals.LegacyKafkaConsumer - [Consumer clientId=consumer-tomge-consumer-group-2, groupId=tomge-consumer-group] Unsubscribed all topics or patterns and assigned partitions
2025-04-02 00:19:39.737 [org.springframework.kafka.KafkaListenerEndpointContainer#0-0-C-1] INFO  org.apache.kafka.clients.consumer.internals.ConsumerCoordinator - [Consumer clientId=consumer-tomge-consumer-group-1, groupId=tomge-consumer-group] Resetting generation and member id due to: consumer pro-actively leaving the group
2025-04-02 00:19:39.737 [org.springframework.kafka.KafkaListenerEndpointContainer#1-0-C-1] INFO  org.apache.kafka.clients.consumer.internals.ConsumerCoordinator - [Consumer clientId=consumer-tomge-consumer-group-2, groupId=tomge-consumer-group] Resetting generation and member id due to: consumer pro-actively leaving the group
2025-04-02 00:19:39.737 [org.springframework.kafka.KafkaListenerEndpointContainer#0-0-C-1] INFO  org.apache.kafka.clients.consumer.internals.ConsumerCoordinator - [Consumer clientId=consumer-tomge-consumer-group-1, groupId=tomge-consumer-group] Request joining group due to: consumer pro-actively leaving the group
2025-04-02 00:19:39.738 [org.springframework.kafka.KafkaListenerEndpointContainer#1-0-C-1] INFO  org.apache.kafka.clients.consumer.internals.ConsumerCoordinator - [Consumer clientId=consumer-tomge-consumer-group-2, groupId=tomge-consumer-group] Request joining group due to: consumer pro-actively leaving the group
2025-04-02 00:19:39.984 [org.springframework.kafka.KafkaListenerEndpointContainer#1-0-C-1] INFO  org.apache.kafka.common.metrics.Metrics - Metrics scheduler closed
2025-04-02 00:19:39.984 [org.springframework.kafka.KafkaListenerEndpointContainer#0-0-C-1] INFO  org.apache.kafka.common.metrics.Metrics - Metrics scheduler closed
2025-04-02 00:19:39.984 [org.springframework.kafka.KafkaListenerEndpointContainer#1-0-C-1] INFO  org.apache.kafka.common.metrics.Metrics - Closing reporter org.apache.kafka.common.metrics.JmxReporter
2025-04-02 00:19:39.984 [org.springframework.kafka.KafkaListenerEndpointContainer#0-0-C-1] INFO  org.apache.kafka.common.metrics.Metrics - Closing reporter org.apache.kafka.common.metrics.JmxReporter
2025-04-02 00:19:39.985 [org.springframework.kafka.KafkaListenerEndpointContainer#0-0-C-1] INFO  org.apache.kafka.common.metrics.Metrics - Closing reporter org.apache.kafka.common.telemetry.internals.ClientTelemetryReporter
2025-04-02 00:19:39.985 [org.springframework.kafka.KafkaListenerEndpointContainer#1-0-C-1] INFO  org.apache.kafka.common.metrics.Metrics - Closing reporter org.apache.kafka.common.telemetry.internals.ClientTelemetryReporter
2025-04-02 00:19:39.985 [org.springframework.kafka.KafkaListenerEndpointContainer#0-0-C-1] INFO  org.apache.kafka.common.metrics.Metrics - Metrics reporters closed
2025-04-02 00:19:39.985 [org.springframework.kafka.KafkaListenerEndpointContainer#1-0-C-1] INFO  org.apache.kafka.common.metrics.Metrics - Metrics reporters closed
2025-04-02 00:19:39.989 [org.springframework.kafka.KafkaListenerEndpointContainer#1-0-C-1] INFO  org.apache.kafka.common.utils.AppInfoParser - App info kafka.consumer for consumer-tomge-consumer-group-2 unregistered
2025-04-02 00:19:39.991 [org.springframework.kafka.KafkaListenerEndpointContainer#0-0-C-1] INFO  org.apache.kafka.common.utils.AppInfoParser - App info kafka.consumer for consumer-tomge-consumer-group-1 unregistered
2025-04-02 00:19:44.764 [main] INFO  com.test.testboot.TestbootApplication - Starting TestbootApplication using Java 23.0.2 with PID 58809 (/Users/zhaoxin/Documents/GitHub/testboot/target/classes started by zhaoxin in /Users/zhaoxin/Documents/GitHub/testboot)
2025-04-02 00:19:44.766 [main] INFO  com.test.testboot.TestbootApplication - No active profile set, falling back to 1 default profile: "default"
2025-04-02 00:19:45.467 [main] INFO  org.apache.coyote.http11.Http11NioProtocol - Initializing ProtocolHandler ["http-nio-9090"]
2025-04-02 00:19:45.468 [main] INFO  org.apache.catalina.core.StandardService - Starting service [Tomcat]
2025-04-02 00:19:45.468 [main] INFO  org.apache.catalina.core.StandardEngine - Starting Servlet engine: [Apache Tomcat/10.1.36]
2025-04-02 00:19:45.488 [main] INFO  org.apache.catalina.core.ContainerBase.[Tomcat].[localhost].[/] - Initializing Spring embedded WebApplicationContext
2025-04-02 00:19:47.093 [main] INFO  org.apache.coyote.http11.Http11NioProtocol - Starting ProtocolHandler ["http-nio-9090"]
2025-04-02 00:19:47.114 [main] INFO  org.apache.kafka.clients.consumer.ConsumerConfig - ConsumerConfig values: 
	allow.auto.create.topics = true
	auto.commit.interval.ms = 5000
	auto.include.jmx.reporter = true
	auto.offset.reset = latest
	bootstrap.servers = [localhost:9092]
	check.crcs = true
	client.dns.lookup = use_all_dns_ips
	client.id = consumer-tomge-consumer-group-1
	client.rack = 
	connections.max.idle.ms = 540000
	default.api.timeout.ms = 60000
	enable.auto.commit = false
	enable.metrics.push = true
	exclude.internal.topics = true
	fetch.max.bytes = 52428800
	fetch.max.wait.ms = 500
	fetch.min.bytes = 1
	group.id = tomge-consumer-group
	group.instance.id = null
	group.protocol = classic
	group.remote.assignor = null
	heartbeat.interval.ms = 3000
	interceptor.classes = []
	internal.leave.group.on.close = true
	internal.throw.on.fetch.stable.offset.unsupported = false
	isolation.level = read_uncommitted
	key.deserializer = class org.apache.kafka.common.serialization.StringDeserializer
	max.partition.fetch.bytes = 1048576
	max.poll.interval.ms = 300000
	max.poll.records = 500
	metadata.max.age.ms = 300000
	metric.reporters = []
	metrics.num.samples = 2
	metrics.recording.level = INFO
	metrics.sample.window.ms = 30000
	partition.assignment.strategy = [class org.apache.kafka.clients.consumer.RangeAssignor, class org.apache.kafka.clients.consumer.CooperativeStickyAssignor]
	receive.buffer.bytes = 65536
	reconnect.backoff.max.ms = 1000
	reconnect.backoff.ms = 50
	request.timeout.ms = 30000
	retry.backoff.max.ms = 1000
	retry.backoff.ms = 100
	sasl.client.callback.handler.class = null
	sasl.jaas.config = null
	sasl.kerberos.kinit.cmd = /usr/bin/kinit
	sasl.kerberos.min.time.before.relogin = 60000
	sasl.kerberos.service.name = null
	sasl.kerberos.ticket.renew.jitter = 0.05
	sasl.kerberos.ticket.renew.window.factor = 0.8
	sasl.login.callback.handler.class = null
	sasl.login.class = null
	sasl.login.connect.timeout.ms = null
	sasl.login.read.timeout.ms = null
	sasl.login.refresh.buffer.seconds = 300
	sasl.login.refresh.min.period.seconds = 60
	sasl.login.refresh.window.factor = 0.8
	sasl.login.refresh.window.jitter = 0.05
	sasl.login.retry.backoff.max.ms = 10000
	sasl.login.retry.backoff.ms = 100
	sasl.mechanism = GSSAPI
	sasl.oauthbearer.clock.skew.seconds = 30
	sasl.oauthbearer.expected.audience = null
	sasl.oauthbearer.expected.issuer = null
	sasl.oauthbearer.jwks.endpoint.refresh.ms = 3600000
	sasl.oauthbearer.jwks.endpoint.retry.backoff.max.ms = 10000
	sasl.oauthbearer.jwks.endpoint.retry.backoff.ms = 100
	sasl.oauthbearer.jwks.endpoint.url = null
	sasl.oauthbearer.scope.claim.name = scope
	sasl.oauthbearer.sub.claim.name = sub
	sasl.oauthbearer.token.endpoint.url = null
	security.protocol = PLAINTEXT
	security.providers = null
	send.buffer.bytes = 131072
	session.timeout.ms = 45000
	socket.connection.setup.timeout.max.ms = 30000
	socket.connection.setup.timeout.ms = 10000
	ssl.cipher.suites = null
	ssl.enabled.protocols = [TLSv1.2, TLSv1.3]
	ssl.endpoint.identification.algorithm = https
	ssl.engine.factory.class = null
	ssl.key.password = null
	ssl.keymanager.algorithm = SunX509
	ssl.keystore.certificate.chain = null
	ssl.keystore.key = null
	ssl.keystore.location = null
	ssl.keystore.password = null
	ssl.keystore.type = JKS
	ssl.protocol = TLSv1.3
	ssl.provider = null
	ssl.secure.random.implementation = null
	ssl.trustmanager.algorithm = PKIX
	ssl.truststore.certificates = null
	ssl.truststore.location = null
	ssl.truststore.password = null
	ssl.truststore.type = JKS
	value.deserializer = class org.apache.kafka.common.serialization.StringDeserializer

2025-04-02 00:19:47.132 [main] INFO  org.apache.kafka.common.telemetry.internals.KafkaMetricsCollector - initializing Kafka metrics collector
2025-04-02 00:19:47.158 [main] INFO  org.apache.kafka.common.utils.AppInfoParser - Kafka version: 3.7.2
2025-04-02 00:19:47.158 [main] INFO  org.apache.kafka.common.utils.AppInfoParser - Kafka commitId: 79a8f2b5f44f9d5a
2025-04-02 00:19:47.159 [main] INFO  org.apache.kafka.common.utils.AppInfoParser - Kafka startTimeMs: 1743524387158
2025-04-02 00:19:47.160 [main] INFO  org.apache.kafka.clients.consumer.internals.LegacyKafkaConsumer - [Consumer clientId=consumer-tomge-consumer-group-1, groupId=tomge-consumer-group] Subscribed to topic(s): testtopic
2025-04-02 00:19:47.164 [main] INFO  org.apache.kafka.clients.consumer.ConsumerConfig - ConsumerConfig values: 
	allow.auto.create.topics = true
	auto.commit.interval.ms = 5000
	auto.include.jmx.reporter = true
	auto.offset.reset = latest
	bootstrap.servers = [localhost:9092]
	check.crcs = true
	client.dns.lookup = use_all_dns_ips
	client.id = consumer-tomge-consumer-group-2
	client.rack = 
	connections.max.idle.ms = 540000
	default.api.timeout.ms = 60000
	enable.auto.commit = false
	enable.metrics.push = true
	exclude.internal.topics = true
	fetch.max.bytes = 52428800
	fetch.max.wait.ms = 500
	fetch.min.bytes = 1
	group.id = tomge-consumer-group
	group.instance.id = null
	group.protocol = classic
	group.remote.assignor = null
	heartbeat.interval.ms = 3000
	interceptor.classes = []
	internal.leave.group.on.close = true
	internal.throw.on.fetch.stable.offset.unsupported = false
	isolation.level = read_uncommitted
	key.deserializer = class org.apache.kafka.common.serialization.StringDeserializer
	max.partition.fetch.bytes = 1048576
	max.poll.interval.ms = 300000
	max.poll.records = 500
	metadata.max.age.ms = 300000
	metric.reporters = []
	metrics.num.samples = 2
	metrics.recording.level = INFO
	metrics.sample.window.ms = 30000
	partition.assignment.strategy = [class org.apache.kafka.clients.consumer.RangeAssignor, class org.apache.kafka.clients.consumer.CooperativeStickyAssignor]
	receive.buffer.bytes = 65536
	reconnect.backoff.max.ms = 1000
	reconnect.backoff.ms = 50
	request.timeout.ms = 30000
	retry.backoff.max.ms = 1000
	retry.backoff.ms = 100
	sasl.client.callback.handler.class = null
	sasl.jaas.config = null
	sasl.kerberos.kinit.cmd = /usr/bin/kinit
	sasl.kerberos.min.time.before.relogin = 60000
	sasl.kerberos.service.name = null
	sasl.kerberos.ticket.renew.jitter = 0.05
	sasl.kerberos.ticket.renew.window.factor = 0.8
	sasl.login.callback.handler.class = null
	sasl.login.class = null
	sasl.login.connect.timeout.ms = null
	sasl.login.read.timeout.ms = null
	sasl.login.refresh.buffer.seconds = 300
	sasl.login.refresh.min.period.seconds = 60
	sasl.login.refresh.window.factor = 0.8
	sasl.login.refresh.window.jitter = 0.05
	sasl.login.retry.backoff.max.ms = 10000
	sasl.login.retry.backoff.ms = 100
	sasl.mechanism = GSSAPI
	sasl.oauthbearer.clock.skew.seconds = 30
	sasl.oauthbearer.expected.audience = null
	sasl.oauthbearer.expected.issuer = null
	sasl.oauthbearer.jwks.endpoint.refresh.ms = 3600000
	sasl.oauthbearer.jwks.endpoint.retry.backoff.max.ms = 10000
	sasl.oauthbearer.jwks.endpoint.retry.backoff.ms = 100
	sasl.oauthbearer.jwks.endpoint.url = null
	sasl.oauthbearer.scope.claim.name = scope
	sasl.oauthbearer.sub.claim.name = sub
	sasl.oauthbearer.token.endpoint.url = null
	security.protocol = PLAINTEXT
	security.providers = null
	send.buffer.bytes = 131072
	session.timeout.ms = 45000
	socket.connection.setup.timeout.max.ms = 30000
	socket.connection.setup.timeout.ms = 10000
	ssl.cipher.suites = null
	ssl.enabled.protocols = [TLSv1.2, TLSv1.3]
	ssl.endpoint.identification.algorithm = https
	ssl.engine.factory.class = null
	ssl.key.password = null
	ssl.keymanager.algorithm = SunX509
	ssl.keystore.certificate.chain = null
	ssl.keystore.key = null
	ssl.keystore.location = null
	ssl.keystore.password = null
	ssl.keystore.type = JKS
	ssl.protocol = TLSv1.3
	ssl.provider = null
	ssl.secure.random.implementation = null
	ssl.trustmanager.algorithm = PKIX
	ssl.truststore.certificates = null
	ssl.truststore.location = null
	ssl.truststore.password = null
	ssl.truststore.type = JKS
	value.deserializer = class org.apache.kafka.common.serialization.StringDeserializer

2025-04-02 00:19:47.165 [main] INFO  org.apache.kafka.common.telemetry.internals.KafkaMetricsCollector - initializing Kafka metrics collector
2025-04-02 00:19:47.167 [main] INFO  org.apache.kafka.common.utils.AppInfoParser - Kafka version: 3.7.2
2025-04-02 00:19:47.167 [main] INFO  org.apache.kafka.common.utils.AppInfoParser - Kafka commitId: 79a8f2b5f44f9d5a
2025-04-02 00:19:47.167 [main] INFO  org.apache.kafka.common.utils.AppInfoParser - Kafka startTimeMs: 1743524387167
2025-04-02 00:19:47.167 [main] INFO  org.apache.kafka.clients.consumer.internals.LegacyKafkaConsumer - [Consumer clientId=consumer-tomge-consumer-group-2, groupId=tomge-consumer-group] Subscribed to topic(s): testtopic2
2025-04-02 00:19:47.173 [main] INFO  com.test.testboot.TestbootApplication - Started TestbootApplication in 2.601 seconds (process running for 2.842)
2025-04-02 00:19:47.278 [org.springframework.kafka.KafkaListenerEndpointContainer#0-0-C-1] INFO  org.apache.kafka.clients.Metadata - [Consumer clientId=consumer-tomge-consumer-group-1, groupId=tomge-consumer-group] Cluster ID: 55v202dzTXeo6Uf5cKQwuw
2025-04-02 00:19:47.278 [org.springframework.kafka.KafkaListenerEndpointContainer#1-0-C-1] INFO  org.apache.kafka.clients.Metadata - [Consumer clientId=consumer-tomge-consumer-group-2, groupId=tomge-consumer-group] Cluster ID: 55v202dzTXeo6Uf5cKQwuw
2025-04-02 00:19:47.279 [org.springframework.kafka.KafkaListenerEndpointContainer#1-0-C-1] INFO  org.apache.kafka.clients.consumer.internals.ConsumerCoordinator - [Consumer clientId=consumer-tomge-consumer-group-2, groupId=tomge-consumer-group] Discovered group coordinator localhost:9092 (id: 2147483647 rack: null)
2025-04-02 00:19:47.279 [org.springframework.kafka.KafkaListenerEndpointContainer#0-0-C-1] INFO  org.apache.kafka.clients.consumer.internals.ConsumerCoordinator - [Consumer clientId=consumer-tomge-consumer-group-1, groupId=tomge-consumer-group] Discovered group coordinator localhost:9092 (id: 2147483647 rack: null)
2025-04-02 00:19:47.279 [org.springframework.kafka.KafkaListenerEndpointContainer#0-0-C-1] INFO  org.apache.kafka.clients.consumer.internals.ConsumerCoordinator - [Consumer clientId=consumer-tomge-consumer-group-1, groupId=tomge-consumer-group] (Re-)joining group
2025-04-02 00:19:47.279 [org.springframework.kafka.KafkaListenerEndpointContainer#1-0-C-1] INFO  org.apache.kafka.clients.consumer.internals.ConsumerCoordinator - [Consumer clientId=consumer-tomge-consumer-group-2, groupId=tomge-consumer-group] (Re-)joining group
2025-04-02 00:19:47.286 [org.springframework.kafka.KafkaListenerEndpointContainer#1-0-C-1] INFO  org.apache.kafka.clients.consumer.internals.ConsumerCoordinator - [Consumer clientId=consumer-tomge-consumer-group-2, groupId=tomge-consumer-group] Request joining group due to: need to re-join with the given member-id: consumer-tomge-consumer-group-2-4884894c-f325-441b-b98c-391e347c10d6
2025-04-02 00:19:47.286 [org.springframework.kafka.KafkaListenerEndpointContainer#1-0-C-1] INFO  org.apache.kafka.clients.consumer.internals.ConsumerCoordinator - [Consumer clientId=consumer-tomge-consumer-group-2, groupId=tomge-consumer-group] (Re-)joining group
2025-04-02 00:19:47.286 [org.springframework.kafka.KafkaListenerEndpointContainer#0-0-C-1] INFO  org.apache.kafka.clients.consumer.internals.ConsumerCoordinator - [Consumer clientId=consumer-tomge-consumer-group-1, groupId=tomge-consumer-group] Request joining group due to: need to re-join with the given member-id: consumer-tomge-consumer-group-1-c20d9dfb-ce0c-4b81-8629-b75f37adf6a5
2025-04-02 00:19:47.286 [org.springframework.kafka.KafkaListenerEndpointContainer#0-0-C-1] INFO  org.apache.kafka.clients.consumer.internals.ConsumerCoordinator - [Consumer clientId=consumer-tomge-consumer-group-1, groupId=tomge-consumer-group] (Re-)joining group
2025-04-02 00:19:47.288 [org.springframework.kafka.KafkaListenerEndpointContainer#0-0-C-1] INFO  org.apache.kafka.clients.consumer.internals.ConsumerCoordinator - [Consumer clientId=consumer-tomge-consumer-group-1, groupId=tomge-consumer-group] Successfully joined group with generation Generation{generationId=131, memberId='consumer-tomge-consumer-group-1-c20d9dfb-ce0c-4b81-8629-b75f37adf6a5', protocol='range'}
2025-04-02 00:19:47.288 [org.springframework.kafka.KafkaListenerEndpointContainer#1-0-C-1] INFO  org.apache.kafka.clients.consumer.internals.ConsumerCoordinator - [Consumer clientId=consumer-tomge-consumer-group-2, groupId=tomge-consumer-group] Successfully joined group with generation Generation{generationId=131, memberId='consumer-tomge-consumer-group-2-4884894c-f325-441b-b98c-391e347c10d6', protocol='range'}
2025-04-02 00:19:47.291 [org.springframework.kafka.KafkaListenerEndpointContainer#1-0-C-1] INFO  org.apache.kafka.clients.consumer.internals.ConsumerCoordinator - [Consumer clientId=consumer-tomge-consumer-group-2, groupId=tomge-consumer-group] Finished assignment for group at generation 131: {consumer-tomge-consumer-group-2-4884894c-f325-441b-b98c-391e347c10d6=Assignment(partitions=[testtopic2-0]), consumer-tomge-consumer-group-1-c20d9dfb-ce0c-4b81-8629-b75f37adf6a5=Assignment(partitions=[testtopic-0])}
2025-04-02 00:19:47.294 [org.springframework.kafka.KafkaListenerEndpointContainer#0-0-C-1] INFO  org.apache.kafka.clients.consumer.internals.ConsumerCoordinator - [Consumer clientId=consumer-tomge-consumer-group-1, groupId=tomge-consumer-group] Successfully synced group in generation Generation{generationId=131, memberId='consumer-tomge-consumer-group-1-c20d9dfb-ce0c-4b81-8629-b75f37adf6a5', protocol='range'}
2025-04-02 00:19:47.294 [org.springframework.kafka.KafkaListenerEndpointContainer#1-0-C-1] INFO  org.apache.kafka.clients.consumer.internals.ConsumerCoordinator - [Consumer clientId=consumer-tomge-consumer-group-2, groupId=tomge-consumer-group] Successfully synced group in generation Generation{generationId=131, memberId='consumer-tomge-consumer-group-2-4884894c-f325-441b-b98c-391e347c10d6', protocol='range'}
2025-04-02 00:19:47.294 [org.springframework.kafka.KafkaListenerEndpointContainer#0-0-C-1] INFO  org.apache.kafka.clients.consumer.internals.ConsumerCoordinator - [Consumer clientId=consumer-tomge-consumer-group-1, groupId=tomge-consumer-group] Notifying assignor about the new Assignment(partitions=[testtopic-0])
2025-04-02 00:19:47.294 [org.springframework.kafka.KafkaListenerEndpointContainer#1-0-C-1] INFO  org.apache.kafka.clients.consumer.internals.ConsumerCoordinator - [Consumer clientId=consumer-tomge-consumer-group-2, groupId=tomge-consumer-group] Notifying assignor about the new Assignment(partitions=[testtopic2-0])
2025-04-02 00:19:47.295 [org.springframework.kafka.KafkaListenerEndpointContainer#0-0-C-1] INFO  org.apache.kafka.clients.consumer.internals.ConsumerRebalanceListenerInvoker - [Consumer clientId=consumer-tomge-consumer-group-1, groupId=tomge-consumer-group] Adding newly assigned partitions: testtopic-0
2025-04-02 00:19:47.295 [org.springframework.kafka.KafkaListenerEndpointContainer#1-0-C-1] INFO  org.apache.kafka.clients.consumer.internals.ConsumerRebalanceListenerInvoker - [Consumer clientId=consumer-tomge-consumer-group-2, groupId=tomge-consumer-group] Adding newly assigned partitions: testtopic2-0
2025-04-02 00:19:47.298 [org.springframework.kafka.KafkaListenerEndpointContainer#0-0-C-1] INFO  org.apache.kafka.clients.consumer.internals.ConsumerUtils - Setting offset for partition testtopic-0 to the committed offset FetchPosition{offset=82, offsetEpoch=Optional.empty, currentLeader=LeaderAndEpoch{leader=Optional[localhost:9092 (id: 0 rack: null)], epoch=0}}
2025-04-02 00:19:47.298 [org.springframework.kafka.KafkaListenerEndpointContainer#1-0-C-1] INFO  org.apache.kafka.clients.consumer.internals.ConsumerUtils - Setting offset for partition testtopic2-0 to the committed offset FetchPosition{offset=57, offsetEpoch=Optional.empty, currentLeader=LeaderAndEpoch{leader=Optional[localhost:9092 (id: 0 rack: null)], epoch=0}}
2025-04-02 00:19:53.661 [http-nio-9090-exec-1] INFO  org.apache.catalina.core.ContainerBase.[Tomcat].[localhost].[/] - Initializing Spring DispatcherServlet 'dispatcherServlet'
2025-04-02 00:19:53.869 [http-nio-9090-exec-1] INFO  com.test.testboot.service.impl.ScoreServiceImpl - {"address":"湖北省襄阳市","sex":"女","name":"黄蓉","birth":"1500","id":"913","department":"丐帮"}
2025-04-02 00:19:53.888 [http-nio-9090-exec-1] ERROR org.apache.catalina.core.ContainerBase.[Tomcat].[localhost].[/].[dispatcherServlet] - Servlet.service() for servlet [dispatcherServlet] in context with path [] threw exception [Request processing failed: java.lang.NullPointerException: Cannot invoke "java.util.List.toString()" because "list" is null] with root cause
java.lang.NullPointerException: Cannot invoke "java.util.List.toString()" because "list" is null
	at com.test.testboot.controller.StudentController.findById(StudentController.java:46)
	at java.base/jdk.internal.reflect.DirectMethodHandleAccessor.invoke(DirectMethodHandleAccessor.java:103)
	at java.base/java.lang.reflect.Method.invoke(Method.java:580)
	at org.springframework.web.method.support.InvocableHandlerMethod.doInvoke(InvocableHandlerMethod.java:255)
	at org.springframework.web.method.support.InvocableHandlerMethod.invokeForRequest(InvocableHandlerMethod.java:188)
	at org.springframework.web.servlet.mvc.method.annotation.ServletInvocableHandlerMethod.invokeAndHandle(ServletInvocableHandlerMethod.java:118)
	at org.springframework.web.servlet.mvc.method.annotation.RequestMappingHandlerAdapter.invokeHandlerMethod(RequestMappingHandlerAdapter.java:926)
	at org.springframework.web.servlet.mvc.method.annotation.RequestMappingHandlerAdapter.handleInternal(RequestMappingHandlerAdapter.java:831)
	at org.springframework.web.servlet.mvc.method.AbstractHandlerMethodAdapter.handle(AbstractHandlerMethodAdapter.java:87)
	at org.springframework.web.servlet.DispatcherServlet.doDispatch(DispatcherServlet.java:1089)
	at org.springframework.web.servlet.DispatcherServlet.doService(DispatcherServlet.java:979)
	at org.springframework.web.servlet.FrameworkServlet.processRequest(FrameworkServlet.java:1014)
	at org.springframework.web.servlet.FrameworkServlet.doGet(FrameworkServlet.java:903)
	at jakarta.servlet.http.HttpServlet.service(HttpServlet.java:564)
	at org.springframework.web.servlet.FrameworkServlet.service(FrameworkServlet.java:885)
	at jakarta.servlet.http.HttpServlet.service(HttpServlet.java:658)
	at org.apache.catalina.core.ApplicationFilterChain.internalDoFilter(ApplicationFilterChain.java:195)
	at org.apache.catalina.core.ApplicationFilterChain.doFilter(ApplicationFilterChain.java:140)
	at org.apache.tomcat.websocket.server.WsFilter.doFilter(WsFilter.java:51)
	at org.apache.catalina.core.ApplicationFilterChain.internalDoFilter(ApplicationFilterChain.java:164)
	at org.apache.catalina.core.ApplicationFilterChain.doFilter(ApplicationFilterChain.java:140)
	at org.springframework.web.filter.RequestContextFilter.doFilterInternal(RequestContextFilter.java:100)
	at org.springframework.web.filter.OncePerRequestFilter.doFilter(OncePerRequestFilter.java:116)
	at org.apache.catalina.core.ApplicationFilterChain.internalDoFilter(ApplicationFilterChain.java:164)
	at org.apache.catalina.core.ApplicationFilterChain.doFilter(ApplicationFilterChain.java:140)
	at org.springframework.web.filter.FormContentFilter.doFilterInternal(FormContentFilter.java:93)
	at org.springframework.web.filter.OncePerRequestFilter.doFilter(OncePerRequestFilter.java:116)
	at org.apache.catalina.core.ApplicationFilterChain.internalDoFilter(ApplicationFilterChain.java:164)
	at org.apache.catalina.core.ApplicationFilterChain.doFilter(ApplicationFilterChain.java:140)
	at org.springframework.web.filter.CharacterEncodingFilter.doFilterInternal(CharacterEncodingFilter.java:201)
	at org.springframework.web.filter.OncePerRequestFilter.doFilter(OncePerRequestFilter.java:116)
	at org.apache.catalina.core.ApplicationFilterChain.internalDoFilter(ApplicationFilterChain.java:164)
	at org.apache.catalina.core.ApplicationFilterChain.doFilter(ApplicationFilterChain.java:140)
	at org.apache.catalina.core.StandardWrapperValve.invoke(StandardWrapperValve.java:167)
	at org.apache.catalina.core.StandardContextValve.invoke(StandardContextValve.java:90)
	at org.apache.catalina.authenticator.AuthenticatorBase.invoke(AuthenticatorBase.java:483)
	at org.apache.catalina.core.StandardHostValve.invoke(StandardHostValve.java:115)
	at org.apache.catalina.valves.ErrorReportValve.invoke(ErrorReportValve.java:93)
	at org.apache.catalina.core.StandardEngineValve.invoke(StandardEngineValve.java:74)
	at org.apache.catalina.connector.CoyoteAdapter.service(CoyoteAdapter.java:344)
	at org.apache.coyote.http11.Http11Processor.service(Http11Processor.java:397)
	at org.apache.coyote.AbstractProcessorLight.process(AbstractProcessorLight.java:63)
	at org.apache.coyote.AbstractProtocol$ConnectionHandler.process(AbstractProtocol.java:905)
	at org.apache.tomcat.util.net.NioEndpoint$SocketProcessor.doRun(NioEndpoint.java:1743)
	at org.apache.tomcat.util.net.SocketProcessorBase.run(SocketProcessorBase.java:52)
	at org.apache.tomcat.util.threads.ThreadPoolExecutor.runWorker(ThreadPoolExecutor.java:1190)
	at org.apache.tomcat.util.threads.ThreadPoolExecutor$Worker.run(ThreadPoolExecutor.java:659)
	at org.apache.tomcat.util.threads.TaskThread$WrappingRunnable.run(TaskThread.java:63)
	at java.base/java.lang.Thread.run(Thread.java:1575)
2025-04-02 00:22:34.557 [org.springframework.kafka.KafkaListenerEndpointContainer#1-0-C-1] INFO  org.apache.kafka.clients.consumer.internals.ConsumerRebalanceListenerInvoker - [Consumer clientId=consumer-tomge-consumer-group-2, groupId=tomge-consumer-group] Revoke previously assigned partitions testtopic2-0
2025-04-02 00:22:34.557 [org.springframework.kafka.KafkaListenerEndpointContainer#0-0-C-1] INFO  org.apache.kafka.clients.consumer.internals.ConsumerRebalanceListenerInvoker - [Consumer clientId=consumer-tomge-consumer-group-1, groupId=tomge-consumer-group] Revoke previously assigned partitions testtopic-0
2025-04-02 00:22:34.558 [org.springframework.kafka.KafkaListenerEndpointContainer#0-0-C-1] INFO  org.apache.kafka.clients.consumer.internals.ConsumerCoordinator - [Consumer clientId=consumer-tomge-consumer-group-1, groupId=tomge-consumer-group] Member consumer-tomge-consumer-group-1-c20d9dfb-ce0c-4b81-8629-b75f37adf6a5 sending LeaveGroup request to coordinator localhost:9092 (id: 2147483647 rack: null) due to the consumer unsubscribed from all topics
2025-04-02 00:22:34.558 [org.springframework.kafka.KafkaListenerEndpointContainer#1-0-C-1] INFO  org.apache.kafka.clients.consumer.internals.ConsumerCoordinator - [Consumer clientId=consumer-tomge-consumer-group-2, groupId=tomge-consumer-group] Member consumer-tomge-consumer-group-2-4884894c-f325-441b-b98c-391e347c10d6 sending LeaveGroup request to coordinator localhost:9092 (id: 2147483647 rack: null) due to the consumer unsubscribed from all topics
2025-04-02 00:22:34.558 [org.springframework.kafka.KafkaListenerEndpointContainer#1-0-C-1] INFO  org.apache.kafka.clients.consumer.internals.ConsumerCoordinator - [Consumer clientId=consumer-tomge-consumer-group-2, groupId=tomge-consumer-group] Resetting generation and member id due to: consumer pro-actively leaving the group
2025-04-02 00:22:34.558 [org.springframework.kafka.KafkaListenerEndpointContainer#0-0-C-1] INFO  org.apache.kafka.clients.consumer.internals.ConsumerCoordinator - [Consumer clientId=consumer-tomge-consumer-group-1, groupId=tomge-consumer-group] Resetting generation and member id due to: consumer pro-actively leaving the group
2025-04-02 00:22:34.558 [org.springframework.kafka.KafkaListenerEndpointContainer#1-0-C-1] INFO  org.apache.kafka.clients.consumer.internals.ConsumerCoordinator - [Consumer clientId=consumer-tomge-consumer-group-2, groupId=tomge-consumer-group] Request joining group due to: consumer pro-actively leaving the group
2025-04-02 00:22:34.559 [org.springframework.kafka.KafkaListenerEndpointContainer#0-0-C-1] INFO  org.apache.kafka.clients.consumer.internals.ConsumerCoordinator - [Consumer clientId=consumer-tomge-consumer-group-1, groupId=tomge-consumer-group] Request joining group due to: consumer pro-actively leaving the group
2025-04-02 00:22:34.559 [org.springframework.kafka.KafkaListenerEndpointContainer#1-0-C-1] INFO  org.apache.kafka.clients.consumer.internals.LegacyKafkaConsumer - [Consumer clientId=consumer-tomge-consumer-group-2, groupId=tomge-consumer-group] Unsubscribed all topics or patterns and assigned partitions
2025-04-02 00:22:34.559 [org.springframework.kafka.KafkaListenerEndpointContainer#0-0-C-1] INFO  org.apache.kafka.clients.consumer.internals.LegacyKafkaConsumer - [Consumer clientId=consumer-tomge-consumer-group-1, groupId=tomge-consumer-group] Unsubscribed all topics or patterns and assigned partitions
2025-04-02 00:22:34.560 [org.springframework.kafka.KafkaListenerEndpointContainer#1-0-C-1] INFO  org.apache.kafka.clients.consumer.internals.ConsumerCoordinator - [Consumer clientId=consumer-tomge-consumer-group-2, groupId=tomge-consumer-group] Resetting generation and member id due to: consumer pro-actively leaving the group
2025-04-02 00:22:34.560 [org.springframework.kafka.KafkaListenerEndpointContainer#0-0-C-1] INFO  org.apache.kafka.clients.consumer.internals.ConsumerCoordinator - [Consumer clientId=consumer-tomge-consumer-group-1, groupId=tomge-consumer-group] Resetting generation and member id due to: consumer pro-actively leaving the group
2025-04-02 00:22:34.560 [org.springframework.kafka.KafkaListenerEndpointContainer#1-0-C-1] INFO  org.apache.kafka.clients.consumer.internals.ConsumerCoordinator - [Consumer clientId=consumer-tomge-consumer-group-2, groupId=tomge-consumer-group] Request joining group due to: consumer pro-actively leaving the group
2025-04-02 00:22:34.560 [org.springframework.kafka.KafkaListenerEndpointContainer#0-0-C-1] INFO  org.apache.kafka.clients.consumer.internals.ConsumerCoordinator - [Consumer clientId=consumer-tomge-consumer-group-1, groupId=tomge-consumer-group] Request joining group due to: consumer pro-actively leaving the group
2025-04-02 00:22:34.940 [org.springframework.kafka.KafkaListenerEndpointContainer#1-0-C-1] INFO  org.apache.kafka.common.metrics.Metrics - Metrics scheduler closed
2025-04-02 00:22:34.940 [org.springframework.kafka.KafkaListenerEndpointContainer#0-0-C-1] INFO  org.apache.kafka.common.metrics.Metrics - Metrics scheduler closed
2025-04-02 00:22:34.941 [org.springframework.kafka.KafkaListenerEndpointContainer#1-0-C-1] INFO  org.apache.kafka.common.metrics.Metrics - Closing reporter org.apache.kafka.common.metrics.JmxReporter
2025-04-02 00:22:34.941 [org.springframework.kafka.KafkaListenerEndpointContainer#0-0-C-1] INFO  org.apache.kafka.common.metrics.Metrics - Closing reporter org.apache.kafka.common.metrics.JmxReporter
2025-04-02 00:22:34.941 [org.springframework.kafka.KafkaListenerEndpointContainer#1-0-C-1] INFO  org.apache.kafka.common.metrics.Metrics - Closing reporter org.apache.kafka.common.telemetry.internals.ClientTelemetryReporter
2025-04-02 00:22:34.941 [org.springframework.kafka.KafkaListenerEndpointContainer#0-0-C-1] INFO  org.apache.kafka.common.metrics.Metrics - Closing reporter org.apache.kafka.common.telemetry.internals.ClientTelemetryReporter
2025-04-02 00:22:34.941 [org.springframework.kafka.KafkaListenerEndpointContainer#1-0-C-1] INFO  org.apache.kafka.common.metrics.Metrics - Metrics reporters closed
2025-04-02 00:22:34.941 [org.springframework.kafka.KafkaListenerEndpointContainer#0-0-C-1] INFO  org.apache.kafka.common.metrics.Metrics - Metrics reporters closed
2025-04-02 00:22:34.944 [org.springframework.kafka.KafkaListenerEndpointContainer#1-0-C-1] INFO  org.apache.kafka.common.utils.AppInfoParser - App info kafka.consumer for consumer-tomge-consumer-group-2 unregistered
2025-04-02 00:22:34.944 [org.springframework.kafka.KafkaListenerEndpointContainer#0-0-C-1] INFO  org.apache.kafka.common.utils.AppInfoParser - App info kafka.consumer for consumer-tomge-consumer-group-1 unregistered
2025-04-02 00:22:39.231 [main] INFO  com.test.testboot.TestbootApplication - Starting TestbootApplication using Java 23.0.2 with PID 58841 (/Users/zhaoxin/Documents/GitHub/testboot/target/classes started by zhaoxin in /Users/zhaoxin/Documents/GitHub/testboot)
2025-04-02 00:22:39.232 [main] INFO  com.test.testboot.TestbootApplication - No active profile set, falling back to 1 default profile: "default"
2025-04-02 00:22:39.874 [main] INFO  org.apache.coyote.http11.Http11NioProtocol - Initializing ProtocolHandler ["http-nio-9090"]
2025-04-02 00:22:39.875 [main] INFO  org.apache.catalina.core.StandardService - Starting service [Tomcat]
2025-04-02 00:22:39.875 [main] INFO  org.apache.catalina.core.StandardEngine - Starting Servlet engine: [Apache Tomcat/10.1.36]
2025-04-02 00:22:39.896 [main] INFO  org.apache.catalina.core.ContainerBase.[Tomcat].[localhost].[/] - Initializing Spring embedded WebApplicationContext
2025-04-02 00:22:42.002 [main] INFO  org.apache.coyote.http11.Http11NioProtocol - Starting ProtocolHandler ["http-nio-9090"]
2025-04-02 00:22:42.021 [main] INFO  org.apache.kafka.clients.consumer.ConsumerConfig - ConsumerConfig values: 
	allow.auto.create.topics = true
	auto.commit.interval.ms = 5000
	auto.include.jmx.reporter = true
	auto.offset.reset = latest
	bootstrap.servers = [localhost:9092]
	check.crcs = true
	client.dns.lookup = use_all_dns_ips
	client.id = consumer-tomge-consumer-group-1
	client.rack = 
	connections.max.idle.ms = 540000
	default.api.timeout.ms = 60000
	enable.auto.commit = false
	enable.metrics.push = true
	exclude.internal.topics = true
	fetch.max.bytes = 52428800
	fetch.max.wait.ms = 500
	fetch.min.bytes = 1
	group.id = tomge-consumer-group
	group.instance.id = null
	group.protocol = classic
	group.remote.assignor = null
	heartbeat.interval.ms = 3000
	interceptor.classes = []
	internal.leave.group.on.close = true
	internal.throw.on.fetch.stable.offset.unsupported = false
	isolation.level = read_uncommitted
	key.deserializer = class org.apache.kafka.common.serialization.StringDeserializer
	max.partition.fetch.bytes = 1048576
	max.poll.interval.ms = 300000
	max.poll.records = 500
	metadata.max.age.ms = 300000
	metric.reporters = []
	metrics.num.samples = 2
	metrics.recording.level = INFO
	metrics.sample.window.ms = 30000
	partition.assignment.strategy = [class org.apache.kafka.clients.consumer.RangeAssignor, class org.apache.kafka.clients.consumer.CooperativeStickyAssignor]
	receive.buffer.bytes = 65536
	reconnect.backoff.max.ms = 1000
	reconnect.backoff.ms = 50
	request.timeout.ms = 30000
	retry.backoff.max.ms = 1000
	retry.backoff.ms = 100
	sasl.client.callback.handler.class = null
	sasl.jaas.config = null
	sasl.kerberos.kinit.cmd = /usr/bin/kinit
	sasl.kerberos.min.time.before.relogin = 60000
	sasl.kerberos.service.name = null
	sasl.kerberos.ticket.renew.jitter = 0.05
	sasl.kerberos.ticket.renew.window.factor = 0.8
	sasl.login.callback.handler.class = null
	sasl.login.class = null
	sasl.login.connect.timeout.ms = null
	sasl.login.read.timeout.ms = null
	sasl.login.refresh.buffer.seconds = 300
	sasl.login.refresh.min.period.seconds = 60
	sasl.login.refresh.window.factor = 0.8
	sasl.login.refresh.window.jitter = 0.05
	sasl.login.retry.backoff.max.ms = 10000
	sasl.login.retry.backoff.ms = 100
	sasl.mechanism = GSSAPI
	sasl.oauthbearer.clock.skew.seconds = 30
	sasl.oauthbearer.expected.audience = null
	sasl.oauthbearer.expected.issuer = null
	sasl.oauthbearer.jwks.endpoint.refresh.ms = 3600000
	sasl.oauthbearer.jwks.endpoint.retry.backoff.max.ms = 10000
	sasl.oauthbearer.jwks.endpoint.retry.backoff.ms = 100
	sasl.oauthbearer.jwks.endpoint.url = null
	sasl.oauthbearer.scope.claim.name = scope
	sasl.oauthbearer.sub.claim.name = sub
	sasl.oauthbearer.token.endpoint.url = null
	security.protocol = PLAINTEXT
	security.providers = null
	send.buffer.bytes = 131072
	session.timeout.ms = 45000
	socket.connection.setup.timeout.max.ms = 30000
	socket.connection.setup.timeout.ms = 10000
	ssl.cipher.suites = null
	ssl.enabled.protocols = [TLSv1.2, TLSv1.3]
	ssl.endpoint.identification.algorithm = https
	ssl.engine.factory.class = null
	ssl.key.password = null
	ssl.keymanager.algorithm = SunX509
	ssl.keystore.certificate.chain = null
	ssl.keystore.key = null
	ssl.keystore.location = null
	ssl.keystore.password = null
	ssl.keystore.type = JKS
	ssl.protocol = TLSv1.3
	ssl.provider = null
	ssl.secure.random.implementation = null
	ssl.trustmanager.algorithm = PKIX
	ssl.truststore.certificates = null
	ssl.truststore.location = null
	ssl.truststore.password = null
	ssl.truststore.type = JKS
	value.deserializer = class org.apache.kafka.common.serialization.StringDeserializer

2025-04-02 00:22:42.040 [main] INFO  org.apache.kafka.common.telemetry.internals.KafkaMetricsCollector - initializing Kafka metrics collector
2025-04-02 00:22:42.066 [main] INFO  org.apache.kafka.common.utils.AppInfoParser - Kafka version: 3.7.2
2025-04-02 00:22:42.067 [main] INFO  org.apache.kafka.common.utils.AppInfoParser - Kafka commitId: 79a8f2b5f44f9d5a
2025-04-02 00:22:42.067 [main] INFO  org.apache.kafka.common.utils.AppInfoParser - Kafka startTimeMs: 1743524562066
2025-04-02 00:22:42.068 [main] INFO  org.apache.kafka.clients.consumer.internals.LegacyKafkaConsumer - [Consumer clientId=consumer-tomge-consumer-group-1, groupId=tomge-consumer-group] Subscribed to topic(s): testtopic
2025-04-02 00:22:42.071 [main] INFO  org.apache.kafka.clients.consumer.ConsumerConfig - ConsumerConfig values: 
	allow.auto.create.topics = true
	auto.commit.interval.ms = 5000
	auto.include.jmx.reporter = true
	auto.offset.reset = latest
	bootstrap.servers = [localhost:9092]
	check.crcs = true
	client.dns.lookup = use_all_dns_ips
	client.id = consumer-tomge-consumer-group-2
	client.rack = 
	connections.max.idle.ms = 540000
	default.api.timeout.ms = 60000
	enable.auto.commit = false
	enable.metrics.push = true
	exclude.internal.topics = true
	fetch.max.bytes = 52428800
	fetch.max.wait.ms = 500
	fetch.min.bytes = 1
	group.id = tomge-consumer-group
	group.instance.id = null
	group.protocol = classic
	group.remote.assignor = null
	heartbeat.interval.ms = 3000
	interceptor.classes = []
	internal.leave.group.on.close = true
	internal.throw.on.fetch.stable.offset.unsupported = false
	isolation.level = read_uncommitted
	key.deserializer = class org.apache.kafka.common.serialization.StringDeserializer
	max.partition.fetch.bytes = 1048576
	max.poll.interval.ms = 300000
	max.poll.records = 500
	metadata.max.age.ms = 300000
	metric.reporters = []
	metrics.num.samples = 2
	metrics.recording.level = INFO
	metrics.sample.window.ms = 30000
	partition.assignment.strategy = [class org.apache.kafka.clients.consumer.RangeAssignor, class org.apache.kafka.clients.consumer.CooperativeStickyAssignor]
	receive.buffer.bytes = 65536
	reconnect.backoff.max.ms = 1000
	reconnect.backoff.ms = 50
	request.timeout.ms = 30000
	retry.backoff.max.ms = 1000
	retry.backoff.ms = 100
	sasl.client.callback.handler.class = null
	sasl.jaas.config = null
	sasl.kerberos.kinit.cmd = /usr/bin/kinit
	sasl.kerberos.min.time.before.relogin = 60000
	sasl.kerberos.service.name = null
	sasl.kerberos.ticket.renew.jitter = 0.05
	sasl.kerberos.ticket.renew.window.factor = 0.8
	sasl.login.callback.handler.class = null
	sasl.login.class = null
	sasl.login.connect.timeout.ms = null
	sasl.login.read.timeout.ms = null
	sasl.login.refresh.buffer.seconds = 300
	sasl.login.refresh.min.period.seconds = 60
	sasl.login.refresh.window.factor = 0.8
	sasl.login.refresh.window.jitter = 0.05
	sasl.login.retry.backoff.max.ms = 10000
	sasl.login.retry.backoff.ms = 100
	sasl.mechanism = GSSAPI
	sasl.oauthbearer.clock.skew.seconds = 30
	sasl.oauthbearer.expected.audience = null
	sasl.oauthbearer.expected.issuer = null
	sasl.oauthbearer.jwks.endpoint.refresh.ms = 3600000
	sasl.oauthbearer.jwks.endpoint.retry.backoff.max.ms = 10000
	sasl.oauthbearer.jwks.endpoint.retry.backoff.ms = 100
	sasl.oauthbearer.jwks.endpoint.url = null
	sasl.oauthbearer.scope.claim.name = scope
	sasl.oauthbearer.sub.claim.name = sub
	sasl.oauthbearer.token.endpoint.url = null
	security.protocol = PLAINTEXT
	security.providers = null
	send.buffer.bytes = 131072
	session.timeout.ms = 45000
	socket.connection.setup.timeout.max.ms = 30000
	socket.connection.setup.timeout.ms = 10000
	ssl.cipher.suites = null
	ssl.enabled.protocols = [TLSv1.2, TLSv1.3]
	ssl.endpoint.identification.algorithm = https
	ssl.engine.factory.class = null
	ssl.key.password = null
	ssl.keymanager.algorithm = SunX509
	ssl.keystore.certificate.chain = null
	ssl.keystore.key = null
	ssl.keystore.location = null
	ssl.keystore.password = null
	ssl.keystore.type = JKS
	ssl.protocol = TLSv1.3
	ssl.provider = null
	ssl.secure.random.implementation = null
	ssl.trustmanager.algorithm = PKIX
	ssl.truststore.certificates = null
	ssl.truststore.location = null
	ssl.truststore.password = null
	ssl.truststore.type = JKS
	value.deserializer = class org.apache.kafka.common.serialization.StringDeserializer

2025-04-02 00:22:42.071 [main] INFO  org.apache.kafka.common.telemetry.internals.KafkaMetricsCollector - initializing Kafka metrics collector
2025-04-02 00:22:42.073 [main] INFO  org.apache.kafka.common.utils.AppInfoParser - Kafka version: 3.7.2
2025-04-02 00:22:42.073 [main] INFO  org.apache.kafka.common.utils.AppInfoParser - Kafka commitId: 79a8f2b5f44f9d5a
2025-04-02 00:22:42.073 [main] INFO  org.apache.kafka.common.utils.AppInfoParser - Kafka startTimeMs: 1743524562073
2025-04-02 00:22:42.074 [main] INFO  org.apache.kafka.clients.consumer.internals.LegacyKafkaConsumer - [Consumer clientId=consumer-tomge-consumer-group-2, groupId=tomge-consumer-group] Subscribed to topic(s): testtopic2
2025-04-02 00:22:42.079 [main] INFO  com.test.testboot.TestbootApplication - Started TestbootApplication in 3.038 seconds (process running for 3.281)
2025-04-02 00:22:42.189 [org.springframework.kafka.KafkaListenerEndpointContainer#0-0-C-1] INFO  org.apache.kafka.clients.Metadata - [Consumer clientId=consumer-tomge-consumer-group-1, groupId=tomge-consumer-group] Cluster ID: 55v202dzTXeo6Uf5cKQwuw
2025-04-02 00:22:42.189 [org.springframework.kafka.KafkaListenerEndpointContainer#1-0-C-1] INFO  org.apache.kafka.clients.Metadata - [Consumer clientId=consumer-tomge-consumer-group-2, groupId=tomge-consumer-group] Cluster ID: 55v202dzTXeo6Uf5cKQwuw
2025-04-02 00:22:42.190 [org.springframework.kafka.KafkaListenerEndpointContainer#0-0-C-1] INFO  org.apache.kafka.clients.consumer.internals.ConsumerCoordinator - [Consumer clientId=consumer-tomge-consumer-group-1, groupId=tomge-consumer-group] Discovered group coordinator localhost:9092 (id: 2147483647 rack: null)
2025-04-02 00:22:42.190 [org.springframework.kafka.KafkaListenerEndpointContainer#1-0-C-1] INFO  org.apache.kafka.clients.consumer.internals.ConsumerCoordinator - [Consumer clientId=consumer-tomge-consumer-group-2, groupId=tomge-consumer-group] Discovered group coordinator localhost:9092 (id: 2147483647 rack: null)
2025-04-02 00:22:42.190 [org.springframework.kafka.KafkaListenerEndpointContainer#1-0-C-1] INFO  org.apache.kafka.clients.consumer.internals.ConsumerCoordinator - [Consumer clientId=consumer-tomge-consumer-group-2, groupId=tomge-consumer-group] (Re-)joining group
2025-04-02 00:22:42.190 [org.springframework.kafka.KafkaListenerEndpointContainer#0-0-C-1] INFO  org.apache.kafka.clients.consumer.internals.ConsumerCoordinator - [Consumer clientId=consumer-tomge-consumer-group-1, groupId=tomge-consumer-group] (Re-)joining group
2025-04-02 00:22:42.197 [org.springframework.kafka.KafkaListenerEndpointContainer#0-0-C-1] INFO  org.apache.kafka.clients.consumer.internals.ConsumerCoordinator - [Consumer clientId=consumer-tomge-consumer-group-1, groupId=tomge-consumer-group] Request joining group due to: need to re-join with the given member-id: consumer-tomge-consumer-group-1-0aff8486-15f9-40a7-bcd0-51aba9743d55
2025-04-02 00:22:42.197 [org.springframework.kafka.KafkaListenerEndpointContainer#0-0-C-1] INFO  org.apache.kafka.clients.consumer.internals.ConsumerCoordinator - [Consumer clientId=consumer-tomge-consumer-group-1, groupId=tomge-consumer-group] (Re-)joining group
2025-04-02 00:22:42.197 [org.springframework.kafka.KafkaListenerEndpointContainer#1-0-C-1] INFO  org.apache.kafka.clients.consumer.internals.ConsumerCoordinator - [Consumer clientId=consumer-tomge-consumer-group-2, groupId=tomge-consumer-group] Request joining group due to: need to re-join with the given member-id: consumer-tomge-consumer-group-2-c14c73df-279c-45cd-99d9-238d23aba712
2025-04-02 00:22:42.197 [org.springframework.kafka.KafkaListenerEndpointContainer#1-0-C-1] INFO  org.apache.kafka.clients.consumer.internals.ConsumerCoordinator - [Consumer clientId=consumer-tomge-consumer-group-2, groupId=tomge-consumer-group] (Re-)joining group
2025-04-02 00:22:42.199 [org.springframework.kafka.KafkaListenerEndpointContainer#0-0-C-1] INFO  org.apache.kafka.clients.consumer.internals.ConsumerCoordinator - [Consumer clientId=consumer-tomge-consumer-group-1, groupId=tomge-consumer-group] Successfully joined group with generation Generation{generationId=133, memberId='consumer-tomge-consumer-group-1-0aff8486-15f9-40a7-bcd0-51aba9743d55', protocol='range'}
2025-04-02 00:22:42.199 [org.springframework.kafka.KafkaListenerEndpointContainer#1-0-C-1] INFO  org.apache.kafka.clients.consumer.internals.ConsumerCoordinator - [Consumer clientId=consumer-tomge-consumer-group-2, groupId=tomge-consumer-group] Successfully joined group with generation Generation{generationId=133, memberId='consumer-tomge-consumer-group-2-c14c73df-279c-45cd-99d9-238d23aba712', protocol='range'}
2025-04-02 00:22:42.203 [org.springframework.kafka.KafkaListenerEndpointContainer#0-0-C-1] INFO  org.apache.kafka.clients.consumer.internals.ConsumerCoordinator - [Consumer clientId=consumer-tomge-consumer-group-1, groupId=tomge-consumer-group] Finished assignment for group at generation 133: {consumer-tomge-consumer-group-1-0aff8486-15f9-40a7-bcd0-51aba9743d55=Assignment(partitions=[testtopic-0]), consumer-tomge-consumer-group-2-c14c73df-279c-45cd-99d9-238d23aba712=Assignment(partitions=[testtopic2-0])}
2025-04-02 00:22:42.206 [org.springframework.kafka.KafkaListenerEndpointContainer#1-0-C-1] INFO  org.apache.kafka.clients.consumer.internals.ConsumerCoordinator - [Consumer clientId=consumer-tomge-consumer-group-2, groupId=tomge-consumer-group] Successfully synced group in generation Generation{generationId=133, memberId='consumer-tomge-consumer-group-2-c14c73df-279c-45cd-99d9-238d23aba712', protocol='range'}
2025-04-02 00:22:42.206 [org.springframework.kafka.KafkaListenerEndpointContainer#0-0-C-1] INFO  org.apache.kafka.clients.consumer.internals.ConsumerCoordinator - [Consumer clientId=consumer-tomge-consumer-group-1, groupId=tomge-consumer-group] Successfully synced group in generation Generation{generationId=133, memberId='consumer-tomge-consumer-group-1-0aff8486-15f9-40a7-bcd0-51aba9743d55', protocol='range'}
2025-04-02 00:22:42.206 [org.springframework.kafka.KafkaListenerEndpointContainer#0-0-C-1] INFO  org.apache.kafka.clients.consumer.internals.ConsumerCoordinator - [Consumer clientId=consumer-tomge-consumer-group-1, groupId=tomge-consumer-group] Notifying assignor about the new Assignment(partitions=[testtopic-0])
2025-04-02 00:22:42.206 [org.springframework.kafka.KafkaListenerEndpointContainer#1-0-C-1] INFO  org.apache.kafka.clients.consumer.internals.ConsumerCoordinator - [Consumer clientId=consumer-tomge-consumer-group-2, groupId=tomge-consumer-group] Notifying assignor about the new Assignment(partitions=[testtopic2-0])
2025-04-02 00:22:42.207 [org.springframework.kafka.KafkaListenerEndpointContainer#1-0-C-1] INFO  org.apache.kafka.clients.consumer.internals.ConsumerRebalanceListenerInvoker - [Consumer clientId=consumer-tomge-consumer-group-2, groupId=tomge-consumer-group] Adding newly assigned partitions: testtopic2-0
2025-04-02 00:22:42.207 [org.springframework.kafka.KafkaListenerEndpointContainer#0-0-C-1] INFO  org.apache.kafka.clients.consumer.internals.ConsumerRebalanceListenerInvoker - [Consumer clientId=consumer-tomge-consumer-group-1, groupId=tomge-consumer-group] Adding newly assigned partitions: testtopic-0
2025-04-02 00:22:42.211 [org.springframework.kafka.KafkaListenerEndpointContainer#1-0-C-1] INFO  org.apache.kafka.clients.consumer.internals.ConsumerUtils - Setting offset for partition testtopic2-0 to the committed offset FetchPosition{offset=57, offsetEpoch=Optional.empty, currentLeader=LeaderAndEpoch{leader=Optional[localhost:9092 (id: 0 rack: null)], epoch=0}}
2025-04-02 00:22:42.211 [org.springframework.kafka.KafkaListenerEndpointContainer#0-0-C-1] INFO  org.apache.kafka.clients.consumer.internals.ConsumerUtils - Setting offset for partition testtopic-0 to the committed offset FetchPosition{offset=82, offsetEpoch=Optional.empty, currentLeader=LeaderAndEpoch{leader=Optional[localhost:9092 (id: 0 rack: null)], epoch=0}}
2025-04-02 00:22:49.469 [http-nio-9090-exec-2] INFO  org.apache.catalina.core.ContainerBase.[Tomcat].[localhost].[/] - Initializing Spring DispatcherServlet 'dispatcherServlet'
2025-04-02 00:22:49.683 [http-nio-9090-exec-2] INFO  com.test.testboot.service.impl.ScoreServiceImpl - {"address":"湖北省襄阳市","sex":"女","name":"黄蓉","birth":"1500","id":"913","department":"丐帮"}
2025-04-02 00:22:49.700 [http-nio-9090-exec-2] ERROR org.apache.catalina.core.ContainerBase.[Tomcat].[localhost].[/].[dispatcherServlet] - Servlet.service() for servlet [dispatcherServlet] in context with path [] threw exception [Request processing failed: java.lang.NullPointerException: Cannot invoke "java.util.List.toString()" because "list" is null] with root cause
java.lang.NullPointerException: Cannot invoke "java.util.List.toString()" because "list" is null
	at com.test.testboot.controller.StudentController.findById(StudentController.java:46)
	at java.base/jdk.internal.reflect.DirectMethodHandleAccessor.invoke(DirectMethodHandleAccessor.java:103)
	at java.base/java.lang.reflect.Method.invoke(Method.java:580)
	at org.springframework.web.method.support.InvocableHandlerMethod.doInvoke(InvocableHandlerMethod.java:255)
	at org.springframework.web.method.support.InvocableHandlerMethod.invokeForRequest(InvocableHandlerMethod.java:188)
	at org.springframework.web.servlet.mvc.method.annotation.ServletInvocableHandlerMethod.invokeAndHandle(ServletInvocableHandlerMethod.java:118)
	at org.springframework.web.servlet.mvc.method.annotation.RequestMappingHandlerAdapter.invokeHandlerMethod(RequestMappingHandlerAdapter.java:926)
	at org.springframework.web.servlet.mvc.method.annotation.RequestMappingHandlerAdapter.handleInternal(RequestMappingHandlerAdapter.java:831)
	at org.springframework.web.servlet.mvc.method.AbstractHandlerMethodAdapter.handle(AbstractHandlerMethodAdapter.java:87)
	at org.springframework.web.servlet.DispatcherServlet.doDispatch(DispatcherServlet.java:1089)
	at org.springframework.web.servlet.DispatcherServlet.doService(DispatcherServlet.java:979)
	at org.springframework.web.servlet.FrameworkServlet.processRequest(FrameworkServlet.java:1014)
	at org.springframework.web.servlet.FrameworkServlet.doGet(FrameworkServlet.java:903)
	at jakarta.servlet.http.HttpServlet.service(HttpServlet.java:564)
	at org.springframework.web.servlet.FrameworkServlet.service(FrameworkServlet.java:885)
	at jakarta.servlet.http.HttpServlet.service(HttpServlet.java:658)
	at org.apache.catalina.core.ApplicationFilterChain.internalDoFilter(ApplicationFilterChain.java:195)
	at org.apache.catalina.core.ApplicationFilterChain.doFilter(ApplicationFilterChain.java:140)
	at org.apache.tomcat.websocket.server.WsFilter.doFilter(WsFilter.java:51)
	at org.apache.catalina.core.ApplicationFilterChain.internalDoFilter(ApplicationFilterChain.java:164)
	at org.apache.catalina.core.ApplicationFilterChain.doFilter(ApplicationFilterChain.java:140)
	at org.springframework.web.filter.RequestContextFilter.doFilterInternal(RequestContextFilter.java:100)
	at org.springframework.web.filter.OncePerRequestFilter.doFilter(OncePerRequestFilter.java:116)
	at org.apache.catalina.core.ApplicationFilterChain.internalDoFilter(ApplicationFilterChain.java:164)
	at org.apache.catalina.core.ApplicationFilterChain.doFilter(ApplicationFilterChain.java:140)
	at org.springframework.web.filter.FormContentFilter.doFilterInternal(FormContentFilter.java:93)
	at org.springframework.web.filter.OncePerRequestFilter.doFilter(OncePerRequestFilter.java:116)
	at org.apache.catalina.core.ApplicationFilterChain.internalDoFilter(ApplicationFilterChain.java:164)
	at org.apache.catalina.core.ApplicationFilterChain.doFilter(ApplicationFilterChain.java:140)
	at org.springframework.web.filter.CharacterEncodingFilter.doFilterInternal(CharacterEncodingFilter.java:201)
	at org.springframework.web.filter.OncePerRequestFilter.doFilter(OncePerRequestFilter.java:116)
	at org.apache.catalina.core.ApplicationFilterChain.internalDoFilter(ApplicationFilterChain.java:164)
	at org.apache.catalina.core.ApplicationFilterChain.doFilter(ApplicationFilterChain.java:140)
	at org.apache.catalina.core.StandardWrapperValve.invoke(StandardWrapperValve.java:167)
	at org.apache.catalina.core.StandardContextValve.invoke(StandardContextValve.java:90)
	at org.apache.catalina.authenticator.AuthenticatorBase.invoke(AuthenticatorBase.java:483)
	at org.apache.catalina.core.StandardHostValve.invoke(StandardHostValve.java:115)
	at org.apache.catalina.valves.ErrorReportValve.invoke(ErrorReportValve.java:93)
	at org.apache.catalina.core.StandardEngineValve.invoke(StandardEngineValve.java:74)
	at org.apache.catalina.connector.CoyoteAdapter.service(CoyoteAdapter.java:344)
	at org.apache.coyote.http11.Http11Processor.service(Http11Processor.java:397)
	at org.apache.coyote.AbstractProcessorLight.process(AbstractProcessorLight.java:63)
	at org.apache.coyote.AbstractProtocol$ConnectionHandler.process(AbstractProtocol.java:905)
	at org.apache.tomcat.util.net.NioEndpoint$SocketProcessor.doRun(NioEndpoint.java:1743)
	at org.apache.tomcat.util.net.SocketProcessorBase.run(SocketProcessorBase.java:52)
	at org.apache.tomcat.util.threads.ThreadPoolExecutor.runWorker(ThreadPoolExecutor.java:1190)
	at org.apache.tomcat.util.threads.ThreadPoolExecutor$Worker.run(ThreadPoolExecutor.java:659)
	at org.apache.tomcat.util.threads.TaskThread$WrappingRunnable.run(TaskThread.java:63)
	at java.base/java.lang.Thread.run(Thread.java:1575)
2025-04-02 00:23:19.958 [org.springframework.kafka.KafkaListenerEndpointContainer#1-0-C-1] INFO  org.apache.kafka.clients.consumer.internals.ConsumerRebalanceListenerInvoker - [Consumer clientId=consumer-tomge-consumer-group-2, groupId=tomge-consumer-group] Revoke previously assigned partitions testtopic2-0
2025-04-02 00:23:19.958 [org.springframework.kafka.KafkaListenerEndpointContainer#0-0-C-1] INFO  org.apache.kafka.clients.consumer.internals.ConsumerRebalanceListenerInvoker - [Consumer clientId=consumer-tomge-consumer-group-1, groupId=tomge-consumer-group] Revoke previously assigned partitions testtopic-0
2025-04-02 00:23:19.959 [org.springframework.kafka.KafkaListenerEndpointContainer#1-0-C-1] INFO  org.apache.kafka.clients.consumer.internals.ConsumerCoordinator - [Consumer clientId=consumer-tomge-consumer-group-2, groupId=tomge-consumer-group] Member consumer-tomge-consumer-group-2-c14c73df-279c-45cd-99d9-238d23aba712 sending LeaveGroup request to coordinator localhost:9092 (id: 2147483647 rack: null) due to the consumer unsubscribed from all topics
2025-04-02 00:23:19.959 [org.springframework.kafka.KafkaListenerEndpointContainer#0-0-C-1] INFO  org.apache.kafka.clients.consumer.internals.ConsumerCoordinator - [Consumer clientId=consumer-tomge-consumer-group-1, groupId=tomge-consumer-group] Member consumer-tomge-consumer-group-1-0aff8486-15f9-40a7-bcd0-51aba9743d55 sending LeaveGroup request to coordinator localhost:9092 (id: 2147483647 rack: null) due to the consumer unsubscribed from all topics
2025-04-02 00:23:19.960 [org.springframework.kafka.KafkaListenerEndpointContainer#1-0-C-1] INFO  org.apache.kafka.clients.consumer.internals.ConsumerCoordinator - [Consumer clientId=consumer-tomge-consumer-group-2, groupId=tomge-consumer-group] Resetting generation and member id due to: consumer pro-actively leaving the group
2025-04-02 00:23:19.960 [org.springframework.kafka.KafkaListenerEndpointContainer#0-0-C-1] INFO  org.apache.kafka.clients.consumer.internals.ConsumerCoordinator - [Consumer clientId=consumer-tomge-consumer-group-1, groupId=tomge-consumer-group] Resetting generation and member id due to: consumer pro-actively leaving the group
2025-04-02 00:23:19.960 [org.springframework.kafka.KafkaListenerEndpointContainer#1-0-C-1] INFO  org.apache.kafka.clients.consumer.internals.ConsumerCoordinator - [Consumer clientId=consumer-tomge-consumer-group-2, groupId=tomge-consumer-group] Request joining group due to: consumer pro-actively leaving the group
2025-04-02 00:23:19.960 [org.springframework.kafka.KafkaListenerEndpointContainer#0-0-C-1] INFO  org.apache.kafka.clients.consumer.internals.ConsumerCoordinator - [Consumer clientId=consumer-tomge-consumer-group-1, groupId=tomge-consumer-group] Request joining group due to: consumer pro-actively leaving the group
2025-04-02 00:23:19.960 [org.springframework.kafka.KafkaListenerEndpointContainer#1-0-C-1] INFO  org.apache.kafka.clients.consumer.internals.LegacyKafkaConsumer - [Consumer clientId=consumer-tomge-consumer-group-2, groupId=tomge-consumer-group] Unsubscribed all topics or patterns and assigned partitions
2025-04-02 00:23:19.960 [org.springframework.kafka.KafkaListenerEndpointContainer#0-0-C-1] INFO  org.apache.kafka.clients.consumer.internals.LegacyKafkaConsumer - [Consumer clientId=consumer-tomge-consumer-group-1, groupId=tomge-consumer-group] Unsubscribed all topics or patterns and assigned partitions
2025-04-02 00:23:19.961 [org.springframework.kafka.KafkaListenerEndpointContainer#1-0-C-1] INFO  org.apache.kafka.clients.consumer.internals.ConsumerCoordinator - [Consumer clientId=consumer-tomge-consumer-group-2, groupId=tomge-consumer-group] Resetting generation and member id due to: consumer pro-actively leaving the group
2025-04-02 00:23:19.961 [org.springframework.kafka.KafkaListenerEndpointContainer#0-0-C-1] INFO  org.apache.kafka.clients.consumer.internals.ConsumerCoordinator - [Consumer clientId=consumer-tomge-consumer-group-1, groupId=tomge-consumer-group] Resetting generation and member id due to: consumer pro-actively leaving the group
2025-04-02 00:23:19.961 [org.springframework.kafka.KafkaListenerEndpointContainer#1-0-C-1] INFO  org.apache.kafka.clients.consumer.internals.ConsumerCoordinator - [Consumer clientId=consumer-tomge-consumer-group-2, groupId=tomge-consumer-group] Request joining group due to: consumer pro-actively leaving the group
2025-04-02 00:23:19.961 [org.springframework.kafka.KafkaListenerEndpointContainer#0-0-C-1] INFO  org.apache.kafka.clients.consumer.internals.ConsumerCoordinator - [Consumer clientId=consumer-tomge-consumer-group-1, groupId=tomge-consumer-group] Request joining group due to: consumer pro-actively leaving the group
2025-04-02 00:23:20.015 [org.springframework.kafka.KafkaListenerEndpointContainer#0-0-C-1] INFO  org.apache.kafka.common.metrics.Metrics - Metrics scheduler closed
2025-04-02 00:23:20.015 [org.springframework.kafka.KafkaListenerEndpointContainer#1-0-C-1] INFO  org.apache.kafka.common.metrics.Metrics - Metrics scheduler closed
2025-04-02 00:23:20.015 [org.springframework.kafka.KafkaListenerEndpointContainer#0-0-C-1] INFO  org.apache.kafka.common.metrics.Metrics - Closing reporter org.apache.kafka.common.metrics.JmxReporter
2025-04-02 00:23:20.015 [org.springframework.kafka.KafkaListenerEndpointContainer#1-0-C-1] INFO  org.apache.kafka.common.metrics.Metrics - Closing reporter org.apache.kafka.common.metrics.JmxReporter
2025-04-02 00:23:20.015 [org.springframework.kafka.KafkaListenerEndpointContainer#0-0-C-1] INFO  org.apache.kafka.common.metrics.Metrics - Closing reporter org.apache.kafka.common.telemetry.internals.ClientTelemetryReporter
2025-04-02 00:23:20.015 [org.springframework.kafka.KafkaListenerEndpointContainer#1-0-C-1] INFO  org.apache.kafka.common.metrics.Metrics - Closing reporter org.apache.kafka.common.telemetry.internals.ClientTelemetryReporter
2025-04-02 00:23:20.015 [org.springframework.kafka.KafkaListenerEndpointContainer#0-0-C-1] INFO  org.apache.kafka.common.metrics.Metrics - Metrics reporters closed
2025-04-02 00:23:20.015 [org.springframework.kafka.KafkaListenerEndpointContainer#1-0-C-1] INFO  org.apache.kafka.common.metrics.Metrics - Metrics reporters closed
2025-04-02 00:23:20.019 [org.springframework.kafka.KafkaListenerEndpointContainer#0-0-C-1] INFO  org.apache.kafka.common.utils.AppInfoParser - App info kafka.consumer for consumer-tomge-consumer-group-1 unregistered
2025-04-02 00:23:20.019 [org.springframework.kafka.KafkaListenerEndpointContainer#1-0-C-1] INFO  org.apache.kafka.common.utils.AppInfoParser - App info kafka.consumer for consumer-tomge-consumer-group-2 unregistered
2025-04-02 00:23:24.605 [main] INFO  com.test.testboot.TestbootApplication - Starting TestbootApplication using Java 23.0.2 with PID 58862 (/Users/zhaoxin/Documents/GitHub/testboot/target/classes started by zhaoxin in /Users/zhaoxin/Documents/GitHub/testboot)
2025-04-02 00:23:24.606 [main] INFO  com.test.testboot.TestbootApplication - No active profile set, falling back to 1 default profile: "default"
2025-04-02 00:23:25.241 [main] INFO  org.apache.coyote.http11.Http11NioProtocol - Initializing ProtocolHandler ["http-nio-9090"]
2025-04-02 00:23:25.242 [main] INFO  org.apache.catalina.core.StandardService - Starting service [Tomcat]
2025-04-02 00:23:25.243 [main] INFO  org.apache.catalina.core.StandardEngine - Starting Servlet engine: [Apache Tomcat/10.1.36]
2025-04-02 00:23:25.263 [main] INFO  org.apache.catalina.core.ContainerBase.[Tomcat].[localhost].[/] - Initializing Spring embedded WebApplicationContext
2025-04-02 00:23:27.342 [main] INFO  org.apache.coyote.http11.Http11NioProtocol - Starting ProtocolHandler ["http-nio-9090"]
2025-04-02 00:23:27.360 [main] INFO  org.apache.kafka.clients.consumer.ConsumerConfig - ConsumerConfig values: 
	allow.auto.create.topics = true
	auto.commit.interval.ms = 5000
	auto.include.jmx.reporter = true
	auto.offset.reset = latest
	bootstrap.servers = [localhost:9092]
	check.crcs = true
	client.dns.lookup = use_all_dns_ips
	client.id = consumer-tomge-consumer-group-1
	client.rack = 
	connections.max.idle.ms = 540000
	default.api.timeout.ms = 60000
	enable.auto.commit = false
	enable.metrics.push = true
	exclude.internal.topics = true
	fetch.max.bytes = 52428800
	fetch.max.wait.ms = 500
	fetch.min.bytes = 1
	group.id = tomge-consumer-group
	group.instance.id = null
	group.protocol = classic
	group.remote.assignor = null
	heartbeat.interval.ms = 3000
	interceptor.classes = []
	internal.leave.group.on.close = true
	internal.throw.on.fetch.stable.offset.unsupported = false
	isolation.level = read_uncommitted
	key.deserializer = class org.apache.kafka.common.serialization.StringDeserializer
	max.partition.fetch.bytes = 1048576
	max.poll.interval.ms = 300000
	max.poll.records = 500
	metadata.max.age.ms = 300000
	metric.reporters = []
	metrics.num.samples = 2
	metrics.recording.level = INFO
	metrics.sample.window.ms = 30000
	partition.assignment.strategy = [class org.apache.kafka.clients.consumer.RangeAssignor, class org.apache.kafka.clients.consumer.CooperativeStickyAssignor]
	receive.buffer.bytes = 65536
	reconnect.backoff.max.ms = 1000
	reconnect.backoff.ms = 50
	request.timeout.ms = 30000
	retry.backoff.max.ms = 1000
	retry.backoff.ms = 100
	sasl.client.callback.handler.class = null
	sasl.jaas.config = null
	sasl.kerberos.kinit.cmd = /usr/bin/kinit
	sasl.kerberos.min.time.before.relogin = 60000
	sasl.kerberos.service.name = null
	sasl.kerberos.ticket.renew.jitter = 0.05
	sasl.kerberos.ticket.renew.window.factor = 0.8
	sasl.login.callback.handler.class = null
	sasl.login.class = null
	sasl.login.connect.timeout.ms = null
	sasl.login.read.timeout.ms = null
	sasl.login.refresh.buffer.seconds = 300
	sasl.login.refresh.min.period.seconds = 60
	sasl.login.refresh.window.factor = 0.8
	sasl.login.refresh.window.jitter = 0.05
	sasl.login.retry.backoff.max.ms = 10000
	sasl.login.retry.backoff.ms = 100
	sasl.mechanism = GSSAPI
	sasl.oauthbearer.clock.skew.seconds = 30
	sasl.oauthbearer.expected.audience = null
	sasl.oauthbearer.expected.issuer = null
	sasl.oauthbearer.jwks.endpoint.refresh.ms = 3600000
	sasl.oauthbearer.jwks.endpoint.retry.backoff.max.ms = 10000
	sasl.oauthbearer.jwks.endpoint.retry.backoff.ms = 100
	sasl.oauthbearer.jwks.endpoint.url = null
	sasl.oauthbearer.scope.claim.name = scope
	sasl.oauthbearer.sub.claim.name = sub
	sasl.oauthbearer.token.endpoint.url = null
	security.protocol = PLAINTEXT
	security.providers = null
	send.buffer.bytes = 131072
	session.timeout.ms = 45000
	socket.connection.setup.timeout.max.ms = 30000
	socket.connection.setup.timeout.ms = 10000
	ssl.cipher.suites = null
	ssl.enabled.protocols = [TLSv1.2, TLSv1.3]
	ssl.endpoint.identification.algorithm = https
	ssl.engine.factory.class = null
	ssl.key.password = null
	ssl.keymanager.algorithm = SunX509
	ssl.keystore.certificate.chain = null
	ssl.keystore.key = null
	ssl.keystore.location = null
	ssl.keystore.password = null
	ssl.keystore.type = JKS
	ssl.protocol = TLSv1.3
	ssl.provider = null
	ssl.secure.random.implementation = null
	ssl.trustmanager.algorithm = PKIX
	ssl.truststore.certificates = null
	ssl.truststore.location = null
	ssl.truststore.password = null
	ssl.truststore.type = JKS
	value.deserializer = class org.apache.kafka.common.serialization.StringDeserializer

2025-04-02 00:23:27.378 [main] INFO  org.apache.kafka.common.telemetry.internals.KafkaMetricsCollector - initializing Kafka metrics collector
2025-04-02 00:23:27.404 [main] INFO  org.apache.kafka.common.utils.AppInfoParser - Kafka version: 3.7.2
2025-04-02 00:23:27.404 [main] INFO  org.apache.kafka.common.utils.AppInfoParser - Kafka commitId: 79a8f2b5f44f9d5a
2025-04-02 00:23:27.404 [main] INFO  org.apache.kafka.common.utils.AppInfoParser - Kafka startTimeMs: 1743524607403
2025-04-02 00:23:27.405 [main] INFO  org.apache.kafka.clients.consumer.internals.LegacyKafkaConsumer - [Consumer clientId=consumer-tomge-consumer-group-1, groupId=tomge-consumer-group] Subscribed to topic(s): testtopic
2025-04-02 00:23:27.408 [main] INFO  org.apache.kafka.clients.consumer.ConsumerConfig - ConsumerConfig values: 
	allow.auto.create.topics = true
	auto.commit.interval.ms = 5000
	auto.include.jmx.reporter = true
	auto.offset.reset = latest
	bootstrap.servers = [localhost:9092]
	check.crcs = true
	client.dns.lookup = use_all_dns_ips
	client.id = consumer-tomge-consumer-group-2
	client.rack = 
	connections.max.idle.ms = 540000
	default.api.timeout.ms = 60000
	enable.auto.commit = false
	enable.metrics.push = true
	exclude.internal.topics = true
	fetch.max.bytes = 52428800
	fetch.max.wait.ms = 500
	fetch.min.bytes = 1
	group.id = tomge-consumer-group
	group.instance.id = null
	group.protocol = classic
	group.remote.assignor = null
	heartbeat.interval.ms = 3000
	interceptor.classes = []
	internal.leave.group.on.close = true
	internal.throw.on.fetch.stable.offset.unsupported = false
	isolation.level = read_uncommitted
	key.deserializer = class org.apache.kafka.common.serialization.StringDeserializer
	max.partition.fetch.bytes = 1048576
	max.poll.interval.ms = 300000
	max.poll.records = 500
	metadata.max.age.ms = 300000
	metric.reporters = []
	metrics.num.samples = 2
	metrics.recording.level = INFO
	metrics.sample.window.ms = 30000
	partition.assignment.strategy = [class org.apache.kafka.clients.consumer.RangeAssignor, class org.apache.kafka.clients.consumer.CooperativeStickyAssignor]
	receive.buffer.bytes = 65536
	reconnect.backoff.max.ms = 1000
	reconnect.backoff.ms = 50
	request.timeout.ms = 30000
	retry.backoff.max.ms = 1000
	retry.backoff.ms = 100
	sasl.client.callback.handler.class = null
	sasl.jaas.config = null
	sasl.kerberos.kinit.cmd = /usr/bin/kinit
	sasl.kerberos.min.time.before.relogin = 60000
	sasl.kerberos.service.name = null
	sasl.kerberos.ticket.renew.jitter = 0.05
	sasl.kerberos.ticket.renew.window.factor = 0.8
	sasl.login.callback.handler.class = null
	sasl.login.class = null
	sasl.login.connect.timeout.ms = null
	sasl.login.read.timeout.ms = null
	sasl.login.refresh.buffer.seconds = 300
	sasl.login.refresh.min.period.seconds = 60
	sasl.login.refresh.window.factor = 0.8
	sasl.login.refresh.window.jitter = 0.05
	sasl.login.retry.backoff.max.ms = 10000
	sasl.login.retry.backoff.ms = 100
	sasl.mechanism = GSSAPI
	sasl.oauthbearer.clock.skew.seconds = 30
	sasl.oauthbearer.expected.audience = null
	sasl.oauthbearer.expected.issuer = null
	sasl.oauthbearer.jwks.endpoint.refresh.ms = 3600000
	sasl.oauthbearer.jwks.endpoint.retry.backoff.max.ms = 10000
	sasl.oauthbearer.jwks.endpoint.retry.backoff.ms = 100
	sasl.oauthbearer.jwks.endpoint.url = null
	sasl.oauthbearer.scope.claim.name = scope
	sasl.oauthbearer.sub.claim.name = sub
	sasl.oauthbearer.token.endpoint.url = null
	security.protocol = PLAINTEXT
	security.providers = null
	send.buffer.bytes = 131072
	session.timeout.ms = 45000
	socket.connection.setup.timeout.max.ms = 30000
	socket.connection.setup.timeout.ms = 10000
	ssl.cipher.suites = null
	ssl.enabled.protocols = [TLSv1.2, TLSv1.3]
	ssl.endpoint.identification.algorithm = https
	ssl.engine.factory.class = null
	ssl.key.password = null
	ssl.keymanager.algorithm = SunX509
	ssl.keystore.certificate.chain = null
	ssl.keystore.key = null
	ssl.keystore.location = null
	ssl.keystore.password = null
	ssl.keystore.type = JKS
	ssl.protocol = TLSv1.3
	ssl.provider = null
	ssl.secure.random.implementation = null
	ssl.trustmanager.algorithm = PKIX
	ssl.truststore.certificates = null
	ssl.truststore.location = null
	ssl.truststore.password = null
	ssl.truststore.type = JKS
	value.deserializer = class org.apache.kafka.common.serialization.StringDeserializer

2025-04-02 00:23:27.408 [main] INFO  org.apache.kafka.common.telemetry.internals.KafkaMetricsCollector - initializing Kafka metrics collector
2025-04-02 00:23:27.413 [main] INFO  org.apache.kafka.common.utils.AppInfoParser - Kafka version: 3.7.2
2025-04-02 00:23:27.413 [main] INFO  org.apache.kafka.common.utils.AppInfoParser - Kafka commitId: 79a8f2b5f44f9d5a
2025-04-02 00:23:27.413 [main] INFO  org.apache.kafka.common.utils.AppInfoParser - Kafka startTimeMs: 1743524607413
2025-04-02 00:23:27.413 [main] INFO  org.apache.kafka.clients.consumer.internals.LegacyKafkaConsumer - [Consumer clientId=consumer-tomge-consumer-group-2, groupId=tomge-consumer-group] Subscribed to topic(s): testtopic2
2025-04-02 00:23:27.419 [main] INFO  com.test.testboot.TestbootApplication - Started TestbootApplication in 3.006 seconds (process running for 3.255)
2025-04-02 00:23:27.531 [org.springframework.kafka.KafkaListenerEndpointContainer#0-0-C-1] INFO  org.apache.kafka.clients.Metadata - [Consumer clientId=consumer-tomge-consumer-group-1, groupId=tomge-consumer-group] Cluster ID: 55v202dzTXeo6Uf5cKQwuw
2025-04-02 00:23:27.531 [org.springframework.kafka.KafkaListenerEndpointContainer#1-0-C-1] INFO  org.apache.kafka.clients.Metadata - [Consumer clientId=consumer-tomge-consumer-group-2, groupId=tomge-consumer-group] Cluster ID: 55v202dzTXeo6Uf5cKQwuw
2025-04-02 00:23:27.532 [org.springframework.kafka.KafkaListenerEndpointContainer#0-0-C-1] INFO  org.apache.kafka.clients.consumer.internals.ConsumerCoordinator - [Consumer clientId=consumer-tomge-consumer-group-1, groupId=tomge-consumer-group] Discovered group coordinator localhost:9092 (id: 2147483647 rack: null)
2025-04-02 00:23:27.532 [org.springframework.kafka.KafkaListenerEndpointContainer#1-0-C-1] INFO  org.apache.kafka.clients.consumer.internals.ConsumerCoordinator - [Consumer clientId=consumer-tomge-consumer-group-2, groupId=tomge-consumer-group] Discovered group coordinator localhost:9092 (id: 2147483647 rack: null)
2025-04-02 00:23:27.533 [org.springframework.kafka.KafkaListenerEndpointContainer#0-0-C-1] INFO  org.apache.kafka.clients.consumer.internals.ConsumerCoordinator - [Consumer clientId=consumer-tomge-consumer-group-1, groupId=tomge-consumer-group] (Re-)joining group
2025-04-02 00:23:27.533 [org.springframework.kafka.KafkaListenerEndpointContainer#1-0-C-1] INFO  org.apache.kafka.clients.consumer.internals.ConsumerCoordinator - [Consumer clientId=consumer-tomge-consumer-group-2, groupId=tomge-consumer-group] (Re-)joining group
2025-04-02 00:23:27.540 [org.springframework.kafka.KafkaListenerEndpointContainer#0-0-C-1] INFO  org.apache.kafka.clients.consumer.internals.ConsumerCoordinator - [Consumer clientId=consumer-tomge-consumer-group-1, groupId=tomge-consumer-group] Request joining group due to: need to re-join with the given member-id: consumer-tomge-consumer-group-1-7ec50463-5075-447f-b7f6-f520e7c22b75
2025-04-02 00:23:27.540 [org.springframework.kafka.KafkaListenerEndpointContainer#1-0-C-1] INFO  org.apache.kafka.clients.consumer.internals.ConsumerCoordinator - [Consumer clientId=consumer-tomge-consumer-group-2, groupId=tomge-consumer-group] Request joining group due to: need to re-join with the given member-id: consumer-tomge-consumer-group-2-02776ec9-83da-40ce-a053-d961d1e17d0b
2025-04-02 00:23:27.541 [org.springframework.kafka.KafkaListenerEndpointContainer#0-0-C-1] INFO  org.apache.kafka.clients.consumer.internals.ConsumerCoordinator - [Consumer clientId=consumer-tomge-consumer-group-1, groupId=tomge-consumer-group] (Re-)joining group
2025-04-02 00:23:27.541 [org.springframework.kafka.KafkaListenerEndpointContainer#1-0-C-1] INFO  org.apache.kafka.clients.consumer.internals.ConsumerCoordinator - [Consumer clientId=consumer-tomge-consumer-group-2, groupId=tomge-consumer-group] (Re-)joining group
2025-04-02 00:23:27.542 [org.springframework.kafka.KafkaListenerEndpointContainer#1-0-C-1] INFO  org.apache.kafka.clients.consumer.internals.ConsumerCoordinator - [Consumer clientId=consumer-tomge-consumer-group-2, groupId=tomge-consumer-group] Successfully joined group with generation Generation{generationId=135, memberId='consumer-tomge-consumer-group-2-02776ec9-83da-40ce-a053-d961d1e17d0b', protocol='range'}
2025-04-02 00:23:27.542 [org.springframework.kafka.KafkaListenerEndpointContainer#0-0-C-1] INFO  org.apache.kafka.clients.consumer.internals.ConsumerCoordinator - [Consumer clientId=consumer-tomge-consumer-group-1, groupId=tomge-consumer-group] Successfully joined group with generation Generation{generationId=135, memberId='consumer-tomge-consumer-group-1-7ec50463-5075-447f-b7f6-f520e7c22b75', protocol='range'}
2025-04-02 00:23:27.546 [org.springframework.kafka.KafkaListenerEndpointContainer#0-0-C-1] INFO  org.apache.kafka.clients.consumer.internals.ConsumerCoordinator - [Consumer clientId=consumer-tomge-consumer-group-1, groupId=tomge-consumer-group] Finished assignment for group at generation 135: {consumer-tomge-consumer-group-1-7ec50463-5075-447f-b7f6-f520e7c22b75=Assignment(partitions=[testtopic-0]), consumer-tomge-consumer-group-2-02776ec9-83da-40ce-a053-d961d1e17d0b=Assignment(partitions=[testtopic2-0])}
2025-04-02 00:23:27.550 [org.springframework.kafka.KafkaListenerEndpointContainer#1-0-C-1] INFO  org.apache.kafka.clients.consumer.internals.ConsumerCoordinator - [Consumer clientId=consumer-tomge-consumer-group-2, groupId=tomge-consumer-group] Successfully synced group in generation Generation{generationId=135, memberId='consumer-tomge-consumer-group-2-02776ec9-83da-40ce-a053-d961d1e17d0b', protocol='range'}
2025-04-02 00:23:27.550 [org.springframework.kafka.KafkaListenerEndpointContainer#0-0-C-1] INFO  org.apache.kafka.clients.consumer.internals.ConsumerCoordinator - [Consumer clientId=consumer-tomge-consumer-group-1, groupId=tomge-consumer-group] Successfully synced group in generation Generation{generationId=135, memberId='consumer-tomge-consumer-group-1-7ec50463-5075-447f-b7f6-f520e7c22b75', protocol='range'}
2025-04-02 00:23:27.550 [org.springframework.kafka.KafkaListenerEndpointContainer#1-0-C-1] INFO  org.apache.kafka.clients.consumer.internals.ConsumerCoordinator - [Consumer clientId=consumer-tomge-consumer-group-2, groupId=tomge-consumer-group] Notifying assignor about the new Assignment(partitions=[testtopic2-0])
2025-04-02 00:23:27.550 [org.springframework.kafka.KafkaListenerEndpointContainer#0-0-C-1] INFO  org.apache.kafka.clients.consumer.internals.ConsumerCoordinator - [Consumer clientId=consumer-tomge-consumer-group-1, groupId=tomge-consumer-group] Notifying assignor about the new Assignment(partitions=[testtopic-0])
2025-04-02 00:23:27.551 [org.springframework.kafka.KafkaListenerEndpointContainer#1-0-C-1] INFO  org.apache.kafka.clients.consumer.internals.ConsumerRebalanceListenerInvoker - [Consumer clientId=consumer-tomge-consumer-group-2, groupId=tomge-consumer-group] Adding newly assigned partitions: testtopic2-0
2025-04-02 00:23:27.551 [org.springframework.kafka.KafkaListenerEndpointContainer#0-0-C-1] INFO  org.apache.kafka.clients.consumer.internals.ConsumerRebalanceListenerInvoker - [Consumer clientId=consumer-tomge-consumer-group-1, groupId=tomge-consumer-group] Adding newly assigned partitions: testtopic-0
2025-04-02 00:23:27.555 [org.springframework.kafka.KafkaListenerEndpointContainer#0-0-C-1] INFO  org.apache.kafka.clients.consumer.internals.ConsumerUtils - Setting offset for partition testtopic-0 to the committed offset FetchPosition{offset=82, offsetEpoch=Optional.empty, currentLeader=LeaderAndEpoch{leader=Optional[localhost:9092 (id: 0 rack: null)], epoch=0}}
2025-04-02 00:23:27.555 [org.springframework.kafka.KafkaListenerEndpointContainer#1-0-C-1] INFO  org.apache.kafka.clients.consumer.internals.ConsumerUtils - Setting offset for partition testtopic2-0 to the committed offset FetchPosition{offset=57, offsetEpoch=Optional.empty, currentLeader=LeaderAndEpoch{leader=Optional[localhost:9092 (id: 0 rack: null)], epoch=0}}
2025-04-02 00:23:35.402 [http-nio-9090-exec-2] INFO  org.apache.catalina.core.ContainerBase.[Tomcat].[localhost].[/] - Initializing Spring DispatcherServlet 'dispatcherServlet'
2025-04-02 00:23:35.631 [http-nio-9090-exec-2] ERROR org.apache.catalina.core.ContainerBase.[Tomcat].[localhost].[/].[dispatcherServlet] - Servlet.service() for servlet [dispatcherServlet] in context with path [] threw exception [Request processing failed: java.lang.NullPointerException: Cannot invoke "java.util.List.toString()" because "list" is null] with root cause
java.lang.NullPointerException: Cannot invoke "java.util.List.toString()" because "list" is null
	at com.test.testboot.controller.StudentController.findById(StudentController.java:46)
	at java.base/jdk.internal.reflect.DirectMethodHandleAccessor.invoke(DirectMethodHandleAccessor.java:103)
	at java.base/java.lang.reflect.Method.invoke(Method.java:580)
	at org.springframework.web.method.support.InvocableHandlerMethod.doInvoke(InvocableHandlerMethod.java:255)
	at org.springframework.web.method.support.InvocableHandlerMethod.invokeForRequest(InvocableHandlerMethod.java:188)
	at org.springframework.web.servlet.mvc.method.annotation.ServletInvocableHandlerMethod.invokeAndHandle(ServletInvocableHandlerMethod.java:118)
	at org.springframework.web.servlet.mvc.method.annotation.RequestMappingHandlerAdapter.invokeHandlerMethod(RequestMappingHandlerAdapter.java:926)
	at org.springframework.web.servlet.mvc.method.annotation.RequestMappingHandlerAdapter.handleInternal(RequestMappingHandlerAdapter.java:831)
	at org.springframework.web.servlet.mvc.method.AbstractHandlerMethodAdapter.handle(AbstractHandlerMethodAdapter.java:87)
	at org.springframework.web.servlet.DispatcherServlet.doDispatch(DispatcherServlet.java:1089)
	at org.springframework.web.servlet.DispatcherServlet.doService(DispatcherServlet.java:979)
	at org.springframework.web.servlet.FrameworkServlet.processRequest(FrameworkServlet.java:1014)
	at org.springframework.web.servlet.FrameworkServlet.doGet(FrameworkServlet.java:903)
	at jakarta.servlet.http.HttpServlet.service(HttpServlet.java:564)
	at org.springframework.web.servlet.FrameworkServlet.service(FrameworkServlet.java:885)
	at jakarta.servlet.http.HttpServlet.service(HttpServlet.java:658)
	at org.apache.catalina.core.ApplicationFilterChain.internalDoFilter(ApplicationFilterChain.java:195)
	at org.apache.catalina.core.ApplicationFilterChain.doFilter(ApplicationFilterChain.java:140)
	at org.apache.tomcat.websocket.server.WsFilter.doFilter(WsFilter.java:51)
	at org.apache.catalina.core.ApplicationFilterChain.internalDoFilter(ApplicationFilterChain.java:164)
	at org.apache.catalina.core.ApplicationFilterChain.doFilter(ApplicationFilterChain.java:140)
	at org.springframework.web.filter.RequestContextFilter.doFilterInternal(RequestContextFilter.java:100)
	at org.springframework.web.filter.OncePerRequestFilter.doFilter(OncePerRequestFilter.java:116)
	at org.apache.catalina.core.ApplicationFilterChain.internalDoFilter(ApplicationFilterChain.java:164)
	at org.apache.catalina.core.ApplicationFilterChain.doFilter(ApplicationFilterChain.java:140)
	at org.springframework.web.filter.FormContentFilter.doFilterInternal(FormContentFilter.java:93)
	at org.springframework.web.filter.OncePerRequestFilter.doFilter(OncePerRequestFilter.java:116)
	at org.apache.catalina.core.ApplicationFilterChain.internalDoFilter(ApplicationFilterChain.java:164)
	at org.apache.catalina.core.ApplicationFilterChain.doFilter(ApplicationFilterChain.java:140)
	at org.springframework.web.filter.CharacterEncodingFilter.doFilterInternal(CharacterEncodingFilter.java:201)
	at org.springframework.web.filter.OncePerRequestFilter.doFilter(OncePerRequestFilter.java:116)
	at org.apache.catalina.core.ApplicationFilterChain.internalDoFilter(ApplicationFilterChain.java:164)
	at org.apache.catalina.core.ApplicationFilterChain.doFilter(ApplicationFilterChain.java:140)
	at org.apache.catalina.core.StandardWrapperValve.invoke(StandardWrapperValve.java:167)
	at org.apache.catalina.core.StandardContextValve.invoke(StandardContextValve.java:90)
	at org.apache.catalina.authenticator.AuthenticatorBase.invoke(AuthenticatorBase.java:483)
	at org.apache.catalina.core.StandardHostValve.invoke(StandardHostValve.java:115)
	at org.apache.catalina.valves.ErrorReportValve.invoke(ErrorReportValve.java:93)
	at org.apache.catalina.core.StandardEngineValve.invoke(StandardEngineValve.java:74)
	at org.apache.catalina.connector.CoyoteAdapter.service(CoyoteAdapter.java:344)
	at org.apache.coyote.http11.Http11Processor.service(Http11Processor.java:397)
	at org.apache.coyote.AbstractProcessorLight.process(AbstractProcessorLight.java:63)
	at org.apache.coyote.AbstractProtocol$ConnectionHandler.process(AbstractProtocol.java:905)
	at org.apache.tomcat.util.net.NioEndpoint$SocketProcessor.doRun(NioEndpoint.java:1743)
	at org.apache.tomcat.util.net.SocketProcessorBase.run(SocketProcessorBase.java:52)
	at org.apache.tomcat.util.threads.ThreadPoolExecutor.runWorker(ThreadPoolExecutor.java:1190)
	at org.apache.tomcat.util.threads.ThreadPoolExecutor$Worker.run(ThreadPoolExecutor.java:659)
	at org.apache.tomcat.util.threads.TaskThread$WrappingRunnable.run(TaskThread.java:63)
	at java.base/java.lang.Thread.run(Thread.java:1575)
2025-04-02 00:24:00.577 [org.springframework.kafka.KafkaListenerEndpointContainer#1-0-C-1] INFO  org.apache.kafka.clients.consumer.internals.ConsumerRebalanceListenerInvoker - [Consumer clientId=consumer-tomge-consumer-group-2, groupId=tomge-consumer-group] Revoke previously assigned partitions testtopic2-0
2025-04-02 00:24:00.577 [org.springframework.kafka.KafkaListenerEndpointContainer#0-0-C-1] INFO  org.apache.kafka.clients.consumer.internals.ConsumerRebalanceListenerInvoker - [Consumer clientId=consumer-tomge-consumer-group-1, groupId=tomge-consumer-group] Revoke previously assigned partitions testtopic-0
2025-04-02 00:24:00.577 [org.springframework.kafka.KafkaListenerEndpointContainer#1-0-C-1] INFO  org.apache.kafka.clients.consumer.internals.ConsumerCoordinator - [Consumer clientId=consumer-tomge-consumer-group-2, groupId=tomge-consumer-group] Member consumer-tomge-consumer-group-2-02776ec9-83da-40ce-a053-d961d1e17d0b sending LeaveGroup request to coordinator localhost:9092 (id: 2147483647 rack: null) due to the consumer unsubscribed from all topics
2025-04-02 00:24:00.577 [org.springframework.kafka.KafkaListenerEndpointContainer#0-0-C-1] INFO  org.apache.kafka.clients.consumer.internals.ConsumerCoordinator - [Consumer clientId=consumer-tomge-consumer-group-1, groupId=tomge-consumer-group] Member consumer-tomge-consumer-group-1-7ec50463-5075-447f-b7f6-f520e7c22b75 sending LeaveGroup request to coordinator localhost:9092 (id: 2147483647 rack: null) due to the consumer unsubscribed from all topics
2025-04-02 00:24:00.578 [org.springframework.kafka.KafkaListenerEndpointContainer#1-0-C-1] INFO  org.apache.kafka.clients.consumer.internals.ConsumerCoordinator - [Consumer clientId=consumer-tomge-consumer-group-2, groupId=tomge-consumer-group] Resetting generation and member id due to: consumer pro-actively leaving the group
2025-04-02 00:24:00.578 [org.springframework.kafka.KafkaListenerEndpointContainer#0-0-C-1] INFO  org.apache.kafka.clients.consumer.internals.ConsumerCoordinator - [Consumer clientId=consumer-tomge-consumer-group-1, groupId=tomge-consumer-group] Resetting generation and member id due to: consumer pro-actively leaving the group
2025-04-02 00:24:00.578 [org.springframework.kafka.KafkaListenerEndpointContainer#1-0-C-1] INFO  org.apache.kafka.clients.consumer.internals.ConsumerCoordinator - [Consumer clientId=consumer-tomge-consumer-group-2, groupId=tomge-consumer-group] Request joining group due to: consumer pro-actively leaving the group
2025-04-02 00:24:00.578 [org.springframework.kafka.KafkaListenerEndpointContainer#0-0-C-1] INFO  org.apache.kafka.clients.consumer.internals.ConsumerCoordinator - [Consumer clientId=consumer-tomge-consumer-group-1, groupId=tomge-consumer-group] Request joining group due to: consumer pro-actively leaving the group
2025-04-02 00:24:00.578 [org.springframework.kafka.KafkaListenerEndpointContainer#1-0-C-1] INFO  org.apache.kafka.clients.consumer.internals.LegacyKafkaConsumer - [Consumer clientId=consumer-tomge-consumer-group-2, groupId=tomge-consumer-group] Unsubscribed all topics or patterns and assigned partitions
2025-04-02 00:24:00.578 [org.springframework.kafka.KafkaListenerEndpointContainer#0-0-C-1] INFO  org.apache.kafka.clients.consumer.internals.LegacyKafkaConsumer - [Consumer clientId=consumer-tomge-consumer-group-1, groupId=tomge-consumer-group] Unsubscribed all topics or patterns and assigned partitions
2025-04-02 00:24:00.579 [org.springframework.kafka.KafkaListenerEndpointContainer#0-0-C-1] INFO  org.apache.kafka.clients.consumer.internals.ConsumerCoordinator - [Consumer clientId=consumer-tomge-consumer-group-1, groupId=tomge-consumer-group] Resetting generation and member id due to: consumer pro-actively leaving the group
2025-04-02 00:24:00.579 [org.springframework.kafka.KafkaListenerEndpointContainer#1-0-C-1] INFO  org.apache.kafka.clients.consumer.internals.ConsumerCoordinator - [Consumer clientId=consumer-tomge-consumer-group-2, groupId=tomge-consumer-group] Resetting generation and member id due to: consumer pro-actively leaving the group
2025-04-02 00:24:00.579 [org.springframework.kafka.KafkaListenerEndpointContainer#0-0-C-1] INFO  org.apache.kafka.clients.consumer.internals.ConsumerCoordinator - [Consumer clientId=consumer-tomge-consumer-group-1, groupId=tomge-consumer-group] Request joining group due to: consumer pro-actively leaving the group
2025-04-02 00:24:00.579 [org.springframework.kafka.KafkaListenerEndpointContainer#1-0-C-1] INFO  org.apache.kafka.clients.consumer.internals.ConsumerCoordinator - [Consumer clientId=consumer-tomge-consumer-group-2, groupId=tomge-consumer-group] Request joining group due to: consumer pro-actively leaving the group
2025-04-02 00:24:00.837 [org.springframework.kafka.KafkaListenerEndpointContainer#0-0-C-1] INFO  org.apache.kafka.common.metrics.Metrics - Metrics scheduler closed
2025-04-02 00:24:00.837 [org.springframework.kafka.KafkaListenerEndpointContainer#0-0-C-1] INFO  org.apache.kafka.common.metrics.Metrics - Closing reporter org.apache.kafka.common.metrics.JmxReporter
2025-04-02 00:24:00.837 [org.springframework.kafka.KafkaListenerEndpointContainer#1-0-C-1] INFO  org.apache.kafka.common.metrics.Metrics - Metrics scheduler closed
2025-04-02 00:24:00.838 [org.springframework.kafka.KafkaListenerEndpointContainer#1-0-C-1] INFO  org.apache.kafka.common.metrics.Metrics - Closing reporter org.apache.kafka.common.metrics.JmxReporter
2025-04-02 00:24:00.838 [org.springframework.kafka.KafkaListenerEndpointContainer#0-0-C-1] INFO  org.apache.kafka.common.metrics.Metrics - Closing reporter org.apache.kafka.common.telemetry.internals.ClientTelemetryReporter
2025-04-02 00:24:00.838 [org.springframework.kafka.KafkaListenerEndpointContainer#0-0-C-1] INFO  org.apache.kafka.common.metrics.Metrics - Metrics reporters closed
2025-04-02 00:24:00.838 [org.springframework.kafka.KafkaListenerEndpointContainer#1-0-C-1] INFO  org.apache.kafka.common.metrics.Metrics - Closing reporter org.apache.kafka.common.telemetry.internals.ClientTelemetryReporter
2025-04-02 00:24:00.838 [org.springframework.kafka.KafkaListenerEndpointContainer#1-0-C-1] INFO  org.apache.kafka.common.metrics.Metrics - Metrics reporters closed
2025-04-02 00:24:00.843 [org.springframework.kafka.KafkaListenerEndpointContainer#1-0-C-1] INFO  org.apache.kafka.common.utils.AppInfoParser - App info kafka.consumer for consumer-tomge-consumer-group-2 unregistered
2025-04-02 00:24:00.848 [org.springframework.kafka.KafkaListenerEndpointContainer#0-0-C-1] INFO  org.apache.kafka.common.utils.AppInfoParser - App info kafka.consumer for consumer-tomge-consumer-group-1 unregistered
2025-04-02 00:28:42.646 [main] INFO  com.test.testboot.TestbootApplication - Starting TestbootApplication using Java 23.0.2 with PID 58927 (/Users/zhaoxin/Documents/GitHub/testboot/target/classes started by zhaoxin in /Users/zhaoxin/Documents/GitHub/testboot)
2025-04-02 00:28:42.648 [main] INFO  com.test.testboot.TestbootApplication - No active profile set, falling back to 1 default profile: "default"
2025-04-02 00:28:43.311 [main] INFO  org.apache.coyote.http11.Http11NioProtocol - Initializing ProtocolHandler ["http-nio-9090"]
2025-04-02 00:28:43.312 [main] INFO  org.apache.catalina.core.StandardService - Starting service [Tomcat]
2025-04-02 00:28:43.312 [main] INFO  org.apache.catalina.core.StandardEngine - Starting Servlet engine: [Apache Tomcat/10.1.36]
2025-04-02 00:28:43.333 [main] INFO  org.apache.catalina.core.ContainerBase.[Tomcat].[localhost].[/] - Initializing Spring embedded WebApplicationContext
2025-04-02 00:28:45.679 [main] INFO  org.apache.coyote.http11.Http11NioProtocol - Starting ProtocolHandler ["http-nio-9090"]
2025-04-02 00:28:45.702 [main] INFO  org.apache.kafka.clients.consumer.ConsumerConfig - ConsumerConfig values: 
	allow.auto.create.topics = true
	auto.commit.interval.ms = 5000
	auto.include.jmx.reporter = true
	auto.offset.reset = latest
	bootstrap.servers = [localhost:9092]
	check.crcs = true
	client.dns.lookup = use_all_dns_ips
	client.id = consumer-tomge-consumer-group-1
	client.rack = 
	connections.max.idle.ms = 540000
	default.api.timeout.ms = 60000
	enable.auto.commit = false
	enable.metrics.push = true
	exclude.internal.topics = true
	fetch.max.bytes = 52428800
	fetch.max.wait.ms = 500
	fetch.min.bytes = 1
	group.id = tomge-consumer-group
	group.instance.id = null
	group.protocol = classic
	group.remote.assignor = null
	heartbeat.interval.ms = 3000
	interceptor.classes = []
	internal.leave.group.on.close = true
	internal.throw.on.fetch.stable.offset.unsupported = false
	isolation.level = read_uncommitted
	key.deserializer = class org.apache.kafka.common.serialization.StringDeserializer
	max.partition.fetch.bytes = 1048576
	max.poll.interval.ms = 300000
	max.poll.records = 500
	metadata.max.age.ms = 300000
	metric.reporters = []
	metrics.num.samples = 2
	metrics.recording.level = INFO
	metrics.sample.window.ms = 30000
	partition.assignment.strategy = [class org.apache.kafka.clients.consumer.RangeAssignor, class org.apache.kafka.clients.consumer.CooperativeStickyAssignor]
	receive.buffer.bytes = 65536
	reconnect.backoff.max.ms = 1000
	reconnect.backoff.ms = 50
	request.timeout.ms = 30000
	retry.backoff.max.ms = 1000
	retry.backoff.ms = 100
	sasl.client.callback.handler.class = null
	sasl.jaas.config = null
	sasl.kerberos.kinit.cmd = /usr/bin/kinit
	sasl.kerberos.min.time.before.relogin = 60000
	sasl.kerberos.service.name = null
	sasl.kerberos.ticket.renew.jitter = 0.05
	sasl.kerberos.ticket.renew.window.factor = 0.8
	sasl.login.callback.handler.class = null
	sasl.login.class = null
	sasl.login.connect.timeout.ms = null
	sasl.login.read.timeout.ms = null
	sasl.login.refresh.buffer.seconds = 300
	sasl.login.refresh.min.period.seconds = 60
	sasl.login.refresh.window.factor = 0.8
	sasl.login.refresh.window.jitter = 0.05
	sasl.login.retry.backoff.max.ms = 10000
	sasl.login.retry.backoff.ms = 100
	sasl.mechanism = GSSAPI
	sasl.oauthbearer.clock.skew.seconds = 30
	sasl.oauthbearer.expected.audience = null
	sasl.oauthbearer.expected.issuer = null
	sasl.oauthbearer.jwks.endpoint.refresh.ms = 3600000
	sasl.oauthbearer.jwks.endpoint.retry.backoff.max.ms = 10000
	sasl.oauthbearer.jwks.endpoint.retry.backoff.ms = 100
	sasl.oauthbearer.jwks.endpoint.url = null
	sasl.oauthbearer.scope.claim.name = scope
	sasl.oauthbearer.sub.claim.name = sub
	sasl.oauthbearer.token.endpoint.url = null
	security.protocol = PLAINTEXT
	security.providers = null
	send.buffer.bytes = 131072
	session.timeout.ms = 45000
	socket.connection.setup.timeout.max.ms = 30000
	socket.connection.setup.timeout.ms = 10000
	ssl.cipher.suites = null
	ssl.enabled.protocols = [TLSv1.2, TLSv1.3]
	ssl.endpoint.identification.algorithm = https
	ssl.engine.factory.class = null
	ssl.key.password = null
	ssl.keymanager.algorithm = SunX509
	ssl.keystore.certificate.chain = null
	ssl.keystore.key = null
	ssl.keystore.location = null
	ssl.keystore.password = null
	ssl.keystore.type = JKS
	ssl.protocol = TLSv1.3
	ssl.provider = null
	ssl.secure.random.implementation = null
	ssl.trustmanager.algorithm = PKIX
	ssl.truststore.certificates = null
	ssl.truststore.location = null
	ssl.truststore.password = null
	ssl.truststore.type = JKS
	value.deserializer = class org.apache.kafka.common.serialization.StringDeserializer

2025-04-02 00:28:45.723 [main] INFO  org.apache.kafka.common.telemetry.internals.KafkaMetricsCollector - initializing Kafka metrics collector
2025-04-02 00:28:45.752 [main] INFO  org.apache.kafka.common.utils.AppInfoParser - Kafka version: 3.7.2
2025-04-02 00:28:45.752 [main] INFO  org.apache.kafka.common.utils.AppInfoParser - Kafka commitId: 79a8f2b5f44f9d5a
2025-04-02 00:28:45.752 [main] INFO  org.apache.kafka.common.utils.AppInfoParser - Kafka startTimeMs: 1743524925751
2025-04-02 00:28:45.753 [main] INFO  org.apache.kafka.clients.consumer.internals.LegacyKafkaConsumer - [Consumer clientId=consumer-tomge-consumer-group-1, groupId=tomge-consumer-group] Subscribed to topic(s): testtopic2
2025-04-02 00:28:45.757 [main] INFO  org.apache.kafka.clients.consumer.ConsumerConfig - ConsumerConfig values: 
	allow.auto.create.topics = true
	auto.commit.interval.ms = 5000
	auto.include.jmx.reporter = true
	auto.offset.reset = latest
	bootstrap.servers = [localhost:9092]
	check.crcs = true
	client.dns.lookup = use_all_dns_ips
	client.id = consumer-tomge-consumer-group-2
	client.rack = 
	connections.max.idle.ms = 540000
	default.api.timeout.ms = 60000
	enable.auto.commit = false
	enable.metrics.push = true
	exclude.internal.topics = true
	fetch.max.bytes = 52428800
	fetch.max.wait.ms = 500
	fetch.min.bytes = 1
	group.id = tomge-consumer-group
	group.instance.id = null
	group.protocol = classic
	group.remote.assignor = null
	heartbeat.interval.ms = 3000
	interceptor.classes = []
	internal.leave.group.on.close = true
	internal.throw.on.fetch.stable.offset.unsupported = false
	isolation.level = read_uncommitted
	key.deserializer = class org.apache.kafka.common.serialization.StringDeserializer
	max.partition.fetch.bytes = 1048576
	max.poll.interval.ms = 300000
	max.poll.records = 500
	metadata.max.age.ms = 300000
	metric.reporters = []
	metrics.num.samples = 2
	metrics.recording.level = INFO
	metrics.sample.window.ms = 30000
	partition.assignment.strategy = [class org.apache.kafka.clients.consumer.RangeAssignor, class org.apache.kafka.clients.consumer.CooperativeStickyAssignor]
	receive.buffer.bytes = 65536
	reconnect.backoff.max.ms = 1000
	reconnect.backoff.ms = 50
	request.timeout.ms = 30000
	retry.backoff.max.ms = 1000
	retry.backoff.ms = 100
	sasl.client.callback.handler.class = null
	sasl.jaas.config = null
	sasl.kerberos.kinit.cmd = /usr/bin/kinit
	sasl.kerberos.min.time.before.relogin = 60000
	sasl.kerberos.service.name = null
	sasl.kerberos.ticket.renew.jitter = 0.05
	sasl.kerberos.ticket.renew.window.factor = 0.8
	sasl.login.callback.handler.class = null
	sasl.login.class = null
	sasl.login.connect.timeout.ms = null
	sasl.login.read.timeout.ms = null
	sasl.login.refresh.buffer.seconds = 300
	sasl.login.refresh.min.period.seconds = 60
	sasl.login.refresh.window.factor = 0.8
	sasl.login.refresh.window.jitter = 0.05
	sasl.login.retry.backoff.max.ms = 10000
	sasl.login.retry.backoff.ms = 100
	sasl.mechanism = GSSAPI
	sasl.oauthbearer.clock.skew.seconds = 30
	sasl.oauthbearer.expected.audience = null
	sasl.oauthbearer.expected.issuer = null
	sasl.oauthbearer.jwks.endpoint.refresh.ms = 3600000
	sasl.oauthbearer.jwks.endpoint.retry.backoff.max.ms = 10000
	sasl.oauthbearer.jwks.endpoint.retry.backoff.ms = 100
	sasl.oauthbearer.jwks.endpoint.url = null
	sasl.oauthbearer.scope.claim.name = scope
	sasl.oauthbearer.sub.claim.name = sub
	sasl.oauthbearer.token.endpoint.url = null
	security.protocol = PLAINTEXT
	security.providers = null
	send.buffer.bytes = 131072
	session.timeout.ms = 45000
	socket.connection.setup.timeout.max.ms = 30000
	socket.connection.setup.timeout.ms = 10000
	ssl.cipher.suites = null
	ssl.enabled.protocols = [TLSv1.2, TLSv1.3]
	ssl.endpoint.identification.algorithm = https
	ssl.engine.factory.class = null
	ssl.key.password = null
	ssl.keymanager.algorithm = SunX509
	ssl.keystore.certificate.chain = null
	ssl.keystore.key = null
	ssl.keystore.location = null
	ssl.keystore.password = null
	ssl.keystore.type = JKS
	ssl.protocol = TLSv1.3
	ssl.provider = null
	ssl.secure.random.implementation = null
	ssl.trustmanager.algorithm = PKIX
	ssl.truststore.certificates = null
	ssl.truststore.location = null
	ssl.truststore.password = null
	ssl.truststore.type = JKS
	value.deserializer = class org.apache.kafka.common.serialization.StringDeserializer

2025-04-02 00:28:45.757 [main] INFO  org.apache.kafka.common.telemetry.internals.KafkaMetricsCollector - initializing Kafka metrics collector
2025-04-02 00:28:45.760 [main] INFO  org.apache.kafka.common.utils.AppInfoParser - Kafka version: 3.7.2
2025-04-02 00:28:45.760 [main] INFO  org.apache.kafka.common.utils.AppInfoParser - Kafka commitId: 79a8f2b5f44f9d5a
2025-04-02 00:28:45.760 [main] INFO  org.apache.kafka.common.utils.AppInfoParser - Kafka startTimeMs: 1743524925760
2025-04-02 00:28:45.760 [main] INFO  org.apache.kafka.clients.consumer.internals.LegacyKafkaConsumer - [Consumer clientId=consumer-tomge-consumer-group-2, groupId=tomge-consumer-group] Subscribed to topic(s): testtopic
2025-04-02 00:28:45.766 [main] INFO  com.test.testboot.TestbootApplication - Started TestbootApplication in 3.32 seconds (process running for 3.572)
2025-04-02 00:28:45.880 [org.springframework.kafka.KafkaListenerEndpointContainer#0-0-C-1] INFO  org.apache.kafka.clients.Metadata - [Consumer clientId=consumer-tomge-consumer-group-1, groupId=tomge-consumer-group] Cluster ID: 55v202dzTXeo6Uf5cKQwuw
2025-04-02 00:28:45.880 [org.springframework.kafka.KafkaListenerEndpointContainer#1-0-C-1] INFO  org.apache.kafka.clients.Metadata - [Consumer clientId=consumer-tomge-consumer-group-2, groupId=tomge-consumer-group] Cluster ID: 55v202dzTXeo6Uf5cKQwuw
2025-04-02 00:28:45.881 [org.springframework.kafka.KafkaListenerEndpointContainer#1-0-C-1] INFO  org.apache.kafka.clients.consumer.internals.ConsumerCoordinator - [Consumer clientId=consumer-tomge-consumer-group-2, groupId=tomge-consumer-group] Discovered group coordinator localhost:9092 (id: 2147483647 rack: null)
2025-04-02 00:28:45.881 [org.springframework.kafka.KafkaListenerEndpointContainer#0-0-C-1] INFO  org.apache.kafka.clients.consumer.internals.ConsumerCoordinator - [Consumer clientId=consumer-tomge-consumer-group-1, groupId=tomge-consumer-group] Discovered group coordinator localhost:9092 (id: 2147483647 rack: null)
2025-04-02 00:28:45.882 [org.springframework.kafka.KafkaListenerEndpointContainer#1-0-C-1] INFO  org.apache.kafka.clients.consumer.internals.ConsumerCoordinator - [Consumer clientId=consumer-tomge-consumer-group-2, groupId=tomge-consumer-group] (Re-)joining group
2025-04-02 00:28:45.882 [org.springframework.kafka.KafkaListenerEndpointContainer#0-0-C-1] INFO  org.apache.kafka.clients.consumer.internals.ConsumerCoordinator - [Consumer clientId=consumer-tomge-consumer-group-1, groupId=tomge-consumer-group] (Re-)joining group
2025-04-02 00:28:45.893 [org.springframework.kafka.KafkaListenerEndpointContainer#1-0-C-1] INFO  org.apache.kafka.clients.consumer.internals.ConsumerCoordinator - [Consumer clientId=consumer-tomge-consumer-group-2, groupId=tomge-consumer-group] Request joining group due to: need to re-join with the given member-id: consumer-tomge-consumer-group-2-d6afc326-a773-4b00-84b4-d4e1bdef408f
2025-04-02 00:28:45.893 [org.springframework.kafka.KafkaListenerEndpointContainer#0-0-C-1] INFO  org.apache.kafka.clients.consumer.internals.ConsumerCoordinator - [Consumer clientId=consumer-tomge-consumer-group-1, groupId=tomge-consumer-group] Request joining group due to: need to re-join with the given member-id: consumer-tomge-consumer-group-1-356fd76a-b017-400d-b518-b9007ab98375
2025-04-02 00:28:45.893 [org.springframework.kafka.KafkaListenerEndpointContainer#1-0-C-1] INFO  org.apache.kafka.clients.consumer.internals.ConsumerCoordinator - [Consumer clientId=consumer-tomge-consumer-group-2, groupId=tomge-consumer-group] (Re-)joining group
2025-04-02 00:28:45.893 [org.springframework.kafka.KafkaListenerEndpointContainer#0-0-C-1] INFO  org.apache.kafka.clients.consumer.internals.ConsumerCoordinator - [Consumer clientId=consumer-tomge-consumer-group-1, groupId=tomge-consumer-group] (Re-)joining group
2025-04-02 00:28:45.895 [org.springframework.kafka.KafkaListenerEndpointContainer#0-0-C-1] INFO  org.apache.kafka.clients.consumer.internals.ConsumerCoordinator - [Consumer clientId=consumer-tomge-consumer-group-1, groupId=tomge-consumer-group] Successfully joined group with generation Generation{generationId=137, memberId='consumer-tomge-consumer-group-1-356fd76a-b017-400d-b518-b9007ab98375', protocol='range'}
2025-04-02 00:28:45.895 [org.springframework.kafka.KafkaListenerEndpointContainer#1-0-C-1] INFO  org.apache.kafka.clients.consumer.internals.ConsumerCoordinator - [Consumer clientId=consumer-tomge-consumer-group-2, groupId=tomge-consumer-group] Successfully joined group with generation Generation{generationId=137, memberId='consumer-tomge-consumer-group-2-d6afc326-a773-4b00-84b4-d4e1bdef408f', protocol='range'}
2025-04-02 00:28:45.899 [org.springframework.kafka.KafkaListenerEndpointContainer#1-0-C-1] INFO  org.apache.kafka.clients.consumer.internals.ConsumerCoordinator - [Consumer clientId=consumer-tomge-consumer-group-2, groupId=tomge-consumer-group] Finished assignment for group at generation 137: {consumer-tomge-consumer-group-2-d6afc326-a773-4b00-84b4-d4e1bdef408f=Assignment(partitions=[testtopic-0]), consumer-tomge-consumer-group-1-356fd76a-b017-400d-b518-b9007ab98375=Assignment(partitions=[testtopic2-0])}
2025-04-02 00:28:45.903 [org.springframework.kafka.KafkaListenerEndpointContainer#0-0-C-1] INFO  org.apache.kafka.clients.consumer.internals.ConsumerCoordinator - [Consumer clientId=consumer-tomge-consumer-group-1, groupId=tomge-consumer-group] Successfully synced group in generation Generation{generationId=137, memberId='consumer-tomge-consumer-group-1-356fd76a-b017-400d-b518-b9007ab98375', protocol='range'}
2025-04-02 00:28:45.903 [org.springframework.kafka.KafkaListenerEndpointContainer#1-0-C-1] INFO  org.apache.kafka.clients.consumer.internals.ConsumerCoordinator - [Consumer clientId=consumer-tomge-consumer-group-2, groupId=tomge-consumer-group] Successfully synced group in generation Generation{generationId=137, memberId='consumer-tomge-consumer-group-2-d6afc326-a773-4b00-84b4-d4e1bdef408f', protocol='range'}
2025-04-02 00:28:45.903 [org.springframework.kafka.KafkaListenerEndpointContainer#1-0-C-1] INFO  org.apache.kafka.clients.consumer.internals.ConsumerCoordinator - [Consumer clientId=consumer-tomge-consumer-group-2, groupId=tomge-consumer-group] Notifying assignor about the new Assignment(partitions=[testtopic-0])
2025-04-02 00:28:45.903 [org.springframework.kafka.KafkaListenerEndpointContainer#0-0-C-1] INFO  org.apache.kafka.clients.consumer.internals.ConsumerCoordinator - [Consumer clientId=consumer-tomge-consumer-group-1, groupId=tomge-consumer-group] Notifying assignor about the new Assignment(partitions=[testtopic2-0])
2025-04-02 00:28:45.904 [org.springframework.kafka.KafkaListenerEndpointContainer#1-0-C-1] INFO  org.apache.kafka.clients.consumer.internals.ConsumerRebalanceListenerInvoker - [Consumer clientId=consumer-tomge-consumer-group-2, groupId=tomge-consumer-group] Adding newly assigned partitions: testtopic-0
2025-04-02 00:28:45.904 [org.springframework.kafka.KafkaListenerEndpointContainer#0-0-C-1] INFO  org.apache.kafka.clients.consumer.internals.ConsumerRebalanceListenerInvoker - [Consumer clientId=consumer-tomge-consumer-group-1, groupId=tomge-consumer-group] Adding newly assigned partitions: testtopic2-0
2025-04-02 00:28:45.907 [org.springframework.kafka.KafkaListenerEndpointContainer#0-0-C-1] INFO  org.apache.kafka.clients.consumer.internals.ConsumerUtils - Setting offset for partition testtopic2-0 to the committed offset FetchPosition{offset=57, offsetEpoch=Optional.empty, currentLeader=LeaderAndEpoch{leader=Optional[localhost:9092 (id: 0 rack: null)], epoch=0}}
2025-04-02 00:28:45.907 [org.springframework.kafka.KafkaListenerEndpointContainer#1-0-C-1] INFO  org.apache.kafka.clients.consumer.internals.ConsumerUtils - Setting offset for partition testtopic-0 to the committed offset FetchPosition{offset=82, offsetEpoch=Optional.empty, currentLeader=LeaderAndEpoch{leader=Optional[localhost:9092 (id: 0 rack: null)], epoch=0}}
2025-04-02 00:28:49.656 [http-nio-9090-exec-2] INFO  org.apache.catalina.core.ContainerBase.[Tomcat].[localhost].[/] - Initializing Spring DispatcherServlet 'dispatcherServlet'
2025-04-02 00:28:49.879 [http-nio-9090-exec-2] INFO  com.test.testboot.controller.StudentController - [Student [Hash = 457812794, id=914, name=黄蓉, sex=女, birth=1500, department=丐帮, address=湖北省襄阳市]]
2025-04-02 00:30:14.470 [org.springframework.kafka.KafkaListenerEndpointContainer#1-0-C-1] INFO  org.apache.kafka.clients.consumer.internals.ConsumerRebalanceListenerInvoker - [Consumer clientId=consumer-tomge-consumer-group-2, groupId=tomge-consumer-group] Revoke previously assigned partitions testtopic-0
2025-04-02 00:30:14.470 [org.springframework.kafka.KafkaListenerEndpointContainer#0-0-C-1] INFO  org.apache.kafka.clients.consumer.internals.ConsumerRebalanceListenerInvoker - [Consumer clientId=consumer-tomge-consumer-group-1, groupId=tomge-consumer-group] Revoke previously assigned partitions testtopic2-0
2025-04-02 00:30:14.471 [org.springframework.kafka.KafkaListenerEndpointContainer#1-0-C-1] INFO  org.apache.kafka.clients.consumer.internals.ConsumerCoordinator - [Consumer clientId=consumer-tomge-consumer-group-2, groupId=tomge-consumer-group] Member consumer-tomge-consumer-group-2-d6afc326-a773-4b00-84b4-d4e1bdef408f sending LeaveGroup request to coordinator localhost:9092 (id: 2147483647 rack: null) due to the consumer unsubscribed from all topics
2025-04-02 00:30:14.471 [org.springframework.kafka.KafkaListenerEndpointContainer#0-0-C-1] INFO  org.apache.kafka.clients.consumer.internals.ConsumerCoordinator - [Consumer clientId=consumer-tomge-consumer-group-1, groupId=tomge-consumer-group] Member consumer-tomge-consumer-group-1-356fd76a-b017-400d-b518-b9007ab98375 sending LeaveGroup request to coordinator localhost:9092 (id: 2147483647 rack: null) due to the consumer unsubscribed from all topics
2025-04-02 00:30:14.471 [org.springframework.kafka.KafkaListenerEndpointContainer#1-0-C-1] INFO  org.apache.kafka.clients.consumer.internals.ConsumerCoordinator - [Consumer clientId=consumer-tomge-consumer-group-2, groupId=tomge-consumer-group] Resetting generation and member id due to: consumer pro-actively leaving the group
2025-04-02 00:30:14.471 [org.springframework.kafka.KafkaListenerEndpointContainer#0-0-C-1] INFO  org.apache.kafka.clients.consumer.internals.ConsumerCoordinator - [Consumer clientId=consumer-tomge-consumer-group-1, groupId=tomge-consumer-group] Resetting generation and member id due to: consumer pro-actively leaving the group
2025-04-02 00:30:14.471 [org.springframework.kafka.KafkaListenerEndpointContainer#1-0-C-1] INFO  org.apache.kafka.clients.consumer.internals.ConsumerCoordinator - [Consumer clientId=consumer-tomge-consumer-group-2, groupId=tomge-consumer-group] Request joining group due to: consumer pro-actively leaving the group
2025-04-02 00:30:14.471 [org.springframework.kafka.KafkaListenerEndpointContainer#0-0-C-1] INFO  org.apache.kafka.clients.consumer.internals.ConsumerCoordinator - [Consumer clientId=consumer-tomge-consumer-group-1, groupId=tomge-consumer-group] Request joining group due to: consumer pro-actively leaving the group
2025-04-02 00:30:14.471 [org.springframework.kafka.KafkaListenerEndpointContainer#1-0-C-1] INFO  org.apache.kafka.clients.consumer.internals.LegacyKafkaConsumer - [Consumer clientId=consumer-tomge-consumer-group-2, groupId=tomge-consumer-group] Unsubscribed all topics or patterns and assigned partitions
2025-04-02 00:30:14.471 [org.springframework.kafka.KafkaListenerEndpointContainer#0-0-C-1] INFO  org.apache.kafka.clients.consumer.internals.LegacyKafkaConsumer - [Consumer clientId=consumer-tomge-consumer-group-1, groupId=tomge-consumer-group] Unsubscribed all topics or patterns and assigned partitions
2025-04-02 00:30:14.472 [org.springframework.kafka.KafkaListenerEndpointContainer#0-0-C-1] INFO  org.apache.kafka.clients.consumer.internals.ConsumerCoordinator - [Consumer clientId=consumer-tomge-consumer-group-1, groupId=tomge-consumer-group] Resetting generation and member id due to: consumer pro-actively leaving the group
2025-04-02 00:30:14.472 [org.springframework.kafka.KafkaListenerEndpointContainer#1-0-C-1] INFO  org.apache.kafka.clients.consumer.internals.ConsumerCoordinator - [Consumer clientId=consumer-tomge-consumer-group-2, groupId=tomge-consumer-group] Resetting generation and member id due to: consumer pro-actively leaving the group
2025-04-02 00:30:14.472 [org.springframework.kafka.KafkaListenerEndpointContainer#0-0-C-1] INFO  org.apache.kafka.clients.consumer.internals.ConsumerCoordinator - [Consumer clientId=consumer-tomge-consumer-group-1, groupId=tomge-consumer-group] Request joining group due to: consumer pro-actively leaving the group
2025-04-02 00:30:14.472 [org.springframework.kafka.KafkaListenerEndpointContainer#1-0-C-1] INFO  org.apache.kafka.clients.consumer.internals.ConsumerCoordinator - [Consumer clientId=consumer-tomge-consumer-group-2, groupId=tomge-consumer-group] Request joining group due to: consumer pro-actively leaving the group
2025-04-02 00:30:14.533 [org.springframework.kafka.KafkaListenerEndpointContainer#0-0-C-1] INFO  org.apache.kafka.common.metrics.Metrics - Metrics scheduler closed
2025-04-02 00:30:14.533 [org.springframework.kafka.KafkaListenerEndpointContainer#1-0-C-1] INFO  org.apache.kafka.common.metrics.Metrics - Metrics scheduler closed
2025-04-02 00:30:14.533 [org.springframework.kafka.KafkaListenerEndpointContainer#0-0-C-1] INFO  org.apache.kafka.common.metrics.Metrics - Closing reporter org.apache.kafka.common.metrics.JmxReporter
2025-04-02 00:30:14.533 [org.springframework.kafka.KafkaListenerEndpointContainer#1-0-C-1] INFO  org.apache.kafka.common.metrics.Metrics - Closing reporter org.apache.kafka.common.metrics.JmxReporter
2025-04-02 00:30:14.533 [org.springframework.kafka.KafkaListenerEndpointContainer#0-0-C-1] INFO  org.apache.kafka.common.metrics.Metrics - Closing reporter org.apache.kafka.common.telemetry.internals.ClientTelemetryReporter
2025-04-02 00:30:14.533 [org.springframework.kafka.KafkaListenerEndpointContainer#1-0-C-1] INFO  org.apache.kafka.common.metrics.Metrics - Closing reporter org.apache.kafka.common.telemetry.internals.ClientTelemetryReporter
2025-04-02 00:30:14.533 [org.springframework.kafka.KafkaListenerEndpointContainer#0-0-C-1] INFO  org.apache.kafka.common.metrics.Metrics - Metrics reporters closed
2025-04-02 00:30:14.533 [org.springframework.kafka.KafkaListenerEndpointContainer#1-0-C-1] INFO  org.apache.kafka.common.metrics.Metrics - Metrics reporters closed
2025-04-02 00:30:14.539 [org.springframework.kafka.KafkaListenerEndpointContainer#1-0-C-1] INFO  org.apache.kafka.common.utils.AppInfoParser - App info kafka.consumer for consumer-tomge-consumer-group-2 unregistered
2025-04-02 00:30:14.539 [org.springframework.kafka.KafkaListenerEndpointContainer#0-0-C-1] INFO  org.apache.kafka.common.utils.AppInfoParser - App info kafka.consumer for consumer-tomge-consumer-group-1 unregistered
2025-04-02 00:30:18.871 [main] INFO  com.test.testboot.TestbootApplication - Starting TestbootApplication using Java 23.0.2 with PID 58981 (/Users/zhaoxin/Documents/GitHub/testboot/target/classes started by zhaoxin in /Users/zhaoxin/Documents/GitHub/testboot)
2025-04-02 00:30:18.874 [main] INFO  com.test.testboot.TestbootApplication - No active profile set, falling back to 1 default profile: "default"
2025-04-02 00:30:19.527 [main] INFO  org.apache.coyote.http11.Http11NioProtocol - Initializing ProtocolHandler ["http-nio-9090"]
2025-04-02 00:30:19.528 [main] INFO  org.apache.catalina.core.StandardService - Starting service [Tomcat]
2025-04-02 00:30:19.528 [main] INFO  org.apache.catalina.core.StandardEngine - Starting Servlet engine: [Apache Tomcat/10.1.36]
2025-04-02 00:30:19.548 [main] INFO  org.apache.catalina.core.ContainerBase.[Tomcat].[localhost].[/] - Initializing Spring embedded WebApplicationContext
2025-04-02 00:30:21.096 [main] INFO  org.apache.coyote.http11.Http11NioProtocol - Starting ProtocolHandler ["http-nio-9090"]
2025-04-02 00:30:21.116 [main] INFO  org.apache.kafka.clients.consumer.ConsumerConfig - ConsumerConfig values: 
	allow.auto.create.topics = true
	auto.commit.interval.ms = 5000
	auto.include.jmx.reporter = true
	auto.offset.reset = latest
	bootstrap.servers = [localhost:9092]
	check.crcs = true
	client.dns.lookup = use_all_dns_ips
	client.id = consumer-tomge-consumer-group-1
	client.rack = 
	connections.max.idle.ms = 540000
	default.api.timeout.ms = 60000
	enable.auto.commit = false
	enable.metrics.push = true
	exclude.internal.topics = true
	fetch.max.bytes = 52428800
	fetch.max.wait.ms = 500
	fetch.min.bytes = 1
	group.id = tomge-consumer-group
	group.instance.id = null
	group.protocol = classic
	group.remote.assignor = null
	heartbeat.interval.ms = 3000
	interceptor.classes = []
	internal.leave.group.on.close = true
	internal.throw.on.fetch.stable.offset.unsupported = false
	isolation.level = read_uncommitted
	key.deserializer = class org.apache.kafka.common.serialization.StringDeserializer
	max.partition.fetch.bytes = 1048576
	max.poll.interval.ms = 300000
	max.poll.records = 500
	metadata.max.age.ms = 300000
	metric.reporters = []
	metrics.num.samples = 2
	metrics.recording.level = INFO
	metrics.sample.window.ms = 30000
	partition.assignment.strategy = [class org.apache.kafka.clients.consumer.RangeAssignor, class org.apache.kafka.clients.consumer.CooperativeStickyAssignor]
	receive.buffer.bytes = 65536
	reconnect.backoff.max.ms = 1000
	reconnect.backoff.ms = 50
	request.timeout.ms = 30000
	retry.backoff.max.ms = 1000
	retry.backoff.ms = 100
	sasl.client.callback.handler.class = null
	sasl.jaas.config = null
	sasl.kerberos.kinit.cmd = /usr/bin/kinit
	sasl.kerberos.min.time.before.relogin = 60000
	sasl.kerberos.service.name = null
	sasl.kerberos.ticket.renew.jitter = 0.05
	sasl.kerberos.ticket.renew.window.factor = 0.8
	sasl.login.callback.handler.class = null
	sasl.login.class = null
	sasl.login.connect.timeout.ms = null
	sasl.login.read.timeout.ms = null
	sasl.login.refresh.buffer.seconds = 300
	sasl.login.refresh.min.period.seconds = 60
	sasl.login.refresh.window.factor = 0.8
	sasl.login.refresh.window.jitter = 0.05
	sasl.login.retry.backoff.max.ms = 10000
	sasl.login.retry.backoff.ms = 100
	sasl.mechanism = GSSAPI
	sasl.oauthbearer.clock.skew.seconds = 30
	sasl.oauthbearer.expected.audience = null
	sasl.oauthbearer.expected.issuer = null
	sasl.oauthbearer.jwks.endpoint.refresh.ms = 3600000
	sasl.oauthbearer.jwks.endpoint.retry.backoff.max.ms = 10000
	sasl.oauthbearer.jwks.endpoint.retry.backoff.ms = 100
	sasl.oauthbearer.jwks.endpoint.url = null
	sasl.oauthbearer.scope.claim.name = scope
	sasl.oauthbearer.sub.claim.name = sub
	sasl.oauthbearer.token.endpoint.url = null
	security.protocol = PLAINTEXT
	security.providers = null
	send.buffer.bytes = 131072
	session.timeout.ms = 45000
	socket.connection.setup.timeout.max.ms = 30000
	socket.connection.setup.timeout.ms = 10000
	ssl.cipher.suites = null
	ssl.enabled.protocols = [TLSv1.2, TLSv1.3]
	ssl.endpoint.identification.algorithm = https
	ssl.engine.factory.class = null
	ssl.key.password = null
	ssl.keymanager.algorithm = SunX509
	ssl.keystore.certificate.chain = null
	ssl.keystore.key = null
	ssl.keystore.location = null
	ssl.keystore.password = null
	ssl.keystore.type = JKS
	ssl.protocol = TLSv1.3
	ssl.provider = null
	ssl.secure.random.implementation = null
	ssl.trustmanager.algorithm = PKIX
	ssl.truststore.certificates = null
	ssl.truststore.location = null
	ssl.truststore.password = null
	ssl.truststore.type = JKS
	value.deserializer = class org.apache.kafka.common.serialization.StringDeserializer

2025-04-02 00:30:21.138 [main] INFO  org.apache.kafka.common.telemetry.internals.KafkaMetricsCollector - initializing Kafka metrics collector
2025-04-02 00:30:21.165 [main] INFO  org.apache.kafka.common.utils.AppInfoParser - Kafka version: 3.7.2
2025-04-02 00:30:21.166 [main] INFO  org.apache.kafka.common.utils.AppInfoParser - Kafka commitId: 79a8f2b5f44f9d5a
2025-04-02 00:30:21.166 [main] INFO  org.apache.kafka.common.utils.AppInfoParser - Kafka startTimeMs: 1743525021165
2025-04-02 00:30:21.167 [main] INFO  org.apache.kafka.clients.consumer.internals.LegacyKafkaConsumer - [Consumer clientId=consumer-tomge-consumer-group-1, groupId=tomge-consumer-group] Subscribed to topic(s): testtopic2
2025-04-02 00:30:21.170 [main] INFO  org.apache.kafka.clients.consumer.ConsumerConfig - ConsumerConfig values: 
	allow.auto.create.topics = true
	auto.commit.interval.ms = 5000
	auto.include.jmx.reporter = true
	auto.offset.reset = latest
	bootstrap.servers = [localhost:9092]
	check.crcs = true
	client.dns.lookup = use_all_dns_ips
	client.id = consumer-tomge-consumer-group-2
	client.rack = 
	connections.max.idle.ms = 540000
	default.api.timeout.ms = 60000
	enable.auto.commit = false
	enable.metrics.push = true
	exclude.internal.topics = true
	fetch.max.bytes = 52428800
	fetch.max.wait.ms = 500
	fetch.min.bytes = 1
	group.id = tomge-consumer-group
	group.instance.id = null
	group.protocol = classic
	group.remote.assignor = null
	heartbeat.interval.ms = 3000
	interceptor.classes = []
	internal.leave.group.on.close = true
	internal.throw.on.fetch.stable.offset.unsupported = false
	isolation.level = read_uncommitted
	key.deserializer = class org.apache.kafka.common.serialization.StringDeserializer
	max.partition.fetch.bytes = 1048576
	max.poll.interval.ms = 300000
	max.poll.records = 500
	metadata.max.age.ms = 300000
	metric.reporters = []
	metrics.num.samples = 2
	metrics.recording.level = INFO
	metrics.sample.window.ms = 30000
	partition.assignment.strategy = [class org.apache.kafka.clients.consumer.RangeAssignor, class org.apache.kafka.clients.consumer.CooperativeStickyAssignor]
	receive.buffer.bytes = 65536
	reconnect.backoff.max.ms = 1000
	reconnect.backoff.ms = 50
	request.timeout.ms = 30000
	retry.backoff.max.ms = 1000
	retry.backoff.ms = 100
	sasl.client.callback.handler.class = null
	sasl.jaas.config = null
	sasl.kerberos.kinit.cmd = /usr/bin/kinit
	sasl.kerberos.min.time.before.relogin = 60000
	sasl.kerberos.service.name = null
	sasl.kerberos.ticket.renew.jitter = 0.05
	sasl.kerberos.ticket.renew.window.factor = 0.8
	sasl.login.callback.handler.class = null
	sasl.login.class = null
	sasl.login.connect.timeout.ms = null
	sasl.login.read.timeout.ms = null
	sasl.login.refresh.buffer.seconds = 300
	sasl.login.refresh.min.period.seconds = 60
	sasl.login.refresh.window.factor = 0.8
	sasl.login.refresh.window.jitter = 0.05
	sasl.login.retry.backoff.max.ms = 10000
	sasl.login.retry.backoff.ms = 100
	sasl.mechanism = GSSAPI
	sasl.oauthbearer.clock.skew.seconds = 30
	sasl.oauthbearer.expected.audience = null
	sasl.oauthbearer.expected.issuer = null
	sasl.oauthbearer.jwks.endpoint.refresh.ms = 3600000
	sasl.oauthbearer.jwks.endpoint.retry.backoff.max.ms = 10000
	sasl.oauthbearer.jwks.endpoint.retry.backoff.ms = 100
	sasl.oauthbearer.jwks.endpoint.url = null
	sasl.oauthbearer.scope.claim.name = scope
	sasl.oauthbearer.sub.claim.name = sub
	sasl.oauthbearer.token.endpoint.url = null
	security.protocol = PLAINTEXT
	security.providers = null
	send.buffer.bytes = 131072
	session.timeout.ms = 45000
	socket.connection.setup.timeout.max.ms = 30000
	socket.connection.setup.timeout.ms = 10000
	ssl.cipher.suites = null
	ssl.enabled.protocols = [TLSv1.2, TLSv1.3]
	ssl.endpoint.identification.algorithm = https
	ssl.engine.factory.class = null
	ssl.key.password = null
	ssl.keymanager.algorithm = SunX509
	ssl.keystore.certificate.chain = null
	ssl.keystore.key = null
	ssl.keystore.location = null
	ssl.keystore.password = null
	ssl.keystore.type = JKS
	ssl.protocol = TLSv1.3
	ssl.provider = null
	ssl.secure.random.implementation = null
	ssl.trustmanager.algorithm = PKIX
	ssl.truststore.certificates = null
	ssl.truststore.location = null
	ssl.truststore.password = null
	ssl.truststore.type = JKS
	value.deserializer = class org.apache.kafka.common.serialization.StringDeserializer

2025-04-02 00:30:21.170 [main] INFO  org.apache.kafka.common.telemetry.internals.KafkaMetricsCollector - initializing Kafka metrics collector
2025-04-02 00:30:21.173 [main] INFO  org.apache.kafka.common.utils.AppInfoParser - Kafka version: 3.7.2
2025-04-02 00:30:21.173 [main] INFO  org.apache.kafka.common.utils.AppInfoParser - Kafka commitId: 79a8f2b5f44f9d5a
2025-04-02 00:30:21.173 [main] INFO  org.apache.kafka.common.utils.AppInfoParser - Kafka startTimeMs: 1743525021173
2025-04-02 00:30:21.173 [main] INFO  org.apache.kafka.clients.consumer.internals.LegacyKafkaConsumer - [Consumer clientId=consumer-tomge-consumer-group-2, groupId=tomge-consumer-group] Subscribed to topic(s): testtopic
2025-04-02 00:30:21.179 [main] INFO  com.test.testboot.TestbootApplication - Started TestbootApplication in 2.507 seconds (process running for 2.754)
2025-04-02 00:30:21.300 [org.springframework.kafka.KafkaListenerEndpointContainer#1-0-C-1] INFO  org.apache.kafka.clients.Metadata - [Consumer clientId=consumer-tomge-consumer-group-2, groupId=tomge-consumer-group] Cluster ID: 55v202dzTXeo6Uf5cKQwuw
2025-04-02 00:30:21.300 [org.springframework.kafka.KafkaListenerEndpointContainer#0-0-C-1] INFO  org.apache.kafka.clients.Metadata - [Consumer clientId=consumer-tomge-consumer-group-1, groupId=tomge-consumer-group] Cluster ID: 55v202dzTXeo6Uf5cKQwuw
2025-04-02 00:30:21.300 [org.springframework.kafka.KafkaListenerEndpointContainer#1-0-C-1] INFO  org.apache.kafka.clients.consumer.internals.ConsumerCoordinator - [Consumer clientId=consumer-tomge-consumer-group-2, groupId=tomge-consumer-group] Discovered group coordinator localhost:9092 (id: 2147483647 rack: null)
2025-04-02 00:30:21.300 [org.springframework.kafka.KafkaListenerEndpointContainer#0-0-C-1] INFO  org.apache.kafka.clients.consumer.internals.ConsumerCoordinator - [Consumer clientId=consumer-tomge-consumer-group-1, groupId=tomge-consumer-group] Discovered group coordinator localhost:9092 (id: 2147483647 rack: null)
2025-04-02 00:30:21.301 [org.springframework.kafka.KafkaListenerEndpointContainer#1-0-C-1] INFO  org.apache.kafka.clients.consumer.internals.ConsumerCoordinator - [Consumer clientId=consumer-tomge-consumer-group-2, groupId=tomge-consumer-group] (Re-)joining group
2025-04-02 00:30:21.301 [org.springframework.kafka.KafkaListenerEndpointContainer#0-0-C-1] INFO  org.apache.kafka.clients.consumer.internals.ConsumerCoordinator - [Consumer clientId=consumer-tomge-consumer-group-1, groupId=tomge-consumer-group] (Re-)joining group
2025-04-02 00:30:21.309 [org.springframework.kafka.KafkaListenerEndpointContainer#1-0-C-1] INFO  org.apache.kafka.clients.consumer.internals.ConsumerCoordinator - [Consumer clientId=consumer-tomge-consumer-group-2, groupId=tomge-consumer-group] Request joining group due to: need to re-join with the given member-id: consumer-tomge-consumer-group-2-c994058d-b1eb-4245-bee2-51956a337621
2025-04-02 00:30:21.309 [org.springframework.kafka.KafkaListenerEndpointContainer#0-0-C-1] INFO  org.apache.kafka.clients.consumer.internals.ConsumerCoordinator - [Consumer clientId=consumer-tomge-consumer-group-1, groupId=tomge-consumer-group] Request joining group due to: need to re-join with the given member-id: consumer-tomge-consumer-group-1-b8f84deb-425d-4cd3-b4dd-3f5942bc034a
2025-04-02 00:30:21.309 [org.springframework.kafka.KafkaListenerEndpointContainer#1-0-C-1] INFO  org.apache.kafka.clients.consumer.internals.ConsumerCoordinator - [Consumer clientId=consumer-tomge-consumer-group-2, groupId=tomge-consumer-group] (Re-)joining group
2025-04-02 00:30:21.309 [org.springframework.kafka.KafkaListenerEndpointContainer#0-0-C-1] INFO  org.apache.kafka.clients.consumer.internals.ConsumerCoordinator - [Consumer clientId=consumer-tomge-consumer-group-1, groupId=tomge-consumer-group] (Re-)joining group
2025-04-02 00:30:21.311 [org.springframework.kafka.KafkaListenerEndpointContainer#0-0-C-1] INFO  org.apache.kafka.clients.consumer.internals.ConsumerCoordinator - [Consumer clientId=consumer-tomge-consumer-group-1, groupId=tomge-consumer-group] Successfully joined group with generation Generation{generationId=139, memberId='consumer-tomge-consumer-group-1-b8f84deb-425d-4cd3-b4dd-3f5942bc034a', protocol='range'}
2025-04-02 00:30:21.311 [org.springframework.kafka.KafkaListenerEndpointContainer#1-0-C-1] INFO  org.apache.kafka.clients.consumer.internals.ConsumerCoordinator - [Consumer clientId=consumer-tomge-consumer-group-2, groupId=tomge-consumer-group] Successfully joined group with generation Generation{generationId=139, memberId='consumer-tomge-consumer-group-2-c994058d-b1eb-4245-bee2-51956a337621', protocol='range'}
2025-04-02 00:30:21.315 [org.springframework.kafka.KafkaListenerEndpointContainer#1-0-C-1] INFO  org.apache.kafka.clients.consumer.internals.ConsumerCoordinator - [Consumer clientId=consumer-tomge-consumer-group-2, groupId=tomge-consumer-group] Finished assignment for group at generation 139: {consumer-tomge-consumer-group-1-b8f84deb-425d-4cd3-b4dd-3f5942bc034a=Assignment(partitions=[testtopic2-0]), consumer-tomge-consumer-group-2-c994058d-b1eb-4245-bee2-51956a337621=Assignment(partitions=[testtopic-0])}
2025-04-02 00:30:21.318 [org.springframework.kafka.KafkaListenerEndpointContainer#1-0-C-1] INFO  org.apache.kafka.clients.consumer.internals.ConsumerCoordinator - [Consumer clientId=consumer-tomge-consumer-group-2, groupId=tomge-consumer-group] Successfully synced group in generation Generation{generationId=139, memberId='consumer-tomge-consumer-group-2-c994058d-b1eb-4245-bee2-51956a337621', protocol='range'}
2025-04-02 00:30:21.318 [org.springframework.kafka.KafkaListenerEndpointContainer#0-0-C-1] INFO  org.apache.kafka.clients.consumer.internals.ConsumerCoordinator - [Consumer clientId=consumer-tomge-consumer-group-1, groupId=tomge-consumer-group] Successfully synced group in generation Generation{generationId=139, memberId='consumer-tomge-consumer-group-1-b8f84deb-425d-4cd3-b4dd-3f5942bc034a', protocol='range'}
2025-04-02 00:30:21.319 [org.springframework.kafka.KafkaListenerEndpointContainer#0-0-C-1] INFO  org.apache.kafka.clients.consumer.internals.ConsumerCoordinator - [Consumer clientId=consumer-tomge-consumer-group-1, groupId=tomge-consumer-group] Notifying assignor about the new Assignment(partitions=[testtopic2-0])
2025-04-02 00:30:21.319 [org.springframework.kafka.KafkaListenerEndpointContainer#1-0-C-1] INFO  org.apache.kafka.clients.consumer.internals.ConsumerCoordinator - [Consumer clientId=consumer-tomge-consumer-group-2, groupId=tomge-consumer-group] Notifying assignor about the new Assignment(partitions=[testtopic-0])
2025-04-02 00:30:21.320 [org.springframework.kafka.KafkaListenerEndpointContainer#1-0-C-1] INFO  org.apache.kafka.clients.consumer.internals.ConsumerRebalanceListenerInvoker - [Consumer clientId=consumer-tomge-consumer-group-2, groupId=tomge-consumer-group] Adding newly assigned partitions: testtopic-0
2025-04-02 00:30:21.320 [org.springframework.kafka.KafkaListenerEndpointContainer#0-0-C-1] INFO  org.apache.kafka.clients.consumer.internals.ConsumerRebalanceListenerInvoker - [Consumer clientId=consumer-tomge-consumer-group-1, groupId=tomge-consumer-group] Adding newly assigned partitions: testtopic2-0
2025-04-02 00:30:21.324 [org.springframework.kafka.KafkaListenerEndpointContainer#0-0-C-1] INFO  org.apache.kafka.clients.consumer.internals.ConsumerUtils - Setting offset for partition testtopic2-0 to the committed offset FetchPosition{offset=57, offsetEpoch=Optional.empty, currentLeader=LeaderAndEpoch{leader=Optional[localhost:9092 (id: 0 rack: null)], epoch=0}}
2025-04-02 00:30:21.324 [org.springframework.kafka.KafkaListenerEndpointContainer#1-0-C-1] INFO  org.apache.kafka.clients.consumer.internals.ConsumerUtils - Setting offset for partition testtopic-0 to the committed offset FetchPosition{offset=82, offsetEpoch=Optional.empty, currentLeader=LeaderAndEpoch{leader=Optional[localhost:9092 (id: 0 rack: null)], epoch=0}}
2025-04-02 00:30:40.879 [org.springframework.kafka.KafkaListenerEndpointContainer#0-0-C-1] INFO  com.test.testboot.kafkaservice.ConsumerService - CanalModel: null
2025-04-02 00:30:41.137 [org.springframework.kafka.KafkaListenerEndpointContainer#0-0-C-1] INFO  com.test.testboot.kafkaservice.ConsumerService - UPDATE 操作成功 - id: 915, value: {"address":"湖北省襄阳市","sex":"男","name":"黄蓉1","birth":"1500","id":"915","department":"丐帮"}
2025-04-02 00:31:02.445 [http-nio-9090-exec-2] INFO  org.apache.catalina.core.ContainerBase.[Tomcat].[localhost].[/] - Initializing Spring DispatcherServlet 'dispatcherServlet'
2025-04-02 00:31:02.499 [http-nio-9090-exec-2] INFO  com.test.testboot.controller.StudentController - [Student [Hash = 545307100, id=915, name=黄蓉1, sex=男, birth=1500, department=丐帮, address=湖北省襄阳市]]
2025-04-02 00:32:00.460 [org.springframework.kafka.KafkaListenerEndpointContainer#1-0-C-1] INFO  org.apache.kafka.clients.consumer.internals.ConsumerRebalanceListenerInvoker - [Consumer clientId=consumer-tomge-consumer-group-2, groupId=tomge-consumer-group] Revoke previously assigned partitions testtopic-0
2025-04-02 00:32:00.460 [org.springframework.kafka.KafkaListenerEndpointContainer#0-0-C-1] INFO  org.apache.kafka.clients.consumer.internals.ConsumerRebalanceListenerInvoker - [Consumer clientId=consumer-tomge-consumer-group-1, groupId=tomge-consumer-group] Revoke previously assigned partitions testtopic2-0
2025-04-02 00:32:00.460 [org.springframework.kafka.KafkaListenerEndpointContainer#1-0-C-1] INFO  org.apache.kafka.clients.consumer.internals.ConsumerCoordinator - [Consumer clientId=consumer-tomge-consumer-group-2, groupId=tomge-consumer-group] Member consumer-tomge-consumer-group-2-c994058d-b1eb-4245-bee2-51956a337621 sending LeaveGroup request to coordinator localhost:9092 (id: 2147483647 rack: null) due to the consumer unsubscribed from all topics
2025-04-02 00:32:00.460 [org.springframework.kafka.KafkaListenerEndpointContainer#0-0-C-1] INFO  org.apache.kafka.clients.consumer.internals.ConsumerCoordinator - [Consumer clientId=consumer-tomge-consumer-group-1, groupId=tomge-consumer-group] Member consumer-tomge-consumer-group-1-b8f84deb-425d-4cd3-b4dd-3f5942bc034a sending LeaveGroup request to coordinator localhost:9092 (id: 2147483647 rack: null) due to the consumer unsubscribed from all topics
2025-04-02 00:32:00.461 [org.springframework.kafka.KafkaListenerEndpointContainer#0-0-C-1] INFO  org.apache.kafka.clients.consumer.internals.ConsumerCoordinator - [Consumer clientId=consumer-tomge-consumer-group-1, groupId=tomge-consumer-group] Resetting generation and member id due to: consumer pro-actively leaving the group
2025-04-02 00:32:00.461 [org.springframework.kafka.KafkaListenerEndpointContainer#1-0-C-1] INFO  org.apache.kafka.clients.consumer.internals.ConsumerCoordinator - [Consumer clientId=consumer-tomge-consumer-group-2, groupId=tomge-consumer-group] Resetting generation and member id due to: consumer pro-actively leaving the group
2025-04-02 00:32:00.461 [org.springframework.kafka.KafkaListenerEndpointContainer#0-0-C-1] INFO  org.apache.kafka.clients.consumer.internals.ConsumerCoordinator - [Consumer clientId=consumer-tomge-consumer-group-1, groupId=tomge-consumer-group] Request joining group due to: consumer pro-actively leaving the group
2025-04-02 00:32:00.461 [org.springframework.kafka.KafkaListenerEndpointContainer#1-0-C-1] INFO  org.apache.kafka.clients.consumer.internals.ConsumerCoordinator - [Consumer clientId=consumer-tomge-consumer-group-2, groupId=tomge-consumer-group] Request joining group due to: consumer pro-actively leaving the group
2025-04-02 00:32:00.461 [org.springframework.kafka.KafkaListenerEndpointContainer#0-0-C-1] INFO  org.apache.kafka.clients.consumer.internals.LegacyKafkaConsumer - [Consumer clientId=consumer-tomge-consumer-group-1, groupId=tomge-consumer-group] Unsubscribed all topics or patterns and assigned partitions
2025-04-02 00:32:00.461 [org.springframework.kafka.KafkaListenerEndpointContainer#1-0-C-1] INFO  org.apache.kafka.clients.consumer.internals.LegacyKafkaConsumer - [Consumer clientId=consumer-tomge-consumer-group-2, groupId=tomge-consumer-group] Unsubscribed all topics or patterns and assigned partitions
2025-04-02 00:32:00.462 [org.springframework.kafka.KafkaListenerEndpointContainer#0-0-C-1] INFO  org.apache.kafka.clients.consumer.internals.ConsumerCoordinator - [Consumer clientId=consumer-tomge-consumer-group-1, groupId=tomge-consumer-group] Resetting generation and member id due to: consumer pro-actively leaving the group
2025-04-02 00:32:00.462 [org.springframework.kafka.KafkaListenerEndpointContainer#1-0-C-1] INFO  org.apache.kafka.clients.consumer.internals.ConsumerCoordinator - [Consumer clientId=consumer-tomge-consumer-group-2, groupId=tomge-consumer-group] Resetting generation and member id due to: consumer pro-actively leaving the group
2025-04-02 00:32:00.462 [org.springframework.kafka.KafkaListenerEndpointContainer#0-0-C-1] INFO  org.apache.kafka.clients.consumer.internals.ConsumerCoordinator - [Consumer clientId=consumer-tomge-consumer-group-1, groupId=tomge-consumer-group] Request joining group due to: consumer pro-actively leaving the group
2025-04-02 00:32:00.462 [org.springframework.kafka.KafkaListenerEndpointContainer#1-0-C-1] INFO  org.apache.kafka.clients.consumer.internals.ConsumerCoordinator - [Consumer clientId=consumer-tomge-consumer-group-2, groupId=tomge-consumer-group] Request joining group due to: consumer pro-actively leaving the group
2025-04-02 00:32:00.501 [org.springframework.kafka.KafkaListenerEndpointContainer#1-0-C-1] INFO  org.apache.kafka.common.metrics.Metrics - Metrics scheduler closed
2025-04-02 00:32:00.501 [org.springframework.kafka.KafkaListenerEndpointContainer#1-0-C-1] INFO  org.apache.kafka.common.metrics.Metrics - Closing reporter org.apache.kafka.common.metrics.JmxReporter
2025-04-02 00:32:00.502 [org.springframework.kafka.KafkaListenerEndpointContainer#1-0-C-1] INFO  org.apache.kafka.common.metrics.Metrics - Closing reporter org.apache.kafka.common.telemetry.internals.ClientTelemetryReporter
2025-04-02 00:32:00.502 [org.springframework.kafka.KafkaListenerEndpointContainer#1-0-C-1] INFO  org.apache.kafka.common.metrics.Metrics - Metrics reporters closed
2025-04-02 00:32:00.504 [org.springframework.kafka.KafkaListenerEndpointContainer#1-0-C-1] INFO  org.apache.kafka.common.utils.AppInfoParser - App info kafka.consumer for consumer-tomge-consumer-group-2 unregistered
2025-04-02 00:32:00.933 [org.springframework.kafka.KafkaListenerEndpointContainer#0-0-C-1] INFO  org.apache.kafka.common.metrics.Metrics - Metrics scheduler closed
2025-04-02 00:32:00.933 [org.springframework.kafka.KafkaListenerEndpointContainer#0-0-C-1] INFO  org.apache.kafka.common.metrics.Metrics - Closing reporter org.apache.kafka.common.metrics.JmxReporter
2025-04-02 00:32:00.934 [org.springframework.kafka.KafkaListenerEndpointContainer#0-0-C-1] INFO  org.apache.kafka.common.metrics.Metrics - Closing reporter org.apache.kafka.common.telemetry.internals.ClientTelemetryReporter
2025-04-02 00:32:00.934 [org.springframework.kafka.KafkaListenerEndpointContainer#0-0-C-1] INFO  org.apache.kafka.common.metrics.Metrics - Metrics reporters closed
2025-04-02 00:32:00.936 [org.springframework.kafka.KafkaListenerEndpointContainer#0-0-C-1] INFO  org.apache.kafka.common.utils.AppInfoParser - App info kafka.consumer for consumer-tomge-consumer-group-1 unregistered
