2025-04-09 14:07:07.897 [main] INFO  com.test.testboot.TestbootApplication - Starting TestbootApplication using Java 23.0.2 with PID 41122 (/Users/zhaoxin/Documents/GitHub/testboot/target/classes started by zhaoxin in /Users/zhaoxin/Documents/GitHub/testboot)
2025-04-09 14:07:07.898 [main] INFO  com.test.testboot.TestbootApplication - No active profile set, falling back to 1 default profile: "default"
2025-04-09 14:07:08.596 [main] INFO  org.apache.coyote.http11.Http11NioProtocol - Initializing ProtocolHandler ["http-nio-9090"]
2025-04-09 14:07:08.597 [main] INFO  org.apache.catalina.core.StandardService - Starting service [Tomcat]
2025-04-09 14:07:08.597 [main] INFO  org.apache.catalina.core.StandardEngine - Starting Servlet engine: [Apache Tomcat/10.1.36]
2025-04-09 14:07:08.617 [main] INFO  org.apache.catalina.core.ContainerBase.[Tomcat].[localhost].[/] - Initializing Spring embedded WebApplicationContext
2025-04-09 14:07:09.657 [main] INFO  org.apache.coyote.http11.Http11NioProtocol - Starting ProtocolHandler ["http-nio-9090"]
2025-04-09 14:07:09.679 [main] INFO  org.apache.kafka.clients.consumer.ConsumerConfig - ConsumerConfig values: 
	allow.auto.create.topics = true
	auto.commit.interval.ms = 5000
	auto.include.jmx.reporter = true
	auto.offset.reset = latest
	bootstrap.servers = [106.54.227.172:9092]
	check.crcs = true
	client.dns.lookup = use_all_dns_ips
	client.id = consumer-tomge-consumer-group-1
	client.rack = 
	connections.max.idle.ms = 540000
	default.api.timeout.ms = 60000
	enable.auto.commit = false
	enable.metrics.push = true
	exclude.internal.topics = true
	fetch.max.bytes = 52428800
	fetch.max.wait.ms = 500
	fetch.min.bytes = 1
	group.id = tomge-consumer-group
	group.instance.id = null
	group.protocol = classic
	group.remote.assignor = null
	heartbeat.interval.ms = 3000
	interceptor.classes = []
	internal.leave.group.on.close = true
	internal.throw.on.fetch.stable.offset.unsupported = false
	isolation.level = read_uncommitted
	key.deserializer = class org.apache.kafka.common.serialization.StringDeserializer
	max.partition.fetch.bytes = 1048576
	max.poll.interval.ms = 300000
	max.poll.records = 500
	metadata.max.age.ms = 300000
	metric.reporters = []
	metrics.num.samples = 2
	metrics.recording.level = INFO
	metrics.sample.window.ms = 30000
	partition.assignment.strategy = [class org.apache.kafka.clients.consumer.RangeAssignor, class org.apache.kafka.clients.consumer.CooperativeStickyAssignor]
	receive.buffer.bytes = 65536
	reconnect.backoff.max.ms = 1000
	reconnect.backoff.ms = 50
	request.timeout.ms = 30000
	retry.backoff.max.ms = 1000
	retry.backoff.ms = 100
	sasl.client.callback.handler.class = null
	sasl.jaas.config = null
	sasl.kerberos.kinit.cmd = /usr/bin/kinit
	sasl.kerberos.min.time.before.relogin = 60000
	sasl.kerberos.service.name = null
	sasl.kerberos.ticket.renew.jitter = 0.05
	sasl.kerberos.ticket.renew.window.factor = 0.8
	sasl.login.callback.handler.class = null
	sasl.login.class = null
	sasl.login.connect.timeout.ms = null
	sasl.login.read.timeout.ms = null
	sasl.login.refresh.buffer.seconds = 300
	sasl.login.refresh.min.period.seconds = 60
	sasl.login.refresh.window.factor = 0.8
	sasl.login.refresh.window.jitter = 0.05
	sasl.login.retry.backoff.max.ms = 10000
	sasl.login.retry.backoff.ms = 100
	sasl.mechanism = GSSAPI
	sasl.oauthbearer.clock.skew.seconds = 30
	sasl.oauthbearer.expected.audience = null
	sasl.oauthbearer.expected.issuer = null
	sasl.oauthbearer.jwks.endpoint.refresh.ms = 3600000
	sasl.oauthbearer.jwks.endpoint.retry.backoff.max.ms = 10000
	sasl.oauthbearer.jwks.endpoint.retry.backoff.ms = 100
	sasl.oauthbearer.jwks.endpoint.url = null
	sasl.oauthbearer.scope.claim.name = scope
	sasl.oauthbearer.sub.claim.name = sub
	sasl.oauthbearer.token.endpoint.url = null
	security.protocol = PLAINTEXT
	security.providers = null
	send.buffer.bytes = 131072
	session.timeout.ms = 45000
	socket.connection.setup.timeout.max.ms = 30000
	socket.connection.setup.timeout.ms = 10000
	ssl.cipher.suites = null
	ssl.enabled.protocols = [TLSv1.2, TLSv1.3]
	ssl.endpoint.identification.algorithm = https
	ssl.engine.factory.class = null
	ssl.key.password = null
	ssl.keymanager.algorithm = SunX509
	ssl.keystore.certificate.chain = null
	ssl.keystore.key = null
	ssl.keystore.location = null
	ssl.keystore.password = null
	ssl.keystore.type = JKS
	ssl.protocol = TLSv1.3
	ssl.provider = null
	ssl.secure.random.implementation = null
	ssl.trustmanager.algorithm = PKIX
	ssl.truststore.certificates = null
	ssl.truststore.location = null
	ssl.truststore.password = null
	ssl.truststore.type = JKS
	value.deserializer = class org.apache.kafka.common.serialization.StringDeserializer

2025-04-09 14:07:09.699 [main] INFO  org.apache.kafka.common.telemetry.internals.KafkaMetricsCollector - initializing Kafka metrics collector
2025-04-09 14:07:09.727 [main] INFO  org.apache.kafka.common.utils.AppInfoParser - Kafka version: 3.7.2
2025-04-09 14:07:09.728 [main] INFO  org.apache.kafka.common.utils.AppInfoParser - Kafka commitId: 79a8f2b5f44f9d5a
2025-04-09 14:07:09.728 [main] INFO  org.apache.kafka.common.utils.AppInfoParser - Kafka startTimeMs: 1744178829727
2025-04-09 14:07:09.731 [main] INFO  org.apache.kafka.clients.consumer.internals.LegacyKafkaConsumer - [Consumer clientId=consumer-tomge-consumer-group-1, groupId=tomge-consumer-group] Subscribed to topic(s): testtopic
2025-04-09 14:07:09.735 [main] INFO  org.apache.kafka.clients.consumer.ConsumerConfig - ConsumerConfig values: 
	allow.auto.create.topics = true
	auto.commit.interval.ms = 5000
	auto.include.jmx.reporter = true
	auto.offset.reset = latest
	bootstrap.servers = [106.54.227.172:9092]
	check.crcs = true
	client.dns.lookup = use_all_dns_ips
	client.id = consumer-tomge-consumer-group-2
	client.rack = 
	connections.max.idle.ms = 540000
	default.api.timeout.ms = 60000
	enable.auto.commit = false
	enable.metrics.push = true
	exclude.internal.topics = true
	fetch.max.bytes = 52428800
	fetch.max.wait.ms = 500
	fetch.min.bytes = 1
	group.id = tomge-consumer-group
	group.instance.id = null
	group.protocol = classic
	group.remote.assignor = null
	heartbeat.interval.ms = 3000
	interceptor.classes = []
	internal.leave.group.on.close = true
	internal.throw.on.fetch.stable.offset.unsupported = false
	isolation.level = read_uncommitted
	key.deserializer = class org.apache.kafka.common.serialization.StringDeserializer
	max.partition.fetch.bytes = 1048576
	max.poll.interval.ms = 300000
	max.poll.records = 500
	metadata.max.age.ms = 300000
	metric.reporters = []
	metrics.num.samples = 2
	metrics.recording.level = INFO
	metrics.sample.window.ms = 30000
	partition.assignment.strategy = [class org.apache.kafka.clients.consumer.RangeAssignor, class org.apache.kafka.clients.consumer.CooperativeStickyAssignor]
	receive.buffer.bytes = 65536
	reconnect.backoff.max.ms = 1000
	reconnect.backoff.ms = 50
	request.timeout.ms = 30000
	retry.backoff.max.ms = 1000
	retry.backoff.ms = 100
	sasl.client.callback.handler.class = null
	sasl.jaas.config = null
	sasl.kerberos.kinit.cmd = /usr/bin/kinit
	sasl.kerberos.min.time.before.relogin = 60000
	sasl.kerberos.service.name = null
	sasl.kerberos.ticket.renew.jitter = 0.05
	sasl.kerberos.ticket.renew.window.factor = 0.8
	sasl.login.callback.handler.class = null
	sasl.login.class = null
	sasl.login.connect.timeout.ms = null
	sasl.login.read.timeout.ms = null
	sasl.login.refresh.buffer.seconds = 300
	sasl.login.refresh.min.period.seconds = 60
	sasl.login.refresh.window.factor = 0.8
	sasl.login.refresh.window.jitter = 0.05
	sasl.login.retry.backoff.max.ms = 10000
	sasl.login.retry.backoff.ms = 100
	sasl.mechanism = GSSAPI
	sasl.oauthbearer.clock.skew.seconds = 30
	sasl.oauthbearer.expected.audience = null
	sasl.oauthbearer.expected.issuer = null
	sasl.oauthbearer.jwks.endpoint.refresh.ms = 3600000
	sasl.oauthbearer.jwks.endpoint.retry.backoff.max.ms = 10000
	sasl.oauthbearer.jwks.endpoint.retry.backoff.ms = 100
	sasl.oauthbearer.jwks.endpoint.url = null
	sasl.oauthbearer.scope.claim.name = scope
	sasl.oauthbearer.sub.claim.name = sub
	sasl.oauthbearer.token.endpoint.url = null
	security.protocol = PLAINTEXT
	security.providers = null
	send.buffer.bytes = 131072
	session.timeout.ms = 45000
	socket.connection.setup.timeout.max.ms = 30000
	socket.connection.setup.timeout.ms = 10000
	ssl.cipher.suites = null
	ssl.enabled.protocols = [TLSv1.2, TLSv1.3]
	ssl.endpoint.identification.algorithm = https
	ssl.engine.factory.class = null
	ssl.key.password = null
	ssl.keymanager.algorithm = SunX509
	ssl.keystore.certificate.chain = null
	ssl.keystore.key = null
	ssl.keystore.location = null
	ssl.keystore.password = null
	ssl.keystore.type = JKS
	ssl.protocol = TLSv1.3
	ssl.provider = null
	ssl.secure.random.implementation = null
	ssl.trustmanager.algorithm = PKIX
	ssl.truststore.certificates = null
	ssl.truststore.location = null
	ssl.truststore.password = null
	ssl.truststore.type = JKS
	value.deserializer = class org.apache.kafka.common.serialization.StringDeserializer

2025-04-09 14:07:09.735 [main] INFO  org.apache.kafka.common.telemetry.internals.KafkaMetricsCollector - initializing Kafka metrics collector
2025-04-09 14:07:09.738 [main] INFO  org.apache.kafka.common.utils.AppInfoParser - Kafka version: 3.7.2
2025-04-09 14:07:09.738 [main] INFO  org.apache.kafka.common.utils.AppInfoParser - Kafka commitId: 79a8f2b5f44f9d5a
2025-04-09 14:07:09.738 [main] INFO  org.apache.kafka.common.utils.AppInfoParser - Kafka startTimeMs: 1744178829738
2025-04-09 14:07:09.738 [main] INFO  org.apache.kafka.clients.consumer.internals.LegacyKafkaConsumer - [Consumer clientId=consumer-tomge-consumer-group-2, groupId=tomge-consumer-group] Subscribed to topic(s): testtopic2
2025-04-09 14:07:09.746 [main] INFO  com.test.testboot.TestbootApplication - Started TestbootApplication in 2.059 seconds (process running for 2.432)
2025-04-09 14:07:09.983 [org.springframework.kafka.KafkaListenerEndpointContainer#0-0-C-1] INFO  org.apache.kafka.clients.Metadata - [Consumer clientId=consumer-tomge-consumer-group-1, groupId=tomge-consumer-group] Cluster ID: a9Ypxh85Tn-baDC9a_oChQ
2025-04-09 14:07:09.983 [org.springframework.kafka.KafkaListenerEndpointContainer#1-0-C-1] INFO  org.apache.kafka.clients.Metadata - [Consumer clientId=consumer-tomge-consumer-group-2, groupId=tomge-consumer-group] Cluster ID: a9Ypxh85Tn-baDC9a_oChQ
2025-04-09 14:07:12.081 [org.springframework.kafka.KafkaListenerEndpointContainer#0-0-C-1] INFO  org.apache.kafka.clients.consumer.internals.ConsumerCoordinator - [Consumer clientId=consumer-tomge-consumer-group-1, groupId=tomge-consumer-group] Discovered group coordinator 106.54.227.172:9092 (id: 2147483647 rack: null)
2025-04-09 14:07:12.083 [org.springframework.kafka.KafkaListenerEndpointContainer#0-0-C-1] INFO  org.apache.kafka.clients.consumer.internals.ConsumerCoordinator - [Consumer clientId=consumer-tomge-consumer-group-1, groupId=tomge-consumer-group] (Re-)joining group
2025-04-09 14:07:12.099 [org.springframework.kafka.KafkaListenerEndpointContainer#1-0-C-1] INFO  org.apache.kafka.clients.consumer.internals.ConsumerCoordinator - [Consumer clientId=consumer-tomge-consumer-group-2, groupId=tomge-consumer-group] Discovered group coordinator 106.54.227.172:9092 (id: 2147483647 rack: null)
2025-04-09 14:07:12.100 [org.springframework.kafka.KafkaListenerEndpointContainer#1-0-C-1] INFO  org.apache.kafka.clients.consumer.internals.ConsumerCoordinator - [Consumer clientId=consumer-tomge-consumer-group-2, groupId=tomge-consumer-group] (Re-)joining group
2025-04-09 14:07:12.263 [org.springframework.kafka.KafkaListenerEndpointContainer#0-0-C-1] INFO  org.apache.kafka.clients.consumer.internals.ConsumerCoordinator - [Consumer clientId=consumer-tomge-consumer-group-1, groupId=tomge-consumer-group] Request joining group due to: need to re-join with the given member-id: consumer-tomge-consumer-group-1-0ca3ccfc-a140-4a34-b3d4-db66e98896e7
2025-04-09 14:07:12.263 [org.springframework.kafka.KafkaListenerEndpointContainer#0-0-C-1] INFO  org.apache.kafka.clients.consumer.internals.ConsumerCoordinator - [Consumer clientId=consumer-tomge-consumer-group-1, groupId=tomge-consumer-group] (Re-)joining group
2025-04-09 14:07:12.266 [org.springframework.kafka.KafkaListenerEndpointContainer#1-0-C-1] INFO  org.apache.kafka.clients.consumer.internals.ConsumerCoordinator - [Consumer clientId=consumer-tomge-consumer-group-2, groupId=tomge-consumer-group] Request joining group due to: need to re-join with the given member-id: consumer-tomge-consumer-group-2-fb4fda6e-e052-4389-97bf-6d0cde1f635a
2025-04-09 14:07:12.266 [org.springframework.kafka.KafkaListenerEndpointContainer#1-0-C-1] INFO  org.apache.kafka.clients.consumer.internals.ConsumerCoordinator - [Consumer clientId=consumer-tomge-consumer-group-2, groupId=tomge-consumer-group] (Re-)joining group
2025-04-09 14:07:12.334 [org.springframework.kafka.KafkaListenerEndpointContainer#1-0-C-1] INFO  org.apache.kafka.clients.consumer.internals.ConsumerCoordinator - [Consumer clientId=consumer-tomge-consumer-group-2, groupId=tomge-consumer-group] Successfully joined group with generation Generation{generationId=1, memberId='consumer-tomge-consumer-group-2-fb4fda6e-e052-4389-97bf-6d0cde1f635a', protocol='range'}
2025-04-09 14:07:12.334 [org.springframework.kafka.KafkaListenerEndpointContainer#0-0-C-1] INFO  org.apache.kafka.clients.consumer.internals.ConsumerCoordinator - [Consumer clientId=consumer-tomge-consumer-group-1, groupId=tomge-consumer-group] Successfully joined group with generation Generation{generationId=1, memberId='consumer-tomge-consumer-group-1-0ca3ccfc-a140-4a34-b3d4-db66e98896e7', protocol='range'}
2025-04-09 14:07:12.400 [org.springframework.kafka.KafkaListenerEndpointContainer#0-0-C-1] INFO  org.apache.kafka.clients.consumer.internals.ConsumerCoordinator - [Consumer clientId=consumer-tomge-consumer-group-1, groupId=tomge-consumer-group] Finished assignment for group at generation 1: {consumer-tomge-consumer-group-1-0ca3ccfc-a140-4a34-b3d4-db66e98896e7=Assignment(partitions=[testtopic-0]), consumer-tomge-consumer-group-2-fb4fda6e-e052-4389-97bf-6d0cde1f635a=Assignment(partitions=[testtopic2-0])}
2025-04-09 14:07:12.494 [org.springframework.kafka.KafkaListenerEndpointContainer#0-0-C-1] INFO  org.apache.kafka.clients.consumer.internals.ConsumerCoordinator - [Consumer clientId=consumer-tomge-consumer-group-1, groupId=tomge-consumer-group] Successfully synced group in generation Generation{generationId=1, memberId='consumer-tomge-consumer-group-1-0ca3ccfc-a140-4a34-b3d4-db66e98896e7', protocol='range'}
2025-04-09 14:07:12.495 [org.springframework.kafka.KafkaListenerEndpointContainer#0-0-C-1] INFO  org.apache.kafka.clients.consumer.internals.ConsumerCoordinator - [Consumer clientId=consumer-tomge-consumer-group-1, groupId=tomge-consumer-group] Notifying assignor about the new Assignment(partitions=[testtopic-0])
2025-04-09 14:07:12.495 [org.springframework.kafka.KafkaListenerEndpointContainer#1-0-C-1] INFO  org.apache.kafka.clients.consumer.internals.ConsumerCoordinator - [Consumer clientId=consumer-tomge-consumer-group-2, groupId=tomge-consumer-group] Successfully synced group in generation Generation{generationId=1, memberId='consumer-tomge-consumer-group-2-fb4fda6e-e052-4389-97bf-6d0cde1f635a', protocol='range'}
2025-04-09 14:07:12.495 [org.springframework.kafka.KafkaListenerEndpointContainer#1-0-C-1] INFO  org.apache.kafka.clients.consumer.internals.ConsumerCoordinator - [Consumer clientId=consumer-tomge-consumer-group-2, groupId=tomge-consumer-group] Notifying assignor about the new Assignment(partitions=[testtopic2-0])
2025-04-09 14:07:12.498 [org.springframework.kafka.KafkaListenerEndpointContainer#0-0-C-1] INFO  org.apache.kafka.clients.consumer.internals.ConsumerRebalanceListenerInvoker - [Consumer clientId=consumer-tomge-consumer-group-1, groupId=tomge-consumer-group] Adding newly assigned partitions: testtopic-0
2025-04-09 14:07:12.498 [org.springframework.kafka.KafkaListenerEndpointContainer#1-0-C-1] INFO  org.apache.kafka.clients.consumer.internals.ConsumerRebalanceListenerInvoker - [Consumer clientId=consumer-tomge-consumer-group-2, groupId=tomge-consumer-group] Adding newly assigned partitions: testtopic2-0
2025-04-09 14:07:12.552 [org.springframework.kafka.KafkaListenerEndpointContainer#1-0-C-1] INFO  org.apache.kafka.clients.consumer.internals.ConsumerCoordinator - [Consumer clientId=consumer-tomge-consumer-group-2, groupId=tomge-consumer-group] Found no committed offset for partition testtopic2-0
2025-04-09 14:07:12.554 [org.springframework.kafka.KafkaListenerEndpointContainer#0-0-C-1] INFO  org.apache.kafka.clients.consumer.internals.ConsumerCoordinator - [Consumer clientId=consumer-tomge-consumer-group-1, groupId=tomge-consumer-group] Found no committed offset for partition testtopic-0
2025-04-09 14:07:12.602 [org.springframework.kafka.KafkaListenerEndpointContainer#1-0-C-1] INFO  org.apache.kafka.clients.consumer.internals.ConsumerCoordinator - [Consumer clientId=consumer-tomge-consumer-group-2, groupId=tomge-consumer-group] Found no committed offset for partition testtopic2-0
2025-04-09 14:07:12.601 [org.springframework.kafka.KafkaListenerEndpointContainer#0-0-C-1] INFO  org.apache.kafka.clients.consumer.internals.ConsumerCoordinator - [Consumer clientId=consumer-tomge-consumer-group-1, groupId=tomge-consumer-group] Found no committed offset for partition testtopic-0
2025-04-09 14:07:12.656 [org.springframework.kafka.KafkaListenerEndpointContainer#1-0-C-1] INFO  org.apache.kafka.clients.consumer.internals.SubscriptionState - [Consumer clientId=consumer-tomge-consumer-group-2, groupId=tomge-consumer-group] Resetting offset for partition testtopic2-0 to position FetchPosition{offset=0, offsetEpoch=Optional.empty, currentLeader=LeaderAndEpoch{leader=Optional[106.54.227.172:9092 (id: 0 rack: null)], epoch=0}}.
2025-04-09 14:07:12.659 [org.springframework.kafka.KafkaListenerEndpointContainer#0-0-C-1] INFO  org.apache.kafka.clients.consumer.internals.SubscriptionState - [Consumer clientId=consumer-tomge-consumer-group-1, groupId=tomge-consumer-group] Resetting offset for partition testtopic-0 to position FetchPosition{offset=0, offsetEpoch=Optional.empty, currentLeader=LeaderAndEpoch{leader=Optional[106.54.227.172:9092 (id: 0 rack: null)], epoch=0}}.
2025-04-09 14:08:31.358 [org.springframework.kafka.KafkaListenerEndpointContainer#0-0-C-1] INFO  org.apache.kafka.clients.consumer.internals.ConsumerRebalanceListenerInvoker - [Consumer clientId=consumer-tomge-consumer-group-1, groupId=tomge-consumer-group] Revoke previously assigned partitions testtopic-0
2025-04-09 14:08:31.358 [org.springframework.kafka.KafkaListenerEndpointContainer#1-0-C-1] INFO  org.apache.kafka.clients.consumer.internals.ConsumerRebalanceListenerInvoker - [Consumer clientId=consumer-tomge-consumer-group-2, groupId=tomge-consumer-group] Revoke previously assigned partitions testtopic2-0
2025-04-09 14:08:31.358 [org.springframework.kafka.KafkaListenerEndpointContainer#1-0-C-1] INFO  org.apache.kafka.clients.consumer.internals.ConsumerCoordinator - [Consumer clientId=consumer-tomge-consumer-group-2, groupId=tomge-consumer-group] Member consumer-tomge-consumer-group-2-fb4fda6e-e052-4389-97bf-6d0cde1f635a sending LeaveGroup request to coordinator 106.54.227.172:9092 (id: 2147483647 rack: null) due to the consumer unsubscribed from all topics
2025-04-09 14:08:31.358 [org.springframework.kafka.KafkaListenerEndpointContainer#0-0-C-1] INFO  org.apache.kafka.clients.consumer.internals.ConsumerCoordinator - [Consumer clientId=consumer-tomge-consumer-group-1, groupId=tomge-consumer-group] Member consumer-tomge-consumer-group-1-0ca3ccfc-a140-4a34-b3d4-db66e98896e7 sending LeaveGroup request to coordinator 106.54.227.172:9092 (id: 2147483647 rack: null) due to the consumer unsubscribed from all topics
2025-04-09 14:08:31.359 [org.springframework.kafka.KafkaListenerEndpointContainer#1-0-C-1] INFO  org.apache.kafka.clients.consumer.internals.ConsumerCoordinator - [Consumer clientId=consumer-tomge-consumer-group-2, groupId=tomge-consumer-group] Resetting generation and member id due to: consumer pro-actively leaving the group
2025-04-09 14:08:31.359 [org.springframework.kafka.KafkaListenerEndpointContainer#0-0-C-1] INFO  org.apache.kafka.clients.consumer.internals.ConsumerCoordinator - [Consumer clientId=consumer-tomge-consumer-group-1, groupId=tomge-consumer-group] Resetting generation and member id due to: consumer pro-actively leaving the group
2025-04-09 14:08:31.359 [org.springframework.kafka.KafkaListenerEndpointContainer#1-0-C-1] INFO  org.apache.kafka.clients.consumer.internals.ConsumerCoordinator - [Consumer clientId=consumer-tomge-consumer-group-2, groupId=tomge-consumer-group] Request joining group due to: consumer pro-actively leaving the group
2025-04-09 14:08:31.359 [org.springframework.kafka.KafkaListenerEndpointContainer#0-0-C-1] INFO  org.apache.kafka.clients.consumer.internals.ConsumerCoordinator - [Consumer clientId=consumer-tomge-consumer-group-1, groupId=tomge-consumer-group] Request joining group due to: consumer pro-actively leaving the group
2025-04-09 14:08:31.359 [org.springframework.kafka.KafkaListenerEndpointContainer#1-0-C-1] INFO  org.apache.kafka.clients.consumer.internals.LegacyKafkaConsumer - [Consumer clientId=consumer-tomge-consumer-group-2, groupId=tomge-consumer-group] Unsubscribed all topics or patterns and assigned partitions
2025-04-09 14:08:31.359 [org.springframework.kafka.KafkaListenerEndpointContainer#0-0-C-1] INFO  org.apache.kafka.clients.consumer.internals.LegacyKafkaConsumer - [Consumer clientId=consumer-tomge-consumer-group-1, groupId=tomge-consumer-group] Unsubscribed all topics or patterns and assigned partitions
2025-04-09 14:08:31.360 [org.springframework.kafka.KafkaListenerEndpointContainer#1-0-C-1] INFO  org.apache.kafka.clients.consumer.internals.ConsumerCoordinator - [Consumer clientId=consumer-tomge-consumer-group-2, groupId=tomge-consumer-group] Resetting generation and member id due to: consumer pro-actively leaving the group
2025-04-09 14:08:31.360 [org.springframework.kafka.KafkaListenerEndpointContainer#0-0-C-1] INFO  org.apache.kafka.clients.consumer.internals.ConsumerCoordinator - [Consumer clientId=consumer-tomge-consumer-group-1, groupId=tomge-consumer-group] Resetting generation and member id due to: consumer pro-actively leaving the group
2025-04-09 14:08:31.360 [org.springframework.kafka.KafkaListenerEndpointContainer#1-0-C-1] INFO  org.apache.kafka.clients.consumer.internals.ConsumerCoordinator - [Consumer clientId=consumer-tomge-consumer-group-2, groupId=tomge-consumer-group] Request joining group due to: consumer pro-actively leaving the group
2025-04-09 14:08:31.360 [org.springframework.kafka.KafkaListenerEndpointContainer#0-0-C-1] INFO  org.apache.kafka.clients.consumer.internals.ConsumerCoordinator - [Consumer clientId=consumer-tomge-consumer-group-1, groupId=tomge-consumer-group] Request joining group due to: consumer pro-actively leaving the group
2025-04-09 14:08:31.541 [org.springframework.kafka.KafkaListenerEndpointContainer#0-0-C-1] INFO  org.apache.kafka.common.metrics.Metrics - Metrics scheduler closed
2025-04-09 14:08:31.541 [org.springframework.kafka.KafkaListenerEndpointContainer#1-0-C-1] INFO  org.apache.kafka.common.metrics.Metrics - Metrics scheduler closed
2025-04-09 14:08:31.541 [org.springframework.kafka.KafkaListenerEndpointContainer#0-0-C-1] INFO  org.apache.kafka.common.metrics.Metrics - Closing reporter org.apache.kafka.common.metrics.JmxReporter
2025-04-09 14:08:31.541 [org.springframework.kafka.KafkaListenerEndpointContainer#1-0-C-1] INFO  org.apache.kafka.common.metrics.Metrics - Closing reporter org.apache.kafka.common.metrics.JmxReporter
2025-04-09 14:08:31.541 [org.springframework.kafka.KafkaListenerEndpointContainer#0-0-C-1] INFO  org.apache.kafka.common.metrics.Metrics - Closing reporter org.apache.kafka.common.telemetry.internals.ClientTelemetryReporter
2025-04-09 14:08:31.541 [org.springframework.kafka.KafkaListenerEndpointContainer#1-0-C-1] INFO  org.apache.kafka.common.metrics.Metrics - Closing reporter org.apache.kafka.common.telemetry.internals.ClientTelemetryReporter
2025-04-09 14:08:31.542 [org.springframework.kafka.KafkaListenerEndpointContainer#0-0-C-1] INFO  org.apache.kafka.common.metrics.Metrics - Metrics reporters closed
2025-04-09 14:08:31.542 [org.springframework.kafka.KafkaListenerEndpointContainer#1-0-C-1] INFO  org.apache.kafka.common.metrics.Metrics - Metrics reporters closed
2025-04-09 14:08:31.545 [org.springframework.kafka.KafkaListenerEndpointContainer#1-0-C-1] INFO  org.apache.kafka.common.utils.AppInfoParser - App info kafka.consumer for consumer-tomge-consumer-group-2 unregistered
2025-04-09 14:08:31.545 [org.springframework.kafka.KafkaListenerEndpointContainer#0-0-C-1] INFO  org.apache.kafka.common.utils.AppInfoParser - App info kafka.consumer for consumer-tomge-consumer-group-1 unregistered
2025-04-09 14:08:57.024 [main] INFO  com.test.testboot.TestbootApplication - Starting TestbootApplication using Java 23.0.2 with PID 41146 (/Users/zhaoxin/Documents/GitHub/testboot/target/classes started by zhaoxin in /Users/zhaoxin/Documents/GitHub/testboot)
2025-04-09 14:08:57.026 [main] INFO  com.test.testboot.TestbootApplication - No active profile set, falling back to 1 default profile: "default"
2025-04-09 14:08:57.679 [main] INFO  org.apache.coyote.http11.Http11NioProtocol - Initializing ProtocolHandler ["http-nio-9090"]
2025-04-09 14:08:57.680 [main] INFO  org.apache.catalina.core.StandardService - Starting service [Tomcat]
2025-04-09 14:08:57.680 [main] INFO  org.apache.catalina.core.StandardEngine - Starting Servlet engine: [Apache Tomcat/10.1.36]
2025-04-09 14:08:57.700 [main] INFO  org.apache.catalina.core.ContainerBase.[Tomcat].[localhost].[/] - Initializing Spring embedded WebApplicationContext
2025-04-09 14:08:58.742 [main] INFO  org.apache.coyote.http11.Http11NioProtocol - Starting ProtocolHandler ["http-nio-9090"]
2025-04-09 14:08:58.766 [main] INFO  org.apache.kafka.clients.consumer.ConsumerConfig - ConsumerConfig values: 
	allow.auto.create.topics = true
	auto.commit.interval.ms = 5000
	auto.include.jmx.reporter = true
	auto.offset.reset = latest
	bootstrap.servers = [106.54.227.172:9092]
	check.crcs = true
	client.dns.lookup = use_all_dns_ips
	client.id = consumer-tomge-consumer-group-1
	client.rack = 
	connections.max.idle.ms = 540000
	default.api.timeout.ms = 60000
	enable.auto.commit = false
	enable.metrics.push = true
	exclude.internal.topics = true
	fetch.max.bytes = 52428800
	fetch.max.wait.ms = 500
	fetch.min.bytes = 1
	group.id = tomge-consumer-group
	group.instance.id = null
	group.protocol = classic
	group.remote.assignor = null
	heartbeat.interval.ms = 3000
	interceptor.classes = []
	internal.leave.group.on.close = true
	internal.throw.on.fetch.stable.offset.unsupported = false
	isolation.level = read_uncommitted
	key.deserializer = class org.apache.kafka.common.serialization.StringDeserializer
	max.partition.fetch.bytes = 1048576
	max.poll.interval.ms = 300000
	max.poll.records = 500
	metadata.max.age.ms = 300000
	metric.reporters = []
	metrics.num.samples = 2
	metrics.recording.level = INFO
	metrics.sample.window.ms = 30000
	partition.assignment.strategy = [class org.apache.kafka.clients.consumer.RangeAssignor, class org.apache.kafka.clients.consumer.CooperativeStickyAssignor]
	receive.buffer.bytes = 65536
	reconnect.backoff.max.ms = 1000
	reconnect.backoff.ms = 50
	request.timeout.ms = 30000
	retry.backoff.max.ms = 1000
	retry.backoff.ms = 100
	sasl.client.callback.handler.class = null
	sasl.jaas.config = null
	sasl.kerberos.kinit.cmd = /usr/bin/kinit
	sasl.kerberos.min.time.before.relogin = 60000
	sasl.kerberos.service.name = null
	sasl.kerberos.ticket.renew.jitter = 0.05
	sasl.kerberos.ticket.renew.window.factor = 0.8
	sasl.login.callback.handler.class = null
	sasl.login.class = null
	sasl.login.connect.timeout.ms = null
	sasl.login.read.timeout.ms = null
	sasl.login.refresh.buffer.seconds = 300
	sasl.login.refresh.min.period.seconds = 60
	sasl.login.refresh.window.factor = 0.8
	sasl.login.refresh.window.jitter = 0.05
	sasl.login.retry.backoff.max.ms = 10000
	sasl.login.retry.backoff.ms = 100
	sasl.mechanism = GSSAPI
	sasl.oauthbearer.clock.skew.seconds = 30
	sasl.oauthbearer.expected.audience = null
	sasl.oauthbearer.expected.issuer = null
	sasl.oauthbearer.jwks.endpoint.refresh.ms = 3600000
	sasl.oauthbearer.jwks.endpoint.retry.backoff.max.ms = 10000
	sasl.oauthbearer.jwks.endpoint.retry.backoff.ms = 100
	sasl.oauthbearer.jwks.endpoint.url = null
	sasl.oauthbearer.scope.claim.name = scope
	sasl.oauthbearer.sub.claim.name = sub
	sasl.oauthbearer.token.endpoint.url = null
	security.protocol = PLAINTEXT
	security.providers = null
	send.buffer.bytes = 131072
	session.timeout.ms = 45000
	socket.connection.setup.timeout.max.ms = 30000
	socket.connection.setup.timeout.ms = 10000
	ssl.cipher.suites = null
	ssl.enabled.protocols = [TLSv1.2, TLSv1.3]
	ssl.endpoint.identification.algorithm = https
	ssl.engine.factory.class = null
	ssl.key.password = null
	ssl.keymanager.algorithm = SunX509
	ssl.keystore.certificate.chain = null
	ssl.keystore.key = null
	ssl.keystore.location = null
	ssl.keystore.password = null
	ssl.keystore.type = JKS
	ssl.protocol = TLSv1.3
	ssl.provider = null
	ssl.secure.random.implementation = null
	ssl.trustmanager.algorithm = PKIX
	ssl.truststore.certificates = null
	ssl.truststore.location = null
	ssl.truststore.password = null
	ssl.truststore.type = JKS
	value.deserializer = class org.apache.kafka.common.serialization.StringDeserializer

2025-04-09 14:08:58.786 [main] INFO  org.apache.kafka.common.telemetry.internals.KafkaMetricsCollector - initializing Kafka metrics collector
2025-04-09 14:08:58.816 [main] INFO  org.apache.kafka.common.utils.AppInfoParser - Kafka version: 3.7.2
2025-04-09 14:08:58.816 [main] INFO  org.apache.kafka.common.utils.AppInfoParser - Kafka commitId: 79a8f2b5f44f9d5a
2025-04-09 14:08:58.816 [main] INFO  org.apache.kafka.common.utils.AppInfoParser - Kafka startTimeMs: 1744178938815
2025-04-09 14:08:58.817 [main] INFO  org.apache.kafka.clients.consumer.internals.LegacyKafkaConsumer - [Consumer clientId=consumer-tomge-consumer-group-1, groupId=tomge-consumer-group] Subscribed to topic(s): testtopic2
2025-04-09 14:08:58.823 [main] INFO  org.apache.kafka.clients.consumer.ConsumerConfig - ConsumerConfig values: 
	allow.auto.create.topics = true
	auto.commit.interval.ms = 5000
	auto.include.jmx.reporter = true
	auto.offset.reset = latest
	bootstrap.servers = [106.54.227.172:9092]
	check.crcs = true
	client.dns.lookup = use_all_dns_ips
	client.id = consumer-tomge-consumer-group-2
	client.rack = 
	connections.max.idle.ms = 540000
	default.api.timeout.ms = 60000
	enable.auto.commit = false
	enable.metrics.push = true
	exclude.internal.topics = true
	fetch.max.bytes = 52428800
	fetch.max.wait.ms = 500
	fetch.min.bytes = 1
	group.id = tomge-consumer-group
	group.instance.id = null
	group.protocol = classic
	group.remote.assignor = null
	heartbeat.interval.ms = 3000
	interceptor.classes = []
	internal.leave.group.on.close = true
	internal.throw.on.fetch.stable.offset.unsupported = false
	isolation.level = read_uncommitted
	key.deserializer = class org.apache.kafka.common.serialization.StringDeserializer
	max.partition.fetch.bytes = 1048576
	max.poll.interval.ms = 300000
	max.poll.records = 500
	metadata.max.age.ms = 300000
	metric.reporters = []
	metrics.num.samples = 2
	metrics.recording.level = INFO
	metrics.sample.window.ms = 30000
	partition.assignment.strategy = [class org.apache.kafka.clients.consumer.RangeAssignor, class org.apache.kafka.clients.consumer.CooperativeStickyAssignor]
	receive.buffer.bytes = 65536
	reconnect.backoff.max.ms = 1000
	reconnect.backoff.ms = 50
	request.timeout.ms = 30000
	retry.backoff.max.ms = 1000
	retry.backoff.ms = 100
	sasl.client.callback.handler.class = null
	sasl.jaas.config = null
	sasl.kerberos.kinit.cmd = /usr/bin/kinit
	sasl.kerberos.min.time.before.relogin = 60000
	sasl.kerberos.service.name = null
	sasl.kerberos.ticket.renew.jitter = 0.05
	sasl.kerberos.ticket.renew.window.factor = 0.8
	sasl.login.callback.handler.class = null
	sasl.login.class = null
	sasl.login.connect.timeout.ms = null
	sasl.login.read.timeout.ms = null
	sasl.login.refresh.buffer.seconds = 300
	sasl.login.refresh.min.period.seconds = 60
	sasl.login.refresh.window.factor = 0.8
	sasl.login.refresh.window.jitter = 0.05
	sasl.login.retry.backoff.max.ms = 10000
	sasl.login.retry.backoff.ms = 100
	sasl.mechanism = GSSAPI
	sasl.oauthbearer.clock.skew.seconds = 30
	sasl.oauthbearer.expected.audience = null
	sasl.oauthbearer.expected.issuer = null
	sasl.oauthbearer.jwks.endpoint.refresh.ms = 3600000
	sasl.oauthbearer.jwks.endpoint.retry.backoff.max.ms = 10000
	sasl.oauthbearer.jwks.endpoint.retry.backoff.ms = 100
	sasl.oauthbearer.jwks.endpoint.url = null
	sasl.oauthbearer.scope.claim.name = scope
	sasl.oauthbearer.sub.claim.name = sub
	sasl.oauthbearer.token.endpoint.url = null
	security.protocol = PLAINTEXT
	security.providers = null
	send.buffer.bytes = 131072
	session.timeout.ms = 45000
	socket.connection.setup.timeout.max.ms = 30000
	socket.connection.setup.timeout.ms = 10000
	ssl.cipher.suites = null
	ssl.enabled.protocols = [TLSv1.2, TLSv1.3]
	ssl.endpoint.identification.algorithm = https
	ssl.engine.factory.class = null
	ssl.key.password = null
	ssl.keymanager.algorithm = SunX509
	ssl.keystore.certificate.chain = null
	ssl.keystore.key = null
	ssl.keystore.location = null
	ssl.keystore.password = null
	ssl.keystore.type = JKS
	ssl.protocol = TLSv1.3
	ssl.provider = null
	ssl.secure.random.implementation = null
	ssl.trustmanager.algorithm = PKIX
	ssl.truststore.certificates = null
	ssl.truststore.location = null
	ssl.truststore.password = null
	ssl.truststore.type = JKS
	value.deserializer = class org.apache.kafka.common.serialization.StringDeserializer

2025-04-09 14:08:58.823 [main] INFO  org.apache.kafka.common.telemetry.internals.KafkaMetricsCollector - initializing Kafka metrics collector
2025-04-09 14:08:58.826 [main] INFO  org.apache.kafka.common.utils.AppInfoParser - Kafka version: 3.7.2
2025-04-09 14:08:58.826 [main] INFO  org.apache.kafka.common.utils.AppInfoParser - Kafka commitId: 79a8f2b5f44f9d5a
2025-04-09 14:08:58.827 [main] INFO  org.apache.kafka.common.utils.AppInfoParser - Kafka startTimeMs: 1744178938826
2025-04-09 14:08:58.827 [main] INFO  org.apache.kafka.clients.consumer.internals.LegacyKafkaConsumer - [Consumer clientId=consumer-tomge-consumer-group-2, groupId=tomge-consumer-group] Subscribed to topic(s): testtopic
2025-04-09 14:08:58.834 [main] INFO  com.test.testboot.TestbootApplication - Started TestbootApplication in 2.008 seconds (process running for 2.354)
2025-04-09 14:08:59.076 [org.springframework.kafka.KafkaListenerEndpointContainer#1-0-C-1] INFO  org.apache.kafka.clients.Metadata - [Consumer clientId=consumer-tomge-consumer-group-2, groupId=tomge-consumer-group] Cluster ID: a9Ypxh85Tn-baDC9a_oChQ
2025-04-09 14:08:59.076 [org.springframework.kafka.KafkaListenerEndpointContainer#0-0-C-1] INFO  org.apache.kafka.clients.Metadata - [Consumer clientId=consumer-tomge-consumer-group-1, groupId=tomge-consumer-group] Cluster ID: a9Ypxh85Tn-baDC9a_oChQ
2025-04-09 14:08:59.076 [org.springframework.kafka.KafkaListenerEndpointContainer#1-0-C-1] INFO  org.apache.kafka.clients.consumer.internals.ConsumerCoordinator - [Consumer clientId=consumer-tomge-consumer-group-2, groupId=tomge-consumer-group] Discovered group coordinator 106.54.227.172:9092 (id: 2147483647 rack: null)
2025-04-09 14:08:59.076 [org.springframework.kafka.KafkaListenerEndpointContainer#0-0-C-1] INFO  org.apache.kafka.clients.consumer.internals.ConsumerCoordinator - [Consumer clientId=consumer-tomge-consumer-group-1, groupId=tomge-consumer-group] Discovered group coordinator 106.54.227.172:9092 (id: 2147483647 rack: null)
2025-04-09 14:08:59.077 [org.springframework.kafka.KafkaListenerEndpointContainer#1-0-C-1] INFO  org.apache.kafka.clients.consumer.internals.ConsumerCoordinator - [Consumer clientId=consumer-tomge-consumer-group-2, groupId=tomge-consumer-group] (Re-)joining group
2025-04-09 14:08:59.077 [org.springframework.kafka.KafkaListenerEndpointContainer#0-0-C-1] INFO  org.apache.kafka.clients.consumer.internals.ConsumerCoordinator - [Consumer clientId=consumer-tomge-consumer-group-1, groupId=tomge-consumer-group] (Re-)joining group
2025-04-09 14:08:59.196 [org.springframework.kafka.KafkaListenerEndpointContainer#1-0-C-1] INFO  org.apache.kafka.clients.consumer.internals.ConsumerCoordinator - [Consumer clientId=consumer-tomge-consumer-group-2, groupId=tomge-consumer-group] Request joining group due to: need to re-join with the given member-id: consumer-tomge-consumer-group-2-6087f525-d856-40a6-85cb-7662d0492f1f
2025-04-09 14:08:59.197 [org.springframework.kafka.KafkaListenerEndpointContainer#1-0-C-1] INFO  org.apache.kafka.clients.consumer.internals.ConsumerCoordinator - [Consumer clientId=consumer-tomge-consumer-group-2, groupId=tomge-consumer-group] (Re-)joining group
2025-04-09 14:08:59.207 [org.springframework.kafka.KafkaListenerEndpointContainer#0-0-C-1] INFO  org.apache.kafka.clients.consumer.internals.ConsumerCoordinator - [Consumer clientId=consumer-tomge-consumer-group-1, groupId=tomge-consumer-group] Request joining group due to: need to re-join with the given member-id: consumer-tomge-consumer-group-1-efee9b90-5162-4c0c-b638-55073587ed19
2025-04-09 14:08:59.208 [org.springframework.kafka.KafkaListenerEndpointContainer#0-0-C-1] INFO  org.apache.kafka.clients.consumer.internals.ConsumerCoordinator - [Consumer clientId=consumer-tomge-consumer-group-1, groupId=tomge-consumer-group] (Re-)joining group
2025-04-09 14:08:59.241 [org.springframework.kafka.KafkaListenerEndpointContainer#1-0-C-1] INFO  org.apache.kafka.clients.consumer.internals.ConsumerCoordinator - [Consumer clientId=consumer-tomge-consumer-group-2, groupId=tomge-consumer-group] Successfully joined group with generation Generation{generationId=3, memberId='consumer-tomge-consumer-group-2-6087f525-d856-40a6-85cb-7662d0492f1f', protocol='range'}
2025-04-09 14:08:59.246 [org.springframework.kafka.KafkaListenerEndpointContainer#1-0-C-1] INFO  org.apache.kafka.clients.consumer.internals.ConsumerCoordinator - [Consumer clientId=consumer-tomge-consumer-group-2, groupId=tomge-consumer-group] Finished assignment for group at generation 3: {consumer-tomge-consumer-group-2-6087f525-d856-40a6-85cb-7662d0492f1f=Assignment(partitions=[testtopic-0])}
2025-04-09 14:08:59.292 [org.springframework.kafka.KafkaListenerEndpointContainer#1-0-C-1] INFO  org.apache.kafka.clients.consumer.internals.ConsumerCoordinator - [Consumer clientId=consumer-tomge-consumer-group-2, groupId=tomge-consumer-group] SyncGroup failed: The group began another rebalance. Need to re-join the group. Sent generation was Generation{generationId=3, memberId='consumer-tomge-consumer-group-2-6087f525-d856-40a6-85cb-7662d0492f1f', protocol='range'}
2025-04-09 14:08:59.292 [org.springframework.kafka.KafkaListenerEndpointContainer#1-0-C-1] INFO  org.apache.kafka.clients.consumer.internals.ConsumerCoordinator - [Consumer clientId=consumer-tomge-consumer-group-2, groupId=tomge-consumer-group] Request joining group due to: rebalance failed due to 'The group is rebalancing, so a rejoin is needed.' (RebalanceInProgressException)
2025-04-09 14:08:59.292 [org.springframework.kafka.KafkaListenerEndpointContainer#1-0-C-1] INFO  org.apache.kafka.clients.consumer.internals.ConsumerCoordinator - [Consumer clientId=consumer-tomge-consumer-group-2, groupId=tomge-consumer-group] (Re-)joining group
2025-04-09 14:08:59.336 [org.springframework.kafka.KafkaListenerEndpointContainer#1-0-C-1] INFO  org.apache.kafka.clients.consumer.internals.ConsumerCoordinator - [Consumer clientId=consumer-tomge-consumer-group-2, groupId=tomge-consumer-group] Successfully joined group with generation Generation{generationId=4, memberId='consumer-tomge-consumer-group-2-6087f525-d856-40a6-85cb-7662d0492f1f', protocol='range'}
2025-04-09 14:08:59.336 [org.springframework.kafka.KafkaListenerEndpointContainer#0-0-C-1] INFO  org.apache.kafka.clients.consumer.internals.ConsumerCoordinator - [Consumer clientId=consumer-tomge-consumer-group-1, groupId=tomge-consumer-group] Successfully joined group with generation Generation{generationId=4, memberId='consumer-tomge-consumer-group-1-efee9b90-5162-4c0c-b638-55073587ed19', protocol='range'}
2025-04-09 14:08:59.470 [org.springframework.kafka.KafkaListenerEndpointContainer#1-0-C-1] INFO  org.apache.kafka.clients.consumer.internals.ConsumerCoordinator - [Consumer clientId=consumer-tomge-consumer-group-2, groupId=tomge-consumer-group] Finished assignment for group at generation 4: {consumer-tomge-consumer-group-1-efee9b90-5162-4c0c-b638-55073587ed19=Assignment(partitions=[testtopic2-0]), consumer-tomge-consumer-group-2-6087f525-d856-40a6-85cb-7662d0492f1f=Assignment(partitions=[testtopic-0])}
2025-04-09 14:08:59.512 [org.springframework.kafka.KafkaListenerEndpointContainer#1-0-C-1] INFO  org.apache.kafka.clients.consumer.internals.ConsumerCoordinator - [Consumer clientId=consumer-tomge-consumer-group-2, groupId=tomge-consumer-group] Successfully synced group in generation Generation{generationId=4, memberId='consumer-tomge-consumer-group-2-6087f525-d856-40a6-85cb-7662d0492f1f', protocol='range'}
2025-04-09 14:08:59.512 [org.springframework.kafka.KafkaListenerEndpointContainer#0-0-C-1] INFO  org.apache.kafka.clients.consumer.internals.ConsumerCoordinator - [Consumer clientId=consumer-tomge-consumer-group-1, groupId=tomge-consumer-group] Successfully synced group in generation Generation{generationId=4, memberId='consumer-tomge-consumer-group-1-efee9b90-5162-4c0c-b638-55073587ed19', protocol='range'}
2025-04-09 14:08:59.512 [org.springframework.kafka.KafkaListenerEndpointContainer#1-0-C-1] INFO  org.apache.kafka.clients.consumer.internals.ConsumerCoordinator - [Consumer clientId=consumer-tomge-consumer-group-2, groupId=tomge-consumer-group] Notifying assignor about the new Assignment(partitions=[testtopic-0])
2025-04-09 14:08:59.512 [org.springframework.kafka.KafkaListenerEndpointContainer#0-0-C-1] INFO  org.apache.kafka.clients.consumer.internals.ConsumerCoordinator - [Consumer clientId=consumer-tomge-consumer-group-1, groupId=tomge-consumer-group] Notifying assignor about the new Assignment(partitions=[testtopic2-0])
2025-04-09 14:08:59.514 [org.springframework.kafka.KafkaListenerEndpointContainer#1-0-C-1] INFO  org.apache.kafka.clients.consumer.internals.ConsumerRebalanceListenerInvoker - [Consumer clientId=consumer-tomge-consumer-group-2, groupId=tomge-consumer-group] Adding newly assigned partitions: testtopic-0
2025-04-09 14:08:59.514 [org.springframework.kafka.KafkaListenerEndpointContainer#0-0-C-1] INFO  org.apache.kafka.clients.consumer.internals.ConsumerRebalanceListenerInvoker - [Consumer clientId=consumer-tomge-consumer-group-1, groupId=tomge-consumer-group] Adding newly assigned partitions: testtopic2-0
2025-04-09 14:08:59.601 [org.springframework.kafka.KafkaListenerEndpointContainer#1-0-C-1] INFO  org.apache.kafka.clients.consumer.internals.ConsumerUtils - Setting offset for partition testtopic-0 to the committed offset FetchPosition{offset=0, offsetEpoch=Optional.empty, currentLeader=LeaderAndEpoch{leader=Optional[106.54.227.172:9092 (id: 0 rack: null)], epoch=0}}
2025-04-09 14:08:59.601 [org.springframework.kafka.KafkaListenerEndpointContainer#0-0-C-1] INFO  org.apache.kafka.clients.consumer.internals.ConsumerUtils - Setting offset for partition testtopic2-0 to the committed offset FetchPosition{offset=0, offsetEpoch=Optional.empty, currentLeader=LeaderAndEpoch{leader=Optional[106.54.227.172:9092 (id: 0 rack: null)], epoch=0}}
2025-04-09 14:09:52.377 [http-nio-9090-exec-2] INFO  org.apache.catalina.core.ContainerBase.[Tomcat].[localhost].[/] - Initializing Spring DispatcherServlet 'dispatcherServlet'
2025-04-09 14:09:52.726 [http-nio-9090-exec-2] INFO  com.zaxxer.hikari.HikariDataSource - HikariPool-1 - Starting...
2025-04-09 14:09:54.002 [http-nio-9090-exec-2] ERROR org.apache.catalina.core.ContainerBase.[Tomcat].[localhost].[/].[dispatcherServlet] - Servlet.service() for servlet [dispatcherServlet] in context with path [] threw exception [Request processing failed: org.mybatis.spring.MyBatisSystemException: 
### Error querying database.  Cause: org.springframework.jdbc.CannotGetJdbcConnectionException: Failed to obtain JDBC Connection
### The error may exist in file [/Users/zhaoxin/Documents/GitHub/testboot/target/classes/mapper/StudentMapper.xml]
### The error may involve com.test.testboot.mapper.StudentMapper.selectById
### The error occurred while executing a query
### Cause: org.springframework.jdbc.CannotGetJdbcConnectionException: Failed to obtain JDBC Connection] with root cause
java.sql.SQLException: Access denied for user 'root'@'171.223.209.138' (using password: YES)
	at com.mysql.cj.jdbc.exceptions.SQLError.createSQLException(SQLError.java:130)
	at com.mysql.cj.jdbc.exceptions.SQLExceptionsMapping.translateException(SQLExceptionsMapping.java:122)
	at com.mysql.cj.jdbc.ConnectionImpl.createNewIO(ConnectionImpl.java:815)
	at com.mysql.cj.jdbc.ConnectionImpl.<init>(ConnectionImpl.java:438)
	at com.mysql.cj.jdbc.ConnectionImpl.getInstance(ConnectionImpl.java:241)
	at com.mysql.cj.jdbc.NonRegisteringDriver.connect(NonRegisteringDriver.java:189)
	at com.zaxxer.hikari.util.DriverDataSource.getConnection(DriverDataSource.java:137)
	at com.zaxxer.hikari.pool.PoolBase.newConnection(PoolBase.java:360)
	at com.zaxxer.hikari.pool.PoolBase.newPoolEntry(PoolBase.java:202)
	at com.zaxxer.hikari.pool.HikariPool.createPoolEntry(HikariPool.java:461)
	at com.zaxxer.hikari.pool.HikariPool.checkFailFast(HikariPool.java:550)
	at com.zaxxer.hikari.pool.HikariPool.<init>(HikariPool.java:98)
	at com.zaxxer.hikari.HikariDataSource.getConnection(HikariDataSource.java:111)
	at org.springframework.jdbc.datasource.DataSourceUtils.fetchConnection(DataSourceUtils.java:160)
	at org.springframework.jdbc.datasource.DataSourceUtils.doGetConnection(DataSourceUtils.java:118)
	at org.springframework.jdbc.datasource.DataSourceUtils.getConnection(DataSourceUtils.java:81)
	at org.mybatis.spring.transaction.SpringManagedTransaction.openConnection(SpringManagedTransaction.java:77)
	at org.mybatis.spring.transaction.SpringManagedTransaction.getConnection(SpringManagedTransaction.java:64)
	at org.apache.ibatis.executor.BaseExecutor.getConnection(BaseExecutor.java:348)
	at org.apache.ibatis.executor.SimpleExecutor.prepareStatement(SimpleExecutor.java:89)
	at org.apache.ibatis.executor.SimpleExecutor.doQuery(SimpleExecutor.java:64)
	at org.apache.ibatis.executor.BaseExecutor.queryFromDatabase(BaseExecutor.java:336)
	at org.apache.ibatis.executor.BaseExecutor.query(BaseExecutor.java:158)
	at org.apache.ibatis.executor.CachingExecutor.query(CachingExecutor.java:110)
	at org.apache.ibatis.executor.CachingExecutor.query(CachingExecutor.java:90)
	at org.apache.ibatis.session.defaults.DefaultSqlSession.selectList(DefaultSqlSession.java:154)
	at org.apache.ibatis.session.defaults.DefaultSqlSession.selectList(DefaultSqlSession.java:147)
	at org.apache.ibatis.session.defaults.DefaultSqlSession.selectList(DefaultSqlSession.java:142)
	at java.base/jdk.internal.reflect.DirectMethodHandleAccessor.invoke(DirectMethodHandleAccessor.java:103)
	at java.base/java.lang.reflect.Method.invoke(Method.java:580)
	at org.mybatis.spring.SqlSessionTemplate$SqlSessionInterceptor.invoke(SqlSessionTemplate.java:333)
	at jdk.proxy2/jdk.proxy2.$Proxy84.selectList(Unknown Source)
	at org.mybatis.spring.SqlSessionTemplate.selectList(SqlSessionTemplate.java:194)
	at org.apache.ibatis.binding.MapperMethod.executeForMany(MapperMethod.java:147)
	at org.apache.ibatis.binding.MapperMethod.execute(MapperMethod.java:80)
	at org.apache.ibatis.binding.MapperProxy$PlainMethodInvoker.invoke(MapperProxy.java:141)
	at org.apache.ibatis.binding.MapperProxy.invoke(MapperProxy.java:86)
	at jdk.proxy2/jdk.proxy2.$Proxy86.selectById(Unknown Source)
	at com.test.testboot.service.impl.StudentServiceImpl.findById(StudentServiceImpl.java:53)
	at java.base/jdk.internal.reflect.DirectMethodHandleAccessor.invoke(DirectMethodHandleAccessor.java:103)
	at java.base/java.lang.reflect.Method.invoke(Method.java:580)
	at org.springframework.aop.support.AopUtils.invokeJoinpointUsingReflection(AopUtils.java:355)
	at org.springframework.aop.framework.CglibAopProxy$DynamicAdvisedInterceptor.intercept(CglibAopProxy.java:716)
	at com.test.testboot.service.impl.StudentServiceImpl$$SpringCGLIB$$0.findById(<generated>)
	at com.test.testboot.controller.StudentController.findById(StudentController.java:45)
	at java.base/jdk.internal.reflect.DirectMethodHandleAccessor.invoke(DirectMethodHandleAccessor.java:103)
	at java.base/java.lang.reflect.Method.invoke(Method.java:580)
	at org.springframework.web.method.support.InvocableHandlerMethod.doInvoke(InvocableHandlerMethod.java:255)
	at org.springframework.web.method.support.InvocableHandlerMethod.invokeForRequest(InvocableHandlerMethod.java:188)
	at org.springframework.web.servlet.mvc.method.annotation.ServletInvocableHandlerMethod.invokeAndHandle(ServletInvocableHandlerMethod.java:118)
	at org.springframework.web.servlet.mvc.method.annotation.RequestMappingHandlerAdapter.invokeHandlerMethod(RequestMappingHandlerAdapter.java:926)
	at org.springframework.web.servlet.mvc.method.annotation.RequestMappingHandlerAdapter.handleInternal(RequestMappingHandlerAdapter.java:831)
	at org.springframework.web.servlet.mvc.method.AbstractHandlerMethodAdapter.handle(AbstractHandlerMethodAdapter.java:87)
	at org.springframework.web.servlet.DispatcherServlet.doDispatch(DispatcherServlet.java:1089)
	at org.springframework.web.servlet.DispatcherServlet.doService(DispatcherServlet.java:979)
	at org.springframework.web.servlet.FrameworkServlet.processRequest(FrameworkServlet.java:1014)
	at org.springframework.web.servlet.FrameworkServlet.doGet(FrameworkServlet.java:903)
	at jakarta.servlet.http.HttpServlet.service(HttpServlet.java:564)
	at org.springframework.web.servlet.FrameworkServlet.service(FrameworkServlet.java:885)
	at jakarta.servlet.http.HttpServlet.service(HttpServlet.java:658)
	at org.apache.catalina.core.ApplicationFilterChain.internalDoFilter(ApplicationFilterChain.java:195)
	at org.apache.catalina.core.ApplicationFilterChain.doFilter(ApplicationFilterChain.java:140)
	at org.apache.tomcat.websocket.server.WsFilter.doFilter(WsFilter.java:51)
	at org.apache.catalina.core.ApplicationFilterChain.internalDoFilter(ApplicationFilterChain.java:164)
	at org.apache.catalina.core.ApplicationFilterChain.doFilter(ApplicationFilterChain.java:140)
	at org.springframework.web.filter.RequestContextFilter.doFilterInternal(RequestContextFilter.java:100)
	at org.springframework.web.filter.OncePerRequestFilter.doFilter(OncePerRequestFilter.java:116)
	at org.apache.catalina.core.ApplicationFilterChain.internalDoFilter(ApplicationFilterChain.java:164)
	at org.apache.catalina.core.ApplicationFilterChain.doFilter(ApplicationFilterChain.java:140)
	at org.springframework.web.filter.FormContentFilter.doFilterInternal(FormContentFilter.java:93)
	at org.springframework.web.filter.OncePerRequestFilter.doFilter(OncePerRequestFilter.java:116)
	at org.apache.catalina.core.ApplicationFilterChain.internalDoFilter(ApplicationFilterChain.java:164)
	at org.apache.catalina.core.ApplicationFilterChain.doFilter(ApplicationFilterChain.java:140)
	at org.springframework.web.filter.CharacterEncodingFilter.doFilterInternal(CharacterEncodingFilter.java:201)
	at org.springframework.web.filter.OncePerRequestFilter.doFilter(OncePerRequestFilter.java:116)
	at org.apache.catalina.core.ApplicationFilterChain.internalDoFilter(ApplicationFilterChain.java:164)
	at org.apache.catalina.core.ApplicationFilterChain.doFilter(ApplicationFilterChain.java:140)
	at org.apache.catalina.core.StandardWrapperValve.invoke(StandardWrapperValve.java:167)
	at org.apache.catalina.core.StandardContextValve.invoke(StandardContextValve.java:90)
	at org.apache.catalina.authenticator.AuthenticatorBase.invoke(AuthenticatorBase.java:483)
	at org.apache.catalina.core.StandardHostValve.invoke(StandardHostValve.java:115)
	at org.apache.catalina.valves.ErrorReportValve.invoke(ErrorReportValve.java:93)
	at org.apache.catalina.core.StandardEngineValve.invoke(StandardEngineValve.java:74)
	at org.apache.catalina.connector.CoyoteAdapter.service(CoyoteAdapter.java:344)
	at org.apache.coyote.http11.Http11Processor.service(Http11Processor.java:397)
	at org.apache.coyote.AbstractProcessorLight.process(AbstractProcessorLight.java:63)
	at org.apache.coyote.AbstractProtocol$ConnectionHandler.process(AbstractProtocol.java:905)
	at org.apache.tomcat.util.net.NioEndpoint$SocketProcessor.doRun(NioEndpoint.java:1743)
	at org.apache.tomcat.util.net.SocketProcessorBase.run(SocketProcessorBase.java:52)
	at org.apache.tomcat.util.threads.ThreadPoolExecutor.runWorker(ThreadPoolExecutor.java:1190)
	at org.apache.tomcat.util.threads.ThreadPoolExecutor$Worker.run(ThreadPoolExecutor.java:659)
	at org.apache.tomcat.util.threads.TaskThread$WrappingRunnable.run(TaskThread.java:63)
	at java.base/java.lang.Thread.run(Thread.java:1575)
2025-04-09 14:12:33.719 [org.springframework.kafka.KafkaListenerEndpointContainer#0-0-C-1] INFO  org.apache.kafka.clients.consumer.internals.ConsumerRebalanceListenerInvoker - [Consumer clientId=consumer-tomge-consumer-group-1, groupId=tomge-consumer-group] Revoke previously assigned partitions testtopic2-0
2025-04-09 14:12:33.719 [org.springframework.kafka.KafkaListenerEndpointContainer#1-0-C-1] INFO  org.apache.kafka.clients.consumer.internals.ConsumerRebalanceListenerInvoker - [Consumer clientId=consumer-tomge-consumer-group-2, groupId=tomge-consumer-group] Revoke previously assigned partitions testtopic-0
2025-04-09 14:12:33.720 [org.springframework.kafka.KafkaListenerEndpointContainer#1-0-C-1] INFO  org.apache.kafka.clients.consumer.internals.ConsumerCoordinator - [Consumer clientId=consumer-tomge-consumer-group-2, groupId=tomge-consumer-group] Member consumer-tomge-consumer-group-2-6087f525-d856-40a6-85cb-7662d0492f1f sending LeaveGroup request to coordinator 106.54.227.172:9092 (id: 2147483647 rack: null) due to the consumer unsubscribed from all topics
2025-04-09 14:12:33.720 [org.springframework.kafka.KafkaListenerEndpointContainer#0-0-C-1] INFO  org.apache.kafka.clients.consumer.internals.ConsumerCoordinator - [Consumer clientId=consumer-tomge-consumer-group-1, groupId=tomge-consumer-group] Member consumer-tomge-consumer-group-1-efee9b90-5162-4c0c-b638-55073587ed19 sending LeaveGroup request to coordinator 106.54.227.172:9092 (id: 2147483647 rack: null) due to the consumer unsubscribed from all topics
2025-04-09 14:12:33.720 [org.springframework.kafka.KafkaListenerEndpointContainer#1-0-C-1] INFO  org.apache.kafka.clients.consumer.internals.ConsumerCoordinator - [Consumer clientId=consumer-tomge-consumer-group-2, groupId=tomge-consumer-group] Resetting generation and member id due to: consumer pro-actively leaving the group
2025-04-09 14:12:33.720 [org.springframework.kafka.KafkaListenerEndpointContainer#0-0-C-1] INFO  org.apache.kafka.clients.consumer.internals.ConsumerCoordinator - [Consumer clientId=consumer-tomge-consumer-group-1, groupId=tomge-consumer-group] Resetting generation and member id due to: consumer pro-actively leaving the group
2025-04-09 14:12:33.720 [org.springframework.kafka.KafkaListenerEndpointContainer#1-0-C-1] INFO  org.apache.kafka.clients.consumer.internals.ConsumerCoordinator - [Consumer clientId=consumer-tomge-consumer-group-2, groupId=tomge-consumer-group] Request joining group due to: consumer pro-actively leaving the group
2025-04-09 14:12:33.720 [org.springframework.kafka.KafkaListenerEndpointContainer#0-0-C-1] INFO  org.apache.kafka.clients.consumer.internals.ConsumerCoordinator - [Consumer clientId=consumer-tomge-consumer-group-1, groupId=tomge-consumer-group] Request joining group due to: consumer pro-actively leaving the group
2025-04-09 14:12:33.720 [org.springframework.kafka.KafkaListenerEndpointContainer#1-0-C-1] INFO  org.apache.kafka.clients.consumer.internals.LegacyKafkaConsumer - [Consumer clientId=consumer-tomge-consumer-group-2, groupId=tomge-consumer-group] Unsubscribed all topics or patterns and assigned partitions
2025-04-09 14:12:33.720 [org.springframework.kafka.KafkaListenerEndpointContainer#0-0-C-1] INFO  org.apache.kafka.clients.consumer.internals.LegacyKafkaConsumer - [Consumer clientId=consumer-tomge-consumer-group-1, groupId=tomge-consumer-group] Unsubscribed all topics or patterns and assigned partitions
2025-04-09 14:12:33.721 [org.springframework.kafka.KafkaListenerEndpointContainer#1-0-C-1] INFO  org.apache.kafka.clients.consumer.internals.ConsumerCoordinator - [Consumer clientId=consumer-tomge-consumer-group-2, groupId=tomge-consumer-group] Resetting generation and member id due to: consumer pro-actively leaving the group
2025-04-09 14:12:33.721 [org.springframework.kafka.KafkaListenerEndpointContainer#0-0-C-1] INFO  org.apache.kafka.clients.consumer.internals.ConsumerCoordinator - [Consumer clientId=consumer-tomge-consumer-group-1, groupId=tomge-consumer-group] Resetting generation and member id due to: consumer pro-actively leaving the group
2025-04-09 14:12:33.721 [org.springframework.kafka.KafkaListenerEndpointContainer#1-0-C-1] INFO  org.apache.kafka.clients.consumer.internals.ConsumerCoordinator - [Consumer clientId=consumer-tomge-consumer-group-2, groupId=tomge-consumer-group] Request joining group due to: consumer pro-actively leaving the group
2025-04-09 14:12:33.721 [org.springframework.kafka.KafkaListenerEndpointContainer#0-0-C-1] INFO  org.apache.kafka.clients.consumer.internals.ConsumerCoordinator - [Consumer clientId=consumer-tomge-consumer-group-1, groupId=tomge-consumer-group] Request joining group due to: consumer pro-actively leaving the group
2025-04-09 14:12:34.295 [org.springframework.kafka.KafkaListenerEndpointContainer#0-0-C-1] INFO  org.apache.kafka.common.metrics.Metrics - Metrics scheduler closed
2025-04-09 14:12:34.295 [org.springframework.kafka.KafkaListenerEndpointContainer#1-0-C-1] INFO  org.apache.kafka.common.metrics.Metrics - Metrics scheduler closed
2025-04-09 14:12:34.295 [org.springframework.kafka.KafkaListenerEndpointContainer#0-0-C-1] INFO  org.apache.kafka.common.metrics.Metrics - Closing reporter org.apache.kafka.common.metrics.JmxReporter
2025-04-09 14:12:34.295 [org.springframework.kafka.KafkaListenerEndpointContainer#1-0-C-1] INFO  org.apache.kafka.common.metrics.Metrics - Closing reporter org.apache.kafka.common.metrics.JmxReporter
2025-04-09 14:12:34.295 [org.springframework.kafka.KafkaListenerEndpointContainer#0-0-C-1] INFO  org.apache.kafka.common.metrics.Metrics - Closing reporter org.apache.kafka.common.telemetry.internals.ClientTelemetryReporter
2025-04-09 14:12:34.296 [org.springframework.kafka.KafkaListenerEndpointContainer#1-0-C-1] INFO  org.apache.kafka.common.metrics.Metrics - Closing reporter org.apache.kafka.common.telemetry.internals.ClientTelemetryReporter
2025-04-09 14:12:34.296 [org.springframework.kafka.KafkaListenerEndpointContainer#0-0-C-1] INFO  org.apache.kafka.common.metrics.Metrics - Metrics reporters closed
2025-04-09 14:12:34.296 [org.springframework.kafka.KafkaListenerEndpointContainer#1-0-C-1] INFO  org.apache.kafka.common.metrics.Metrics - Metrics reporters closed
2025-04-09 14:12:34.301 [org.springframework.kafka.KafkaListenerEndpointContainer#0-0-C-1] INFO  org.apache.kafka.common.utils.AppInfoParser - App info kafka.consumer for consumer-tomge-consumer-group-1 unregistered
2025-04-09 14:12:34.302 [org.springframework.kafka.KafkaListenerEndpointContainer#1-0-C-1] INFO  org.apache.kafka.common.utils.AppInfoParser - App info kafka.consumer for consumer-tomge-consumer-group-2 unregistered
2025-04-09 14:12:49.496 [main] INFO  com.test.testboot.TestbootApplication - Starting TestbootApplication using Java 23.0.2 with PID 41222 (/Users/zhaoxin/Documents/GitHub/testboot/target/classes started by zhaoxin in /Users/zhaoxin/Documents/GitHub/testboot)
2025-04-09 14:12:49.498 [main] INFO  com.test.testboot.TestbootApplication - No active profile set, falling back to 1 default profile: "default"
2025-04-09 14:12:50.219 [main] INFO  org.apache.coyote.http11.Http11NioProtocol - Initializing ProtocolHandler ["http-nio-9090"]
2025-04-09 14:12:50.219 [main] INFO  org.apache.catalina.core.StandardService - Starting service [Tomcat]
2025-04-09 14:12:50.220 [main] INFO  org.apache.catalina.core.StandardEngine - Starting Servlet engine: [Apache Tomcat/10.1.36]
2025-04-09 14:12:50.242 [main] INFO  org.apache.catalina.core.ContainerBase.[Tomcat].[localhost].[/] - Initializing Spring embedded WebApplicationContext
2025-04-09 14:12:51.314 [main] INFO  org.apache.coyote.http11.Http11NioProtocol - Starting ProtocolHandler ["http-nio-9090"]
2025-04-09 14:12:51.332 [main] INFO  org.apache.kafka.clients.consumer.ConsumerConfig - ConsumerConfig values: 
	allow.auto.create.topics = true
	auto.commit.interval.ms = 5000
	auto.include.jmx.reporter = true
	auto.offset.reset = latest
	bootstrap.servers = [106.54.227.172:9092]
	check.crcs = true
	client.dns.lookup = use_all_dns_ips
	client.id = consumer-tomge-consumer-group-1
	client.rack = 
	connections.max.idle.ms = 540000
	default.api.timeout.ms = 60000
	enable.auto.commit = false
	enable.metrics.push = true
	exclude.internal.topics = true
	fetch.max.bytes = 52428800
	fetch.max.wait.ms = 500
	fetch.min.bytes = 1
	group.id = tomge-consumer-group
	group.instance.id = null
	group.protocol = classic
	group.remote.assignor = null
	heartbeat.interval.ms = 3000
	interceptor.classes = []
	internal.leave.group.on.close = true
	internal.throw.on.fetch.stable.offset.unsupported = false
	isolation.level = read_uncommitted
	key.deserializer = class org.apache.kafka.common.serialization.StringDeserializer
	max.partition.fetch.bytes = 1048576
	max.poll.interval.ms = 300000
	max.poll.records = 500
	metadata.max.age.ms = 300000
	metric.reporters = []
	metrics.num.samples = 2
	metrics.recording.level = INFO
	metrics.sample.window.ms = 30000
	partition.assignment.strategy = [class org.apache.kafka.clients.consumer.RangeAssignor, class org.apache.kafka.clients.consumer.CooperativeStickyAssignor]
	receive.buffer.bytes = 65536
	reconnect.backoff.max.ms = 1000
	reconnect.backoff.ms = 50
	request.timeout.ms = 30000
	retry.backoff.max.ms = 1000
	retry.backoff.ms = 100
	sasl.client.callback.handler.class = null
	sasl.jaas.config = null
	sasl.kerberos.kinit.cmd = /usr/bin/kinit
	sasl.kerberos.min.time.before.relogin = 60000
	sasl.kerberos.service.name = null
	sasl.kerberos.ticket.renew.jitter = 0.05
	sasl.kerberos.ticket.renew.window.factor = 0.8
	sasl.login.callback.handler.class = null
	sasl.login.class = null
	sasl.login.connect.timeout.ms = null
	sasl.login.read.timeout.ms = null
	sasl.login.refresh.buffer.seconds = 300
	sasl.login.refresh.min.period.seconds = 60
	sasl.login.refresh.window.factor = 0.8
	sasl.login.refresh.window.jitter = 0.05
	sasl.login.retry.backoff.max.ms = 10000
	sasl.login.retry.backoff.ms = 100
	sasl.mechanism = GSSAPI
	sasl.oauthbearer.clock.skew.seconds = 30
	sasl.oauthbearer.expected.audience = null
	sasl.oauthbearer.expected.issuer = null
	sasl.oauthbearer.jwks.endpoint.refresh.ms = 3600000
	sasl.oauthbearer.jwks.endpoint.retry.backoff.max.ms = 10000
	sasl.oauthbearer.jwks.endpoint.retry.backoff.ms = 100
	sasl.oauthbearer.jwks.endpoint.url = null
	sasl.oauthbearer.scope.claim.name = scope
	sasl.oauthbearer.sub.claim.name = sub
	sasl.oauthbearer.token.endpoint.url = null
	security.protocol = PLAINTEXT
	security.providers = null
	send.buffer.bytes = 131072
	session.timeout.ms = 45000
	socket.connection.setup.timeout.max.ms = 30000
	socket.connection.setup.timeout.ms = 10000
	ssl.cipher.suites = null
	ssl.enabled.protocols = [TLSv1.2, TLSv1.3]
	ssl.endpoint.identification.algorithm = https
	ssl.engine.factory.class = null
	ssl.key.password = null
	ssl.keymanager.algorithm = SunX509
	ssl.keystore.certificate.chain = null
	ssl.keystore.key = null
	ssl.keystore.location = null
	ssl.keystore.password = null
	ssl.keystore.type = JKS
	ssl.protocol = TLSv1.3
	ssl.provider = null
	ssl.secure.random.implementation = null
	ssl.trustmanager.algorithm = PKIX
	ssl.truststore.certificates = null
	ssl.truststore.location = null
	ssl.truststore.password = null
	ssl.truststore.type = JKS
	value.deserializer = class org.apache.kafka.common.serialization.StringDeserializer

2025-04-09 14:12:51.350 [main] INFO  org.apache.kafka.common.telemetry.internals.KafkaMetricsCollector - initializing Kafka metrics collector
2025-04-09 14:12:51.376 [main] INFO  org.apache.kafka.common.utils.AppInfoParser - Kafka version: 3.7.2
2025-04-09 14:12:51.377 [main] INFO  org.apache.kafka.common.utils.AppInfoParser - Kafka commitId: 79a8f2b5f44f9d5a
2025-04-09 14:12:51.377 [main] INFO  org.apache.kafka.common.utils.AppInfoParser - Kafka startTimeMs: 1744179171376
2025-04-09 14:12:51.381 [main] INFO  org.apache.kafka.clients.consumer.internals.LegacyKafkaConsumer - [Consumer clientId=consumer-tomge-consumer-group-1, groupId=tomge-consumer-group] Subscribed to topic(s): testtopic2
2025-04-09 14:12:51.384 [main] INFO  org.apache.kafka.clients.consumer.ConsumerConfig - ConsumerConfig values: 
	allow.auto.create.topics = true
	auto.commit.interval.ms = 5000
	auto.include.jmx.reporter = true
	auto.offset.reset = latest
	bootstrap.servers = [106.54.227.172:9092]
	check.crcs = true
	client.dns.lookup = use_all_dns_ips
	client.id = consumer-tomge-consumer-group-2
	client.rack = 
	connections.max.idle.ms = 540000
	default.api.timeout.ms = 60000
	enable.auto.commit = false
	enable.metrics.push = true
	exclude.internal.topics = true
	fetch.max.bytes = 52428800
	fetch.max.wait.ms = 500
	fetch.min.bytes = 1
	group.id = tomge-consumer-group
	group.instance.id = null
	group.protocol = classic
	group.remote.assignor = null
	heartbeat.interval.ms = 3000
	interceptor.classes = []
	internal.leave.group.on.close = true
	internal.throw.on.fetch.stable.offset.unsupported = false
	isolation.level = read_uncommitted
	key.deserializer = class org.apache.kafka.common.serialization.StringDeserializer
	max.partition.fetch.bytes = 1048576
	max.poll.interval.ms = 300000
	max.poll.records = 500
	metadata.max.age.ms = 300000
	metric.reporters = []
	metrics.num.samples = 2
	metrics.recording.level = INFO
	metrics.sample.window.ms = 30000
	partition.assignment.strategy = [class org.apache.kafka.clients.consumer.RangeAssignor, class org.apache.kafka.clients.consumer.CooperativeStickyAssignor]
	receive.buffer.bytes = 65536
	reconnect.backoff.max.ms = 1000
	reconnect.backoff.ms = 50
	request.timeout.ms = 30000
	retry.backoff.max.ms = 1000
	retry.backoff.ms = 100
	sasl.client.callback.handler.class = null
	sasl.jaas.config = null
	sasl.kerberos.kinit.cmd = /usr/bin/kinit
	sasl.kerberos.min.time.before.relogin = 60000
	sasl.kerberos.service.name = null
	sasl.kerberos.ticket.renew.jitter = 0.05
	sasl.kerberos.ticket.renew.window.factor = 0.8
	sasl.login.callback.handler.class = null
	sasl.login.class = null
	sasl.login.connect.timeout.ms = null
	sasl.login.read.timeout.ms = null
	sasl.login.refresh.buffer.seconds = 300
	sasl.login.refresh.min.period.seconds = 60
	sasl.login.refresh.window.factor = 0.8
	sasl.login.refresh.window.jitter = 0.05
	sasl.login.retry.backoff.max.ms = 10000
	sasl.login.retry.backoff.ms = 100
	sasl.mechanism = GSSAPI
	sasl.oauthbearer.clock.skew.seconds = 30
	sasl.oauthbearer.expected.audience = null
	sasl.oauthbearer.expected.issuer = null
	sasl.oauthbearer.jwks.endpoint.refresh.ms = 3600000
	sasl.oauthbearer.jwks.endpoint.retry.backoff.max.ms = 10000
	sasl.oauthbearer.jwks.endpoint.retry.backoff.ms = 100
	sasl.oauthbearer.jwks.endpoint.url = null
	sasl.oauthbearer.scope.claim.name = scope
	sasl.oauthbearer.sub.claim.name = sub
	sasl.oauthbearer.token.endpoint.url = null
	security.protocol = PLAINTEXT
	security.providers = null
	send.buffer.bytes = 131072
	session.timeout.ms = 45000
	socket.connection.setup.timeout.max.ms = 30000
	socket.connection.setup.timeout.ms = 10000
	ssl.cipher.suites = null
	ssl.enabled.protocols = [TLSv1.2, TLSv1.3]
	ssl.endpoint.identification.algorithm = https
	ssl.engine.factory.class = null
	ssl.key.password = null
	ssl.keymanager.algorithm = SunX509
	ssl.keystore.certificate.chain = null
	ssl.keystore.key = null
	ssl.keystore.location = null
	ssl.keystore.password = null
	ssl.keystore.type = JKS
	ssl.protocol = TLSv1.3
	ssl.provider = null
	ssl.secure.random.implementation = null
	ssl.trustmanager.algorithm = PKIX
	ssl.truststore.certificates = null
	ssl.truststore.location = null
	ssl.truststore.password = null
	ssl.truststore.type = JKS
	value.deserializer = class org.apache.kafka.common.serialization.StringDeserializer

2025-04-09 14:12:51.384 [main] INFO  org.apache.kafka.common.telemetry.internals.KafkaMetricsCollector - initializing Kafka metrics collector
2025-04-09 14:12:51.387 [main] INFO  org.apache.kafka.common.utils.AppInfoParser - Kafka version: 3.7.2
2025-04-09 14:12:51.387 [main] INFO  org.apache.kafka.common.utils.AppInfoParser - Kafka commitId: 79a8f2b5f44f9d5a
2025-04-09 14:12:51.387 [main] INFO  org.apache.kafka.common.utils.AppInfoParser - Kafka startTimeMs: 1744179171387
2025-04-09 14:12:51.388 [main] INFO  org.apache.kafka.clients.consumer.internals.LegacyKafkaConsumer - [Consumer clientId=consumer-tomge-consumer-group-2, groupId=tomge-consumer-group] Subscribed to topic(s): testtopic
2025-04-09 14:12:51.395 [main] INFO  com.test.testboot.TestbootApplication - Started TestbootApplication in 2.101 seconds (process running for 2.407)
2025-04-09 14:12:51.646 [org.springframework.kafka.KafkaListenerEndpointContainer#1-0-C-1] INFO  org.apache.kafka.clients.Metadata - [Consumer clientId=consumer-tomge-consumer-group-2, groupId=tomge-consumer-group] Cluster ID: a9Ypxh85Tn-baDC9a_oChQ
2025-04-09 14:12:51.646 [org.springframework.kafka.KafkaListenerEndpointContainer#0-0-C-1] INFO  org.apache.kafka.clients.Metadata - [Consumer clientId=consumer-tomge-consumer-group-1, groupId=tomge-consumer-group] Cluster ID: a9Ypxh85Tn-baDC9a_oChQ
2025-04-09 14:12:51.647 [org.springframework.kafka.KafkaListenerEndpointContainer#1-0-C-1] INFO  org.apache.kafka.clients.consumer.internals.ConsumerCoordinator - [Consumer clientId=consumer-tomge-consumer-group-2, groupId=tomge-consumer-group] Discovered group coordinator 106.54.227.172:9092 (id: 2147483647 rack: null)
2025-04-09 14:12:51.647 [org.springframework.kafka.KafkaListenerEndpointContainer#0-0-C-1] INFO  org.apache.kafka.clients.consumer.internals.ConsumerCoordinator - [Consumer clientId=consumer-tomge-consumer-group-1, groupId=tomge-consumer-group] Discovered group coordinator 106.54.227.172:9092 (id: 2147483647 rack: null)
2025-04-09 14:12:51.648 [org.springframework.kafka.KafkaListenerEndpointContainer#0-0-C-1] INFO  org.apache.kafka.clients.consumer.internals.ConsumerCoordinator - [Consumer clientId=consumer-tomge-consumer-group-1, groupId=tomge-consumer-group] (Re-)joining group
2025-04-09 14:12:51.648 [org.springframework.kafka.KafkaListenerEndpointContainer#1-0-C-1] INFO  org.apache.kafka.clients.consumer.internals.ConsumerCoordinator - [Consumer clientId=consumer-tomge-consumer-group-2, groupId=tomge-consumer-group] (Re-)joining group
2025-04-09 14:12:51.775 [org.springframework.kafka.KafkaListenerEndpointContainer#0-0-C-1] INFO  org.apache.kafka.clients.consumer.internals.ConsumerCoordinator - [Consumer clientId=consumer-tomge-consumer-group-1, groupId=tomge-consumer-group] Request joining group due to: need to re-join with the given member-id: consumer-tomge-consumer-group-1-7338820c-cb33-468b-ae82-7d70c343a1af
2025-04-09 14:12:51.775 [org.springframework.kafka.KafkaListenerEndpointContainer#1-0-C-1] INFO  org.apache.kafka.clients.consumer.internals.ConsumerCoordinator - [Consumer clientId=consumer-tomge-consumer-group-2, groupId=tomge-consumer-group] Request joining group due to: need to re-join with the given member-id: consumer-tomge-consumer-group-2-97e895f3-be2b-4aa2-958e-a7a23b283224
2025-04-09 14:12:51.775 [org.springframework.kafka.KafkaListenerEndpointContainer#0-0-C-1] INFO  org.apache.kafka.clients.consumer.internals.ConsumerCoordinator - [Consumer clientId=consumer-tomge-consumer-group-1, groupId=tomge-consumer-group] (Re-)joining group
2025-04-09 14:12:51.775 [org.springframework.kafka.KafkaListenerEndpointContainer#1-0-C-1] INFO  org.apache.kafka.clients.consumer.internals.ConsumerCoordinator - [Consumer clientId=consumer-tomge-consumer-group-2, groupId=tomge-consumer-group] (Re-)joining group
2025-04-09 14:12:51.829 [org.springframework.kafka.KafkaListenerEndpointContainer#1-0-C-1] INFO  org.apache.kafka.clients.consumer.internals.ConsumerCoordinator - [Consumer clientId=consumer-tomge-consumer-group-2, groupId=tomge-consumer-group] Successfully joined group with generation Generation{generationId=6, memberId='consumer-tomge-consumer-group-2-97e895f3-be2b-4aa2-958e-a7a23b283224', protocol='range'}
2025-04-09 14:12:51.829 [org.springframework.kafka.KafkaListenerEndpointContainer#0-0-C-1] INFO  org.apache.kafka.clients.consumer.internals.ConsumerCoordinator - [Consumer clientId=consumer-tomge-consumer-group-1, groupId=tomge-consumer-group] Successfully joined group with generation Generation{generationId=6, memberId='consumer-tomge-consumer-group-1-7338820c-cb33-468b-ae82-7d70c343a1af', protocol='range'}
2025-04-09 14:12:51.972 [org.springframework.kafka.KafkaListenerEndpointContainer#0-0-C-1] INFO  org.apache.kafka.clients.consumer.internals.ConsumerCoordinator - [Consumer clientId=consumer-tomge-consumer-group-1, groupId=tomge-consumer-group] Finished assignment for group at generation 6: {consumer-tomge-consumer-group-2-97e895f3-be2b-4aa2-958e-a7a23b283224=Assignment(partitions=[testtopic-0]), consumer-tomge-consumer-group-1-7338820c-cb33-468b-ae82-7d70c343a1af=Assignment(partitions=[testtopic2-0])}
2025-04-09 14:12:52.013 [org.springframework.kafka.KafkaListenerEndpointContainer#1-0-C-1] INFO  org.apache.kafka.clients.consumer.internals.ConsumerCoordinator - [Consumer clientId=consumer-tomge-consumer-group-2, groupId=tomge-consumer-group] Successfully synced group in generation Generation{generationId=6, memberId='consumer-tomge-consumer-group-2-97e895f3-be2b-4aa2-958e-a7a23b283224', protocol='range'}
2025-04-09 14:12:52.013 [org.springframework.kafka.KafkaListenerEndpointContainer#0-0-C-1] INFO  org.apache.kafka.clients.consumer.internals.ConsumerCoordinator - [Consumer clientId=consumer-tomge-consumer-group-1, groupId=tomge-consumer-group] Successfully synced group in generation Generation{generationId=6, memberId='consumer-tomge-consumer-group-1-7338820c-cb33-468b-ae82-7d70c343a1af', protocol='range'}
2025-04-09 14:12:52.013 [org.springframework.kafka.KafkaListenerEndpointContainer#1-0-C-1] INFO  org.apache.kafka.clients.consumer.internals.ConsumerCoordinator - [Consumer clientId=consumer-tomge-consumer-group-2, groupId=tomge-consumer-group] Notifying assignor about the new Assignment(partitions=[testtopic-0])
2025-04-09 14:12:52.013 [org.springframework.kafka.KafkaListenerEndpointContainer#0-0-C-1] INFO  org.apache.kafka.clients.consumer.internals.ConsumerCoordinator - [Consumer clientId=consumer-tomge-consumer-group-1, groupId=tomge-consumer-group] Notifying assignor about the new Assignment(partitions=[testtopic2-0])
2025-04-09 14:12:52.014 [org.springframework.kafka.KafkaListenerEndpointContainer#1-0-C-1] INFO  org.apache.kafka.clients.consumer.internals.ConsumerRebalanceListenerInvoker - [Consumer clientId=consumer-tomge-consumer-group-2, groupId=tomge-consumer-group] Adding newly assigned partitions: testtopic-0
2025-04-09 14:12:52.014 [org.springframework.kafka.KafkaListenerEndpointContainer#0-0-C-1] INFO  org.apache.kafka.clients.consumer.internals.ConsumerRebalanceListenerInvoker - [Consumer clientId=consumer-tomge-consumer-group-1, groupId=tomge-consumer-group] Adding newly assigned partitions: testtopic2-0
2025-04-09 14:12:52.099 [org.springframework.kafka.KafkaListenerEndpointContainer#1-0-C-1] INFO  org.apache.kafka.clients.consumer.internals.ConsumerUtils - Setting offset for partition testtopic-0 to the committed offset FetchPosition{offset=0, offsetEpoch=Optional.empty, currentLeader=LeaderAndEpoch{leader=Optional[106.54.227.172:9092 (id: 0 rack: null)], epoch=0}}
2025-04-09 14:12:52.099 [org.springframework.kafka.KafkaListenerEndpointContainer#0-0-C-1] INFO  org.apache.kafka.clients.consumer.internals.ConsumerUtils - Setting offset for partition testtopic2-0 to the committed offset FetchPosition{offset=0, offsetEpoch=Optional.empty, currentLeader=LeaderAndEpoch{leader=Optional[106.54.227.172:9092 (id: 0 rack: null)], epoch=0}}
2025-04-09 14:13:10.391 [http-nio-9090-exec-2] INFO  org.apache.catalina.core.ContainerBase.[Tomcat].[localhost].[/] - Initializing Spring DispatcherServlet 'dispatcherServlet'
2025-04-09 14:13:10.782 [http-nio-9090-exec-2] INFO  com.zaxxer.hikari.HikariDataSource - HikariPool-1 - Starting...
2025-04-09 14:13:11.323 [http-nio-9090-exec-2] INFO  com.zaxxer.hikari.pool.HikariPool - HikariPool-1 - Added connection com.mysql.cj.jdbc.ConnectionImpl@5c0561ee
2025-04-09 14:13:11.327 [http-nio-9090-exec-2] INFO  com.zaxxer.hikari.HikariDataSource - HikariPool-1 - Start completed.
2025-04-09 14:13:11.441 [http-nio-9090-exec-2] INFO  com.test.testboot.service.impl.StudentServiceImpl - []
2025-04-09 14:13:11.488 [http-nio-9090-exec-2] INFO  com.test.testboot.controller.StudentController - []
2025-04-09 14:13:58.829 [http-nio-9090-exec-4] INFO  com.test.testboot.controller.StudentController - {"messageType":"JSON","data":{"address":"湖北省襄阳市","sex":"女","name":"郭襄","birth":"1550","id":921,"department":"丐帮"}}
2025-04-09 14:13:58.835 [http-nio-9090-exec-4] INFO  org.apache.kafka.clients.producer.ProducerConfig - ProducerConfig values: 
	acks = -1
	auto.include.jmx.reporter = true
	batch.size = 16384
	bootstrap.servers = [106.54.227.172:9092]
	buffer.memory = 33554432
	client.dns.lookup = use_all_dns_ips
	client.id = testspringboot-producer-1
	compression.type = none
	connections.max.idle.ms = 540000
	delivery.timeout.ms = 120000
	enable.idempotence = true
	enable.metrics.push = true
	interceptor.classes = []
	key.serializer = class org.apache.kafka.common.serialization.StringSerializer
	linger.ms = 0
	max.block.ms = 60000
	max.in.flight.requests.per.connection = 5
	max.request.size = 1048576
	metadata.max.age.ms = 300000
	metadata.max.idle.ms = 300000
	metric.reporters = []
	metrics.num.samples = 2
	metrics.recording.level = INFO
	metrics.sample.window.ms = 30000
	partitioner.adaptive.partitioning.enable = true
	partitioner.availability.timeout.ms = 0
	partitioner.class = null
	partitioner.ignore.keys = false
	receive.buffer.bytes = 32768
	reconnect.backoff.max.ms = 1000
	reconnect.backoff.ms = 50
	request.timeout.ms = 30000
	retries = 3
	retry.backoff.max.ms = 1000
	retry.backoff.ms = 100
	sasl.client.callback.handler.class = null
	sasl.jaas.config = null
	sasl.kerberos.kinit.cmd = /usr/bin/kinit
	sasl.kerberos.min.time.before.relogin = 60000
	sasl.kerberos.service.name = null
	sasl.kerberos.ticket.renew.jitter = 0.05
	sasl.kerberos.ticket.renew.window.factor = 0.8
	sasl.login.callback.handler.class = null
	sasl.login.class = null
	sasl.login.connect.timeout.ms = null
	sasl.login.read.timeout.ms = null
	sasl.login.refresh.buffer.seconds = 300
	sasl.login.refresh.min.period.seconds = 60
	sasl.login.refresh.window.factor = 0.8
	sasl.login.refresh.window.jitter = 0.05
	sasl.login.retry.backoff.max.ms = 10000
	sasl.login.retry.backoff.ms = 100
	sasl.mechanism = GSSAPI
	sasl.oauthbearer.clock.skew.seconds = 30
	sasl.oauthbearer.expected.audience = null
	sasl.oauthbearer.expected.issuer = null
	sasl.oauthbearer.jwks.endpoint.refresh.ms = 3600000
	sasl.oauthbearer.jwks.endpoint.retry.backoff.max.ms = 10000
	sasl.oauthbearer.jwks.endpoint.retry.backoff.ms = 100
	sasl.oauthbearer.jwks.endpoint.url = null
	sasl.oauthbearer.scope.claim.name = scope
	sasl.oauthbearer.sub.claim.name = sub
	sasl.oauthbearer.token.endpoint.url = null
	security.protocol = PLAINTEXT
	security.providers = null
	send.buffer.bytes = 131072
	socket.connection.setup.timeout.max.ms = 30000
	socket.connection.setup.timeout.ms = 10000
	ssl.cipher.suites = null
	ssl.enabled.protocols = [TLSv1.2, TLSv1.3]
	ssl.endpoint.identification.algorithm = https
	ssl.engine.factory.class = null
	ssl.key.password = null
	ssl.keymanager.algorithm = SunX509
	ssl.keystore.certificate.chain = null
	ssl.keystore.key = null
	ssl.keystore.location = null
	ssl.keystore.password = null
	ssl.keystore.type = JKS
	ssl.protocol = TLSv1.3
	ssl.provider = null
	ssl.secure.random.implementation = null
	ssl.trustmanager.algorithm = PKIX
	ssl.truststore.certificates = null
	ssl.truststore.location = null
	ssl.truststore.password = null
	ssl.truststore.type = JKS
	transaction.timeout.ms = 60000
	transactional.id = null
	value.serializer = class org.apache.kafka.common.serialization.StringSerializer

2025-04-09 14:13:58.835 [http-nio-9090-exec-4] INFO  org.apache.kafka.common.telemetry.internals.KafkaMetricsCollector - initializing Kafka metrics collector
2025-04-09 14:13:58.839 [http-nio-9090-exec-4] INFO  org.apache.kafka.clients.producer.KafkaProducer - [Producer clientId=testspringboot-producer-1] Instantiated an idempotent producer.
2025-04-09 14:13:58.843 [http-nio-9090-exec-4] INFO  org.apache.kafka.common.utils.AppInfoParser - Kafka version: 3.7.2
2025-04-09 14:13:58.844 [http-nio-9090-exec-4] INFO  org.apache.kafka.common.utils.AppInfoParser - Kafka commitId: 79a8f2b5f44f9d5a
2025-04-09 14:13:58.844 [http-nio-9090-exec-4] INFO  org.apache.kafka.common.utils.AppInfoParser - Kafka startTimeMs: 1744179238843
2025-04-09 14:13:58.981 [kafka-producer-network-thread | testspringboot-producer-1] INFO  org.apache.kafka.clients.Metadata - [Producer clientId=testspringboot-producer-1] Cluster ID: a9Ypxh85Tn-baDC9a_oChQ
2025-04-09 14:13:59.224 [kafka-producer-network-thread | testspringboot-producer-1] INFO  org.apache.kafka.clients.producer.internals.TransactionManager - [Producer clientId=testspringboot-producer-1] ProducerId set to 0 with epoch 0
2025-04-09 14:13:59.295 [http-nio-9090-exec-4] INFO  com.test.testboot.kafkaservice.ProducerService - {"messageType":"JSON","data":{"address":"湖北省襄阳市","sex":"女","name":"郭襄","birth":"1550","id":921,"department":"丐帮"}}
2025-04-09 14:13:59.307 [org.springframework.kafka.KafkaListenerEndpointContainer#1-0-C-1] INFO  com.test.testboot.kafkaservice.ConsumerService - {"address":"湖北省襄阳市","sex":"女","name":"郭襄","birth":"1550","id":921,"department":"丐帮"}
2025-04-09 14:13:59.308 [org.springframework.kafka.KafkaListenerEndpointContainer#1-0-C-1] INFO  com.test.testboot.kafkaservice.ConsumerService - {"address":"湖北省襄阳市","sex":"女","name":"郭襄","birth":"1550","id":921,"department":"丐帮"}
2025-04-09 14:14:30.266 [http-nio-9090-exec-5] INFO  com.test.testboot.controller.StudentController - []
2025-04-09 14:15:27.513 [http-nio-9090-exec-6] ERROR org.apache.catalina.core.ContainerBase.[Tomcat].[localhost].[/].[dispatcherServlet] - Servlet.service() for servlet [dispatcherServlet] in context with path [] threw exception [Request processing failed: java.lang.NullPointerException: Cannot invoke "java.util.List.toString()" because "list" is null] with root cause
java.lang.NullPointerException: Cannot invoke "java.util.List.toString()" because "list" is null
	at com.test.testboot.controller.StudentController.findById(StudentController.java:46)
	at java.base/jdk.internal.reflect.DirectMethodHandleAccessor.invoke(DirectMethodHandleAccessor.java:103)
	at java.base/java.lang.reflect.Method.invoke(Method.java:580)
	at org.springframework.web.method.support.InvocableHandlerMethod.doInvoke(InvocableHandlerMethod.java:255)
	at org.springframework.web.method.support.InvocableHandlerMethod.invokeForRequest(InvocableHandlerMethod.java:188)
	at org.springframework.web.servlet.mvc.method.annotation.ServletInvocableHandlerMethod.invokeAndHandle(ServletInvocableHandlerMethod.java:118)
	at org.springframework.web.servlet.mvc.method.annotation.RequestMappingHandlerAdapter.invokeHandlerMethod(RequestMappingHandlerAdapter.java:926)
	at org.springframework.web.servlet.mvc.method.annotation.RequestMappingHandlerAdapter.handleInternal(RequestMappingHandlerAdapter.java:831)
	at org.springframework.web.servlet.mvc.method.AbstractHandlerMethodAdapter.handle(AbstractHandlerMethodAdapter.java:87)
	at org.springframework.web.servlet.DispatcherServlet.doDispatch(DispatcherServlet.java:1089)
	at org.springframework.web.servlet.DispatcherServlet.doService(DispatcherServlet.java:979)
	at org.springframework.web.servlet.FrameworkServlet.processRequest(FrameworkServlet.java:1014)
	at org.springframework.web.servlet.FrameworkServlet.doGet(FrameworkServlet.java:903)
	at jakarta.servlet.http.HttpServlet.service(HttpServlet.java:564)
	at org.springframework.web.servlet.FrameworkServlet.service(FrameworkServlet.java:885)
	at jakarta.servlet.http.HttpServlet.service(HttpServlet.java:658)
	at org.apache.catalina.core.ApplicationFilterChain.internalDoFilter(ApplicationFilterChain.java:195)
	at org.apache.catalina.core.ApplicationFilterChain.doFilter(ApplicationFilterChain.java:140)
	at org.apache.tomcat.websocket.server.WsFilter.doFilter(WsFilter.java:51)
	at org.apache.catalina.core.ApplicationFilterChain.internalDoFilter(ApplicationFilterChain.java:164)
	at org.apache.catalina.core.ApplicationFilterChain.doFilter(ApplicationFilterChain.java:140)
	at org.springframework.web.filter.RequestContextFilter.doFilterInternal(RequestContextFilter.java:100)
	at org.springframework.web.filter.OncePerRequestFilter.doFilter(OncePerRequestFilter.java:116)
	at org.apache.catalina.core.ApplicationFilterChain.internalDoFilter(ApplicationFilterChain.java:164)
	at org.apache.catalina.core.ApplicationFilterChain.doFilter(ApplicationFilterChain.java:140)
	at org.springframework.web.filter.FormContentFilter.doFilterInternal(FormContentFilter.java:93)
	at org.springframework.web.filter.OncePerRequestFilter.doFilter(OncePerRequestFilter.java:116)
	at org.apache.catalina.core.ApplicationFilterChain.internalDoFilter(ApplicationFilterChain.java:164)
	at org.apache.catalina.core.ApplicationFilterChain.doFilter(ApplicationFilterChain.java:140)
	at org.springframework.web.filter.CharacterEncodingFilter.doFilterInternal(CharacterEncodingFilter.java:201)
	at org.springframework.web.filter.OncePerRequestFilter.doFilter(OncePerRequestFilter.java:116)
	at org.apache.catalina.core.ApplicationFilterChain.internalDoFilter(ApplicationFilterChain.java:164)
	at org.apache.catalina.core.ApplicationFilterChain.doFilter(ApplicationFilterChain.java:140)
	at org.apache.catalina.core.StandardWrapperValve.invoke(StandardWrapperValve.java:167)
	at org.apache.catalina.core.StandardContextValve.invoke(StandardContextValve.java:90)
	at org.apache.catalina.authenticator.AuthenticatorBase.invoke(AuthenticatorBase.java:483)
	at org.apache.catalina.core.StandardHostValve.invoke(StandardHostValve.java:115)
	at org.apache.catalina.valves.ErrorReportValve.invoke(ErrorReportValve.java:93)
	at org.apache.catalina.core.StandardEngineValve.invoke(StandardEngineValve.java:74)
	at org.apache.catalina.connector.CoyoteAdapter.service(CoyoteAdapter.java:344)
	at org.apache.coyote.http11.Http11Processor.service(Http11Processor.java:397)
	at org.apache.coyote.AbstractProcessorLight.process(AbstractProcessorLight.java:63)
	at org.apache.coyote.AbstractProtocol$ConnectionHandler.process(AbstractProtocol.java:905)
	at org.apache.tomcat.util.net.NioEndpoint$SocketProcessor.doRun(NioEndpoint.java:1743)
	at org.apache.tomcat.util.net.SocketProcessorBase.run(SocketProcessorBase.java:52)
	at org.apache.tomcat.util.threads.ThreadPoolExecutor.runWorker(ThreadPoolExecutor.java:1190)
	at org.apache.tomcat.util.threads.ThreadPoolExecutor$Worker.run(ThreadPoolExecutor.java:659)
	at org.apache.tomcat.util.threads.TaskThread$WrappingRunnable.run(TaskThread.java:63)
	at java.base/java.lang.Thread.run(Thread.java:1575)
2025-04-09 14:16:05.977 [http-nio-9090-exec-8] INFO  com.test.testboot.controller.StudentController - [Student [Hash = 1127152755, id=901, name=阿里木江, sex=男, birth=2019, department=计算机系, address=新疆维吾尔自治区博尔塔拉蒙古自治州], Student [Hash = -35875495, id=902, name=赵子枫, sex=女, birth=2018, department=考古系, address=新疆维吾尔自治区塔城地区], Student [Hash = -1440760180, id=903, name=张思维, sex=女, birth=2003, department=中文系, address=湖南省永州市], Student [Hash = -710122163, id=904, name=李广昌, sex=男, birth=1999, department=英语系, address=辽宁省皋新市], Student [Hash = -976111675, id=905, name=王翰, sex=男, birth=2004, department=英语系, address=福建省厦门市], Student [Hash = 1995189087, id=906, name=王心凌, sex=女, birth=1998, department=计算机系, address=湖南省衡阳市], Student [Hash = -489008237, id=907, name=埃森江, sex=男, birth=2025, department=计算机系, address=新疆维吾尔自治区伊犁哈萨克自治州], Student [Hash = 1356185963, id=909, name=阿里木江, sex=男, birth=2019, department=计算机系, address=新疆维吾尔自治区博尔塔拉蒙古自治州], Student [Hash = 840208054, id=910, name=郭靖, sex=男, birth=1500, department=丐帮, address=湖北省襄阳市], Student [Hash = -1079884267, id=911, name=黄蓉, sex=女, birth=1500, department=丐帮, address=湖北省襄阳市], Student [Hash = 1911866991, id=921, name=郭襄, sex=女, birth=1550, department=丐帮, address=湖北省襄阳市]]
2025-04-09 14:21:51.885 [org.springframework.kafka.KafkaListenerEndpointContainer#0-0-C-1] INFO  org.apache.kafka.clients.NetworkClient - [Consumer clientId=consumer-tomge-consumer-group-1, groupId=tomge-consumer-group] Node -1 disconnected.
2025-04-09 14:21:51.887 [org.springframework.kafka.KafkaListenerEndpointContainer#1-0-C-1] INFO  org.apache.kafka.clients.NetworkClient - [Consumer clientId=consumer-tomge-consumer-group-2, groupId=tomge-consumer-group] Node -1 disconnected.
2025-04-09 14:22:59.042 [kafka-producer-network-thread | testspringboot-producer-1] INFO  org.apache.kafka.clients.NetworkClient - [Producer clientId=testspringboot-producer-1] Node -1 disconnected.
2025-04-09 14:28:28.257 [org.springframework.kafka.KafkaListenerEndpointContainer#0-0-C-1] INFO  org.apache.kafka.clients.consumer.internals.ConsumerRebalanceListenerInvoker - [Consumer clientId=consumer-tomge-consumer-group-1, groupId=tomge-consumer-group] Revoke previously assigned partitions testtopic2-0
2025-04-09 14:28:28.257 [org.springframework.kafka.KafkaListenerEndpointContainer#1-0-C-1] INFO  org.apache.kafka.clients.consumer.internals.ConsumerRebalanceListenerInvoker - [Consumer clientId=consumer-tomge-consumer-group-2, groupId=tomge-consumer-group] Revoke previously assigned partitions testtopic-0
2025-04-09 14:28:28.258 [org.springframework.kafka.KafkaListenerEndpointContainer#0-0-C-1] INFO  org.apache.kafka.clients.consumer.internals.ConsumerCoordinator - [Consumer clientId=consumer-tomge-consumer-group-1, groupId=tomge-consumer-group] Member consumer-tomge-consumer-group-1-7338820c-cb33-468b-ae82-7d70c343a1af sending LeaveGroup request to coordinator 106.54.227.172:9092 (id: 2147483647 rack: null) due to the consumer unsubscribed from all topics
2025-04-09 14:28:28.258 [org.springframework.kafka.KafkaListenerEndpointContainer#1-0-C-1] INFO  org.apache.kafka.clients.consumer.internals.ConsumerCoordinator - [Consumer clientId=consumer-tomge-consumer-group-2, groupId=tomge-consumer-group] Member consumer-tomge-consumer-group-2-97e895f3-be2b-4aa2-958e-a7a23b283224 sending LeaveGroup request to coordinator 106.54.227.172:9092 (id: 2147483647 rack: null) due to the consumer unsubscribed from all topics
2025-04-09 14:28:28.258 [org.springframework.kafka.KafkaListenerEndpointContainer#0-0-C-1] INFO  org.apache.kafka.clients.consumer.internals.ConsumerCoordinator - [Consumer clientId=consumer-tomge-consumer-group-1, groupId=tomge-consumer-group] Resetting generation and member id due to: consumer pro-actively leaving the group
2025-04-09 14:28:28.258 [org.springframework.kafka.KafkaListenerEndpointContainer#1-0-C-1] INFO  org.apache.kafka.clients.consumer.internals.ConsumerCoordinator - [Consumer clientId=consumer-tomge-consumer-group-2, groupId=tomge-consumer-group] Resetting generation and member id due to: consumer pro-actively leaving the group
2025-04-09 14:28:28.258 [org.springframework.kafka.KafkaListenerEndpointContainer#0-0-C-1] INFO  org.apache.kafka.clients.consumer.internals.ConsumerCoordinator - [Consumer clientId=consumer-tomge-consumer-group-1, groupId=tomge-consumer-group] Request joining group due to: consumer pro-actively leaving the group
2025-04-09 14:28:28.259 [org.springframework.kafka.KafkaListenerEndpointContainer#1-0-C-1] INFO  org.apache.kafka.clients.consumer.internals.ConsumerCoordinator - [Consumer clientId=consumer-tomge-consumer-group-2, groupId=tomge-consumer-group] Request joining group due to: consumer pro-actively leaving the group
2025-04-09 14:28:28.259 [org.springframework.kafka.KafkaListenerEndpointContainer#0-0-C-1] INFO  org.apache.kafka.clients.consumer.internals.LegacyKafkaConsumer - [Consumer clientId=consumer-tomge-consumer-group-1, groupId=tomge-consumer-group] Unsubscribed all topics or patterns and assigned partitions
2025-04-09 14:28:28.259 [org.springframework.kafka.KafkaListenerEndpointContainer#1-0-C-1] INFO  org.apache.kafka.clients.consumer.internals.LegacyKafkaConsumer - [Consumer clientId=consumer-tomge-consumer-group-2, groupId=tomge-consumer-group] Unsubscribed all topics or patterns and assigned partitions
2025-04-09 14:28:28.260 [org.springframework.kafka.KafkaListenerEndpointContainer#1-0-C-1] INFO  org.apache.kafka.clients.consumer.internals.ConsumerCoordinator - [Consumer clientId=consumer-tomge-consumer-group-2, groupId=tomge-consumer-group] Resetting generation and member id due to: consumer pro-actively leaving the group
2025-04-09 14:28:28.260 [org.springframework.kafka.KafkaListenerEndpointContainer#0-0-C-1] INFO  org.apache.kafka.clients.consumer.internals.ConsumerCoordinator - [Consumer clientId=consumer-tomge-consumer-group-1, groupId=tomge-consumer-group] Resetting generation and member id due to: consumer pro-actively leaving the group
2025-04-09 14:28:28.260 [org.springframework.kafka.KafkaListenerEndpointContainer#1-0-C-1] INFO  org.apache.kafka.clients.consumer.internals.ConsumerCoordinator - [Consumer clientId=consumer-tomge-consumer-group-2, groupId=tomge-consumer-group] Request joining group due to: consumer pro-actively leaving the group
2025-04-09 14:28:28.260 [org.springframework.kafka.KafkaListenerEndpointContainer#0-0-C-1] INFO  org.apache.kafka.clients.consumer.internals.ConsumerCoordinator - [Consumer clientId=consumer-tomge-consumer-group-1, groupId=tomge-consumer-group] Request joining group due to: consumer pro-actively leaving the group
2025-04-09 14:28:28.354 [org.springframework.kafka.KafkaListenerEndpointContainer#1-0-C-1] INFO  org.apache.kafka.common.metrics.Metrics - Metrics scheduler closed
2025-04-09 14:28:28.354 [org.springframework.kafka.KafkaListenerEndpointContainer#0-0-C-1] INFO  org.apache.kafka.common.metrics.Metrics - Metrics scheduler closed
2025-04-09 14:28:28.354 [org.springframework.kafka.KafkaListenerEndpointContainer#1-0-C-1] INFO  org.apache.kafka.common.metrics.Metrics - Closing reporter org.apache.kafka.common.metrics.JmxReporter
2025-04-09 14:28:28.354 [org.springframework.kafka.KafkaListenerEndpointContainer#0-0-C-1] INFO  org.apache.kafka.common.metrics.Metrics - Closing reporter org.apache.kafka.common.metrics.JmxReporter
2025-04-09 14:28:28.354 [org.springframework.kafka.KafkaListenerEndpointContainer#1-0-C-1] INFO  org.apache.kafka.common.metrics.Metrics - Closing reporter org.apache.kafka.common.telemetry.internals.ClientTelemetryReporter
2025-04-09 14:28:28.354 [org.springframework.kafka.KafkaListenerEndpointContainer#0-0-C-1] INFO  org.apache.kafka.common.metrics.Metrics - Closing reporter org.apache.kafka.common.telemetry.internals.ClientTelemetryReporter
2025-04-09 14:28:28.354 [org.springframework.kafka.KafkaListenerEndpointContainer#0-0-C-1] INFO  org.apache.kafka.common.metrics.Metrics - Metrics reporters closed
2025-04-09 14:28:28.354 [org.springframework.kafka.KafkaListenerEndpointContainer#1-0-C-1] INFO  org.apache.kafka.common.metrics.Metrics - Metrics reporters closed
2025-04-09 14:28:28.357 [org.springframework.kafka.KafkaListenerEndpointContainer#0-0-C-1] INFO  org.apache.kafka.common.utils.AppInfoParser - App info kafka.consumer for consumer-tomge-consumer-group-1 unregistered
2025-04-09 14:28:28.357 [org.springframework.kafka.KafkaListenerEndpointContainer#1-0-C-1] INFO  org.apache.kafka.common.utils.AppInfoParser - App info kafka.consumer for consumer-tomge-consumer-group-2 unregistered
2025-04-09 14:28:30.436 [SpringApplicationShutdownHook] INFO  org.apache.kafka.clients.producer.KafkaProducer - [Producer clientId=testspringboot-producer-1] Closing the Kafka producer with timeoutMillis = 30000 ms.
2025-04-09 14:28:30.438 [SpringApplicationShutdownHook] INFO  org.apache.kafka.common.metrics.Metrics - Metrics scheduler closed
2025-04-09 14:28:30.438 [SpringApplicationShutdownHook] INFO  org.apache.kafka.common.metrics.Metrics - Closing reporter org.apache.kafka.common.metrics.JmxReporter
2025-04-09 14:28:30.438 [SpringApplicationShutdownHook] INFO  org.apache.kafka.common.metrics.Metrics - Closing reporter org.apache.kafka.common.telemetry.internals.ClientTelemetryReporter
2025-04-09 14:28:30.438 [SpringApplicationShutdownHook] INFO  org.apache.kafka.common.metrics.Metrics - Metrics reporters closed
2025-04-09 14:28:30.438 [SpringApplicationShutdownHook] INFO  org.apache.kafka.common.utils.AppInfoParser - App info kafka.producer for testspringboot-producer-1 unregistered
2025-04-09 14:28:30.443 [SpringApplicationShutdownHook] INFO  com.zaxxer.hikari.HikariDataSource - HikariPool-1 - Shutdown initiated...
2025-04-09 14:28:30.446 [SpringApplicationShutdownHook] INFO  com.zaxxer.hikari.HikariDataSource - HikariPool-1 - Shutdown completed.
2025-04-09 14:33:29.749 [main] INFO  com.test.testboot.TestbootApplication - Starting TestbootApplication using Java 23.0.2 with PID 41417 (/Users/zhaoxin/Documents/GitHub/testboot/target/classes started by zhaoxin in /Users/zhaoxin/Documents/GitHub/testboot)
2025-04-09 14:33:29.750 [main] INFO  com.test.testboot.TestbootApplication - No active profile set, falling back to 1 default profile: "default"
2025-04-09 14:33:30.405 [main] INFO  org.apache.coyote.http11.Http11NioProtocol - Initializing ProtocolHandler ["http-nio-9090"]
2025-04-09 14:33:30.406 [main] INFO  org.apache.catalina.core.StandardService - Starting service [Tomcat]
2025-04-09 14:33:30.406 [main] INFO  org.apache.catalina.core.StandardEngine - Starting Servlet engine: [Apache Tomcat/10.1.36]
2025-04-09 14:33:30.427 [main] INFO  org.apache.catalina.core.ContainerBase.[Tomcat].[localhost].[/] - Initializing Spring embedded WebApplicationContext
2025-04-09 14:33:31.450 [main] INFO  org.apache.coyote.http11.Http11NioProtocol - Starting ProtocolHandler ["http-nio-9090"]
2025-04-09 14:33:31.469 [main] INFO  org.apache.kafka.clients.consumer.ConsumerConfig - ConsumerConfig values: 
	allow.auto.create.topics = true
	auto.commit.interval.ms = 5000
	auto.include.jmx.reporter = true
	auto.offset.reset = latest
	bootstrap.servers = [106.54.227.172:9092]
	check.crcs = true
	client.dns.lookup = use_all_dns_ips
	client.id = consumer-tomge-consumer-group-1
	client.rack = 
	connections.max.idle.ms = 540000
	default.api.timeout.ms = 60000
	enable.auto.commit = false
	enable.metrics.push = true
	exclude.internal.topics = true
	fetch.max.bytes = 52428800
	fetch.max.wait.ms = 500
	fetch.min.bytes = 1
	group.id = tomge-consumer-group
	group.instance.id = null
	group.protocol = classic
	group.remote.assignor = null
	heartbeat.interval.ms = 3000
	interceptor.classes = []
	internal.leave.group.on.close = true
	internal.throw.on.fetch.stable.offset.unsupported = false
	isolation.level = read_uncommitted
	key.deserializer = class org.apache.kafka.common.serialization.StringDeserializer
	max.partition.fetch.bytes = 1048576
	max.poll.interval.ms = 300000
	max.poll.records = 500
	metadata.max.age.ms = 300000
	metric.reporters = []
	metrics.num.samples = 2
	metrics.recording.level = INFO
	metrics.sample.window.ms = 30000
	partition.assignment.strategy = [class org.apache.kafka.clients.consumer.RangeAssignor, class org.apache.kafka.clients.consumer.CooperativeStickyAssignor]
	receive.buffer.bytes = 65536
	reconnect.backoff.max.ms = 1000
	reconnect.backoff.ms = 50
	request.timeout.ms = 30000
	retry.backoff.max.ms = 1000
	retry.backoff.ms = 100
	sasl.client.callback.handler.class = null
	sasl.jaas.config = null
	sasl.kerberos.kinit.cmd = /usr/bin/kinit
	sasl.kerberos.min.time.before.relogin = 60000
	sasl.kerberos.service.name = null
	sasl.kerberos.ticket.renew.jitter = 0.05
	sasl.kerberos.ticket.renew.window.factor = 0.8
	sasl.login.callback.handler.class = null
	sasl.login.class = null
	sasl.login.connect.timeout.ms = null
	sasl.login.read.timeout.ms = null
	sasl.login.refresh.buffer.seconds = 300
	sasl.login.refresh.min.period.seconds = 60
	sasl.login.refresh.window.factor = 0.8
	sasl.login.refresh.window.jitter = 0.05
	sasl.login.retry.backoff.max.ms = 10000
	sasl.login.retry.backoff.ms = 100
	sasl.mechanism = GSSAPI
	sasl.oauthbearer.clock.skew.seconds = 30
	sasl.oauthbearer.expected.audience = null
	sasl.oauthbearer.expected.issuer = null
	sasl.oauthbearer.jwks.endpoint.refresh.ms = 3600000
	sasl.oauthbearer.jwks.endpoint.retry.backoff.max.ms = 10000
	sasl.oauthbearer.jwks.endpoint.retry.backoff.ms = 100
	sasl.oauthbearer.jwks.endpoint.url = null
	sasl.oauthbearer.scope.claim.name = scope
	sasl.oauthbearer.sub.claim.name = sub
	sasl.oauthbearer.token.endpoint.url = null
	security.protocol = PLAINTEXT
	security.providers = null
	send.buffer.bytes = 131072
	session.timeout.ms = 45000
	socket.connection.setup.timeout.max.ms = 30000
	socket.connection.setup.timeout.ms = 10000
	ssl.cipher.suites = null
	ssl.enabled.protocols = [TLSv1.2, TLSv1.3]
	ssl.endpoint.identification.algorithm = https
	ssl.engine.factory.class = null
	ssl.key.password = null
	ssl.keymanager.algorithm = SunX509
	ssl.keystore.certificate.chain = null
	ssl.keystore.key = null
	ssl.keystore.location = null
	ssl.keystore.password = null
	ssl.keystore.type = JKS
	ssl.protocol = TLSv1.3
	ssl.provider = null
	ssl.secure.random.implementation = null
	ssl.trustmanager.algorithm = PKIX
	ssl.truststore.certificates = null
	ssl.truststore.location = null
	ssl.truststore.password = null
	ssl.truststore.type = JKS
	value.deserializer = class org.apache.kafka.common.serialization.StringDeserializer

2025-04-09 14:33:31.488 [main] INFO  org.apache.kafka.common.telemetry.internals.KafkaMetricsCollector - initializing Kafka metrics collector
2025-04-09 14:33:31.517 [main] INFO  org.apache.kafka.common.utils.AppInfoParser - Kafka version: 3.7.2
2025-04-09 14:33:31.517 [main] INFO  org.apache.kafka.common.utils.AppInfoParser - Kafka commitId: 79a8f2b5f44f9d5a
2025-04-09 14:33:31.517 [main] INFO  org.apache.kafka.common.utils.AppInfoParser - Kafka startTimeMs: 1744180411516
2025-04-09 14:33:31.518 [main] INFO  org.apache.kafka.clients.consumer.internals.LegacyKafkaConsumer - [Consumer clientId=consumer-tomge-consumer-group-1, groupId=tomge-consumer-group] Subscribed to topic(s): testtopic
2025-04-09 14:33:31.524 [main] INFO  org.apache.kafka.clients.consumer.ConsumerConfig - ConsumerConfig values: 
	allow.auto.create.topics = true
	auto.commit.interval.ms = 5000
	auto.include.jmx.reporter = true
	auto.offset.reset = latest
	bootstrap.servers = [106.54.227.172:9092]
	check.crcs = true
	client.dns.lookup = use_all_dns_ips
	client.id = consumer-tomge-consumer-group-2
	client.rack = 
	connections.max.idle.ms = 540000
	default.api.timeout.ms = 60000
	enable.auto.commit = false
	enable.metrics.push = true
	exclude.internal.topics = true
	fetch.max.bytes = 52428800
	fetch.max.wait.ms = 500
	fetch.min.bytes = 1
	group.id = tomge-consumer-group
	group.instance.id = null
	group.protocol = classic
	group.remote.assignor = null
	heartbeat.interval.ms = 3000
	interceptor.classes = []
	internal.leave.group.on.close = true
	internal.throw.on.fetch.stable.offset.unsupported = false
	isolation.level = read_uncommitted
	key.deserializer = class org.apache.kafka.common.serialization.StringDeserializer
	max.partition.fetch.bytes = 1048576
	max.poll.interval.ms = 300000
	max.poll.records = 500
	metadata.max.age.ms = 300000
	metric.reporters = []
	metrics.num.samples = 2
	metrics.recording.level = INFO
	metrics.sample.window.ms = 30000
	partition.assignment.strategy = [class org.apache.kafka.clients.consumer.RangeAssignor, class org.apache.kafka.clients.consumer.CooperativeStickyAssignor]
	receive.buffer.bytes = 65536
	reconnect.backoff.max.ms = 1000
	reconnect.backoff.ms = 50
	request.timeout.ms = 30000
	retry.backoff.max.ms = 1000
	retry.backoff.ms = 100
	sasl.client.callback.handler.class = null
	sasl.jaas.config = null
	sasl.kerberos.kinit.cmd = /usr/bin/kinit
	sasl.kerberos.min.time.before.relogin = 60000
	sasl.kerberos.service.name = null
	sasl.kerberos.ticket.renew.jitter = 0.05
	sasl.kerberos.ticket.renew.window.factor = 0.8
	sasl.login.callback.handler.class = null
	sasl.login.class = null
	sasl.login.connect.timeout.ms = null
	sasl.login.read.timeout.ms = null
	sasl.login.refresh.buffer.seconds = 300
	sasl.login.refresh.min.period.seconds = 60
	sasl.login.refresh.window.factor = 0.8
	sasl.login.refresh.window.jitter = 0.05
	sasl.login.retry.backoff.max.ms = 10000
	sasl.login.retry.backoff.ms = 100
	sasl.mechanism = GSSAPI
	sasl.oauthbearer.clock.skew.seconds = 30
	sasl.oauthbearer.expected.audience = null
	sasl.oauthbearer.expected.issuer = null
	sasl.oauthbearer.jwks.endpoint.refresh.ms = 3600000
	sasl.oauthbearer.jwks.endpoint.retry.backoff.max.ms = 10000
	sasl.oauthbearer.jwks.endpoint.retry.backoff.ms = 100
	sasl.oauthbearer.jwks.endpoint.url = null
	sasl.oauthbearer.scope.claim.name = scope
	sasl.oauthbearer.sub.claim.name = sub
	sasl.oauthbearer.token.endpoint.url = null
	security.protocol = PLAINTEXT
	security.providers = null
	send.buffer.bytes = 131072
	session.timeout.ms = 45000
	socket.connection.setup.timeout.max.ms = 30000
	socket.connection.setup.timeout.ms = 10000
	ssl.cipher.suites = null
	ssl.enabled.protocols = [TLSv1.2, TLSv1.3]
	ssl.endpoint.identification.algorithm = https
	ssl.engine.factory.class = null
	ssl.key.password = null
	ssl.keymanager.algorithm = SunX509
	ssl.keystore.certificate.chain = null
	ssl.keystore.key = null
	ssl.keystore.location = null
	ssl.keystore.password = null
	ssl.keystore.type = JKS
	ssl.protocol = TLSv1.3
	ssl.provider = null
	ssl.secure.random.implementation = null
	ssl.trustmanager.algorithm = PKIX
	ssl.truststore.certificates = null
	ssl.truststore.location = null
	ssl.truststore.password = null
	ssl.truststore.type = JKS
	value.deserializer = class org.apache.kafka.common.serialization.StringDeserializer

2025-04-09 14:33:31.525 [main] INFO  org.apache.kafka.common.telemetry.internals.KafkaMetricsCollector - initializing Kafka metrics collector
2025-04-09 14:33:31.528 [main] INFO  org.apache.kafka.common.utils.AppInfoParser - Kafka version: 3.7.2
2025-04-09 14:33:31.528 [main] INFO  org.apache.kafka.common.utils.AppInfoParser - Kafka commitId: 79a8f2b5f44f9d5a
2025-04-09 14:33:31.528 [main] INFO  org.apache.kafka.common.utils.AppInfoParser - Kafka startTimeMs: 1744180411528
2025-04-09 14:33:31.528 [main] INFO  org.apache.kafka.clients.consumer.internals.LegacyKafkaConsumer - [Consumer clientId=consumer-tomge-consumer-group-2, groupId=tomge-consumer-group] Subscribed to topic(s): testtopic2
2025-04-09 14:33:31.534 [main] INFO  com.test.testboot.TestbootApplication - Started TestbootApplication in 1.985 seconds (process running for 2.279)
2025-04-09 14:33:31.764 [org.springframework.kafka.KafkaListenerEndpointContainer#0-0-C-1] INFO  org.apache.kafka.clients.Metadata - [Consumer clientId=consumer-tomge-consumer-group-1, groupId=tomge-consumer-group] Cluster ID: a9Ypxh85Tn-baDC9a_oChQ
2025-04-09 14:33:31.764 [org.springframework.kafka.KafkaListenerEndpointContainer#1-0-C-1] INFO  org.apache.kafka.clients.Metadata - [Consumer clientId=consumer-tomge-consumer-group-2, groupId=tomge-consumer-group] Cluster ID: a9Ypxh85Tn-baDC9a_oChQ
2025-04-09 14:33:31.764 [org.springframework.kafka.KafkaListenerEndpointContainer#0-0-C-1] INFO  org.apache.kafka.clients.consumer.internals.ConsumerCoordinator - [Consumer clientId=consumer-tomge-consumer-group-1, groupId=tomge-consumer-group] Discovered group coordinator 106.54.227.172:9092 (id: 2147483647 rack: null)
2025-04-09 14:33:31.764 [org.springframework.kafka.KafkaListenerEndpointContainer#1-0-C-1] INFO  org.apache.kafka.clients.consumer.internals.ConsumerCoordinator - [Consumer clientId=consumer-tomge-consumer-group-2, groupId=tomge-consumer-group] Discovered group coordinator 106.54.227.172:9092 (id: 2147483647 rack: null)
2025-04-09 14:33:31.765 [org.springframework.kafka.KafkaListenerEndpointContainer#1-0-C-1] INFO  org.apache.kafka.clients.consumer.internals.ConsumerCoordinator - [Consumer clientId=consumer-tomge-consumer-group-2, groupId=tomge-consumer-group] (Re-)joining group
2025-04-09 14:33:31.765 [org.springframework.kafka.KafkaListenerEndpointContainer#0-0-C-1] INFO  org.apache.kafka.clients.consumer.internals.ConsumerCoordinator - [Consumer clientId=consumer-tomge-consumer-group-1, groupId=tomge-consumer-group] (Re-)joining group
2025-04-09 14:33:31.911 [org.springframework.kafka.KafkaListenerEndpointContainer#1-0-C-1] INFO  org.apache.kafka.clients.consumer.internals.ConsumerCoordinator - [Consumer clientId=consumer-tomge-consumer-group-2, groupId=tomge-consumer-group] Request joining group due to: need to re-join with the given member-id: consumer-tomge-consumer-group-2-df6f7c11-1ffb-47af-93aa-707df95efdf0
2025-04-09 14:33:31.911 [org.springframework.kafka.KafkaListenerEndpointContainer#1-0-C-1] INFO  org.apache.kafka.clients.consumer.internals.ConsumerCoordinator - [Consumer clientId=consumer-tomge-consumer-group-2, groupId=tomge-consumer-group] (Re-)joining group
2025-04-09 14:33:31.913 [org.springframework.kafka.KafkaListenerEndpointContainer#0-0-C-1] INFO  org.apache.kafka.clients.consumer.internals.ConsumerCoordinator - [Consumer clientId=consumer-tomge-consumer-group-1, groupId=tomge-consumer-group] Request joining group due to: need to re-join with the given member-id: consumer-tomge-consumer-group-1-4e353dae-cb4e-48c1-87e6-2b93c007da22
2025-04-09 14:33:31.913 [org.springframework.kafka.KafkaListenerEndpointContainer#0-0-C-1] INFO  org.apache.kafka.clients.consumer.internals.ConsumerCoordinator - [Consumer clientId=consumer-tomge-consumer-group-1, groupId=tomge-consumer-group] (Re-)joining group
2025-04-09 14:33:31.960 [org.springframework.kafka.KafkaListenerEndpointContainer#1-0-C-1] INFO  org.apache.kafka.clients.consumer.internals.ConsumerCoordinator - [Consumer clientId=consumer-tomge-consumer-group-2, groupId=tomge-consumer-group] Successfully joined group with generation Generation{generationId=8, memberId='consumer-tomge-consumer-group-2-df6f7c11-1ffb-47af-93aa-707df95efdf0', protocol='range'}
2025-04-09 14:33:31.967 [org.springframework.kafka.KafkaListenerEndpointContainer#1-0-C-1] INFO  org.apache.kafka.clients.consumer.internals.ConsumerCoordinator - [Consumer clientId=consumer-tomge-consumer-group-2, groupId=tomge-consumer-group] Finished assignment for group at generation 8: {consumer-tomge-consumer-group-2-df6f7c11-1ffb-47af-93aa-707df95efdf0=Assignment(partitions=[testtopic2-0])}
2025-04-09 14:33:32.009 [org.springframework.kafka.KafkaListenerEndpointContainer#1-0-C-1] INFO  org.apache.kafka.clients.consumer.internals.ConsumerCoordinator - [Consumer clientId=consumer-tomge-consumer-group-2, groupId=tomge-consumer-group] SyncGroup failed: The group began another rebalance. Need to re-join the group. Sent generation was Generation{generationId=8, memberId='consumer-tomge-consumer-group-2-df6f7c11-1ffb-47af-93aa-707df95efdf0', protocol='range'}
2025-04-09 14:33:32.009 [org.springframework.kafka.KafkaListenerEndpointContainer#1-0-C-1] INFO  org.apache.kafka.clients.consumer.internals.ConsumerCoordinator - [Consumer clientId=consumer-tomge-consumer-group-2, groupId=tomge-consumer-group] Request joining group due to: rebalance failed due to 'The group is rebalancing, so a rejoin is needed.' (RebalanceInProgressException)
2025-04-09 14:33:32.009 [org.springframework.kafka.KafkaListenerEndpointContainer#1-0-C-1] INFO  org.apache.kafka.clients.consumer.internals.ConsumerCoordinator - [Consumer clientId=consumer-tomge-consumer-group-2, groupId=tomge-consumer-group] (Re-)joining group
2025-04-09 14:33:32.050 [org.springframework.kafka.KafkaListenerEndpointContainer#1-0-C-1] INFO  org.apache.kafka.clients.consumer.internals.ConsumerCoordinator - [Consumer clientId=consumer-tomge-consumer-group-2, groupId=tomge-consumer-group] Successfully joined group with generation Generation{generationId=9, memberId='consumer-tomge-consumer-group-2-df6f7c11-1ffb-47af-93aa-707df95efdf0', protocol='range'}
2025-04-09 14:33:32.050 [org.springframework.kafka.KafkaListenerEndpointContainer#0-0-C-1] INFO  org.apache.kafka.clients.consumer.internals.ConsumerCoordinator - [Consumer clientId=consumer-tomge-consumer-group-1, groupId=tomge-consumer-group] Successfully joined group with generation Generation{generationId=9, memberId='consumer-tomge-consumer-group-1-4e353dae-cb4e-48c1-87e6-2b93c007da22', protocol='range'}
2025-04-09 14:33:32.177 [org.springframework.kafka.KafkaListenerEndpointContainer#1-0-C-1] INFO  org.apache.kafka.clients.consumer.internals.ConsumerCoordinator - [Consumer clientId=consumer-tomge-consumer-group-2, groupId=tomge-consumer-group] Finished assignment for group at generation 9: {consumer-tomge-consumer-group-1-4e353dae-cb4e-48c1-87e6-2b93c007da22=Assignment(partitions=[testtopic-0]), consumer-tomge-consumer-group-2-df6f7c11-1ffb-47af-93aa-707df95efdf0=Assignment(partitions=[testtopic2-0])}
2025-04-09 14:33:32.218 [org.springframework.kafka.KafkaListenerEndpointContainer#1-0-C-1] INFO  org.apache.kafka.clients.consumer.internals.ConsumerCoordinator - [Consumer clientId=consumer-tomge-consumer-group-2, groupId=tomge-consumer-group] Successfully synced group in generation Generation{generationId=9, memberId='consumer-tomge-consumer-group-2-df6f7c11-1ffb-47af-93aa-707df95efdf0', protocol='range'}
2025-04-09 14:33:32.218 [org.springframework.kafka.KafkaListenerEndpointContainer#1-0-C-1] INFO  org.apache.kafka.clients.consumer.internals.ConsumerCoordinator - [Consumer clientId=consumer-tomge-consumer-group-2, groupId=tomge-consumer-group] Notifying assignor about the new Assignment(partitions=[testtopic2-0])
2025-04-09 14:33:32.219 [org.springframework.kafka.KafkaListenerEndpointContainer#1-0-C-1] INFO  org.apache.kafka.clients.consumer.internals.ConsumerRebalanceListenerInvoker - [Consumer clientId=consumer-tomge-consumer-group-2, groupId=tomge-consumer-group] Adding newly assigned partitions: testtopic2-0
2025-04-09 14:33:32.220 [org.springframework.kafka.KafkaListenerEndpointContainer#0-0-C-1] INFO  org.apache.kafka.clients.consumer.internals.ConsumerCoordinator - [Consumer clientId=consumer-tomge-consumer-group-1, groupId=tomge-consumer-group] Successfully synced group in generation Generation{generationId=9, memberId='consumer-tomge-consumer-group-1-4e353dae-cb4e-48c1-87e6-2b93c007da22', protocol='range'}
2025-04-09 14:33:32.220 [org.springframework.kafka.KafkaListenerEndpointContainer#0-0-C-1] INFO  org.apache.kafka.clients.consumer.internals.ConsumerCoordinator - [Consumer clientId=consumer-tomge-consumer-group-1, groupId=tomge-consumer-group] Notifying assignor about the new Assignment(partitions=[testtopic-0])
2025-04-09 14:33:32.220 [org.springframework.kafka.KafkaListenerEndpointContainer#0-0-C-1] INFO  org.apache.kafka.clients.consumer.internals.ConsumerRebalanceListenerInvoker - [Consumer clientId=consumer-tomge-consumer-group-1, groupId=tomge-consumer-group] Adding newly assigned partitions: testtopic-0
2025-04-09 14:33:32.301 [org.springframework.kafka.KafkaListenerEndpointContainer#1-0-C-1] INFO  org.apache.kafka.clients.consumer.internals.ConsumerUtils - Setting offset for partition testtopic2-0 to the committed offset FetchPosition{offset=0, offsetEpoch=Optional.empty, currentLeader=LeaderAndEpoch{leader=Optional[106.54.227.172:9092 (id: 0 rack: null)], epoch=0}}
2025-04-09 14:33:32.305 [org.springframework.kafka.KafkaListenerEndpointContainer#0-0-C-1] INFO  org.apache.kafka.clients.consumer.internals.ConsumerUtils - Setting offset for partition testtopic-0 to the committed offset FetchPosition{offset=1, offsetEpoch=Optional.empty, currentLeader=LeaderAndEpoch{leader=Optional[106.54.227.172:9092 (id: 0 rack: null)], epoch=0}}
2025-04-09 14:34:12.885 [http-nio-9090-exec-2] INFO  org.apache.catalina.core.ContainerBase.[Tomcat].[localhost].[/] - Initializing Spring DispatcherServlet 'dispatcherServlet'
2025-04-09 14:34:13.258 [http-nio-9090-exec-2] INFO  com.zaxxer.hikari.HikariDataSource - HikariPool-1 - Starting...
2025-04-09 14:34:13.926 [http-nio-9090-exec-2] INFO  com.zaxxer.hikari.pool.HikariPool - HikariPool-1 - Added connection com.mysql.cj.jdbc.ConnectionImpl@395823ac
2025-04-09 14:34:13.930 [http-nio-9090-exec-2] INFO  com.zaxxer.hikari.HikariDataSource - HikariPool-1 - Start completed.
2025-04-09 14:34:14.071 [http-nio-9090-exec-2] INFO  com.test.testboot.service.impl.StudentServiceImpl - []
2025-04-09 14:34:14.128 [http-nio-9090-exec-2] INFO  com.test.testboot.controller.StudentController - []
2025-04-09 14:34:31.299 [http-nio-9090-exec-3] INFO  com.test.testboot.controller.StudentController - [Student [Hash = 1127152755, id=901, name=阿里木江, sex=男, birth=2019, department=计算机系, address=新疆维吾尔自治区博尔塔拉蒙古自治州], Student [Hash = -35875495, id=902, name=赵子枫, sex=女, birth=2018, department=考古系, address=新疆维吾尔自治区塔城地区], Student [Hash = -1440760180, id=903, name=张思维, sex=女, birth=2003, department=中文系, address=湖南省永州市], Student [Hash = -710122163, id=904, name=李广昌, sex=男, birth=1999, department=英语系, address=辽宁省皋新市], Student [Hash = -976111675, id=905, name=王翰, sex=男, birth=2004, department=英语系, address=福建省厦门市], Student [Hash = 1995189087, id=906, name=王心凌, sex=女, birth=1998, department=计算机系, address=湖南省衡阳市], Student [Hash = -489008237, id=907, name=埃森江, sex=男, birth=2025, department=计算机系, address=新疆维吾尔自治区伊犁哈萨克自治州], Student [Hash = 1356185963, id=909, name=阿里木江, sex=男, birth=2019, department=计算机系, address=新疆维吾尔自治区博尔塔拉蒙古自治州], Student [Hash = 840208054, id=910, name=郭靖, sex=男, birth=1500, department=丐帮, address=湖北省襄阳市], Student [Hash = -1079884267, id=911, name=黄蓉, sex=女, birth=1500, department=丐帮, address=湖北省襄阳市], Student [Hash = 1911866991, id=921, name=郭襄, sex=女, birth=1550, department=丐帮, address=湖北省襄阳市]]
2025-04-09 14:36:20.065 [org.springframework.kafka.KafkaListenerEndpointContainer#0-0-C-1] INFO  org.apache.kafka.clients.consumer.internals.ConsumerRebalanceListenerInvoker - [Consumer clientId=consumer-tomge-consumer-group-1, groupId=tomge-consumer-group] Revoke previously assigned partitions testtopic-0
2025-04-09 14:36:20.065 [org.springframework.kafka.KafkaListenerEndpointContainer#1-0-C-1] INFO  org.apache.kafka.clients.consumer.internals.ConsumerRebalanceListenerInvoker - [Consumer clientId=consumer-tomge-consumer-group-2, groupId=tomge-consumer-group] Revoke previously assigned partitions testtopic2-0
2025-04-09 14:36:20.065 [org.springframework.kafka.KafkaListenerEndpointContainer#0-0-C-1] INFO  org.apache.kafka.clients.consumer.internals.ConsumerCoordinator - [Consumer clientId=consumer-tomge-consumer-group-1, groupId=tomge-consumer-group] Member consumer-tomge-consumer-group-1-4e353dae-cb4e-48c1-87e6-2b93c007da22 sending LeaveGroup request to coordinator 106.54.227.172:9092 (id: 2147483647 rack: null) due to the consumer unsubscribed from all topics
2025-04-09 14:36:20.065 [org.springframework.kafka.KafkaListenerEndpointContainer#1-0-C-1] INFO  org.apache.kafka.clients.consumer.internals.ConsumerCoordinator - [Consumer clientId=consumer-tomge-consumer-group-2, groupId=tomge-consumer-group] Member consumer-tomge-consumer-group-2-df6f7c11-1ffb-47af-93aa-707df95efdf0 sending LeaveGroup request to coordinator 106.54.227.172:9092 (id: 2147483647 rack: null) due to the consumer unsubscribed from all topics
2025-04-09 14:36:20.066 [org.springframework.kafka.KafkaListenerEndpointContainer#0-0-C-1] INFO  org.apache.kafka.clients.consumer.internals.ConsumerCoordinator - [Consumer clientId=consumer-tomge-consumer-group-1, groupId=tomge-consumer-group] Resetting generation and member id due to: consumer pro-actively leaving the group
2025-04-09 14:36:20.066 [org.springframework.kafka.KafkaListenerEndpointContainer#1-0-C-1] INFO  org.apache.kafka.clients.consumer.internals.ConsumerCoordinator - [Consumer clientId=consumer-tomge-consumer-group-2, groupId=tomge-consumer-group] Resetting generation and member id due to: consumer pro-actively leaving the group
2025-04-09 14:36:20.066 [org.springframework.kafka.KafkaListenerEndpointContainer#0-0-C-1] INFO  org.apache.kafka.clients.consumer.internals.ConsumerCoordinator - [Consumer clientId=consumer-tomge-consumer-group-1, groupId=tomge-consumer-group] Request joining group due to: consumer pro-actively leaving the group
2025-04-09 14:36:20.066 [org.springframework.kafka.KafkaListenerEndpointContainer#1-0-C-1] INFO  org.apache.kafka.clients.consumer.internals.ConsumerCoordinator - [Consumer clientId=consumer-tomge-consumer-group-2, groupId=tomge-consumer-group] Request joining group due to: consumer pro-actively leaving the group
2025-04-09 14:36:20.066 [org.springframework.kafka.KafkaListenerEndpointContainer#0-0-C-1] INFO  org.apache.kafka.clients.consumer.internals.LegacyKafkaConsumer - [Consumer clientId=consumer-tomge-consumer-group-1, groupId=tomge-consumer-group] Unsubscribed all topics or patterns and assigned partitions
2025-04-09 14:36:20.066 [org.springframework.kafka.KafkaListenerEndpointContainer#1-0-C-1] INFO  org.apache.kafka.clients.consumer.internals.LegacyKafkaConsumer - [Consumer clientId=consumer-tomge-consumer-group-2, groupId=tomge-consumer-group] Unsubscribed all topics or patterns and assigned partitions
2025-04-09 14:36:20.067 [org.springframework.kafka.KafkaListenerEndpointContainer#0-0-C-1] INFO  org.apache.kafka.clients.consumer.internals.ConsumerCoordinator - [Consumer clientId=consumer-tomge-consumer-group-1, groupId=tomge-consumer-group] Resetting generation and member id due to: consumer pro-actively leaving the group
2025-04-09 14:36:20.067 [org.springframework.kafka.KafkaListenerEndpointContainer#1-0-C-1] INFO  org.apache.kafka.clients.consumer.internals.ConsumerCoordinator - [Consumer clientId=consumer-tomge-consumer-group-2, groupId=tomge-consumer-group] Resetting generation and member id due to: consumer pro-actively leaving the group
2025-04-09 14:36:20.067 [org.springframework.kafka.KafkaListenerEndpointContainer#0-0-C-1] INFO  org.apache.kafka.clients.consumer.internals.ConsumerCoordinator - [Consumer clientId=consumer-tomge-consumer-group-1, groupId=tomge-consumer-group] Request joining group due to: consumer pro-actively leaving the group
2025-04-09 14:36:20.067 [org.springframework.kafka.KafkaListenerEndpointContainer#1-0-C-1] INFO  org.apache.kafka.clients.consumer.internals.ConsumerCoordinator - [Consumer clientId=consumer-tomge-consumer-group-2, groupId=tomge-consumer-group] Request joining group due to: consumer pro-actively leaving the group
2025-04-09 14:36:20.364 [org.springframework.kafka.KafkaListenerEndpointContainer#1-0-C-1] INFO  org.apache.kafka.common.metrics.Metrics - Metrics scheduler closed
2025-04-09 14:36:20.364 [org.springframework.kafka.KafkaListenerEndpointContainer#1-0-C-1] INFO  org.apache.kafka.common.metrics.Metrics - Closing reporter org.apache.kafka.common.metrics.JmxReporter
2025-04-09 14:36:20.365 [org.springframework.kafka.KafkaListenerEndpointContainer#1-0-C-1] INFO  org.apache.kafka.common.metrics.Metrics - Closing reporter org.apache.kafka.common.telemetry.internals.ClientTelemetryReporter
2025-04-09 14:36:20.365 [org.springframework.kafka.KafkaListenerEndpointContainer#1-0-C-1] INFO  org.apache.kafka.common.metrics.Metrics - Metrics reporters closed
2025-04-09 14:36:20.365 [org.springframework.kafka.KafkaListenerEndpointContainer#0-0-C-1] INFO  org.apache.kafka.common.metrics.Metrics - Metrics scheduler closed
2025-04-09 14:36:20.365 [org.springframework.kafka.KafkaListenerEndpointContainer#0-0-C-1] INFO  org.apache.kafka.common.metrics.Metrics - Closing reporter org.apache.kafka.common.metrics.JmxReporter
2025-04-09 14:36:20.365 [org.springframework.kafka.KafkaListenerEndpointContainer#0-0-C-1] INFO  org.apache.kafka.common.metrics.Metrics - Closing reporter org.apache.kafka.common.telemetry.internals.ClientTelemetryReporter
2025-04-09 14:36:20.365 [org.springframework.kafka.KafkaListenerEndpointContainer#0-0-C-1] INFO  org.apache.kafka.common.metrics.Metrics - Metrics reporters closed
2025-04-09 14:36:20.371 [org.springframework.kafka.KafkaListenerEndpointContainer#1-0-C-1] INFO  org.apache.kafka.common.utils.AppInfoParser - App info kafka.consumer for consumer-tomge-consumer-group-2 unregistered
2025-04-09 14:36:20.372 [org.springframework.kafka.KafkaListenerEndpointContainer#0-0-C-1] INFO  org.apache.kafka.common.utils.AppInfoParser - App info kafka.consumer for consumer-tomge-consumer-group-1 unregistered
2025-04-09 14:36:22.461 [SpringApplicationShutdownHook] INFO  com.zaxxer.hikari.HikariDataSource - HikariPool-1 - Shutdown initiated...
2025-04-09 14:36:22.465 [SpringApplicationShutdownHook] INFO  com.zaxxer.hikari.HikariDataSource - HikariPool-1 - Shutdown completed.
2025-04-09 14:36:32.683 [main] INFO  com.test.testboot.TestbootApplication - Starting TestbootApplication using Java 23.0.2 with PID 41467 (/Users/zhaoxin/Documents/GitHub/testboot/target/classes started by zhaoxin in /Users/zhaoxin/Documents/GitHub/testboot)
2025-04-09 14:36:32.684 [main] INFO  com.test.testboot.TestbootApplication - No active profile set, falling back to 1 default profile: "default"
2025-04-09 14:36:33.366 [main] INFO  org.apache.coyote.http11.Http11NioProtocol - Initializing ProtocolHandler ["http-nio-9090"]
2025-04-09 14:36:33.367 [main] INFO  org.apache.catalina.core.StandardService - Starting service [Tomcat]
2025-04-09 14:36:33.367 [main] INFO  org.apache.catalina.core.StandardEngine - Starting Servlet engine: [Apache Tomcat/10.1.36]
2025-04-09 14:36:33.386 [main] INFO  org.apache.catalina.core.ContainerBase.[Tomcat].[localhost].[/] - Initializing Spring embedded WebApplicationContext
2025-04-09 14:36:34.438 [main] INFO  org.apache.coyote.http11.Http11NioProtocol - Starting ProtocolHandler ["http-nio-9090"]
2025-04-09 14:36:34.456 [main] INFO  org.apache.kafka.clients.consumer.ConsumerConfig - ConsumerConfig values: 
	allow.auto.create.topics = true
	auto.commit.interval.ms = 5000
	auto.include.jmx.reporter = true
	auto.offset.reset = latest
	bootstrap.servers = [106.54.227.172:9092]
	check.crcs = true
	client.dns.lookup = use_all_dns_ips
	client.id = consumer-tomge-consumer-group-1
	client.rack = 
	connections.max.idle.ms = 540000
	default.api.timeout.ms = 60000
	enable.auto.commit = false
	enable.metrics.push = true
	exclude.internal.topics = true
	fetch.max.bytes = 52428800
	fetch.max.wait.ms = 500
	fetch.min.bytes = 1
	group.id = tomge-consumer-group
	group.instance.id = null
	group.protocol = classic
	group.remote.assignor = null
	heartbeat.interval.ms = 3000
	interceptor.classes = []
	internal.leave.group.on.close = true
	internal.throw.on.fetch.stable.offset.unsupported = false
	isolation.level = read_uncommitted
	key.deserializer = class org.apache.kafka.common.serialization.StringDeserializer
	max.partition.fetch.bytes = 1048576
	max.poll.interval.ms = 300000
	max.poll.records = 500
	metadata.max.age.ms = 300000
	metric.reporters = []
	metrics.num.samples = 2
	metrics.recording.level = INFO
	metrics.sample.window.ms = 30000
	partition.assignment.strategy = [class org.apache.kafka.clients.consumer.RangeAssignor, class org.apache.kafka.clients.consumer.CooperativeStickyAssignor]
	receive.buffer.bytes = 65536
	reconnect.backoff.max.ms = 1000
	reconnect.backoff.ms = 50
	request.timeout.ms = 30000
	retry.backoff.max.ms = 1000
	retry.backoff.ms = 100
	sasl.client.callback.handler.class = null
	sasl.jaas.config = null
	sasl.kerberos.kinit.cmd = /usr/bin/kinit
	sasl.kerberos.min.time.before.relogin = 60000
	sasl.kerberos.service.name = null
	sasl.kerberos.ticket.renew.jitter = 0.05
	sasl.kerberos.ticket.renew.window.factor = 0.8
	sasl.login.callback.handler.class = null
	sasl.login.class = null
	sasl.login.connect.timeout.ms = null
	sasl.login.read.timeout.ms = null
	sasl.login.refresh.buffer.seconds = 300
	sasl.login.refresh.min.period.seconds = 60
	sasl.login.refresh.window.factor = 0.8
	sasl.login.refresh.window.jitter = 0.05
	sasl.login.retry.backoff.max.ms = 10000
	sasl.login.retry.backoff.ms = 100
	sasl.mechanism = GSSAPI
	sasl.oauthbearer.clock.skew.seconds = 30
	sasl.oauthbearer.expected.audience = null
	sasl.oauthbearer.expected.issuer = null
	sasl.oauthbearer.jwks.endpoint.refresh.ms = 3600000
	sasl.oauthbearer.jwks.endpoint.retry.backoff.max.ms = 10000
	sasl.oauthbearer.jwks.endpoint.retry.backoff.ms = 100
	sasl.oauthbearer.jwks.endpoint.url = null
	sasl.oauthbearer.scope.claim.name = scope
	sasl.oauthbearer.sub.claim.name = sub
	sasl.oauthbearer.token.endpoint.url = null
	security.protocol = PLAINTEXT
	security.providers = null
	send.buffer.bytes = 131072
	session.timeout.ms = 45000
	socket.connection.setup.timeout.max.ms = 30000
	socket.connection.setup.timeout.ms = 10000
	ssl.cipher.suites = null
	ssl.enabled.protocols = [TLSv1.2, TLSv1.3]
	ssl.endpoint.identification.algorithm = https
	ssl.engine.factory.class = null
	ssl.key.password = null
	ssl.keymanager.algorithm = SunX509
	ssl.keystore.certificate.chain = null
	ssl.keystore.key = null
	ssl.keystore.location = null
	ssl.keystore.password = null
	ssl.keystore.type = JKS
	ssl.protocol = TLSv1.3
	ssl.provider = null
	ssl.secure.random.implementation = null
	ssl.trustmanager.algorithm = PKIX
	ssl.truststore.certificates = null
	ssl.truststore.location = null
	ssl.truststore.password = null
	ssl.truststore.type = JKS
	value.deserializer = class org.apache.kafka.common.serialization.StringDeserializer

2025-04-09 14:36:34.475 [main] INFO  org.apache.kafka.common.telemetry.internals.KafkaMetricsCollector - initializing Kafka metrics collector
2025-04-09 14:36:34.501 [main] INFO  org.apache.kafka.common.utils.AppInfoParser - Kafka version: 3.7.2
2025-04-09 14:36:34.501 [main] INFO  org.apache.kafka.common.utils.AppInfoParser - Kafka commitId: 79a8f2b5f44f9d5a
2025-04-09 14:36:34.501 [main] INFO  org.apache.kafka.common.utils.AppInfoParser - Kafka startTimeMs: 1744180594500
2025-04-09 14:36:34.502 [main] INFO  org.apache.kafka.clients.consumer.internals.LegacyKafkaConsumer - [Consumer clientId=consumer-tomge-consumer-group-1, groupId=tomge-consumer-group] Subscribed to topic(s): testtopic
2025-04-09 14:36:34.508 [main] INFO  org.apache.kafka.clients.consumer.ConsumerConfig - ConsumerConfig values: 
	allow.auto.create.topics = true
	auto.commit.interval.ms = 5000
	auto.include.jmx.reporter = true
	auto.offset.reset = latest
	bootstrap.servers = [106.54.227.172:9092]
	check.crcs = true
	client.dns.lookup = use_all_dns_ips
	client.id = consumer-tomge-consumer-group-2
	client.rack = 
	connections.max.idle.ms = 540000
	default.api.timeout.ms = 60000
	enable.auto.commit = false
	enable.metrics.push = true
	exclude.internal.topics = true
	fetch.max.bytes = 52428800
	fetch.max.wait.ms = 500
	fetch.min.bytes = 1
	group.id = tomge-consumer-group
	group.instance.id = null
	group.protocol = classic
	group.remote.assignor = null
	heartbeat.interval.ms = 3000
	interceptor.classes = []
	internal.leave.group.on.close = true
	internal.throw.on.fetch.stable.offset.unsupported = false
	isolation.level = read_uncommitted
	key.deserializer = class org.apache.kafka.common.serialization.StringDeserializer
	max.partition.fetch.bytes = 1048576
	max.poll.interval.ms = 300000
	max.poll.records = 500
	metadata.max.age.ms = 300000
	metric.reporters = []
	metrics.num.samples = 2
	metrics.recording.level = INFO
	metrics.sample.window.ms = 30000
	partition.assignment.strategy = [class org.apache.kafka.clients.consumer.RangeAssignor, class org.apache.kafka.clients.consumer.CooperativeStickyAssignor]
	receive.buffer.bytes = 65536
	reconnect.backoff.max.ms = 1000
	reconnect.backoff.ms = 50
	request.timeout.ms = 30000
	retry.backoff.max.ms = 1000
	retry.backoff.ms = 100
	sasl.client.callback.handler.class = null
	sasl.jaas.config = null
	sasl.kerberos.kinit.cmd = /usr/bin/kinit
	sasl.kerberos.min.time.before.relogin = 60000
	sasl.kerberos.service.name = null
	sasl.kerberos.ticket.renew.jitter = 0.05
	sasl.kerberos.ticket.renew.window.factor = 0.8
	sasl.login.callback.handler.class = null
	sasl.login.class = null
	sasl.login.connect.timeout.ms = null
	sasl.login.read.timeout.ms = null
	sasl.login.refresh.buffer.seconds = 300
	sasl.login.refresh.min.period.seconds = 60
	sasl.login.refresh.window.factor = 0.8
	sasl.login.refresh.window.jitter = 0.05
	sasl.login.retry.backoff.max.ms = 10000
	sasl.login.retry.backoff.ms = 100
	sasl.mechanism = GSSAPI
	sasl.oauthbearer.clock.skew.seconds = 30
	sasl.oauthbearer.expected.audience = null
	sasl.oauthbearer.expected.issuer = null
	sasl.oauthbearer.jwks.endpoint.refresh.ms = 3600000
	sasl.oauthbearer.jwks.endpoint.retry.backoff.max.ms = 10000
	sasl.oauthbearer.jwks.endpoint.retry.backoff.ms = 100
	sasl.oauthbearer.jwks.endpoint.url = null
	sasl.oauthbearer.scope.claim.name = scope
	sasl.oauthbearer.sub.claim.name = sub
	sasl.oauthbearer.token.endpoint.url = null
	security.protocol = PLAINTEXT
	security.providers = null
	send.buffer.bytes = 131072
	session.timeout.ms = 45000
	socket.connection.setup.timeout.max.ms = 30000
	socket.connection.setup.timeout.ms = 10000
	ssl.cipher.suites = null
	ssl.enabled.protocols = [TLSv1.2, TLSv1.3]
	ssl.endpoint.identification.algorithm = https
	ssl.engine.factory.class = null
	ssl.key.password = null
	ssl.keymanager.algorithm = SunX509
	ssl.keystore.certificate.chain = null
	ssl.keystore.key = null
	ssl.keystore.location = null
	ssl.keystore.password = null
	ssl.keystore.type = JKS
	ssl.protocol = TLSv1.3
	ssl.provider = null
	ssl.secure.random.implementation = null
	ssl.trustmanager.algorithm = PKIX
	ssl.truststore.certificates = null
	ssl.truststore.location = null
	ssl.truststore.password = null
	ssl.truststore.type = JKS
	value.deserializer = class org.apache.kafka.common.serialization.StringDeserializer

2025-04-09 14:36:34.508 [main] INFO  org.apache.kafka.common.telemetry.internals.KafkaMetricsCollector - initializing Kafka metrics collector
2025-04-09 14:36:34.511 [main] INFO  org.apache.kafka.common.utils.AppInfoParser - Kafka version: 3.7.2
2025-04-09 14:36:34.511 [main] INFO  org.apache.kafka.common.utils.AppInfoParser - Kafka commitId: 79a8f2b5f44f9d5a
2025-04-09 14:36:34.511 [main] INFO  org.apache.kafka.common.utils.AppInfoParser - Kafka startTimeMs: 1744180594511
2025-04-09 14:36:34.511 [main] INFO  org.apache.kafka.clients.consumer.internals.LegacyKafkaConsumer - [Consumer clientId=consumer-tomge-consumer-group-2, groupId=tomge-consumer-group] Subscribed to topic(s): testtopic2
2025-04-09 14:36:34.517 [main] INFO  com.test.testboot.TestbootApplication - Started TestbootApplication in 2.031 seconds (process running for 2.292)
2025-04-09 14:36:34.746 [org.springframework.kafka.KafkaListenerEndpointContainer#1-0-C-1] INFO  org.apache.kafka.clients.Metadata - [Consumer clientId=consumer-tomge-consumer-group-2, groupId=tomge-consumer-group] Cluster ID: a9Ypxh85Tn-baDC9a_oChQ
2025-04-09 14:36:34.746 [org.springframework.kafka.KafkaListenerEndpointContainer#0-0-C-1] INFO  org.apache.kafka.clients.Metadata - [Consumer clientId=consumer-tomge-consumer-group-1, groupId=tomge-consumer-group] Cluster ID: a9Ypxh85Tn-baDC9a_oChQ
2025-04-09 14:36:34.746 [org.springframework.kafka.KafkaListenerEndpointContainer#1-0-C-1] INFO  org.apache.kafka.clients.consumer.internals.ConsumerCoordinator - [Consumer clientId=consumer-tomge-consumer-group-2, groupId=tomge-consumer-group] Discovered group coordinator 106.54.227.172:9092 (id: 2147483647 rack: null)
2025-04-09 14:36:34.746 [org.springframework.kafka.KafkaListenerEndpointContainer#0-0-C-1] INFO  org.apache.kafka.clients.consumer.internals.ConsumerCoordinator - [Consumer clientId=consumer-tomge-consumer-group-1, groupId=tomge-consumer-group] Discovered group coordinator 106.54.227.172:9092 (id: 2147483647 rack: null)
2025-04-09 14:36:34.747 [org.springframework.kafka.KafkaListenerEndpointContainer#1-0-C-1] INFO  org.apache.kafka.clients.consumer.internals.ConsumerCoordinator - [Consumer clientId=consumer-tomge-consumer-group-2, groupId=tomge-consumer-group] (Re-)joining group
2025-04-09 14:36:34.747 [org.springframework.kafka.KafkaListenerEndpointContainer#0-0-C-1] INFO  org.apache.kafka.clients.consumer.internals.ConsumerCoordinator - [Consumer clientId=consumer-tomge-consumer-group-1, groupId=tomge-consumer-group] (Re-)joining group
2025-04-09 14:36:34.883 [org.springframework.kafka.KafkaListenerEndpointContainer#1-0-C-1] INFO  org.apache.kafka.clients.consumer.internals.ConsumerCoordinator - [Consumer clientId=consumer-tomge-consumer-group-2, groupId=tomge-consumer-group] Request joining group due to: need to re-join with the given member-id: consumer-tomge-consumer-group-2-0eef5a4b-d0a4-49ed-b6b7-f694560fcdaa
2025-04-09 14:36:34.883 [org.springframework.kafka.KafkaListenerEndpointContainer#0-0-C-1] INFO  org.apache.kafka.clients.consumer.internals.ConsumerCoordinator - [Consumer clientId=consumer-tomge-consumer-group-1, groupId=tomge-consumer-group] Request joining group due to: need to re-join with the given member-id: consumer-tomge-consumer-group-1-aba8849f-56b6-4bf0-b95a-ff9fe16759db
2025-04-09 14:36:34.883 [org.springframework.kafka.KafkaListenerEndpointContainer#1-0-C-1] INFO  org.apache.kafka.clients.consumer.internals.ConsumerCoordinator - [Consumer clientId=consumer-tomge-consumer-group-2, groupId=tomge-consumer-group] (Re-)joining group
2025-04-09 14:36:34.883 [org.springframework.kafka.KafkaListenerEndpointContainer#0-0-C-1] INFO  org.apache.kafka.clients.consumer.internals.ConsumerCoordinator - [Consumer clientId=consumer-tomge-consumer-group-1, groupId=tomge-consumer-group] (Re-)joining group
2025-04-09 14:36:34.929 [org.springframework.kafka.KafkaListenerEndpointContainer#1-0-C-1] INFO  org.apache.kafka.clients.consumer.internals.ConsumerCoordinator - [Consumer clientId=consumer-tomge-consumer-group-2, groupId=tomge-consumer-group] Successfully joined group with generation Generation{generationId=11, memberId='consumer-tomge-consumer-group-2-0eef5a4b-d0a4-49ed-b6b7-f694560fcdaa', protocol='range'}
2025-04-09 14:36:34.934 [org.springframework.kafka.KafkaListenerEndpointContainer#1-0-C-1] INFO  org.apache.kafka.clients.consumer.internals.ConsumerCoordinator - [Consumer clientId=consumer-tomge-consumer-group-2, groupId=tomge-consumer-group] Finished assignment for group at generation 11: {consumer-tomge-consumer-group-2-0eef5a4b-d0a4-49ed-b6b7-f694560fcdaa=Assignment(partitions=[testtopic2-0])}
2025-04-09 14:36:34.976 [org.springframework.kafka.KafkaListenerEndpointContainer#1-0-C-1] INFO  org.apache.kafka.clients.consumer.internals.ConsumerCoordinator - [Consumer clientId=consumer-tomge-consumer-group-2, groupId=tomge-consumer-group] SyncGroup failed: The group began another rebalance. Need to re-join the group. Sent generation was Generation{generationId=11, memberId='consumer-tomge-consumer-group-2-0eef5a4b-d0a4-49ed-b6b7-f694560fcdaa', protocol='range'}
2025-04-09 14:36:34.976 [org.springframework.kafka.KafkaListenerEndpointContainer#1-0-C-1] INFO  org.apache.kafka.clients.consumer.internals.ConsumerCoordinator - [Consumer clientId=consumer-tomge-consumer-group-2, groupId=tomge-consumer-group] Request joining group due to: rebalance failed due to 'The group is rebalancing, so a rejoin is needed.' (RebalanceInProgressException)
2025-04-09 14:36:34.976 [org.springframework.kafka.KafkaListenerEndpointContainer#1-0-C-1] INFO  org.apache.kafka.clients.consumer.internals.ConsumerCoordinator - [Consumer clientId=consumer-tomge-consumer-group-2, groupId=tomge-consumer-group] (Re-)joining group
2025-04-09 14:36:35.017 [org.springframework.kafka.KafkaListenerEndpointContainer#0-0-C-1] INFO  org.apache.kafka.clients.consumer.internals.ConsumerCoordinator - [Consumer clientId=consumer-tomge-consumer-group-1, groupId=tomge-consumer-group] Successfully joined group with generation Generation{generationId=12, memberId='consumer-tomge-consumer-group-1-aba8849f-56b6-4bf0-b95a-ff9fe16759db', protocol='range'}
2025-04-09 14:36:35.019 [org.springframework.kafka.KafkaListenerEndpointContainer#1-0-C-1] INFO  org.apache.kafka.clients.consumer.internals.ConsumerCoordinator - [Consumer clientId=consumer-tomge-consumer-group-2, groupId=tomge-consumer-group] Successfully joined group with generation Generation{generationId=12, memberId='consumer-tomge-consumer-group-2-0eef5a4b-d0a4-49ed-b6b7-f694560fcdaa', protocol='range'}
2025-04-09 14:36:35.148 [org.springframework.kafka.KafkaListenerEndpointContainer#1-0-C-1] INFO  org.apache.kafka.clients.consumer.internals.ConsumerCoordinator - [Consumer clientId=consumer-tomge-consumer-group-2, groupId=tomge-consumer-group] Finished assignment for group at generation 12: {consumer-tomge-consumer-group-2-0eef5a4b-d0a4-49ed-b6b7-f694560fcdaa=Assignment(partitions=[testtopic2-0]), consumer-tomge-consumer-group-1-aba8849f-56b6-4bf0-b95a-ff9fe16759db=Assignment(partitions=[testtopic-0])}
2025-04-09 14:36:35.190 [org.springframework.kafka.KafkaListenerEndpointContainer#0-0-C-1] INFO  org.apache.kafka.clients.consumer.internals.ConsumerCoordinator - [Consumer clientId=consumer-tomge-consumer-group-1, groupId=tomge-consumer-group] Successfully synced group in generation Generation{generationId=12, memberId='consumer-tomge-consumer-group-1-aba8849f-56b6-4bf0-b95a-ff9fe16759db', protocol='range'}
2025-04-09 14:36:35.190 [org.springframework.kafka.KafkaListenerEndpointContainer#1-0-C-1] INFO  org.apache.kafka.clients.consumer.internals.ConsumerCoordinator - [Consumer clientId=consumer-tomge-consumer-group-2, groupId=tomge-consumer-group] Successfully synced group in generation Generation{generationId=12, memberId='consumer-tomge-consumer-group-2-0eef5a4b-d0a4-49ed-b6b7-f694560fcdaa', protocol='range'}
2025-04-09 14:36:35.190 [org.springframework.kafka.KafkaListenerEndpointContainer#0-0-C-1] INFO  org.apache.kafka.clients.consumer.internals.ConsumerCoordinator - [Consumer clientId=consumer-tomge-consumer-group-1, groupId=tomge-consumer-group] Notifying assignor about the new Assignment(partitions=[testtopic-0])
2025-04-09 14:36:35.190 [org.springframework.kafka.KafkaListenerEndpointContainer#1-0-C-1] INFO  org.apache.kafka.clients.consumer.internals.ConsumerCoordinator - [Consumer clientId=consumer-tomge-consumer-group-2, groupId=tomge-consumer-group] Notifying assignor about the new Assignment(partitions=[testtopic2-0])
2025-04-09 14:36:35.191 [org.springframework.kafka.KafkaListenerEndpointContainer#0-0-C-1] INFO  org.apache.kafka.clients.consumer.internals.ConsumerRebalanceListenerInvoker - [Consumer clientId=consumer-tomge-consumer-group-1, groupId=tomge-consumer-group] Adding newly assigned partitions: testtopic-0
2025-04-09 14:36:35.191 [org.springframework.kafka.KafkaListenerEndpointContainer#1-0-C-1] INFO  org.apache.kafka.clients.consumer.internals.ConsumerRebalanceListenerInvoker - [Consumer clientId=consumer-tomge-consumer-group-2, groupId=tomge-consumer-group] Adding newly assigned partitions: testtopic2-0
2025-04-09 14:36:35.281 [org.springframework.kafka.KafkaListenerEndpointContainer#0-0-C-1] INFO  org.apache.kafka.clients.consumer.internals.ConsumerUtils - Setting offset for partition testtopic-0 to the committed offset FetchPosition{offset=1, offsetEpoch=Optional.empty, currentLeader=LeaderAndEpoch{leader=Optional[106.54.227.172:9092 (id: 0 rack: null)], epoch=0}}
2025-04-09 14:36:35.281 [org.springframework.kafka.KafkaListenerEndpointContainer#1-0-C-1] INFO  org.apache.kafka.clients.consumer.internals.ConsumerUtils - Setting offset for partition testtopic2-0 to the committed offset FetchPosition{offset=0, offsetEpoch=Optional.empty, currentLeader=LeaderAndEpoch{leader=Optional[106.54.227.172:9092 (id: 0 rack: null)], epoch=0}}
2025-04-09 14:37:08.949 [http-nio-9090-exec-2] INFO  org.apache.catalina.core.ContainerBase.[Tomcat].[localhost].[/] - Initializing Spring DispatcherServlet 'dispatcherServlet'
2025-04-09 14:37:09.329 [http-nio-9090-exec-2] INFO  com.zaxxer.hikari.HikariDataSource - HikariPool-1 - Starting...
2025-04-09 14:37:09.857 [http-nio-9090-exec-2] INFO  com.zaxxer.hikari.pool.HikariPool - HikariPool-1 - Added connection com.mysql.cj.jdbc.ConnectionImpl@4d615b86
2025-04-09 14:37:09.860 [http-nio-9090-exec-2] INFO  com.zaxxer.hikari.HikariDataSource - HikariPool-1 - Start completed.
2025-04-09 14:37:09.984 [http-nio-9090-exec-2] INFO  com.test.testboot.service.impl.StudentServiceImpl - [Student [Hash = -1079884267, id=911, name=黄蓉, sex=女, birth=1500, department=丐帮, address=湖北省襄阳市]]
2025-04-09 14:37:10.044 [http-nio-9090-exec-2] INFO  com.test.testboot.controller.StudentController - [Student [Hash = -1079884267, id=911, name=黄蓉, sex=女, birth=1500, department=丐帮, address=湖北省襄阳市]]
2025-04-09 14:38:44.550 [http-nio-9090-exec-5] INFO  com.test.testboot.service.impl.StudentServiceImpl - []
2025-04-09 14:38:44.599 [http-nio-9090-exec-5] INFO  com.test.testboot.controller.StudentController - []
2025-04-09 14:40:17.668 [org.springframework.kafka.KafkaListenerEndpointContainer#0-0-C-1] INFO  org.apache.kafka.clients.consumer.internals.ConsumerRebalanceListenerInvoker - [Consumer clientId=consumer-tomge-consumer-group-1, groupId=tomge-consumer-group] Revoke previously assigned partitions testtopic-0
2025-04-09 14:40:17.668 [org.springframework.kafka.KafkaListenerEndpointContainer#1-0-C-1] INFO  org.apache.kafka.clients.consumer.internals.ConsumerRebalanceListenerInvoker - [Consumer clientId=consumer-tomge-consumer-group-2, groupId=tomge-consumer-group] Revoke previously assigned partitions testtopic2-0
2025-04-09 14:40:17.669 [org.springframework.kafka.KafkaListenerEndpointContainer#0-0-C-1] INFO  org.apache.kafka.clients.consumer.internals.ConsumerCoordinator - [Consumer clientId=consumer-tomge-consumer-group-1, groupId=tomge-consumer-group] Member consumer-tomge-consumer-group-1-aba8849f-56b6-4bf0-b95a-ff9fe16759db sending LeaveGroup request to coordinator 106.54.227.172:9092 (id: 2147483647 rack: null) due to the consumer unsubscribed from all topics
2025-04-09 14:40:17.669 [org.springframework.kafka.KafkaListenerEndpointContainer#1-0-C-1] INFO  org.apache.kafka.clients.consumer.internals.ConsumerCoordinator - [Consumer clientId=consumer-tomge-consumer-group-2, groupId=tomge-consumer-group] Member consumer-tomge-consumer-group-2-0eef5a4b-d0a4-49ed-b6b7-f694560fcdaa sending LeaveGroup request to coordinator 106.54.227.172:9092 (id: 2147483647 rack: null) due to the consumer unsubscribed from all topics
2025-04-09 14:40:17.669 [org.springframework.kafka.KafkaListenerEndpointContainer#0-0-C-1] INFO  org.apache.kafka.clients.consumer.internals.ConsumerCoordinator - [Consumer clientId=consumer-tomge-consumer-group-1, groupId=tomge-consumer-group] Resetting generation and member id due to: consumer pro-actively leaving the group
2025-04-09 14:40:17.669 [org.springframework.kafka.KafkaListenerEndpointContainer#1-0-C-1] INFO  org.apache.kafka.clients.consumer.internals.ConsumerCoordinator - [Consumer clientId=consumer-tomge-consumer-group-2, groupId=tomge-consumer-group] Resetting generation and member id due to: consumer pro-actively leaving the group
2025-04-09 14:40:17.669 [org.springframework.kafka.KafkaListenerEndpointContainer#0-0-C-1] INFO  org.apache.kafka.clients.consumer.internals.ConsumerCoordinator - [Consumer clientId=consumer-tomge-consumer-group-1, groupId=tomge-consumer-group] Request joining group due to: consumer pro-actively leaving the group
2025-04-09 14:40:17.669 [org.springframework.kafka.KafkaListenerEndpointContainer#1-0-C-1] INFO  org.apache.kafka.clients.consumer.internals.ConsumerCoordinator - [Consumer clientId=consumer-tomge-consumer-group-2, groupId=tomge-consumer-group] Request joining group due to: consumer pro-actively leaving the group
2025-04-09 14:40:17.669 [org.springframework.kafka.KafkaListenerEndpointContainer#0-0-C-1] INFO  org.apache.kafka.clients.consumer.internals.LegacyKafkaConsumer - [Consumer clientId=consumer-tomge-consumer-group-1, groupId=tomge-consumer-group] Unsubscribed all topics or patterns and assigned partitions
2025-04-09 14:40:17.669 [org.springframework.kafka.KafkaListenerEndpointContainer#1-0-C-1] INFO  org.apache.kafka.clients.consumer.internals.LegacyKafkaConsumer - [Consumer clientId=consumer-tomge-consumer-group-2, groupId=tomge-consumer-group] Unsubscribed all topics or patterns and assigned partitions
2025-04-09 14:40:17.670 [org.springframework.kafka.KafkaListenerEndpointContainer#0-0-C-1] INFO  org.apache.kafka.clients.consumer.internals.ConsumerCoordinator - [Consumer clientId=consumer-tomge-consumer-group-1, groupId=tomge-consumer-group] Resetting generation and member id due to: consumer pro-actively leaving the group
2025-04-09 14:40:17.670 [org.springframework.kafka.KafkaListenerEndpointContainer#1-0-C-1] INFO  org.apache.kafka.clients.consumer.internals.ConsumerCoordinator - [Consumer clientId=consumer-tomge-consumer-group-2, groupId=tomge-consumer-group] Resetting generation and member id due to: consumer pro-actively leaving the group
2025-04-09 14:40:17.670 [org.springframework.kafka.KafkaListenerEndpointContainer#0-0-C-1] INFO  org.apache.kafka.clients.consumer.internals.ConsumerCoordinator - [Consumer clientId=consumer-tomge-consumer-group-1, groupId=tomge-consumer-group] Request joining group due to: consumer pro-actively leaving the group
2025-04-09 14:40:17.670 [org.springframework.kafka.KafkaListenerEndpointContainer#1-0-C-1] INFO  org.apache.kafka.clients.consumer.internals.ConsumerCoordinator - [Consumer clientId=consumer-tomge-consumer-group-2, groupId=tomge-consumer-group] Request joining group due to: consumer pro-actively leaving the group
2025-04-09 14:40:18.281 [org.springframework.kafka.KafkaListenerEndpointContainer#0-0-C-1] INFO  org.apache.kafka.common.metrics.Metrics - Metrics scheduler closed
2025-04-09 14:40:18.281 [org.springframework.kafka.KafkaListenerEndpointContainer#1-0-C-1] INFO  org.apache.kafka.common.metrics.Metrics - Metrics scheduler closed
2025-04-09 14:40:18.282 [org.springframework.kafka.KafkaListenerEndpointContainer#0-0-C-1] INFO  org.apache.kafka.common.metrics.Metrics - Closing reporter org.apache.kafka.common.metrics.JmxReporter
2025-04-09 14:40:18.282 [org.springframework.kafka.KafkaListenerEndpointContainer#1-0-C-1] INFO  org.apache.kafka.common.metrics.Metrics - Closing reporter org.apache.kafka.common.metrics.JmxReporter
2025-04-09 14:40:18.282 [org.springframework.kafka.KafkaListenerEndpointContainer#0-0-C-1] INFO  org.apache.kafka.common.metrics.Metrics - Closing reporter org.apache.kafka.common.telemetry.internals.ClientTelemetryReporter
2025-04-09 14:40:18.282 [org.springframework.kafka.KafkaListenerEndpointContainer#1-0-C-1] INFO  org.apache.kafka.common.metrics.Metrics - Closing reporter org.apache.kafka.common.telemetry.internals.ClientTelemetryReporter
2025-04-09 14:40:18.282 [org.springframework.kafka.KafkaListenerEndpointContainer#1-0-C-1] INFO  org.apache.kafka.common.metrics.Metrics - Metrics reporters closed
2025-04-09 14:40:18.282 [org.springframework.kafka.KafkaListenerEndpointContainer#0-0-C-1] INFO  org.apache.kafka.common.metrics.Metrics - Metrics reporters closed
2025-04-09 14:40:18.284 [org.springframework.kafka.KafkaListenerEndpointContainer#1-0-C-1] INFO  org.apache.kafka.common.utils.AppInfoParser - App info kafka.consumer for consumer-tomge-consumer-group-2 unregistered
2025-04-09 14:40:18.285 [org.springframework.kafka.KafkaListenerEndpointContainer#0-0-C-1] INFO  org.apache.kafka.common.utils.AppInfoParser - App info kafka.consumer for consumer-tomge-consumer-group-1 unregistered
2025-04-09 14:40:20.380 [SpringApplicationShutdownHook] INFO  com.zaxxer.hikari.HikariDataSource - HikariPool-1 - Shutdown initiated...
2025-04-09 14:40:20.385 [SpringApplicationShutdownHook] INFO  com.zaxxer.hikari.HikariDataSource - HikariPool-1 - Shutdown completed.
2025-04-09 14:40:24.009 [main] INFO  com.test.testboot.TestbootApplication - Starting TestbootApplication using Java 23.0.2 with PID 41508 (/Users/zhaoxin/Documents/GitHub/testboot/target/classes started by zhaoxin in /Users/zhaoxin/Documents/GitHub/testboot)
2025-04-09 14:40:24.010 [main] INFO  com.test.testboot.TestbootApplication - No active profile set, falling back to 1 default profile: "default"
2025-04-09 14:40:24.667 [main] INFO  org.apache.coyote.http11.Http11NioProtocol - Initializing ProtocolHandler ["http-nio-9090"]
2025-04-09 14:40:24.668 [main] INFO  org.apache.catalina.core.StandardService - Starting service [Tomcat]
2025-04-09 14:40:24.668 [main] INFO  org.apache.catalina.core.StandardEngine - Starting Servlet engine: [Apache Tomcat/10.1.36]
2025-04-09 14:40:24.689 [main] INFO  org.apache.catalina.core.ContainerBase.[Tomcat].[localhost].[/] - Initializing Spring embedded WebApplicationContext
2025-04-09 14:40:25.734 [main] INFO  org.apache.coyote.http11.Http11NioProtocol - Starting ProtocolHandler ["http-nio-9090"]
2025-04-09 14:40:25.752 [main] INFO  org.apache.kafka.clients.consumer.ConsumerConfig - ConsumerConfig values: 
	allow.auto.create.topics = true
	auto.commit.interval.ms = 5000
	auto.include.jmx.reporter = true
	auto.offset.reset = latest
	bootstrap.servers = [106.54.227.172:9092]
	check.crcs = true
	client.dns.lookup = use_all_dns_ips
	client.id = consumer-tomge-consumer-group-1
	client.rack = 
	connections.max.idle.ms = 540000
	default.api.timeout.ms = 60000
	enable.auto.commit = false
	enable.metrics.push = true
	exclude.internal.topics = true
	fetch.max.bytes = 52428800
	fetch.max.wait.ms = 500
	fetch.min.bytes = 1
	group.id = tomge-consumer-group
	group.instance.id = null
	group.protocol = classic
	group.remote.assignor = null
	heartbeat.interval.ms = 3000
	interceptor.classes = []
	internal.leave.group.on.close = true
	internal.throw.on.fetch.stable.offset.unsupported = false
	isolation.level = read_uncommitted
	key.deserializer = class org.apache.kafka.common.serialization.StringDeserializer
	max.partition.fetch.bytes = 1048576
	max.poll.interval.ms = 300000
	max.poll.records = 500
	metadata.max.age.ms = 300000
	metric.reporters = []
	metrics.num.samples = 2
	metrics.recording.level = INFO
	metrics.sample.window.ms = 30000
	partition.assignment.strategy = [class org.apache.kafka.clients.consumer.RangeAssignor, class org.apache.kafka.clients.consumer.CooperativeStickyAssignor]
	receive.buffer.bytes = 65536
	reconnect.backoff.max.ms = 1000
	reconnect.backoff.ms = 50
	request.timeout.ms = 30000
	retry.backoff.max.ms = 1000
	retry.backoff.ms = 100
	sasl.client.callback.handler.class = null
	sasl.jaas.config = null
	sasl.kerberos.kinit.cmd = /usr/bin/kinit
	sasl.kerberos.min.time.before.relogin = 60000
	sasl.kerberos.service.name = null
	sasl.kerberos.ticket.renew.jitter = 0.05
	sasl.kerberos.ticket.renew.window.factor = 0.8
	sasl.login.callback.handler.class = null
	sasl.login.class = null
	sasl.login.connect.timeout.ms = null
	sasl.login.read.timeout.ms = null
	sasl.login.refresh.buffer.seconds = 300
	sasl.login.refresh.min.period.seconds = 60
	sasl.login.refresh.window.factor = 0.8
	sasl.login.refresh.window.jitter = 0.05
	sasl.login.retry.backoff.max.ms = 10000
	sasl.login.retry.backoff.ms = 100
	sasl.mechanism = GSSAPI
	sasl.oauthbearer.clock.skew.seconds = 30
	sasl.oauthbearer.expected.audience = null
	sasl.oauthbearer.expected.issuer = null
	sasl.oauthbearer.jwks.endpoint.refresh.ms = 3600000
	sasl.oauthbearer.jwks.endpoint.retry.backoff.max.ms = 10000
	sasl.oauthbearer.jwks.endpoint.retry.backoff.ms = 100
	sasl.oauthbearer.jwks.endpoint.url = null
	sasl.oauthbearer.scope.claim.name = scope
	sasl.oauthbearer.sub.claim.name = sub
	sasl.oauthbearer.token.endpoint.url = null
	security.protocol = PLAINTEXT
	security.providers = null
	send.buffer.bytes = 131072
	session.timeout.ms = 45000
	socket.connection.setup.timeout.max.ms = 30000
	socket.connection.setup.timeout.ms = 10000
	ssl.cipher.suites = null
	ssl.enabled.protocols = [TLSv1.2, TLSv1.3]
	ssl.endpoint.identification.algorithm = https
	ssl.engine.factory.class = null
	ssl.key.password = null
	ssl.keymanager.algorithm = SunX509
	ssl.keystore.certificate.chain = null
	ssl.keystore.key = null
	ssl.keystore.location = null
	ssl.keystore.password = null
	ssl.keystore.type = JKS
	ssl.protocol = TLSv1.3
	ssl.provider = null
	ssl.secure.random.implementation = null
	ssl.trustmanager.algorithm = PKIX
	ssl.truststore.certificates = null
	ssl.truststore.location = null
	ssl.truststore.password = null
	ssl.truststore.type = JKS
	value.deserializer = class org.apache.kafka.common.serialization.StringDeserializer

2025-04-09 14:40:25.771 [main] INFO  org.apache.kafka.common.telemetry.internals.KafkaMetricsCollector - initializing Kafka metrics collector
2025-04-09 14:40:25.796 [main] INFO  org.apache.kafka.common.utils.AppInfoParser - Kafka version: 3.7.2
2025-04-09 14:40:25.797 [main] INFO  org.apache.kafka.common.utils.AppInfoParser - Kafka commitId: 79a8f2b5f44f9d5a
2025-04-09 14:40:25.797 [main] INFO  org.apache.kafka.common.utils.AppInfoParser - Kafka startTimeMs: 1744180825796
2025-04-09 14:40:25.798 [main] INFO  org.apache.kafka.clients.consumer.internals.LegacyKafkaConsumer - [Consumer clientId=consumer-tomge-consumer-group-1, groupId=tomge-consumer-group] Subscribed to topic(s): testtopic
2025-04-09 14:40:25.803 [main] INFO  org.apache.kafka.clients.consumer.ConsumerConfig - ConsumerConfig values: 
	allow.auto.create.topics = true
	auto.commit.interval.ms = 5000
	auto.include.jmx.reporter = true
	auto.offset.reset = latest
	bootstrap.servers = [106.54.227.172:9092]
	check.crcs = true
	client.dns.lookup = use_all_dns_ips
	client.id = consumer-tomge-consumer-group-2
	client.rack = 
	connections.max.idle.ms = 540000
	default.api.timeout.ms = 60000
	enable.auto.commit = false
	enable.metrics.push = true
	exclude.internal.topics = true
	fetch.max.bytes = 52428800
	fetch.max.wait.ms = 500
	fetch.min.bytes = 1
	group.id = tomge-consumer-group
	group.instance.id = null
	group.protocol = classic
	group.remote.assignor = null
	heartbeat.interval.ms = 3000
	interceptor.classes = []
	internal.leave.group.on.close = true
	internal.throw.on.fetch.stable.offset.unsupported = false
	isolation.level = read_uncommitted
	key.deserializer = class org.apache.kafka.common.serialization.StringDeserializer
	max.partition.fetch.bytes = 1048576
	max.poll.interval.ms = 300000
	max.poll.records = 500
	metadata.max.age.ms = 300000
	metric.reporters = []
	metrics.num.samples = 2
	metrics.recording.level = INFO
	metrics.sample.window.ms = 30000
	partition.assignment.strategy = [class org.apache.kafka.clients.consumer.RangeAssignor, class org.apache.kafka.clients.consumer.CooperativeStickyAssignor]
	receive.buffer.bytes = 65536
	reconnect.backoff.max.ms = 1000
	reconnect.backoff.ms = 50
	request.timeout.ms = 30000
	retry.backoff.max.ms = 1000
	retry.backoff.ms = 100
	sasl.client.callback.handler.class = null
	sasl.jaas.config = null
	sasl.kerberos.kinit.cmd = /usr/bin/kinit
	sasl.kerberos.min.time.before.relogin = 60000
	sasl.kerberos.service.name = null
	sasl.kerberos.ticket.renew.jitter = 0.05
	sasl.kerberos.ticket.renew.window.factor = 0.8
	sasl.login.callback.handler.class = null
	sasl.login.class = null
	sasl.login.connect.timeout.ms = null
	sasl.login.read.timeout.ms = null
	sasl.login.refresh.buffer.seconds = 300
	sasl.login.refresh.min.period.seconds = 60
	sasl.login.refresh.window.factor = 0.8
	sasl.login.refresh.window.jitter = 0.05
	sasl.login.retry.backoff.max.ms = 10000
	sasl.login.retry.backoff.ms = 100
	sasl.mechanism = GSSAPI
	sasl.oauthbearer.clock.skew.seconds = 30
	sasl.oauthbearer.expected.audience = null
	sasl.oauthbearer.expected.issuer = null
	sasl.oauthbearer.jwks.endpoint.refresh.ms = 3600000
	sasl.oauthbearer.jwks.endpoint.retry.backoff.max.ms = 10000
	sasl.oauthbearer.jwks.endpoint.retry.backoff.ms = 100
	sasl.oauthbearer.jwks.endpoint.url = null
	sasl.oauthbearer.scope.claim.name = scope
	sasl.oauthbearer.sub.claim.name = sub
	sasl.oauthbearer.token.endpoint.url = null
	security.protocol = PLAINTEXT
	security.providers = null
	send.buffer.bytes = 131072
	session.timeout.ms = 45000
	socket.connection.setup.timeout.max.ms = 30000
	socket.connection.setup.timeout.ms = 10000
	ssl.cipher.suites = null
	ssl.enabled.protocols = [TLSv1.2, TLSv1.3]
	ssl.endpoint.identification.algorithm = https
	ssl.engine.factory.class = null
	ssl.key.password = null
	ssl.keymanager.algorithm = SunX509
	ssl.keystore.certificate.chain = null
	ssl.keystore.key = null
	ssl.keystore.location = null
	ssl.keystore.password = null
	ssl.keystore.type = JKS
	ssl.protocol = TLSv1.3
	ssl.provider = null
	ssl.secure.random.implementation = null
	ssl.trustmanager.algorithm = PKIX
	ssl.truststore.certificates = null
	ssl.truststore.location = null
	ssl.truststore.password = null
	ssl.truststore.type = JKS
	value.deserializer = class org.apache.kafka.common.serialization.StringDeserializer

2025-04-09 14:40:25.804 [main] INFO  org.apache.kafka.common.telemetry.internals.KafkaMetricsCollector - initializing Kafka metrics collector
2025-04-09 14:40:25.807 [main] INFO  org.apache.kafka.common.utils.AppInfoParser - Kafka version: 3.7.2
2025-04-09 14:40:25.807 [main] INFO  org.apache.kafka.common.utils.AppInfoParser - Kafka commitId: 79a8f2b5f44f9d5a
2025-04-09 14:40:25.807 [main] INFO  org.apache.kafka.common.utils.AppInfoParser - Kafka startTimeMs: 1744180825806
2025-04-09 14:40:25.807 [main] INFO  org.apache.kafka.clients.consumer.internals.LegacyKafkaConsumer - [Consumer clientId=consumer-tomge-consumer-group-2, groupId=tomge-consumer-group] Subscribed to topic(s): testtopic2
2025-04-09 14:40:25.813 [main] INFO  com.test.testboot.TestbootApplication - Started TestbootApplication in 2.003 seconds (process running for 2.253)
2025-04-09 14:40:26.044 [org.springframework.kafka.KafkaListenerEndpointContainer#0-0-C-1] INFO  org.apache.kafka.clients.Metadata - [Consumer clientId=consumer-tomge-consumer-group-1, groupId=tomge-consumer-group] Cluster ID: a9Ypxh85Tn-baDC9a_oChQ
2025-04-09 14:40:26.044 [org.springframework.kafka.KafkaListenerEndpointContainer#1-0-C-1] INFO  org.apache.kafka.clients.Metadata - [Consumer clientId=consumer-tomge-consumer-group-2, groupId=tomge-consumer-group] Cluster ID: a9Ypxh85Tn-baDC9a_oChQ
2025-04-09 14:40:26.045 [org.springframework.kafka.KafkaListenerEndpointContainer#1-0-C-1] INFO  org.apache.kafka.clients.consumer.internals.ConsumerCoordinator - [Consumer clientId=consumer-tomge-consumer-group-2, groupId=tomge-consumer-group] Discovered group coordinator 106.54.227.172:9092 (id: 2147483647 rack: null)
2025-04-09 14:40:26.046 [org.springframework.kafka.KafkaListenerEndpointContainer#1-0-C-1] INFO  org.apache.kafka.clients.consumer.internals.ConsumerCoordinator - [Consumer clientId=consumer-tomge-consumer-group-2, groupId=tomge-consumer-group] (Re-)joining group
2025-04-09 14:40:26.049 [org.springframework.kafka.KafkaListenerEndpointContainer#0-0-C-1] INFO  org.apache.kafka.clients.consumer.internals.ConsumerCoordinator - [Consumer clientId=consumer-tomge-consumer-group-1, groupId=tomge-consumer-group] Discovered group coordinator 106.54.227.172:9092 (id: 2147483647 rack: null)
2025-04-09 14:40:26.049 [org.springframework.kafka.KafkaListenerEndpointContainer#0-0-C-1] INFO  org.apache.kafka.clients.consumer.internals.ConsumerCoordinator - [Consumer clientId=consumer-tomge-consumer-group-1, groupId=tomge-consumer-group] (Re-)joining group
2025-04-09 14:40:26.181 [org.springframework.kafka.KafkaListenerEndpointContainer#0-0-C-1] INFO  org.apache.kafka.clients.consumer.internals.ConsumerCoordinator - [Consumer clientId=consumer-tomge-consumer-group-1, groupId=tomge-consumer-group] Request joining group due to: need to re-join with the given member-id: consumer-tomge-consumer-group-1-032c3546-0d53-4218-9ab8-b8561327f727
2025-04-09 14:40:26.181 [org.springframework.kafka.KafkaListenerEndpointContainer#1-0-C-1] INFO  org.apache.kafka.clients.consumer.internals.ConsumerCoordinator - [Consumer clientId=consumer-tomge-consumer-group-2, groupId=tomge-consumer-group] Request joining group due to: need to re-join with the given member-id: consumer-tomge-consumer-group-2-ef75971e-d633-466f-98b5-4701d5c9010d
2025-04-09 14:40:26.181 [org.springframework.kafka.KafkaListenerEndpointContainer#1-0-C-1] INFO  org.apache.kafka.clients.consumer.internals.ConsumerCoordinator - [Consumer clientId=consumer-tomge-consumer-group-2, groupId=tomge-consumer-group] (Re-)joining group
2025-04-09 14:40:26.181 [org.springframework.kafka.KafkaListenerEndpointContainer#0-0-C-1] INFO  org.apache.kafka.clients.consumer.internals.ConsumerCoordinator - [Consumer clientId=consumer-tomge-consumer-group-1, groupId=tomge-consumer-group] (Re-)joining group
2025-04-09 14:40:26.230 [org.springframework.kafka.KafkaListenerEndpointContainer#0-0-C-1] INFO  org.apache.kafka.clients.consumer.internals.ConsumerCoordinator - [Consumer clientId=consumer-tomge-consumer-group-1, groupId=tomge-consumer-group] Successfully joined group with generation Generation{generationId=14, memberId='consumer-tomge-consumer-group-1-032c3546-0d53-4218-9ab8-b8561327f727', protocol='range'}
2025-04-09 14:40:26.230 [org.springframework.kafka.KafkaListenerEndpointContainer#1-0-C-1] INFO  org.apache.kafka.clients.consumer.internals.ConsumerCoordinator - [Consumer clientId=consumer-tomge-consumer-group-2, groupId=tomge-consumer-group] Successfully joined group with generation Generation{generationId=14, memberId='consumer-tomge-consumer-group-2-ef75971e-d633-466f-98b5-4701d5c9010d', protocol='range'}
2025-04-09 14:40:26.374 [org.springframework.kafka.KafkaListenerEndpointContainer#1-0-C-1] INFO  org.apache.kafka.clients.consumer.internals.ConsumerCoordinator - [Consumer clientId=consumer-tomge-consumer-group-2, groupId=tomge-consumer-group] Finished assignment for group at generation 14: {consumer-tomge-consumer-group-1-032c3546-0d53-4218-9ab8-b8561327f727=Assignment(partitions=[testtopic-0]), consumer-tomge-consumer-group-2-ef75971e-d633-466f-98b5-4701d5c9010d=Assignment(partitions=[testtopic2-0])}
2025-04-09 14:40:26.422 [org.springframework.kafka.KafkaListenerEndpointContainer#0-0-C-1] INFO  org.apache.kafka.clients.consumer.internals.ConsumerCoordinator - [Consumer clientId=consumer-tomge-consumer-group-1, groupId=tomge-consumer-group] Successfully synced group in generation Generation{generationId=14, memberId='consumer-tomge-consumer-group-1-032c3546-0d53-4218-9ab8-b8561327f727', protocol='range'}
2025-04-09 14:40:26.422 [org.springframework.kafka.KafkaListenerEndpointContainer#1-0-C-1] INFO  org.apache.kafka.clients.consumer.internals.ConsumerCoordinator - [Consumer clientId=consumer-tomge-consumer-group-2, groupId=tomge-consumer-group] Successfully synced group in generation Generation{generationId=14, memberId='consumer-tomge-consumer-group-2-ef75971e-d633-466f-98b5-4701d5c9010d', protocol='range'}
2025-04-09 14:40:26.423 [org.springframework.kafka.KafkaListenerEndpointContainer#0-0-C-1] INFO  org.apache.kafka.clients.consumer.internals.ConsumerCoordinator - [Consumer clientId=consumer-tomge-consumer-group-1, groupId=tomge-consumer-group] Notifying assignor about the new Assignment(partitions=[testtopic-0])
2025-04-09 14:40:26.424 [org.springframework.kafka.KafkaListenerEndpointContainer#1-0-C-1] INFO  org.apache.kafka.clients.consumer.internals.ConsumerCoordinator - [Consumer clientId=consumer-tomge-consumer-group-2, groupId=tomge-consumer-group] Notifying assignor about the new Assignment(partitions=[testtopic2-0])
2025-04-09 14:40:26.425 [org.springframework.kafka.KafkaListenerEndpointContainer#1-0-C-1] INFO  org.apache.kafka.clients.consumer.internals.ConsumerRebalanceListenerInvoker - [Consumer clientId=consumer-tomge-consumer-group-2, groupId=tomge-consumer-group] Adding newly assigned partitions: testtopic2-0
2025-04-09 14:40:26.426 [org.springframework.kafka.KafkaListenerEndpointContainer#0-0-C-1] INFO  org.apache.kafka.clients.consumer.internals.ConsumerRebalanceListenerInvoker - [Consumer clientId=consumer-tomge-consumer-group-1, groupId=tomge-consumer-group] Adding newly assigned partitions: testtopic-0
2025-04-09 14:40:26.518 [org.springframework.kafka.KafkaListenerEndpointContainer#0-0-C-1] INFO  org.apache.kafka.clients.consumer.internals.ConsumerUtils - Setting offset for partition testtopic-0 to the committed offset FetchPosition{offset=1, offsetEpoch=Optional.empty, currentLeader=LeaderAndEpoch{leader=Optional[106.54.227.172:9092 (id: 0 rack: null)], epoch=0}}
2025-04-09 14:40:26.518 [org.springframework.kafka.KafkaListenerEndpointContainer#1-0-C-1] INFO  org.apache.kafka.clients.consumer.internals.ConsumerUtils - Setting offset for partition testtopic2-0 to the committed offset FetchPosition{offset=0, offsetEpoch=Optional.empty, currentLeader=LeaderAndEpoch{leader=Optional[106.54.227.172:9092 (id: 0 rack: null)], epoch=0}}
2025-04-09 14:40:38.650 [http-nio-9090-exec-2] INFO  org.apache.catalina.core.ContainerBase.[Tomcat].[localhost].[/] - Initializing Spring DispatcherServlet 'dispatcherServlet'
2025-04-09 14:40:39.002 [http-nio-9090-exec-2] INFO  com.test.testboot.service.impl.StudentServiceImpl - 判断缓存是否存在true
2025-04-09 14:40:39.065 [http-nio-9090-exec-2] ERROR org.apache.catalina.core.ContainerBase.[Tomcat].[localhost].[/].[dispatcherServlet] - Servlet.service() for servlet [dispatcherServlet] in context with path [] threw exception [Request processing failed: java.lang.NullPointerException: Cannot invoke "java.util.List.toString()" because "list" is null] with root cause
java.lang.NullPointerException: Cannot invoke "java.util.List.toString()" because "list" is null
	at com.test.testboot.controller.StudentController.findById(StudentController.java:46)
	at java.base/jdk.internal.reflect.DirectMethodHandleAccessor.invoke(DirectMethodHandleAccessor.java:103)
	at java.base/java.lang.reflect.Method.invoke(Method.java:580)
	at org.springframework.web.method.support.InvocableHandlerMethod.doInvoke(InvocableHandlerMethod.java:255)
	at org.springframework.web.method.support.InvocableHandlerMethod.invokeForRequest(InvocableHandlerMethod.java:188)
	at org.springframework.web.servlet.mvc.method.annotation.ServletInvocableHandlerMethod.invokeAndHandle(ServletInvocableHandlerMethod.java:118)
	at org.springframework.web.servlet.mvc.method.annotation.RequestMappingHandlerAdapter.invokeHandlerMethod(RequestMappingHandlerAdapter.java:926)
	at org.springframework.web.servlet.mvc.method.annotation.RequestMappingHandlerAdapter.handleInternal(RequestMappingHandlerAdapter.java:831)
	at org.springframework.web.servlet.mvc.method.AbstractHandlerMethodAdapter.handle(AbstractHandlerMethodAdapter.java:87)
	at org.springframework.web.servlet.DispatcherServlet.doDispatch(DispatcherServlet.java:1089)
	at org.springframework.web.servlet.DispatcherServlet.doService(DispatcherServlet.java:979)
	at org.springframework.web.servlet.FrameworkServlet.processRequest(FrameworkServlet.java:1014)
	at org.springframework.web.servlet.FrameworkServlet.doGet(FrameworkServlet.java:903)
	at jakarta.servlet.http.HttpServlet.service(HttpServlet.java:564)
	at org.springframework.web.servlet.FrameworkServlet.service(FrameworkServlet.java:885)
	at jakarta.servlet.http.HttpServlet.service(HttpServlet.java:658)
	at org.apache.catalina.core.ApplicationFilterChain.internalDoFilter(ApplicationFilterChain.java:195)
	at org.apache.catalina.core.ApplicationFilterChain.doFilter(ApplicationFilterChain.java:140)
	at org.apache.tomcat.websocket.server.WsFilter.doFilter(WsFilter.java:51)
	at org.apache.catalina.core.ApplicationFilterChain.internalDoFilter(ApplicationFilterChain.java:164)
	at org.apache.catalina.core.ApplicationFilterChain.doFilter(ApplicationFilterChain.java:140)
	at org.springframework.web.filter.RequestContextFilter.doFilterInternal(RequestContextFilter.java:100)
	at org.springframework.web.filter.OncePerRequestFilter.doFilter(OncePerRequestFilter.java:116)
	at org.apache.catalina.core.ApplicationFilterChain.internalDoFilter(ApplicationFilterChain.java:164)
	at org.apache.catalina.core.ApplicationFilterChain.doFilter(ApplicationFilterChain.java:140)
	at org.springframework.web.filter.FormContentFilter.doFilterInternal(FormContentFilter.java:93)
	at org.springframework.web.filter.OncePerRequestFilter.doFilter(OncePerRequestFilter.java:116)
	at org.apache.catalina.core.ApplicationFilterChain.internalDoFilter(ApplicationFilterChain.java:164)
	at org.apache.catalina.core.ApplicationFilterChain.doFilter(ApplicationFilterChain.java:140)
	at org.springframework.web.filter.CharacterEncodingFilter.doFilterInternal(CharacterEncodingFilter.java:201)
	at org.springframework.web.filter.OncePerRequestFilter.doFilter(OncePerRequestFilter.java:116)
	at org.apache.catalina.core.ApplicationFilterChain.internalDoFilter(ApplicationFilterChain.java:164)
	at org.apache.catalina.core.ApplicationFilterChain.doFilter(ApplicationFilterChain.java:140)
	at org.apache.catalina.core.StandardWrapperValve.invoke(StandardWrapperValve.java:167)
	at org.apache.catalina.core.StandardContextValve.invoke(StandardContextValve.java:90)
	at org.apache.catalina.authenticator.AuthenticatorBase.invoke(AuthenticatorBase.java:483)
	at org.apache.catalina.core.StandardHostValve.invoke(StandardHostValve.java:115)
	at org.apache.catalina.valves.ErrorReportValve.invoke(ErrorReportValve.java:93)
	at org.apache.catalina.core.StandardEngineValve.invoke(StandardEngineValve.java:74)
	at org.apache.catalina.connector.CoyoteAdapter.service(CoyoteAdapter.java:344)
	at org.apache.coyote.http11.Http11Processor.service(Http11Processor.java:397)
	at org.apache.coyote.AbstractProcessorLight.process(AbstractProcessorLight.java:63)
	at org.apache.coyote.AbstractProtocol$ConnectionHandler.process(AbstractProtocol.java:905)
	at org.apache.tomcat.util.net.NioEndpoint$SocketProcessor.doRun(NioEndpoint.java:1743)
	at org.apache.tomcat.util.net.SocketProcessorBase.run(SocketProcessorBase.java:52)
	at org.apache.tomcat.util.threads.ThreadPoolExecutor.runWorker(ThreadPoolExecutor.java:1190)
	at org.apache.tomcat.util.threads.ThreadPoolExecutor$Worker.run(ThreadPoolExecutor.java:659)
	at org.apache.tomcat.util.threads.TaskThread$WrappingRunnable.run(TaskThread.java:63)
	at java.base/java.lang.Thread.run(Thread.java:1575)
2025-04-09 14:41:17.191 [http-nio-9090-exec-4] INFO  com.zaxxer.hikari.HikariDataSource - HikariPool-1 - Starting...
2025-04-09 14:41:17.774 [http-nio-9090-exec-4] INFO  com.zaxxer.hikari.pool.HikariPool - HikariPool-1 - Added connection com.mysql.cj.jdbc.ConnectionImpl@2bb55aee
2025-04-09 14:41:17.777 [http-nio-9090-exec-4] INFO  com.zaxxer.hikari.HikariDataSource - HikariPool-1 - Start completed.
2025-04-09 14:41:17.914 [http-nio-9090-exec-4] INFO  com.test.testboot.service.impl.StudentServiceImpl - 0
2025-04-09 14:41:17.915 [http-nio-9090-exec-4] INFO  com.test.testboot.controller.StudentController - []
2025-04-09 14:49:26.450 [org.springframework.kafka.KafkaListenerEndpointContainer#0-0-C-1] INFO  org.apache.kafka.clients.NetworkClient - [Consumer clientId=consumer-tomge-consumer-group-1, groupId=tomge-consumer-group] Node -1 disconnected.
2025-04-09 14:49:26.450 [org.springframework.kafka.KafkaListenerEndpointContainer#1-0-C-1] INFO  org.apache.kafka.clients.NetworkClient - [Consumer clientId=consumer-tomge-consumer-group-2, groupId=tomge-consumer-group] Node -1 disconnected.
2025-04-09 14:59:26.100 [org.springframework.kafka.KafkaListenerEndpointContainer#1-0-C-1] INFO  org.apache.kafka.clients.NetworkClient - [Consumer clientId=consumer-tomge-consumer-group-2, groupId=tomge-consumer-group] Node -1 disconnected.
2025-04-09 14:59:26.100 [org.springframework.kafka.KafkaListenerEndpointContainer#0-0-C-1] INFO  org.apache.kafka.clients.NetworkClient - [Consumer clientId=consumer-tomge-consumer-group-1, groupId=tomge-consumer-group] Node -1 disconnected.
2025-04-09 15:25:06.850 [org.springframework.kafka.KafkaListenerEndpointContainer#1-0-C-1] INFO  org.apache.kafka.clients.consumer.internals.ConsumerRebalanceListenerInvoker - [Consumer clientId=consumer-tomge-consumer-group-2, groupId=tomge-consumer-group] Revoke previously assigned partitions testtopic2-0
2025-04-09 15:25:06.850 [org.springframework.kafka.KafkaListenerEndpointContainer#0-0-C-1] INFO  org.apache.kafka.clients.consumer.internals.ConsumerRebalanceListenerInvoker - [Consumer clientId=consumer-tomge-consumer-group-1, groupId=tomge-consumer-group] Revoke previously assigned partitions testtopic-0
2025-04-09 15:25:06.851 [org.springframework.kafka.KafkaListenerEndpointContainer#0-0-C-1] INFO  org.apache.kafka.clients.consumer.internals.ConsumerCoordinator - [Consumer clientId=consumer-tomge-consumer-group-1, groupId=tomge-consumer-group] Member consumer-tomge-consumer-group-1-032c3546-0d53-4218-9ab8-b8561327f727 sending LeaveGroup request to coordinator 106.54.227.172:9092 (id: 2147483647 rack: null) due to the consumer unsubscribed from all topics
2025-04-09 15:25:06.851 [org.springframework.kafka.KafkaListenerEndpointContainer#1-0-C-1] INFO  org.apache.kafka.clients.consumer.internals.ConsumerCoordinator - [Consumer clientId=consumer-tomge-consumer-group-2, groupId=tomge-consumer-group] Member consumer-tomge-consumer-group-2-ef75971e-d633-466f-98b5-4701d5c9010d sending LeaveGroup request to coordinator 106.54.227.172:9092 (id: 2147483647 rack: null) due to the consumer unsubscribed from all topics
2025-04-09 15:25:06.852 [org.springframework.kafka.KafkaListenerEndpointContainer#1-0-C-1] INFO  org.apache.kafka.clients.consumer.internals.ConsumerCoordinator - [Consumer clientId=consumer-tomge-consumer-group-2, groupId=tomge-consumer-group] Resetting generation and member id due to: consumer pro-actively leaving the group
2025-04-09 15:25:06.852 [org.springframework.kafka.KafkaListenerEndpointContainer#0-0-C-1] INFO  org.apache.kafka.clients.consumer.internals.ConsumerCoordinator - [Consumer clientId=consumer-tomge-consumer-group-1, groupId=tomge-consumer-group] Resetting generation and member id due to: consumer pro-actively leaving the group
2025-04-09 15:25:06.852 [org.springframework.kafka.KafkaListenerEndpointContainer#1-0-C-1] INFO  org.apache.kafka.clients.consumer.internals.ConsumerCoordinator - [Consumer clientId=consumer-tomge-consumer-group-2, groupId=tomge-consumer-group] Request joining group due to: consumer pro-actively leaving the group
2025-04-09 15:25:06.852 [org.springframework.kafka.KafkaListenerEndpointContainer#0-0-C-1] INFO  org.apache.kafka.clients.consumer.internals.ConsumerCoordinator - [Consumer clientId=consumer-tomge-consumer-group-1, groupId=tomge-consumer-group] Request joining group due to: consumer pro-actively leaving the group
2025-04-09 15:25:06.852 [org.springframework.kafka.KafkaListenerEndpointContainer#1-0-C-1] INFO  org.apache.kafka.clients.consumer.internals.LegacyKafkaConsumer - [Consumer clientId=consumer-tomge-consumer-group-2, groupId=tomge-consumer-group] Unsubscribed all topics or patterns and assigned partitions
2025-04-09 15:25:06.852 [org.springframework.kafka.KafkaListenerEndpointContainer#0-0-C-1] INFO  org.apache.kafka.clients.consumer.internals.LegacyKafkaConsumer - [Consumer clientId=consumer-tomge-consumer-group-1, groupId=tomge-consumer-group] Unsubscribed all topics or patterns and assigned partitions
2025-04-09 15:25:06.853 [org.springframework.kafka.KafkaListenerEndpointContainer#1-0-C-1] INFO  org.apache.kafka.clients.consumer.internals.ConsumerCoordinator - [Consumer clientId=consumer-tomge-consumer-group-2, groupId=tomge-consumer-group] Resetting generation and member id due to: consumer pro-actively leaving the group
2025-04-09 15:25:06.853 [org.springframework.kafka.KafkaListenerEndpointContainer#0-0-C-1] INFO  org.apache.kafka.clients.consumer.internals.ConsumerCoordinator - [Consumer clientId=consumer-tomge-consumer-group-1, groupId=tomge-consumer-group] Resetting generation and member id due to: consumer pro-actively leaving the group
2025-04-09 15:25:06.853 [org.springframework.kafka.KafkaListenerEndpointContainer#1-0-C-1] INFO  org.apache.kafka.clients.consumer.internals.ConsumerCoordinator - [Consumer clientId=consumer-tomge-consumer-group-2, groupId=tomge-consumer-group] Request joining group due to: consumer pro-actively leaving the group
2025-04-09 15:25:06.853 [org.springframework.kafka.KafkaListenerEndpointContainer#0-0-C-1] INFO  org.apache.kafka.clients.consumer.internals.ConsumerCoordinator - [Consumer clientId=consumer-tomge-consumer-group-1, groupId=tomge-consumer-group] Request joining group due to: consumer pro-actively leaving the group
2025-04-09 15:25:06.963 [org.springframework.kafka.KafkaListenerEndpointContainer#0-0-C-1] INFO  org.apache.kafka.common.metrics.Metrics - Metrics scheduler closed
2025-04-09 15:25:06.963 [org.springframework.kafka.KafkaListenerEndpointContainer#0-0-C-1] INFO  org.apache.kafka.common.metrics.Metrics - Closing reporter org.apache.kafka.common.metrics.JmxReporter
2025-04-09 15:25:06.963 [org.springframework.kafka.KafkaListenerEndpointContainer#0-0-C-1] INFO  org.apache.kafka.common.metrics.Metrics - Closing reporter org.apache.kafka.common.telemetry.internals.ClientTelemetryReporter
2025-04-09 15:25:06.963 [org.springframework.kafka.KafkaListenerEndpointContainer#0-0-C-1] INFO  org.apache.kafka.common.metrics.Metrics - Metrics reporters closed
2025-04-09 15:25:06.963 [org.springframework.kafka.KafkaListenerEndpointContainer#1-0-C-1] INFO  org.apache.kafka.common.metrics.Metrics - Metrics scheduler closed
2025-04-09 15:25:06.963 [org.springframework.kafka.KafkaListenerEndpointContainer#1-0-C-1] INFO  org.apache.kafka.common.metrics.Metrics - Closing reporter org.apache.kafka.common.metrics.JmxReporter
2025-04-09 15:25:06.963 [org.springframework.kafka.KafkaListenerEndpointContainer#1-0-C-1] INFO  org.apache.kafka.common.metrics.Metrics - Closing reporter org.apache.kafka.common.telemetry.internals.ClientTelemetryReporter
2025-04-09 15:25:06.963 [org.springframework.kafka.KafkaListenerEndpointContainer#1-0-C-1] INFO  org.apache.kafka.common.metrics.Metrics - Metrics reporters closed
2025-04-09 15:25:06.967 [org.springframework.kafka.KafkaListenerEndpointContainer#0-0-C-1] INFO  org.apache.kafka.common.utils.AppInfoParser - App info kafka.consumer for consumer-tomge-consumer-group-1 unregistered
2025-04-09 15:25:06.967 [org.springframework.kafka.KafkaListenerEndpointContainer#1-0-C-1] INFO  org.apache.kafka.common.utils.AppInfoParser - App info kafka.consumer for consumer-tomge-consumer-group-2 unregistered
2025-04-09 15:25:09.066 [SpringApplicationShutdownHook] INFO  com.zaxxer.hikari.HikariDataSource - HikariPool-1 - Shutdown initiated...
2025-04-09 15:25:09.070 [SpringApplicationShutdownHook] INFO  com.zaxxer.hikari.HikariDataSource - HikariPool-1 - Shutdown completed.
2025-04-09 15:37:02.835 [main] INFO  com.test.testboot.TestbootApplication - Starting TestbootApplication using Java 23.0.2 with PID 42038 (/Users/zhaoxin/Documents/GitHub/testboot/target/classes started by zhaoxin in /Users/zhaoxin/Documents/GitHub/testboot)
2025-04-09 15:37:02.837 [main] INFO  com.test.testboot.TestbootApplication - No active profile set, falling back to 1 default profile: "default"
2025-04-09 15:37:03.516 [main] INFO  org.apache.coyote.http11.Http11NioProtocol - Initializing ProtocolHandler ["http-nio-9090"]
2025-04-09 15:37:03.517 [main] INFO  org.apache.catalina.core.StandardService - Starting service [Tomcat]
2025-04-09 15:37:03.517 [main] INFO  org.apache.catalina.core.StandardEngine - Starting Servlet engine: [Apache Tomcat/10.1.36]
2025-04-09 15:37:03.539 [main] INFO  org.apache.catalina.core.ContainerBase.[Tomcat].[localhost].[/] - Initializing Spring embedded WebApplicationContext
2025-04-09 15:37:06.302 [main] INFO  org.apache.coyote.http11.Http11NioProtocol - Starting ProtocolHandler ["http-nio-9090"]
2025-04-09 15:37:06.323 [main] INFO  org.apache.kafka.clients.consumer.ConsumerConfig - ConsumerConfig values: 
	allow.auto.create.topics = true
	auto.commit.interval.ms = 5000
	auto.include.jmx.reporter = true
	auto.offset.reset = latest
	bootstrap.servers = [106.54.227.172:9092]
	check.crcs = true
	client.dns.lookup = use_all_dns_ips
	client.id = consumer-tomge-consumer-group-1
	client.rack = 
	connections.max.idle.ms = 540000
	default.api.timeout.ms = 60000
	enable.auto.commit = false
	enable.metrics.push = true
	exclude.internal.topics = true
	fetch.max.bytes = 52428800
	fetch.max.wait.ms = 500
	fetch.min.bytes = 1
	group.id = tomge-consumer-group
	group.instance.id = null
	group.protocol = classic
	group.remote.assignor = null
	heartbeat.interval.ms = 3000
	interceptor.classes = []
	internal.leave.group.on.close = true
	internal.throw.on.fetch.stable.offset.unsupported = false
	isolation.level = read_uncommitted
	key.deserializer = class org.apache.kafka.common.serialization.StringDeserializer
	max.partition.fetch.bytes = 1048576
	max.poll.interval.ms = 300000
	max.poll.records = 500
	metadata.max.age.ms = 300000
	metric.reporters = []
	metrics.num.samples = 2
	metrics.recording.level = INFO
	metrics.sample.window.ms = 30000
	partition.assignment.strategy = [class org.apache.kafka.clients.consumer.RangeAssignor, class org.apache.kafka.clients.consumer.CooperativeStickyAssignor]
	receive.buffer.bytes = 65536
	reconnect.backoff.max.ms = 1000
	reconnect.backoff.ms = 50
	request.timeout.ms = 30000
	retry.backoff.max.ms = 1000
	retry.backoff.ms = 100
	sasl.client.callback.handler.class = null
	sasl.jaas.config = null
	sasl.kerberos.kinit.cmd = /usr/bin/kinit
	sasl.kerberos.min.time.before.relogin = 60000
	sasl.kerberos.service.name = null
	sasl.kerberos.ticket.renew.jitter = 0.05
	sasl.kerberos.ticket.renew.window.factor = 0.8
	sasl.login.callback.handler.class = null
	sasl.login.class = null
	sasl.login.connect.timeout.ms = null
	sasl.login.read.timeout.ms = null
	sasl.login.refresh.buffer.seconds = 300
	sasl.login.refresh.min.period.seconds = 60
	sasl.login.refresh.window.factor = 0.8
	sasl.login.refresh.window.jitter = 0.05
	sasl.login.retry.backoff.max.ms = 10000
	sasl.login.retry.backoff.ms = 100
	sasl.mechanism = GSSAPI
	sasl.oauthbearer.clock.skew.seconds = 30
	sasl.oauthbearer.expected.audience = null
	sasl.oauthbearer.expected.issuer = null
	sasl.oauthbearer.jwks.endpoint.refresh.ms = 3600000
	sasl.oauthbearer.jwks.endpoint.retry.backoff.max.ms = 10000
	sasl.oauthbearer.jwks.endpoint.retry.backoff.ms = 100
	sasl.oauthbearer.jwks.endpoint.url = null
	sasl.oauthbearer.scope.claim.name = scope
	sasl.oauthbearer.sub.claim.name = sub
	sasl.oauthbearer.token.endpoint.url = null
	security.protocol = PLAINTEXT
	security.providers = null
	send.buffer.bytes = 131072
	session.timeout.ms = 45000
	socket.connection.setup.timeout.max.ms = 30000
	socket.connection.setup.timeout.ms = 10000
	ssl.cipher.suites = null
	ssl.enabled.protocols = [TLSv1.2, TLSv1.3]
	ssl.endpoint.identification.algorithm = https
	ssl.engine.factory.class = null
	ssl.key.password = null
	ssl.keymanager.algorithm = SunX509
	ssl.keystore.certificate.chain = null
	ssl.keystore.key = null
	ssl.keystore.location = null
	ssl.keystore.password = null
	ssl.keystore.type = JKS
	ssl.protocol = TLSv1.3
	ssl.provider = null
	ssl.secure.random.implementation = null
	ssl.trustmanager.algorithm = PKIX
	ssl.truststore.certificates = null
	ssl.truststore.location = null
	ssl.truststore.password = null
	ssl.truststore.type = JKS
	value.deserializer = class org.apache.kafka.common.serialization.StringDeserializer

2025-04-09 15:37:06.342 [main] INFO  org.apache.kafka.common.telemetry.internals.KafkaMetricsCollector - initializing Kafka metrics collector
2025-04-09 15:37:06.369 [main] INFO  org.apache.kafka.common.utils.AppInfoParser - Kafka version: 3.7.2
2025-04-09 15:37:06.369 [main] INFO  org.apache.kafka.common.utils.AppInfoParser - Kafka commitId: 79a8f2b5f44f9d5a
2025-04-09 15:37:06.369 [main] INFO  org.apache.kafka.common.utils.AppInfoParser - Kafka startTimeMs: 1744184226368
2025-04-09 15:37:06.370 [main] INFO  org.apache.kafka.clients.consumer.internals.LegacyKafkaConsumer - [Consumer clientId=consumer-tomge-consumer-group-1, groupId=tomge-consumer-group] Subscribed to topic(s): testtopic
2025-04-09 15:37:06.376 [main] INFO  org.apache.kafka.clients.consumer.ConsumerConfig - ConsumerConfig values: 
	allow.auto.create.topics = true
	auto.commit.interval.ms = 5000
	auto.include.jmx.reporter = true
	auto.offset.reset = latest
	bootstrap.servers = [106.54.227.172:9092]
	check.crcs = true
	client.dns.lookup = use_all_dns_ips
	client.id = consumer-tomge-consumer-group-2
	client.rack = 
	connections.max.idle.ms = 540000
	default.api.timeout.ms = 60000
	enable.auto.commit = false
	enable.metrics.push = true
	exclude.internal.topics = true
	fetch.max.bytes = 52428800
	fetch.max.wait.ms = 500
	fetch.min.bytes = 1
	group.id = tomge-consumer-group
	group.instance.id = null
	group.protocol = classic
	group.remote.assignor = null
	heartbeat.interval.ms = 3000
	interceptor.classes = []
	internal.leave.group.on.close = true
	internal.throw.on.fetch.stable.offset.unsupported = false
	isolation.level = read_uncommitted
	key.deserializer = class org.apache.kafka.common.serialization.StringDeserializer
	max.partition.fetch.bytes = 1048576
	max.poll.interval.ms = 300000
	max.poll.records = 500
	metadata.max.age.ms = 300000
	metric.reporters = []
	metrics.num.samples = 2
	metrics.recording.level = INFO
	metrics.sample.window.ms = 30000
	partition.assignment.strategy = [class org.apache.kafka.clients.consumer.RangeAssignor, class org.apache.kafka.clients.consumer.CooperativeStickyAssignor]
	receive.buffer.bytes = 65536
	reconnect.backoff.max.ms = 1000
	reconnect.backoff.ms = 50
	request.timeout.ms = 30000
	retry.backoff.max.ms = 1000
	retry.backoff.ms = 100
	sasl.client.callback.handler.class = null
	sasl.jaas.config = null
	sasl.kerberos.kinit.cmd = /usr/bin/kinit
	sasl.kerberos.min.time.before.relogin = 60000
	sasl.kerberos.service.name = null
	sasl.kerberos.ticket.renew.jitter = 0.05
	sasl.kerberos.ticket.renew.window.factor = 0.8
	sasl.login.callback.handler.class = null
	sasl.login.class = null
	sasl.login.connect.timeout.ms = null
	sasl.login.read.timeout.ms = null
	sasl.login.refresh.buffer.seconds = 300
	sasl.login.refresh.min.period.seconds = 60
	sasl.login.refresh.window.factor = 0.8
	sasl.login.refresh.window.jitter = 0.05
	sasl.login.retry.backoff.max.ms = 10000
	sasl.login.retry.backoff.ms = 100
	sasl.mechanism = GSSAPI
	sasl.oauthbearer.clock.skew.seconds = 30
	sasl.oauthbearer.expected.audience = null
	sasl.oauthbearer.expected.issuer = null
	sasl.oauthbearer.jwks.endpoint.refresh.ms = 3600000
	sasl.oauthbearer.jwks.endpoint.retry.backoff.max.ms = 10000
	sasl.oauthbearer.jwks.endpoint.retry.backoff.ms = 100
	sasl.oauthbearer.jwks.endpoint.url = null
	sasl.oauthbearer.scope.claim.name = scope
	sasl.oauthbearer.sub.claim.name = sub
	sasl.oauthbearer.token.endpoint.url = null
	security.protocol = PLAINTEXT
	security.providers = null
	send.buffer.bytes = 131072
	session.timeout.ms = 45000
	socket.connection.setup.timeout.max.ms = 30000
	socket.connection.setup.timeout.ms = 10000
	ssl.cipher.suites = null
	ssl.enabled.protocols = [TLSv1.2, TLSv1.3]
	ssl.endpoint.identification.algorithm = https
	ssl.engine.factory.class = null
	ssl.key.password = null
	ssl.keymanager.algorithm = SunX509
	ssl.keystore.certificate.chain = null
	ssl.keystore.key = null
	ssl.keystore.location = null
	ssl.keystore.password = null
	ssl.keystore.type = JKS
	ssl.protocol = TLSv1.3
	ssl.provider = null
	ssl.secure.random.implementation = null
	ssl.trustmanager.algorithm = PKIX
	ssl.truststore.certificates = null
	ssl.truststore.location = null
	ssl.truststore.password = null
	ssl.truststore.type = JKS
	value.deserializer = class org.apache.kafka.common.serialization.StringDeserializer

2025-04-09 15:37:06.376 [main] INFO  org.apache.kafka.common.telemetry.internals.KafkaMetricsCollector - initializing Kafka metrics collector
2025-04-09 15:37:06.380 [main] INFO  org.apache.kafka.common.utils.AppInfoParser - Kafka version: 3.7.2
2025-04-09 15:37:06.380 [main] INFO  org.apache.kafka.common.utils.AppInfoParser - Kafka commitId: 79a8f2b5f44f9d5a
2025-04-09 15:37:06.380 [main] INFO  org.apache.kafka.common.utils.AppInfoParser - Kafka startTimeMs: 1744184226380
2025-04-09 15:37:06.380 [main] INFO  org.apache.kafka.clients.consumer.internals.LegacyKafkaConsumer - [Consumer clientId=consumer-tomge-consumer-group-2, groupId=tomge-consumer-group] Subscribed to topic(s): testtopic2
2025-04-09 15:37:06.386 [main] INFO  com.test.testboot.TestbootApplication - Started TestbootApplication in 3.755 seconds (process running for 4.009)
2025-04-09 15:37:06.652 [org.springframework.kafka.KafkaListenerEndpointContainer#1-0-C-1] INFO  org.apache.kafka.clients.Metadata - [Consumer clientId=consumer-tomge-consumer-group-2, groupId=tomge-consumer-group] Cluster ID: a9Ypxh85Tn-baDC9a_oChQ
2025-04-09 15:37:06.652 [org.springframework.kafka.KafkaListenerEndpointContainer#0-0-C-1] INFO  org.apache.kafka.clients.Metadata - [Consumer clientId=consumer-tomge-consumer-group-1, groupId=tomge-consumer-group] Cluster ID: a9Ypxh85Tn-baDC9a_oChQ
2025-04-09 15:37:06.653 [org.springframework.kafka.KafkaListenerEndpointContainer#1-0-C-1] INFO  org.apache.kafka.clients.consumer.internals.ConsumerCoordinator - [Consumer clientId=consumer-tomge-consumer-group-2, groupId=tomge-consumer-group] Discovered group coordinator 106.54.227.172:9092 (id: 2147483647 rack: null)
2025-04-09 15:37:06.653 [org.springframework.kafka.KafkaListenerEndpointContainer#0-0-C-1] INFO  org.apache.kafka.clients.consumer.internals.ConsumerCoordinator - [Consumer clientId=consumer-tomge-consumer-group-1, groupId=tomge-consumer-group] Discovered group coordinator 106.54.227.172:9092 (id: 2147483647 rack: null)
2025-04-09 15:37:06.655 [org.springframework.kafka.KafkaListenerEndpointContainer#0-0-C-1] INFO  org.apache.kafka.clients.consumer.internals.ConsumerCoordinator - [Consumer clientId=consumer-tomge-consumer-group-1, groupId=tomge-consumer-group] (Re-)joining group
2025-04-09 15:37:06.655 [org.springframework.kafka.KafkaListenerEndpointContainer#1-0-C-1] INFO  org.apache.kafka.clients.consumer.internals.ConsumerCoordinator - [Consumer clientId=consumer-tomge-consumer-group-2, groupId=tomge-consumer-group] (Re-)joining group
2025-04-09 15:37:06.812 [org.springframework.kafka.KafkaListenerEndpointContainer#0-0-C-1] INFO  org.apache.kafka.clients.consumer.internals.ConsumerCoordinator - [Consumer clientId=consumer-tomge-consumer-group-1, groupId=tomge-consumer-group] Request joining group due to: need to re-join with the given member-id: consumer-tomge-consumer-group-1-df6772d2-7207-4f0f-a5de-cb8042d0f5ff
2025-04-09 15:37:06.812 [org.springframework.kafka.KafkaListenerEndpointContainer#1-0-C-1] INFO  org.apache.kafka.clients.consumer.internals.ConsumerCoordinator - [Consumer clientId=consumer-tomge-consumer-group-2, groupId=tomge-consumer-group] Request joining group due to: need to re-join with the given member-id: consumer-tomge-consumer-group-2-cd379927-739d-4185-8f34-0a57c664e299
2025-04-09 15:37:06.812 [org.springframework.kafka.KafkaListenerEndpointContainer#0-0-C-1] INFO  org.apache.kafka.clients.consumer.internals.ConsumerCoordinator - [Consumer clientId=consumer-tomge-consumer-group-1, groupId=tomge-consumer-group] (Re-)joining group
2025-04-09 15:37:06.812 [org.springframework.kafka.KafkaListenerEndpointContainer#1-0-C-1] INFO  org.apache.kafka.clients.consumer.internals.ConsumerCoordinator - [Consumer clientId=consumer-tomge-consumer-group-2, groupId=tomge-consumer-group] (Re-)joining group
2025-04-09 15:37:06.874 [org.springframework.kafka.KafkaListenerEndpointContainer#0-0-C-1] INFO  org.apache.kafka.clients.consumer.internals.ConsumerCoordinator - [Consumer clientId=consumer-tomge-consumer-group-1, groupId=tomge-consumer-group] Successfully joined group with generation Generation{generationId=16, memberId='consumer-tomge-consumer-group-1-df6772d2-7207-4f0f-a5de-cb8042d0f5ff', protocol='range'}
2025-04-09 15:37:06.877 [org.springframework.kafka.KafkaListenerEndpointContainer#0-0-C-1] INFO  org.apache.kafka.clients.consumer.internals.ConsumerCoordinator - [Consumer clientId=consumer-tomge-consumer-group-1, groupId=tomge-consumer-group] Finished assignment for group at generation 16: {consumer-tomge-consumer-group-1-df6772d2-7207-4f0f-a5de-cb8042d0f5ff=Assignment(partitions=[testtopic-0])}
2025-04-09 15:37:06.921 [org.springframework.kafka.KafkaListenerEndpointContainer#0-0-C-1] INFO  org.apache.kafka.clients.consumer.internals.ConsumerCoordinator - [Consumer clientId=consumer-tomge-consumer-group-1, groupId=tomge-consumer-group] SyncGroup failed: The group began another rebalance. Need to re-join the group. Sent generation was Generation{generationId=16, memberId='consumer-tomge-consumer-group-1-df6772d2-7207-4f0f-a5de-cb8042d0f5ff', protocol='range'}
2025-04-09 15:37:06.921 [org.springframework.kafka.KafkaListenerEndpointContainer#0-0-C-1] INFO  org.apache.kafka.clients.consumer.internals.ConsumerCoordinator - [Consumer clientId=consumer-tomge-consumer-group-1, groupId=tomge-consumer-group] Request joining group due to: rebalance failed due to 'The group is rebalancing, so a rejoin is needed.' (RebalanceInProgressException)
2025-04-09 15:37:06.921 [org.springframework.kafka.KafkaListenerEndpointContainer#0-0-C-1] INFO  org.apache.kafka.clients.consumer.internals.ConsumerCoordinator - [Consumer clientId=consumer-tomge-consumer-group-1, groupId=tomge-consumer-group] (Re-)joining group
2025-04-09 15:37:06.969 [org.springframework.kafka.KafkaListenerEndpointContainer#0-0-C-1] INFO  org.apache.kafka.clients.consumer.internals.ConsumerCoordinator - [Consumer clientId=consumer-tomge-consumer-group-1, groupId=tomge-consumer-group] Successfully joined group with generation Generation{generationId=17, memberId='consumer-tomge-consumer-group-1-df6772d2-7207-4f0f-a5de-cb8042d0f5ff', protocol='range'}
2025-04-09 15:37:06.969 [org.springframework.kafka.KafkaListenerEndpointContainer#1-0-C-1] INFO  org.apache.kafka.clients.consumer.internals.ConsumerCoordinator - [Consumer clientId=consumer-tomge-consumer-group-2, groupId=tomge-consumer-group] Successfully joined group with generation Generation{generationId=17, memberId='consumer-tomge-consumer-group-2-cd379927-739d-4185-8f34-0a57c664e299', protocol='range'}
2025-04-09 15:37:07.149 [org.springframework.kafka.KafkaListenerEndpointContainer#0-0-C-1] INFO  org.apache.kafka.clients.consumer.internals.ConsumerCoordinator - [Consumer clientId=consumer-tomge-consumer-group-1, groupId=tomge-consumer-group] Finished assignment for group at generation 17: {consumer-tomge-consumer-group-1-df6772d2-7207-4f0f-a5de-cb8042d0f5ff=Assignment(partitions=[testtopic-0]), consumer-tomge-consumer-group-2-cd379927-739d-4185-8f34-0a57c664e299=Assignment(partitions=[testtopic2-0])}
2025-04-09 15:37:07.207 [org.springframework.kafka.KafkaListenerEndpointContainer#0-0-C-1] INFO  org.apache.kafka.clients.consumer.internals.ConsumerCoordinator - [Consumer clientId=consumer-tomge-consumer-group-1, groupId=tomge-consumer-group] Successfully synced group in generation Generation{generationId=17, memberId='consumer-tomge-consumer-group-1-df6772d2-7207-4f0f-a5de-cb8042d0f5ff', protocol='range'}
2025-04-09 15:37:07.207 [org.springframework.kafka.KafkaListenerEndpointContainer#1-0-C-1] INFO  org.apache.kafka.clients.consumer.internals.ConsumerCoordinator - [Consumer clientId=consumer-tomge-consumer-group-2, groupId=tomge-consumer-group] Successfully synced group in generation Generation{generationId=17, memberId='consumer-tomge-consumer-group-2-cd379927-739d-4185-8f34-0a57c664e299', protocol='range'}
2025-04-09 15:37:07.207 [org.springframework.kafka.KafkaListenerEndpointContainer#0-0-C-1] INFO  org.apache.kafka.clients.consumer.internals.ConsumerCoordinator - [Consumer clientId=consumer-tomge-consumer-group-1, groupId=tomge-consumer-group] Notifying assignor about the new Assignment(partitions=[testtopic-0])
2025-04-09 15:37:07.207 [org.springframework.kafka.KafkaListenerEndpointContainer#1-0-C-1] INFO  org.apache.kafka.clients.consumer.internals.ConsumerCoordinator - [Consumer clientId=consumer-tomge-consumer-group-2, groupId=tomge-consumer-group] Notifying assignor about the new Assignment(partitions=[testtopic2-0])
2025-04-09 15:37:07.210 [org.springframework.kafka.KafkaListenerEndpointContainer#0-0-C-1] INFO  org.apache.kafka.clients.consumer.internals.ConsumerRebalanceListenerInvoker - [Consumer clientId=consumer-tomge-consumer-group-1, groupId=tomge-consumer-group] Adding newly assigned partitions: testtopic-0
2025-04-09 15:37:07.210 [org.springframework.kafka.KafkaListenerEndpointContainer#1-0-C-1] INFO  org.apache.kafka.clients.consumer.internals.ConsumerRebalanceListenerInvoker - [Consumer clientId=consumer-tomge-consumer-group-2, groupId=tomge-consumer-group] Adding newly assigned partitions: testtopic2-0
2025-04-09 15:37:07.356 [org.springframework.kafka.KafkaListenerEndpointContainer#0-0-C-1] INFO  org.apache.kafka.clients.consumer.internals.ConsumerUtils - Setting offset for partition testtopic-0 to the committed offset FetchPosition{offset=1, offsetEpoch=Optional.empty, currentLeader=LeaderAndEpoch{leader=Optional[106.54.227.172:9092 (id: 0 rack: null)], epoch=0}}
2025-04-09 15:37:07.356 [org.springframework.kafka.KafkaListenerEndpointContainer#1-0-C-1] INFO  org.apache.kafka.clients.consumer.internals.ConsumerUtils - Setting offset for partition testtopic2-0 to the committed offset FetchPosition{offset=0, offsetEpoch=Optional.empty, currentLeader=LeaderAndEpoch{leader=Optional[106.54.227.172:9092 (id: 0 rack: null)], epoch=0}}
2025-04-09 15:46:06.803 [org.springframework.kafka.KafkaListenerEndpointContainer#0-0-C-1] INFO  org.apache.kafka.clients.NetworkClient - [Consumer clientId=consumer-tomge-consumer-group-1, groupId=tomge-consumer-group] Node -1 disconnected.
2025-04-09 15:46:06.803 [org.springframework.kafka.KafkaListenerEndpointContainer#1-0-C-1] INFO  org.apache.kafka.clients.NetworkClient - [Consumer clientId=consumer-tomge-consumer-group-2, groupId=tomge-consumer-group] Node -1 disconnected.
2025-04-09 15:56:07.032 [org.springframework.kafka.KafkaListenerEndpointContainer#1-0-C-1] INFO  org.apache.kafka.clients.NetworkClient - [Consumer clientId=consumer-tomge-consumer-group-2, groupId=tomge-consumer-group] Node -1 disconnected.
2025-04-09 15:56:07.038 [org.springframework.kafka.KafkaListenerEndpointContainer#0-0-C-1] INFO  org.apache.kafka.clients.NetworkClient - [Consumer clientId=consumer-tomge-consumer-group-1, groupId=tomge-consumer-group] Node -1 disconnected.
2025-04-09 16:18:06.663 [org.springframework.kafka.KafkaListenerEndpointContainer#1-0-C-1] INFO  org.apache.kafka.clients.consumer.internals.ConsumerRebalanceListenerInvoker - [Consumer clientId=consumer-tomge-consumer-group-2, groupId=tomge-consumer-group] Revoke previously assigned partitions testtopic2-0
2025-04-09 16:18:06.663 [org.springframework.kafka.KafkaListenerEndpointContainer#0-0-C-1] INFO  org.apache.kafka.clients.consumer.internals.ConsumerRebalanceListenerInvoker - [Consumer clientId=consumer-tomge-consumer-group-1, groupId=tomge-consumer-group] Revoke previously assigned partitions testtopic-0
2025-04-09 16:18:06.664 [org.springframework.kafka.KafkaListenerEndpointContainer#1-0-C-1] INFO  org.apache.kafka.clients.consumer.internals.ConsumerCoordinator - [Consumer clientId=consumer-tomge-consumer-group-2, groupId=tomge-consumer-group] Member consumer-tomge-consumer-group-2-cd379927-739d-4185-8f34-0a57c664e299 sending LeaveGroup request to coordinator 106.54.227.172:9092 (id: 2147483647 rack: null) due to the consumer unsubscribed from all topics
2025-04-09 16:18:06.664 [org.springframework.kafka.KafkaListenerEndpointContainer#0-0-C-1] INFO  org.apache.kafka.clients.consumer.internals.ConsumerCoordinator - [Consumer clientId=consumer-tomge-consumer-group-1, groupId=tomge-consumer-group] Member consumer-tomge-consumer-group-1-df6772d2-7207-4f0f-a5de-cb8042d0f5ff sending LeaveGroup request to coordinator 106.54.227.172:9092 (id: 2147483647 rack: null) due to the consumer unsubscribed from all topics
2025-04-09 16:18:06.665 [org.springframework.kafka.KafkaListenerEndpointContainer#1-0-C-1] INFO  org.apache.kafka.clients.consumer.internals.ConsumerCoordinator - [Consumer clientId=consumer-tomge-consumer-group-2, groupId=tomge-consumer-group] Resetting generation and member id due to: consumer pro-actively leaving the group
2025-04-09 16:18:06.665 [org.springframework.kafka.KafkaListenerEndpointContainer#0-0-C-1] INFO  org.apache.kafka.clients.consumer.internals.ConsumerCoordinator - [Consumer clientId=consumer-tomge-consumer-group-1, groupId=tomge-consumer-group] Resetting generation and member id due to: consumer pro-actively leaving the group
2025-04-09 16:18:06.665 [org.springframework.kafka.KafkaListenerEndpointContainer#1-0-C-1] INFO  org.apache.kafka.clients.consumer.internals.ConsumerCoordinator - [Consumer clientId=consumer-tomge-consumer-group-2, groupId=tomge-consumer-group] Request joining group due to: consumer pro-actively leaving the group
2025-04-09 16:18:06.665 [org.springframework.kafka.KafkaListenerEndpointContainer#0-0-C-1] INFO  org.apache.kafka.clients.consumer.internals.ConsumerCoordinator - [Consumer clientId=consumer-tomge-consumer-group-1, groupId=tomge-consumer-group] Request joining group due to: consumer pro-actively leaving the group
2025-04-09 16:18:06.665 [org.springframework.kafka.KafkaListenerEndpointContainer#1-0-C-1] INFO  org.apache.kafka.clients.consumer.internals.LegacyKafkaConsumer - [Consumer clientId=consumer-tomge-consumer-group-2, groupId=tomge-consumer-group] Unsubscribed all topics or patterns and assigned partitions
2025-04-09 16:18:06.665 [org.springframework.kafka.KafkaListenerEndpointContainer#0-0-C-1] INFO  org.apache.kafka.clients.consumer.internals.LegacyKafkaConsumer - [Consumer clientId=consumer-tomge-consumer-group-1, groupId=tomge-consumer-group] Unsubscribed all topics or patterns and assigned partitions
2025-04-09 16:18:06.666 [org.springframework.kafka.KafkaListenerEndpointContainer#1-0-C-1] INFO  org.apache.kafka.clients.consumer.internals.ConsumerCoordinator - [Consumer clientId=consumer-tomge-consumer-group-2, groupId=tomge-consumer-group] Resetting generation and member id due to: consumer pro-actively leaving the group
2025-04-09 16:18:06.666 [org.springframework.kafka.KafkaListenerEndpointContainer#0-0-C-1] INFO  org.apache.kafka.clients.consumer.internals.ConsumerCoordinator - [Consumer clientId=consumer-tomge-consumer-group-1, groupId=tomge-consumer-group] Resetting generation and member id due to: consumer pro-actively leaving the group
2025-04-09 16:18:06.666 [org.springframework.kafka.KafkaListenerEndpointContainer#1-0-C-1] INFO  org.apache.kafka.clients.consumer.internals.ConsumerCoordinator - [Consumer clientId=consumer-tomge-consumer-group-2, groupId=tomge-consumer-group] Request joining group due to: consumer pro-actively leaving the group
2025-04-09 16:18:06.666 [org.springframework.kafka.KafkaListenerEndpointContainer#0-0-C-1] INFO  org.apache.kafka.clients.consumer.internals.ConsumerCoordinator - [Consumer clientId=consumer-tomge-consumer-group-1, groupId=tomge-consumer-group] Request joining group due to: consumer pro-actively leaving the group
2025-04-09 16:18:06.902 [org.springframework.kafka.KafkaListenerEndpointContainer#1-0-C-1] INFO  org.apache.kafka.common.metrics.Metrics - Metrics scheduler closed
2025-04-09 16:18:06.902 [org.springframework.kafka.KafkaListenerEndpointContainer#1-0-C-1] INFO  org.apache.kafka.common.metrics.Metrics - Closing reporter org.apache.kafka.common.metrics.JmxReporter
2025-04-09 16:18:06.902 [org.springframework.kafka.KafkaListenerEndpointContainer#1-0-C-1] INFO  org.apache.kafka.common.metrics.Metrics - Closing reporter org.apache.kafka.common.telemetry.internals.ClientTelemetryReporter
2025-04-09 16:18:06.902 [org.springframework.kafka.KafkaListenerEndpointContainer#1-0-C-1] INFO  org.apache.kafka.common.metrics.Metrics - Metrics reporters closed
2025-04-09 16:18:06.905 [org.springframework.kafka.KafkaListenerEndpointContainer#1-0-C-1] INFO  org.apache.kafka.common.utils.AppInfoParser - App info kafka.consumer for consumer-tomge-consumer-group-2 unregistered
2025-04-09 16:18:06.909 [org.springframework.kafka.KafkaListenerEndpointContainer#0-0-C-1] INFO  org.apache.kafka.common.metrics.Metrics - Metrics scheduler closed
2025-04-09 16:18:06.909 [org.springframework.kafka.KafkaListenerEndpointContainer#0-0-C-1] INFO  org.apache.kafka.common.metrics.Metrics - Closing reporter org.apache.kafka.common.metrics.JmxReporter
2025-04-09 16:18:06.910 [org.springframework.kafka.KafkaListenerEndpointContainer#0-0-C-1] INFO  org.apache.kafka.common.metrics.Metrics - Closing reporter org.apache.kafka.common.telemetry.internals.ClientTelemetryReporter
2025-04-09 16:18:06.910 [org.springframework.kafka.KafkaListenerEndpointContainer#0-0-C-1] INFO  org.apache.kafka.common.metrics.Metrics - Metrics reporters closed
2025-04-09 16:18:06.911 [org.springframework.kafka.KafkaListenerEndpointContainer#0-0-C-1] INFO  org.apache.kafka.common.utils.AppInfoParser - App info kafka.consumer for consumer-tomge-consumer-group-1 unregistered
2025-04-09 16:18:13.124 [main] INFO  com.test.testboot.TestbootApplication - Starting TestbootApplication using Java 23.0.2 with PID 42473 (/Users/zhaoxin/Documents/GitHub/testboot/target/classes started by zhaoxin in /Users/zhaoxin/Documents/GitHub/testboot)
2025-04-09 16:18:13.126 [main] INFO  com.test.testboot.TestbootApplication - No active profile set, falling back to 1 default profile: "default"
2025-04-09 16:18:13.792 [main] INFO  org.apache.coyote.http11.Http11NioProtocol - Initializing ProtocolHandler ["http-nio-9090"]
2025-04-09 16:18:13.793 [main] INFO  org.apache.catalina.core.StandardService - Starting service [Tomcat]
2025-04-09 16:18:13.793 [main] INFO  org.apache.catalina.core.StandardEngine - Starting Servlet engine: [Apache Tomcat/10.1.36]
2025-04-09 16:18:13.814 [main] INFO  org.apache.catalina.core.ContainerBase.[Tomcat].[localhost].[/] - Initializing Spring embedded WebApplicationContext
2025-04-09 16:18:17.710 [main] INFO  org.apache.coyote.http11.Http11NioProtocol - Starting ProtocolHandler ["http-nio-9090"]
2025-04-09 16:18:17.730 [main] INFO  org.apache.kafka.clients.consumer.ConsumerConfig - ConsumerConfig values: 
	allow.auto.create.topics = true
	auto.commit.interval.ms = 5000
	auto.include.jmx.reporter = true
	auto.offset.reset = latest
	bootstrap.servers = [106.54.227.172:9092]
	check.crcs = true
	client.dns.lookup = use_all_dns_ips
	client.id = consumer-tomge-consumer-group-1
	client.rack = 
	connections.max.idle.ms = 540000
	default.api.timeout.ms = 60000
	enable.auto.commit = false
	enable.metrics.push = true
	exclude.internal.topics = true
	fetch.max.bytes = 52428800
	fetch.max.wait.ms = 500
	fetch.min.bytes = 1
	group.id = tomge-consumer-group
	group.instance.id = null
	group.protocol = classic
	group.remote.assignor = null
	heartbeat.interval.ms = 3000
	interceptor.classes = []
	internal.leave.group.on.close = true
	internal.throw.on.fetch.stable.offset.unsupported = false
	isolation.level = read_uncommitted
	key.deserializer = class org.apache.kafka.common.serialization.StringDeserializer
	max.partition.fetch.bytes = 1048576
	max.poll.interval.ms = 300000
	max.poll.records = 500
	metadata.max.age.ms = 300000
	metric.reporters = []
	metrics.num.samples = 2
	metrics.recording.level = INFO
	metrics.sample.window.ms = 30000
	partition.assignment.strategy = [class org.apache.kafka.clients.consumer.RangeAssignor, class org.apache.kafka.clients.consumer.CooperativeStickyAssignor]
	receive.buffer.bytes = 65536
	reconnect.backoff.max.ms = 1000
	reconnect.backoff.ms = 50
	request.timeout.ms = 30000
	retry.backoff.max.ms = 1000
	retry.backoff.ms = 100
	sasl.client.callback.handler.class = null
	sasl.jaas.config = null
	sasl.kerberos.kinit.cmd = /usr/bin/kinit
	sasl.kerberos.min.time.before.relogin = 60000
	sasl.kerberos.service.name = null
	sasl.kerberos.ticket.renew.jitter = 0.05
	sasl.kerberos.ticket.renew.window.factor = 0.8
	sasl.login.callback.handler.class = null
	sasl.login.class = null
	sasl.login.connect.timeout.ms = null
	sasl.login.read.timeout.ms = null
	sasl.login.refresh.buffer.seconds = 300
	sasl.login.refresh.min.period.seconds = 60
	sasl.login.refresh.window.factor = 0.8
	sasl.login.refresh.window.jitter = 0.05
	sasl.login.retry.backoff.max.ms = 10000
	sasl.login.retry.backoff.ms = 100
	sasl.mechanism = GSSAPI
	sasl.oauthbearer.clock.skew.seconds = 30
	sasl.oauthbearer.expected.audience = null
	sasl.oauthbearer.expected.issuer = null
	sasl.oauthbearer.jwks.endpoint.refresh.ms = 3600000
	sasl.oauthbearer.jwks.endpoint.retry.backoff.max.ms = 10000
	sasl.oauthbearer.jwks.endpoint.retry.backoff.ms = 100
	sasl.oauthbearer.jwks.endpoint.url = null
	sasl.oauthbearer.scope.claim.name = scope
	sasl.oauthbearer.sub.claim.name = sub
	sasl.oauthbearer.token.endpoint.url = null
	security.protocol = PLAINTEXT
	security.providers = null
	send.buffer.bytes = 131072
	session.timeout.ms = 45000
	socket.connection.setup.timeout.max.ms = 30000
	socket.connection.setup.timeout.ms = 10000
	ssl.cipher.suites = null
	ssl.enabled.protocols = [TLSv1.2, TLSv1.3]
	ssl.endpoint.identification.algorithm = https
	ssl.engine.factory.class = null
	ssl.key.password = null
	ssl.keymanager.algorithm = SunX509
	ssl.keystore.certificate.chain = null
	ssl.keystore.key = null
	ssl.keystore.location = null
	ssl.keystore.password = null
	ssl.keystore.type = JKS
	ssl.protocol = TLSv1.3
	ssl.provider = null
	ssl.secure.random.implementation = null
	ssl.trustmanager.algorithm = PKIX
	ssl.truststore.certificates = null
	ssl.truststore.location = null
	ssl.truststore.password = null
	ssl.truststore.type = JKS
	value.deserializer = class org.apache.kafka.common.serialization.StringDeserializer

2025-04-09 16:18:17.750 [main] INFO  org.apache.kafka.common.telemetry.internals.KafkaMetricsCollector - initializing Kafka metrics collector
2025-04-09 16:18:17.778 [main] INFO  org.apache.kafka.common.utils.AppInfoParser - Kafka version: 3.7.2
2025-04-09 16:18:17.778 [main] INFO  org.apache.kafka.common.utils.AppInfoParser - Kafka commitId: 79a8f2b5f44f9d5a
2025-04-09 16:18:17.778 [main] INFO  org.apache.kafka.common.utils.AppInfoParser - Kafka startTimeMs: 1744186697778
2025-04-09 16:18:17.780 [main] INFO  org.apache.kafka.clients.consumer.internals.LegacyKafkaConsumer - [Consumer clientId=consumer-tomge-consumer-group-1, groupId=tomge-consumer-group] Subscribed to topic(s): testtopic2
2025-04-09 16:18:17.786 [main] INFO  org.apache.kafka.clients.consumer.ConsumerConfig - ConsumerConfig values: 
	allow.auto.create.topics = true
	auto.commit.interval.ms = 5000
	auto.include.jmx.reporter = true
	auto.offset.reset = latest
	bootstrap.servers = [106.54.227.172:9092]
	check.crcs = true
	client.dns.lookup = use_all_dns_ips
	client.id = consumer-tomge-consumer-group-2
	client.rack = 
	connections.max.idle.ms = 540000
	default.api.timeout.ms = 60000
	enable.auto.commit = false
	enable.metrics.push = true
	exclude.internal.topics = true
	fetch.max.bytes = 52428800
	fetch.max.wait.ms = 500
	fetch.min.bytes = 1
	group.id = tomge-consumer-group
	group.instance.id = null
	group.protocol = classic
	group.remote.assignor = null
	heartbeat.interval.ms = 3000
	interceptor.classes = []
	internal.leave.group.on.close = true
	internal.throw.on.fetch.stable.offset.unsupported = false
	isolation.level = read_uncommitted
	key.deserializer = class org.apache.kafka.common.serialization.StringDeserializer
	max.partition.fetch.bytes = 1048576
	max.poll.interval.ms = 300000
	max.poll.records = 500
	metadata.max.age.ms = 300000
	metric.reporters = []
	metrics.num.samples = 2
	metrics.recording.level = INFO
	metrics.sample.window.ms = 30000
	partition.assignment.strategy = [class org.apache.kafka.clients.consumer.RangeAssignor, class org.apache.kafka.clients.consumer.CooperativeStickyAssignor]
	receive.buffer.bytes = 65536
	reconnect.backoff.max.ms = 1000
	reconnect.backoff.ms = 50
	request.timeout.ms = 30000
	retry.backoff.max.ms = 1000
	retry.backoff.ms = 100
	sasl.client.callback.handler.class = null
	sasl.jaas.config = null
	sasl.kerberos.kinit.cmd = /usr/bin/kinit
	sasl.kerberos.min.time.before.relogin = 60000
	sasl.kerberos.service.name = null
	sasl.kerberos.ticket.renew.jitter = 0.05
	sasl.kerberos.ticket.renew.window.factor = 0.8
	sasl.login.callback.handler.class = null
	sasl.login.class = null
	sasl.login.connect.timeout.ms = null
	sasl.login.read.timeout.ms = null
	sasl.login.refresh.buffer.seconds = 300
	sasl.login.refresh.min.period.seconds = 60
	sasl.login.refresh.window.factor = 0.8
	sasl.login.refresh.window.jitter = 0.05
	sasl.login.retry.backoff.max.ms = 10000
	sasl.login.retry.backoff.ms = 100
	sasl.mechanism = GSSAPI
	sasl.oauthbearer.clock.skew.seconds = 30
	sasl.oauthbearer.expected.audience = null
	sasl.oauthbearer.expected.issuer = null
	sasl.oauthbearer.jwks.endpoint.refresh.ms = 3600000
	sasl.oauthbearer.jwks.endpoint.retry.backoff.max.ms = 10000
	sasl.oauthbearer.jwks.endpoint.retry.backoff.ms = 100
	sasl.oauthbearer.jwks.endpoint.url = null
	sasl.oauthbearer.scope.claim.name = scope
	sasl.oauthbearer.sub.claim.name = sub
	sasl.oauthbearer.token.endpoint.url = null
	security.protocol = PLAINTEXT
	security.providers = null
	send.buffer.bytes = 131072
	session.timeout.ms = 45000
	socket.connection.setup.timeout.max.ms = 30000
	socket.connection.setup.timeout.ms = 10000
	ssl.cipher.suites = null
	ssl.enabled.protocols = [TLSv1.2, TLSv1.3]
	ssl.endpoint.identification.algorithm = https
	ssl.engine.factory.class = null
	ssl.key.password = null
	ssl.keymanager.algorithm = SunX509
	ssl.keystore.certificate.chain = null
	ssl.keystore.key = null
	ssl.keystore.location = null
	ssl.keystore.password = null
	ssl.keystore.type = JKS
	ssl.protocol = TLSv1.3
	ssl.provider = null
	ssl.secure.random.implementation = null
	ssl.trustmanager.algorithm = PKIX
	ssl.truststore.certificates = null
	ssl.truststore.location = null
	ssl.truststore.password = null
	ssl.truststore.type = JKS
	value.deserializer = class org.apache.kafka.common.serialization.StringDeserializer

2025-04-09 16:18:17.786 [main] INFO  org.apache.kafka.common.telemetry.internals.KafkaMetricsCollector - initializing Kafka metrics collector
2025-04-09 16:18:17.789 [main] INFO  org.apache.kafka.common.utils.AppInfoParser - Kafka version: 3.7.2
2025-04-09 16:18:17.789 [main] INFO  org.apache.kafka.common.utils.AppInfoParser - Kafka commitId: 79a8f2b5f44f9d5a
2025-04-09 16:18:17.789 [main] INFO  org.apache.kafka.common.utils.AppInfoParser - Kafka startTimeMs: 1744186697789
2025-04-09 16:18:17.789 [main] INFO  org.apache.kafka.clients.consumer.internals.LegacyKafkaConsumer - [Consumer clientId=consumer-tomge-consumer-group-2, groupId=tomge-consumer-group] Subscribed to topic(s): testtopic
2025-04-09 16:18:17.796 [main] INFO  com.test.testboot.TestbootApplication - Started TestbootApplication in 4.872 seconds (process running for 5.143)
2025-04-09 16:18:18.035 [org.springframework.kafka.KafkaListenerEndpointContainer#0-0-C-1] INFO  org.apache.kafka.clients.Metadata - [Consumer clientId=consumer-tomge-consumer-group-1, groupId=tomge-consumer-group] Cluster ID: a9Ypxh85Tn-baDC9a_oChQ
2025-04-09 16:18:18.035 [org.springframework.kafka.KafkaListenerEndpointContainer#1-0-C-1] INFO  org.apache.kafka.clients.Metadata - [Consumer clientId=consumer-tomge-consumer-group-2, groupId=tomge-consumer-group] Cluster ID: a9Ypxh85Tn-baDC9a_oChQ
2025-04-09 16:18:18.040 [org.springframework.kafka.KafkaListenerEndpointContainer#0-0-C-1] INFO  org.apache.kafka.clients.consumer.internals.ConsumerCoordinator - [Consumer clientId=consumer-tomge-consumer-group-1, groupId=tomge-consumer-group] Discovered group coordinator 106.54.227.172:9092 (id: 2147483647 rack: null)
2025-04-09 16:18:18.040 [org.springframework.kafka.KafkaListenerEndpointContainer#1-0-C-1] INFO  org.apache.kafka.clients.consumer.internals.ConsumerCoordinator - [Consumer clientId=consumer-tomge-consumer-group-2, groupId=tomge-consumer-group] Discovered group coordinator 106.54.227.172:9092 (id: 2147483647 rack: null)
2025-04-09 16:18:18.042 [org.springframework.kafka.KafkaListenerEndpointContainer#0-0-C-1] INFO  org.apache.kafka.clients.consumer.internals.ConsumerCoordinator - [Consumer clientId=consumer-tomge-consumer-group-1, groupId=tomge-consumer-group] (Re-)joining group
2025-04-09 16:18:18.042 [org.springframework.kafka.KafkaListenerEndpointContainer#1-0-C-1] INFO  org.apache.kafka.clients.consumer.internals.ConsumerCoordinator - [Consumer clientId=consumer-tomge-consumer-group-2, groupId=tomge-consumer-group] (Re-)joining group
2025-04-09 16:18:18.167 [org.springframework.kafka.KafkaListenerEndpointContainer#0-0-C-1] INFO  org.apache.kafka.clients.consumer.internals.ConsumerCoordinator - [Consumer clientId=consumer-tomge-consumer-group-1, groupId=tomge-consumer-group] Request joining group due to: need to re-join with the given member-id: consumer-tomge-consumer-group-1-1d5f783e-9290-4f0c-b992-d9b7208c0470
2025-04-09 16:18:18.167 [org.springframework.kafka.KafkaListenerEndpointContainer#1-0-C-1] INFO  org.apache.kafka.clients.consumer.internals.ConsumerCoordinator - [Consumer clientId=consumer-tomge-consumer-group-2, groupId=tomge-consumer-group] Request joining group due to: need to re-join with the given member-id: consumer-tomge-consumer-group-2-69ad0feb-0ccf-495f-b441-a060b8a45d77
2025-04-09 16:18:18.168 [org.springframework.kafka.KafkaListenerEndpointContainer#0-0-C-1] INFO  org.apache.kafka.clients.consumer.internals.ConsumerCoordinator - [Consumer clientId=consumer-tomge-consumer-group-1, groupId=tomge-consumer-group] (Re-)joining group
2025-04-09 16:18:18.168 [org.springframework.kafka.KafkaListenerEndpointContainer#1-0-C-1] INFO  org.apache.kafka.clients.consumer.internals.ConsumerCoordinator - [Consumer clientId=consumer-tomge-consumer-group-2, groupId=tomge-consumer-group] (Re-)joining group
2025-04-09 16:18:18.251 [org.springframework.kafka.KafkaListenerEndpointContainer#1-0-C-1] INFO  org.apache.kafka.clients.consumer.internals.ConsumerCoordinator - [Consumer clientId=consumer-tomge-consumer-group-2, groupId=tomge-consumer-group] Successfully joined group with generation Generation{generationId=19, memberId='consumer-tomge-consumer-group-2-69ad0feb-0ccf-495f-b441-a060b8a45d77', protocol='range'}
2025-04-09 16:18:18.257 [org.springframework.kafka.KafkaListenerEndpointContainer#1-0-C-1] INFO  org.apache.kafka.clients.consumer.internals.ConsumerCoordinator - [Consumer clientId=consumer-tomge-consumer-group-2, groupId=tomge-consumer-group] Finished assignment for group at generation 19: {consumer-tomge-consumer-group-2-69ad0feb-0ccf-495f-b441-a060b8a45d77=Assignment(partitions=[testtopic-0])}
2025-04-09 16:18:18.300 [org.springframework.kafka.KafkaListenerEndpointContainer#1-0-C-1] INFO  org.apache.kafka.clients.consumer.internals.ConsumerCoordinator - [Consumer clientId=consumer-tomge-consumer-group-2, groupId=tomge-consumer-group] SyncGroup failed: The group began another rebalance. Need to re-join the group. Sent generation was Generation{generationId=19, memberId='consumer-tomge-consumer-group-2-69ad0feb-0ccf-495f-b441-a060b8a45d77', protocol='range'}
2025-04-09 16:18:18.300 [org.springframework.kafka.KafkaListenerEndpointContainer#1-0-C-1] INFO  org.apache.kafka.clients.consumer.internals.ConsumerCoordinator - [Consumer clientId=consumer-tomge-consumer-group-2, groupId=tomge-consumer-group] Request joining group due to: rebalance failed due to 'The group is rebalancing, so a rejoin is needed.' (RebalanceInProgressException)
2025-04-09 16:18:18.300 [org.springframework.kafka.KafkaListenerEndpointContainer#1-0-C-1] INFO  org.apache.kafka.clients.consumer.internals.ConsumerCoordinator - [Consumer clientId=consumer-tomge-consumer-group-2, groupId=tomge-consumer-group] (Re-)joining group
2025-04-09 16:18:18.341 [org.springframework.kafka.KafkaListenerEndpointContainer#1-0-C-1] INFO  org.apache.kafka.clients.consumer.internals.ConsumerCoordinator - [Consumer clientId=consumer-tomge-consumer-group-2, groupId=tomge-consumer-group] Successfully joined group with generation Generation{generationId=20, memberId='consumer-tomge-consumer-group-2-69ad0feb-0ccf-495f-b441-a060b8a45d77', protocol='range'}
2025-04-09 16:18:18.344 [org.springframework.kafka.KafkaListenerEndpointContainer#0-0-C-1] INFO  org.apache.kafka.clients.consumer.internals.ConsumerCoordinator - [Consumer clientId=consumer-tomge-consumer-group-1, groupId=tomge-consumer-group] Successfully joined group with generation Generation{generationId=20, memberId='consumer-tomge-consumer-group-1-1d5f783e-9290-4f0c-b992-d9b7208c0470', protocol='range'}
2025-04-09 16:18:18.475 [org.springframework.kafka.KafkaListenerEndpointContainer#1-0-C-1] INFO  org.apache.kafka.clients.consumer.internals.ConsumerCoordinator - [Consumer clientId=consumer-tomge-consumer-group-2, groupId=tomge-consumer-group] Finished assignment for group at generation 20: {consumer-tomge-consumer-group-1-1d5f783e-9290-4f0c-b992-d9b7208c0470=Assignment(partitions=[testtopic2-0]), consumer-tomge-consumer-group-2-69ad0feb-0ccf-495f-b441-a060b8a45d77=Assignment(partitions=[testtopic-0])}
2025-04-09 16:18:18.523 [org.springframework.kafka.KafkaListenerEndpointContainer#0-0-C-1] INFO  org.apache.kafka.clients.consumer.internals.ConsumerCoordinator - [Consumer clientId=consumer-tomge-consumer-group-1, groupId=tomge-consumer-group] Successfully synced group in generation Generation{generationId=20, memberId='consumer-tomge-consumer-group-1-1d5f783e-9290-4f0c-b992-d9b7208c0470', protocol='range'}
2025-04-09 16:18:18.523 [org.springframework.kafka.KafkaListenerEndpointContainer#1-0-C-1] INFO  org.apache.kafka.clients.consumer.internals.ConsumerCoordinator - [Consumer clientId=consumer-tomge-consumer-group-2, groupId=tomge-consumer-group] Successfully synced group in generation Generation{generationId=20, memberId='consumer-tomge-consumer-group-2-69ad0feb-0ccf-495f-b441-a060b8a45d77', protocol='range'}
2025-04-09 16:18:18.523 [org.springframework.kafka.KafkaListenerEndpointContainer#1-0-C-1] INFO  org.apache.kafka.clients.consumer.internals.ConsumerCoordinator - [Consumer clientId=consumer-tomge-consumer-group-2, groupId=tomge-consumer-group] Notifying assignor about the new Assignment(partitions=[testtopic-0])
2025-04-09 16:18:18.523 [org.springframework.kafka.KafkaListenerEndpointContainer#0-0-C-1] INFO  org.apache.kafka.clients.consumer.internals.ConsumerCoordinator - [Consumer clientId=consumer-tomge-consumer-group-1, groupId=tomge-consumer-group] Notifying assignor about the new Assignment(partitions=[testtopic2-0])
2025-04-09 16:18:18.526 [org.springframework.kafka.KafkaListenerEndpointContainer#0-0-C-1] INFO  org.apache.kafka.clients.consumer.internals.ConsumerRebalanceListenerInvoker - [Consumer clientId=consumer-tomge-consumer-group-1, groupId=tomge-consumer-group] Adding newly assigned partitions: testtopic2-0
2025-04-09 16:18:18.526 [org.springframework.kafka.KafkaListenerEndpointContainer#1-0-C-1] INFO  org.apache.kafka.clients.consumer.internals.ConsumerRebalanceListenerInvoker - [Consumer clientId=consumer-tomge-consumer-group-2, groupId=tomge-consumer-group] Adding newly assigned partitions: testtopic-0
2025-04-09 16:18:18.622 [org.springframework.kafka.KafkaListenerEndpointContainer#0-0-C-1] INFO  org.apache.kafka.clients.consumer.internals.ConsumerUtils - Setting offset for partition testtopic2-0 to the committed offset FetchPosition{offset=0, offsetEpoch=Optional.empty, currentLeader=LeaderAndEpoch{leader=Optional[106.54.227.172:9092 (id: 0 rack: null)], epoch=0}}
2025-04-09 16:18:18.622 [org.springframework.kafka.KafkaListenerEndpointContainer#1-0-C-1] INFO  org.apache.kafka.clients.consumer.internals.ConsumerUtils - Setting offset for partition testtopic-0 to the committed offset FetchPosition{offset=1, offsetEpoch=Optional.empty, currentLeader=LeaderAndEpoch{leader=Optional[106.54.227.172:9092 (id: 0 rack: null)], epoch=0}}
2025-04-09 16:27:18.573 [org.springframework.kafka.KafkaListenerEndpointContainer#0-0-C-1] INFO  org.apache.kafka.clients.NetworkClient - [Consumer clientId=consumer-tomge-consumer-group-1, groupId=tomge-consumer-group] Node -1 disconnected.
2025-04-09 16:27:18.573 [org.springframework.kafka.KafkaListenerEndpointContainer#1-0-C-1] INFO  org.apache.kafka.clients.NetworkClient - [Consumer clientId=consumer-tomge-consumer-group-2, groupId=tomge-consumer-group] Node -1 disconnected.
2025-04-09 16:37:18.081 [org.springframework.kafka.KafkaListenerEndpointContainer#0-0-C-1] INFO  org.apache.kafka.clients.NetworkClient - [Consumer clientId=consumer-tomge-consumer-group-1, groupId=tomge-consumer-group] Node -1 disconnected.
2025-04-09 16:37:18.081 [org.springframework.kafka.KafkaListenerEndpointContainer#1-0-C-1] INFO  org.apache.kafka.clients.NetworkClient - [Consumer clientId=consumer-tomge-consumer-group-2, groupId=tomge-consumer-group] Node -1 disconnected.
2025-04-09 16:39:28.820 [http-nio-9090-exec-2] INFO  org.apache.catalina.core.ContainerBase.[Tomcat].[localhost].[/] - Initializing Spring DispatcherServlet 'dispatcherServlet'
2025-04-09 16:39:28.873 [http-nio-9090-exec-2] INFO  com.zaxxer.hikari.HikariDataSource - HikariPool-1 - Starting...
2025-04-09 16:39:34.328 [http-nio-9090-exec-2] INFO  com.zaxxer.hikari.pool.HikariPool - HikariPool-1 - Added connection com.mysql.cj.jdbc.ConnectionImpl@164a07fe
2025-04-09 16:39:34.331 [http-nio-9090-exec-2] INFO  com.zaxxer.hikari.HikariDataSource - HikariPool-1 - Start completed.
2025-04-09 16:41:26.328 [org.springframework.kafka.KafkaListenerEndpointContainer#0-0-C-1] INFO  org.apache.kafka.clients.consumer.internals.ConsumerRebalanceListenerInvoker - [Consumer clientId=consumer-tomge-consumer-group-1, groupId=tomge-consumer-group] Revoke previously assigned partitions testtopic2-0
2025-04-09 16:41:26.328 [org.springframework.kafka.KafkaListenerEndpointContainer#1-0-C-1] INFO  org.apache.kafka.clients.consumer.internals.ConsumerRebalanceListenerInvoker - [Consumer clientId=consumer-tomge-consumer-group-2, groupId=tomge-consumer-group] Revoke previously assigned partitions testtopic-0
2025-04-09 16:41:26.329 [org.springframework.kafka.KafkaListenerEndpointContainer#0-0-C-1] INFO  org.apache.kafka.clients.consumer.internals.ConsumerCoordinator - [Consumer clientId=consumer-tomge-consumer-group-1, groupId=tomge-consumer-group] Member consumer-tomge-consumer-group-1-1d5f783e-9290-4f0c-b992-d9b7208c0470 sending LeaveGroup request to coordinator 106.54.227.172:9092 (id: 2147483647 rack: null) due to the consumer unsubscribed from all topics
2025-04-09 16:41:26.329 [org.springframework.kafka.KafkaListenerEndpointContainer#1-0-C-1] INFO  org.apache.kafka.clients.consumer.internals.ConsumerCoordinator - [Consumer clientId=consumer-tomge-consumer-group-2, groupId=tomge-consumer-group] Member consumer-tomge-consumer-group-2-69ad0feb-0ccf-495f-b441-a060b8a45d77 sending LeaveGroup request to coordinator 106.54.227.172:9092 (id: 2147483647 rack: null) due to the consumer unsubscribed from all topics
2025-04-09 16:41:26.329 [org.springframework.kafka.KafkaListenerEndpointContainer#0-0-C-1] INFO  org.apache.kafka.clients.consumer.internals.ConsumerCoordinator - [Consumer clientId=consumer-tomge-consumer-group-1, groupId=tomge-consumer-group] Resetting generation and member id due to: consumer pro-actively leaving the group
2025-04-09 16:41:26.329 [org.springframework.kafka.KafkaListenerEndpointContainer#1-0-C-1] INFO  org.apache.kafka.clients.consumer.internals.ConsumerCoordinator - [Consumer clientId=consumer-tomge-consumer-group-2, groupId=tomge-consumer-group] Resetting generation and member id due to: consumer pro-actively leaving the group
2025-04-09 16:41:26.329 [org.springframework.kafka.KafkaListenerEndpointContainer#0-0-C-1] INFO  org.apache.kafka.clients.consumer.internals.ConsumerCoordinator - [Consumer clientId=consumer-tomge-consumer-group-1, groupId=tomge-consumer-group] Request joining group due to: consumer pro-actively leaving the group
2025-04-09 16:41:26.329 [org.springframework.kafka.KafkaListenerEndpointContainer#1-0-C-1] INFO  org.apache.kafka.clients.consumer.internals.ConsumerCoordinator - [Consumer clientId=consumer-tomge-consumer-group-2, groupId=tomge-consumer-group] Request joining group due to: consumer pro-actively leaving the group
2025-04-09 16:41:26.329 [org.springframework.kafka.KafkaListenerEndpointContainer#0-0-C-1] INFO  org.apache.kafka.clients.consumer.internals.LegacyKafkaConsumer - [Consumer clientId=consumer-tomge-consumer-group-1, groupId=tomge-consumer-group] Unsubscribed all topics or patterns and assigned partitions
2025-04-09 16:41:26.329 [org.springframework.kafka.KafkaListenerEndpointContainer#1-0-C-1] INFO  org.apache.kafka.clients.consumer.internals.LegacyKafkaConsumer - [Consumer clientId=consumer-tomge-consumer-group-2, groupId=tomge-consumer-group] Unsubscribed all topics or patterns and assigned partitions
2025-04-09 16:41:26.330 [org.springframework.kafka.KafkaListenerEndpointContainer#0-0-C-1] INFO  org.apache.kafka.clients.consumer.internals.ConsumerCoordinator - [Consumer clientId=consumer-tomge-consumer-group-1, groupId=tomge-consumer-group] Resetting generation and member id due to: consumer pro-actively leaving the group
2025-04-09 16:41:26.330 [org.springframework.kafka.KafkaListenerEndpointContainer#1-0-C-1] INFO  org.apache.kafka.clients.consumer.internals.ConsumerCoordinator - [Consumer clientId=consumer-tomge-consumer-group-2, groupId=tomge-consumer-group] Resetting generation and member id due to: consumer pro-actively leaving the group
2025-04-09 16:41:26.330 [org.springframework.kafka.KafkaListenerEndpointContainer#0-0-C-1] INFO  org.apache.kafka.clients.consumer.internals.ConsumerCoordinator - [Consumer clientId=consumer-tomge-consumer-group-1, groupId=tomge-consumer-group] Request joining group due to: consumer pro-actively leaving the group
2025-04-09 16:41:26.330 [org.springframework.kafka.KafkaListenerEndpointContainer#1-0-C-1] INFO  org.apache.kafka.clients.consumer.internals.ConsumerCoordinator - [Consumer clientId=consumer-tomge-consumer-group-2, groupId=tomge-consumer-group] Request joining group due to: consumer pro-actively leaving the group
2025-04-09 16:41:26.604 [org.springframework.kafka.KafkaListenerEndpointContainer#1-0-C-1] INFO  org.apache.kafka.common.metrics.Metrics - Metrics scheduler closed
2025-04-09 16:41:26.605 [org.springframework.kafka.KafkaListenerEndpointContainer#1-0-C-1] INFO  org.apache.kafka.common.metrics.Metrics - Closing reporter org.apache.kafka.common.metrics.JmxReporter
2025-04-09 16:41:26.605 [org.springframework.kafka.KafkaListenerEndpointContainer#1-0-C-1] INFO  org.apache.kafka.common.metrics.Metrics - Closing reporter org.apache.kafka.common.telemetry.internals.ClientTelemetryReporter
2025-04-09 16:41:26.605 [org.springframework.kafka.KafkaListenerEndpointContainer#1-0-C-1] INFO  org.apache.kafka.common.metrics.Metrics - Metrics reporters closed
2025-04-09 16:41:26.606 [org.springframework.kafka.KafkaListenerEndpointContainer#0-0-C-1] INFO  org.apache.kafka.common.metrics.Metrics - Metrics scheduler closed
2025-04-09 16:41:26.606 [org.springframework.kafka.KafkaListenerEndpointContainer#0-0-C-1] INFO  org.apache.kafka.common.metrics.Metrics - Closing reporter org.apache.kafka.common.metrics.JmxReporter
2025-04-09 16:41:26.606 [org.springframework.kafka.KafkaListenerEndpointContainer#0-0-C-1] INFO  org.apache.kafka.common.metrics.Metrics - Closing reporter org.apache.kafka.common.telemetry.internals.ClientTelemetryReporter
2025-04-09 16:41:26.606 [org.springframework.kafka.KafkaListenerEndpointContainer#0-0-C-1] INFO  org.apache.kafka.common.metrics.Metrics - Metrics reporters closed
2025-04-09 16:41:26.610 [org.springframework.kafka.KafkaListenerEndpointContainer#1-0-C-1] INFO  org.apache.kafka.common.utils.AppInfoParser - App info kafka.consumer for consumer-tomge-consumer-group-2 unregistered
2025-04-09 16:41:26.611 [org.springframework.kafka.KafkaListenerEndpointContainer#0-0-C-1] INFO  org.apache.kafka.common.utils.AppInfoParser - App info kafka.consumer for consumer-tomge-consumer-group-1 unregistered
2025-04-09 16:41:28.705 [SpringApplicationShutdownHook] INFO  com.zaxxer.hikari.HikariDataSource - HikariPool-1 - Shutdown initiated...
2025-04-09 16:41:28.709 [SpringApplicationShutdownHook] INFO  com.zaxxer.hikari.HikariDataSource - HikariPool-1 - Shutdown completed.
2025-04-09 16:44:47.581 [main] INFO  com.test.testboot.TestbootApplication - Starting TestbootApplication using Java 23.0.2 with PID 42840 (/Users/zhaoxin/Documents/GitHub/testboot/target/classes started by zhaoxin in /Users/zhaoxin/Documents/GitHub/testboot)
2025-04-09 16:44:47.583 [main] INFO  com.test.testboot.TestbootApplication - No active profile set, falling back to 1 default profile: "default"
2025-04-09 16:44:48.232 [main] INFO  org.apache.coyote.http11.Http11NioProtocol - Initializing ProtocolHandler ["http-nio-9090"]
2025-04-09 16:44:48.233 [main] INFO  org.apache.catalina.core.StandardService - Starting service [Tomcat]
2025-04-09 16:44:48.233 [main] INFO  org.apache.catalina.core.StandardEngine - Starting Servlet engine: [Apache Tomcat/10.1.36]
2025-04-09 16:44:48.254 [main] INFO  org.apache.catalina.core.ContainerBase.[Tomcat].[localhost].[/] - Initializing Spring embedded WebApplicationContext
2025-04-09 16:44:50.757 [main] INFO  org.apache.coyote.http11.Http11NioProtocol - Starting ProtocolHandler ["http-nio-9090"]
2025-04-09 16:44:50.776 [main] INFO  org.apache.kafka.clients.consumer.ConsumerConfig - ConsumerConfig values: 
	allow.auto.create.topics = true
	auto.commit.interval.ms = 5000
	auto.include.jmx.reporter = true
	auto.offset.reset = latest
	bootstrap.servers = [106.54.227.172:9092]
	check.crcs = true
	client.dns.lookup = use_all_dns_ips
	client.id = consumer-tomge-consumer-group-1
	client.rack = 
	connections.max.idle.ms = 540000
	default.api.timeout.ms = 60000
	enable.auto.commit = false
	enable.metrics.push = true
	exclude.internal.topics = true
	fetch.max.bytes = 52428800
	fetch.max.wait.ms = 500
	fetch.min.bytes = 1
	group.id = tomge-consumer-group
	group.instance.id = null
	group.protocol = classic
	group.remote.assignor = null
	heartbeat.interval.ms = 3000
	interceptor.classes = []
	internal.leave.group.on.close = true
	internal.throw.on.fetch.stable.offset.unsupported = false
	isolation.level = read_uncommitted
	key.deserializer = class org.apache.kafka.common.serialization.StringDeserializer
	max.partition.fetch.bytes = 1048576
	max.poll.interval.ms = 300000
	max.poll.records = 500
	metadata.max.age.ms = 300000
	metric.reporters = []
	metrics.num.samples = 2
	metrics.recording.level = INFO
	metrics.sample.window.ms = 30000
	partition.assignment.strategy = [class org.apache.kafka.clients.consumer.RangeAssignor, class org.apache.kafka.clients.consumer.CooperativeStickyAssignor]
	receive.buffer.bytes = 65536
	reconnect.backoff.max.ms = 1000
	reconnect.backoff.ms = 50
	request.timeout.ms = 30000
	retry.backoff.max.ms = 1000
	retry.backoff.ms = 100
	sasl.client.callback.handler.class = null
	sasl.jaas.config = null
	sasl.kerberos.kinit.cmd = /usr/bin/kinit
	sasl.kerberos.min.time.before.relogin = 60000
	sasl.kerberos.service.name = null
	sasl.kerberos.ticket.renew.jitter = 0.05
	sasl.kerberos.ticket.renew.window.factor = 0.8
	sasl.login.callback.handler.class = null
	sasl.login.class = null
	sasl.login.connect.timeout.ms = null
	sasl.login.read.timeout.ms = null
	sasl.login.refresh.buffer.seconds = 300
	sasl.login.refresh.min.period.seconds = 60
	sasl.login.refresh.window.factor = 0.8
	sasl.login.refresh.window.jitter = 0.05
	sasl.login.retry.backoff.max.ms = 10000
	sasl.login.retry.backoff.ms = 100
	sasl.mechanism = GSSAPI
	sasl.oauthbearer.clock.skew.seconds = 30
	sasl.oauthbearer.expected.audience = null
	sasl.oauthbearer.expected.issuer = null
	sasl.oauthbearer.jwks.endpoint.refresh.ms = 3600000
	sasl.oauthbearer.jwks.endpoint.retry.backoff.max.ms = 10000
	sasl.oauthbearer.jwks.endpoint.retry.backoff.ms = 100
	sasl.oauthbearer.jwks.endpoint.url = null
	sasl.oauthbearer.scope.claim.name = scope
	sasl.oauthbearer.sub.claim.name = sub
	sasl.oauthbearer.token.endpoint.url = null
	security.protocol = PLAINTEXT
	security.providers = null
	send.buffer.bytes = 131072
	session.timeout.ms = 45000
	socket.connection.setup.timeout.max.ms = 30000
	socket.connection.setup.timeout.ms = 10000
	ssl.cipher.suites = null
	ssl.enabled.protocols = [TLSv1.2, TLSv1.3]
	ssl.endpoint.identification.algorithm = https
	ssl.engine.factory.class = null
	ssl.key.password = null
	ssl.keymanager.algorithm = SunX509
	ssl.keystore.certificate.chain = null
	ssl.keystore.key = null
	ssl.keystore.location = null
	ssl.keystore.password = null
	ssl.keystore.type = JKS
	ssl.protocol = TLSv1.3
	ssl.provider = null
	ssl.secure.random.implementation = null
	ssl.trustmanager.algorithm = PKIX
	ssl.truststore.certificates = null
	ssl.truststore.location = null
	ssl.truststore.password = null
	ssl.truststore.type = JKS
	value.deserializer = class org.apache.kafka.common.serialization.StringDeserializer

2025-04-09 16:44:50.794 [main] INFO  org.apache.kafka.common.telemetry.internals.KafkaMetricsCollector - initializing Kafka metrics collector
2025-04-09 16:44:50.822 [main] INFO  org.apache.kafka.common.utils.AppInfoParser - Kafka version: 3.7.2
2025-04-09 16:44:50.822 [main] INFO  org.apache.kafka.common.utils.AppInfoParser - Kafka commitId: 79a8f2b5f44f9d5a
2025-04-09 16:44:50.822 [main] INFO  org.apache.kafka.common.utils.AppInfoParser - Kafka startTimeMs: 1744188290821
2025-04-09 16:44:50.823 [main] INFO  org.apache.kafka.clients.consumer.internals.LegacyKafkaConsumer - [Consumer clientId=consumer-tomge-consumer-group-1, groupId=tomge-consumer-group] Subscribed to topic(s): testtopic2
2025-04-09 16:44:50.829 [main] INFO  org.apache.kafka.clients.consumer.ConsumerConfig - ConsumerConfig values: 
	allow.auto.create.topics = true
	auto.commit.interval.ms = 5000
	auto.include.jmx.reporter = true
	auto.offset.reset = latest
	bootstrap.servers = [106.54.227.172:9092]
	check.crcs = true
	client.dns.lookup = use_all_dns_ips
	client.id = consumer-tomge-consumer-group-2
	client.rack = 
	connections.max.idle.ms = 540000
	default.api.timeout.ms = 60000
	enable.auto.commit = false
	enable.metrics.push = true
	exclude.internal.topics = true
	fetch.max.bytes = 52428800
	fetch.max.wait.ms = 500
	fetch.min.bytes = 1
	group.id = tomge-consumer-group
	group.instance.id = null
	group.protocol = classic
	group.remote.assignor = null
	heartbeat.interval.ms = 3000
	interceptor.classes = []
	internal.leave.group.on.close = true
	internal.throw.on.fetch.stable.offset.unsupported = false
	isolation.level = read_uncommitted
	key.deserializer = class org.apache.kafka.common.serialization.StringDeserializer
	max.partition.fetch.bytes = 1048576
	max.poll.interval.ms = 300000
	max.poll.records = 500
	metadata.max.age.ms = 300000
	metric.reporters = []
	metrics.num.samples = 2
	metrics.recording.level = INFO
	metrics.sample.window.ms = 30000
	partition.assignment.strategy = [class org.apache.kafka.clients.consumer.RangeAssignor, class org.apache.kafka.clients.consumer.CooperativeStickyAssignor]
	receive.buffer.bytes = 65536
	reconnect.backoff.max.ms = 1000
	reconnect.backoff.ms = 50
	request.timeout.ms = 30000
	retry.backoff.max.ms = 1000
	retry.backoff.ms = 100
	sasl.client.callback.handler.class = null
	sasl.jaas.config = null
	sasl.kerberos.kinit.cmd = /usr/bin/kinit
	sasl.kerberos.min.time.before.relogin = 60000
	sasl.kerberos.service.name = null
	sasl.kerberos.ticket.renew.jitter = 0.05
	sasl.kerberos.ticket.renew.window.factor = 0.8
	sasl.login.callback.handler.class = null
	sasl.login.class = null
	sasl.login.connect.timeout.ms = null
	sasl.login.read.timeout.ms = null
	sasl.login.refresh.buffer.seconds = 300
	sasl.login.refresh.min.period.seconds = 60
	sasl.login.refresh.window.factor = 0.8
	sasl.login.refresh.window.jitter = 0.05
	sasl.login.retry.backoff.max.ms = 10000
	sasl.login.retry.backoff.ms = 100
	sasl.mechanism = GSSAPI
	sasl.oauthbearer.clock.skew.seconds = 30
	sasl.oauthbearer.expected.audience = null
	sasl.oauthbearer.expected.issuer = null
	sasl.oauthbearer.jwks.endpoint.refresh.ms = 3600000
	sasl.oauthbearer.jwks.endpoint.retry.backoff.max.ms = 10000
	sasl.oauthbearer.jwks.endpoint.retry.backoff.ms = 100
	sasl.oauthbearer.jwks.endpoint.url = null
	sasl.oauthbearer.scope.claim.name = scope
	sasl.oauthbearer.sub.claim.name = sub
	sasl.oauthbearer.token.endpoint.url = null
	security.protocol = PLAINTEXT
	security.providers = null
	send.buffer.bytes = 131072
	session.timeout.ms = 45000
	socket.connection.setup.timeout.max.ms = 30000
	socket.connection.setup.timeout.ms = 10000
	ssl.cipher.suites = null
	ssl.enabled.protocols = [TLSv1.2, TLSv1.3]
	ssl.endpoint.identification.algorithm = https
	ssl.engine.factory.class = null
	ssl.key.password = null
	ssl.keymanager.algorithm = SunX509
	ssl.keystore.certificate.chain = null
	ssl.keystore.key = null
	ssl.keystore.location = null
	ssl.keystore.password = null
	ssl.keystore.type = JKS
	ssl.protocol = TLSv1.3
	ssl.provider = null
	ssl.secure.random.implementation = null
	ssl.trustmanager.algorithm = PKIX
	ssl.truststore.certificates = null
	ssl.truststore.location = null
	ssl.truststore.password = null
	ssl.truststore.type = JKS
	value.deserializer = class org.apache.kafka.common.serialization.StringDeserializer

2025-04-09 16:44:50.830 [main] INFO  org.apache.kafka.common.telemetry.internals.KafkaMetricsCollector - initializing Kafka metrics collector
2025-04-09 16:44:50.832 [main] INFO  org.apache.kafka.common.utils.AppInfoParser - Kafka version: 3.7.2
2025-04-09 16:44:50.833 [main] INFO  org.apache.kafka.common.utils.AppInfoParser - Kafka commitId: 79a8f2b5f44f9d5a
2025-04-09 16:44:50.833 [main] INFO  org.apache.kafka.common.utils.AppInfoParser - Kafka startTimeMs: 1744188290832
2025-04-09 16:44:50.833 [main] INFO  org.apache.kafka.clients.consumer.internals.LegacyKafkaConsumer - [Consumer clientId=consumer-tomge-consumer-group-2, groupId=tomge-consumer-group] Subscribed to topic(s): testtopic
2025-04-09 16:44:50.839 [main] INFO  com.test.testboot.TestbootApplication - Started TestbootApplication in 3.455 seconds (process running for 3.702)
2025-04-09 16:44:51.077 [org.springframework.kafka.KafkaListenerEndpointContainer#0-0-C-1] INFO  org.apache.kafka.clients.Metadata - [Consumer clientId=consumer-tomge-consumer-group-1, groupId=tomge-consumer-group] Cluster ID: a9Ypxh85Tn-baDC9a_oChQ
2025-04-09 16:44:51.077 [org.springframework.kafka.KafkaListenerEndpointContainer#1-0-C-1] INFO  org.apache.kafka.clients.Metadata - [Consumer clientId=consumer-tomge-consumer-group-2, groupId=tomge-consumer-group] Cluster ID: a9Ypxh85Tn-baDC9a_oChQ
2025-04-09 16:44:51.077 [org.springframework.kafka.KafkaListenerEndpointContainer#0-0-C-1] INFO  org.apache.kafka.clients.consumer.internals.ConsumerCoordinator - [Consumer clientId=consumer-tomge-consumer-group-1, groupId=tomge-consumer-group] Discovered group coordinator 106.54.227.172:9092 (id: 2147483647 rack: null)
2025-04-09 16:44:51.078 [org.springframework.kafka.KafkaListenerEndpointContainer#1-0-C-1] INFO  org.apache.kafka.clients.consumer.internals.ConsumerCoordinator - [Consumer clientId=consumer-tomge-consumer-group-2, groupId=tomge-consumer-group] Discovered group coordinator 106.54.227.172:9092 (id: 2147483647 rack: null)
2025-04-09 16:44:51.079 [org.springframework.kafka.KafkaListenerEndpointContainer#1-0-C-1] INFO  org.apache.kafka.clients.consumer.internals.ConsumerCoordinator - [Consumer clientId=consumer-tomge-consumer-group-2, groupId=tomge-consumer-group] (Re-)joining group
2025-04-09 16:44:51.079 [org.springframework.kafka.KafkaListenerEndpointContainer#0-0-C-1] INFO  org.apache.kafka.clients.consumer.internals.ConsumerCoordinator - [Consumer clientId=consumer-tomge-consumer-group-1, groupId=tomge-consumer-group] (Re-)joining group
2025-04-09 16:44:51.207 [org.springframework.kafka.KafkaListenerEndpointContainer#0-0-C-1] INFO  org.apache.kafka.clients.consumer.internals.ConsumerCoordinator - [Consumer clientId=consumer-tomge-consumer-group-1, groupId=tomge-consumer-group] Request joining group due to: need to re-join with the given member-id: consumer-tomge-consumer-group-1-b3b25509-e510-4d08-b927-cf34668e4425
2025-04-09 16:44:51.207 [org.springframework.kafka.KafkaListenerEndpointContainer#1-0-C-1] INFO  org.apache.kafka.clients.consumer.internals.ConsumerCoordinator - [Consumer clientId=consumer-tomge-consumer-group-2, groupId=tomge-consumer-group] Request joining group due to: need to re-join with the given member-id: consumer-tomge-consumer-group-2-d4676586-4f3b-4db8-afb2-2974d36d31c2
2025-04-09 16:44:51.207 [org.springframework.kafka.KafkaListenerEndpointContainer#0-0-C-1] INFO  org.apache.kafka.clients.consumer.internals.ConsumerCoordinator - [Consumer clientId=consumer-tomge-consumer-group-1, groupId=tomge-consumer-group] (Re-)joining group
2025-04-09 16:44:51.207 [org.springframework.kafka.KafkaListenerEndpointContainer#1-0-C-1] INFO  org.apache.kafka.clients.consumer.internals.ConsumerCoordinator - [Consumer clientId=consumer-tomge-consumer-group-2, groupId=tomge-consumer-group] (Re-)joining group
2025-04-09 16:44:51.255 [org.springframework.kafka.KafkaListenerEndpointContainer#0-0-C-1] INFO  org.apache.kafka.clients.consumer.internals.ConsumerCoordinator - [Consumer clientId=consumer-tomge-consumer-group-1, groupId=tomge-consumer-group] Successfully joined group with generation Generation{generationId=22, memberId='consumer-tomge-consumer-group-1-b3b25509-e510-4d08-b927-cf34668e4425', protocol='range'}
2025-04-09 16:44:51.259 [org.springframework.kafka.KafkaListenerEndpointContainer#0-0-C-1] INFO  org.apache.kafka.clients.consumer.internals.ConsumerCoordinator - [Consumer clientId=consumer-tomge-consumer-group-1, groupId=tomge-consumer-group] Finished assignment for group at generation 22: {consumer-tomge-consumer-group-1-b3b25509-e510-4d08-b927-cf34668e4425=Assignment(partitions=[testtopic2-0])}
2025-04-09 16:44:51.321 [org.springframework.kafka.KafkaListenerEndpointContainer#0-0-C-1] INFO  org.apache.kafka.clients.consumer.internals.ConsumerCoordinator - [Consumer clientId=consumer-tomge-consumer-group-1, groupId=tomge-consumer-group] SyncGroup failed: The group began another rebalance. Need to re-join the group. Sent generation was Generation{generationId=22, memberId='consumer-tomge-consumer-group-1-b3b25509-e510-4d08-b927-cf34668e4425', protocol='range'}
2025-04-09 16:44:51.322 [org.springframework.kafka.KafkaListenerEndpointContainer#0-0-C-1] INFO  org.apache.kafka.clients.consumer.internals.ConsumerCoordinator - [Consumer clientId=consumer-tomge-consumer-group-1, groupId=tomge-consumer-group] Request joining group due to: rebalance failed due to 'The group is rebalancing, so a rejoin is needed.' (RebalanceInProgressException)
2025-04-09 16:44:51.322 [org.springframework.kafka.KafkaListenerEndpointContainer#0-0-C-1] INFO  org.apache.kafka.clients.consumer.internals.ConsumerCoordinator - [Consumer clientId=consumer-tomge-consumer-group-1, groupId=tomge-consumer-group] (Re-)joining group
2025-04-09 16:44:51.365 [org.springframework.kafka.KafkaListenerEndpointContainer#1-0-C-1] INFO  org.apache.kafka.clients.consumer.internals.ConsumerCoordinator - [Consumer clientId=consumer-tomge-consumer-group-2, groupId=tomge-consumer-group] Successfully joined group with generation Generation{generationId=23, memberId='consumer-tomge-consumer-group-2-d4676586-4f3b-4db8-afb2-2974d36d31c2', protocol='range'}
2025-04-09 16:44:51.365 [org.springframework.kafka.KafkaListenerEndpointContainer#0-0-C-1] INFO  org.apache.kafka.clients.consumer.internals.ConsumerCoordinator - [Consumer clientId=consumer-tomge-consumer-group-1, groupId=tomge-consumer-group] Successfully joined group with generation Generation{generationId=23, memberId='consumer-tomge-consumer-group-1-b3b25509-e510-4d08-b927-cf34668e4425', protocol='range'}
2025-04-09 16:44:51.530 [org.springframework.kafka.KafkaListenerEndpointContainer#0-0-C-1] INFO  org.apache.kafka.clients.consumer.internals.ConsumerCoordinator - [Consumer clientId=consumer-tomge-consumer-group-1, groupId=tomge-consumer-group] Finished assignment for group at generation 23: {consumer-tomge-consumer-group-1-b3b25509-e510-4d08-b927-cf34668e4425=Assignment(partitions=[testtopic2-0]), consumer-tomge-consumer-group-2-d4676586-4f3b-4db8-afb2-2974d36d31c2=Assignment(partitions=[testtopic-0])}
2025-04-09 16:44:51.575 [org.springframework.kafka.KafkaListenerEndpointContainer#1-0-C-1] INFO  org.apache.kafka.clients.consumer.internals.ConsumerCoordinator - [Consumer clientId=consumer-tomge-consumer-group-2, groupId=tomge-consumer-group] Successfully synced group in generation Generation{generationId=23, memberId='consumer-tomge-consumer-group-2-d4676586-4f3b-4db8-afb2-2974d36d31c2', protocol='range'}
2025-04-09 16:44:51.576 [org.springframework.kafka.KafkaListenerEndpointContainer#0-0-C-1] INFO  org.apache.kafka.clients.consumer.internals.ConsumerCoordinator - [Consumer clientId=consumer-tomge-consumer-group-1, groupId=tomge-consumer-group] Successfully synced group in generation Generation{generationId=23, memberId='consumer-tomge-consumer-group-1-b3b25509-e510-4d08-b927-cf34668e4425', protocol='range'}
2025-04-09 16:44:51.576 [org.springframework.kafka.KafkaListenerEndpointContainer#1-0-C-1] INFO  org.apache.kafka.clients.consumer.internals.ConsumerCoordinator - [Consumer clientId=consumer-tomge-consumer-group-2, groupId=tomge-consumer-group] Notifying assignor about the new Assignment(partitions=[testtopic-0])
2025-04-09 16:44:51.577 [org.springframework.kafka.KafkaListenerEndpointContainer#0-0-C-1] INFO  org.apache.kafka.clients.consumer.internals.ConsumerCoordinator - [Consumer clientId=consumer-tomge-consumer-group-1, groupId=tomge-consumer-group] Notifying assignor about the new Assignment(partitions=[testtopic2-0])
2025-04-09 16:44:51.579 [org.springframework.kafka.KafkaListenerEndpointContainer#0-0-C-1] INFO  org.apache.kafka.clients.consumer.internals.ConsumerRebalanceListenerInvoker - [Consumer clientId=consumer-tomge-consumer-group-1, groupId=tomge-consumer-group] Adding newly assigned partitions: testtopic2-0
2025-04-09 16:44:51.580 [org.springframework.kafka.KafkaListenerEndpointContainer#1-0-C-1] INFO  org.apache.kafka.clients.consumer.internals.ConsumerRebalanceListenerInvoker - [Consumer clientId=consumer-tomge-consumer-group-2, groupId=tomge-consumer-group] Adding newly assigned partitions: testtopic-0
2025-04-09 16:44:51.678 [org.springframework.kafka.KafkaListenerEndpointContainer#0-0-C-1] INFO  org.apache.kafka.clients.consumer.internals.ConsumerUtils - Setting offset for partition testtopic2-0 to the committed offset FetchPosition{offset=0, offsetEpoch=Optional.empty, currentLeader=LeaderAndEpoch{leader=Optional[106.54.227.172:9092 (id: 0 rack: null)], epoch=0}}
2025-04-09 16:44:51.678 [org.springframework.kafka.KafkaListenerEndpointContainer#1-0-C-1] INFO  org.apache.kafka.clients.consumer.internals.ConsumerUtils - Setting offset for partition testtopic-0 to the committed offset FetchPosition{offset=1, offsetEpoch=Optional.empty, currentLeader=LeaderAndEpoch{leader=Optional[106.54.227.172:9092 (id: 0 rack: null)], epoch=0}}
2025-04-09 16:45:00.177 [http-nio-9090-exec-2] INFO  org.apache.catalina.core.ContainerBase.[Tomcat].[localhost].[/] - Initializing Spring DispatcherServlet 'dispatcherServlet'
2025-04-09 16:45:00.209 [http-nio-9090-exec-2] INFO  com.zaxxer.hikari.HikariDataSource - HikariPool-1 - Starting...
2025-04-09 16:45:09.974 [http-nio-9090-exec-2] INFO  com.zaxxer.hikari.pool.HikariPool - HikariPool-1 - Added connection com.mysql.cj.jdbc.ConnectionImpl@4354affb
2025-04-09 16:45:09.977 [http-nio-9090-exec-2] INFO  com.zaxxer.hikari.HikariDataSource - HikariPool-1 - Start completed.
2025-04-09 16:45:49.003 [HikariPool-1 connection adder] ERROR com.zaxxer.hikari.pool.HikariPool - HikariPool-1 - Error thrown while acquiring connection from data source
com.mysql.cj.jdbc.exceptions.CommunicationsException: Communications link failure

The last packet successfully received from the server was 5,003 milliseconds ago. The last packet sent successfully to the server was 5,567 milliseconds ago.
	at com.mysql.cj.jdbc.exceptions.SQLError.createCommunicationsException(SQLError.java:174)
	at com.mysql.cj.jdbc.exceptions.SQLExceptionsMapping.translateException(SQLExceptionsMapping.java:64)
	at com.mysql.cj.jdbc.ConnectionImpl.isReadOnly(ConnectionImpl.java:1364)
	at com.mysql.cj.jdbc.ConnectionImpl.isReadOnly(ConnectionImpl.java:1349)
	at com.zaxxer.hikari.pool.PoolBase.setupConnection(PoolBase.java:404)
	at com.zaxxer.hikari.pool.PoolBase.newConnection(PoolBase.java:365)
	at com.zaxxer.hikari.pool.PoolBase.newPoolEntry(PoolBase.java:202)
	at com.zaxxer.hikari.pool.HikariPool.createPoolEntry(HikariPool.java:461)
	at com.zaxxer.hikari.pool.HikariPool$PoolEntryCreator.call(HikariPool.java:724)
	at com.zaxxer.hikari.pool.HikariPool$PoolEntryCreator.call(HikariPool.java:703)
	at java.base/java.util.concurrent.FutureTask.run(FutureTask.java:317)
	at java.base/java.util.concurrent.ThreadPoolExecutor.runWorker(ThreadPoolExecutor.java:1144)
	at java.base/java.util.concurrent.ThreadPoolExecutor$Worker.run(ThreadPoolExecutor.java:642)
	at java.base/java.lang.Thread.run(Thread.java:1575)
Caused by: com.mysql.cj.exceptions.CJCommunicationsException: Communications link failure

The last packet successfully received from the server was 5,003 milliseconds ago. The last packet sent successfully to the server was 5,567 milliseconds ago.
	at java.base/jdk.internal.reflect.DirectConstructorHandleAccessor.newInstance(DirectConstructorHandleAccessor.java:62)
	at java.base/java.lang.reflect.Constructor.newInstanceWithCaller(Constructor.java:501)
	at java.base/java.lang.reflect.Constructor.newInstance(Constructor.java:485)
	at com.mysql.cj.exceptions.ExceptionFactory.createException(ExceptionFactory.java:61)
	at com.mysql.cj.exceptions.ExceptionFactory.createException(ExceptionFactory.java:104)
	at com.mysql.cj.exceptions.ExceptionFactory.createException(ExceptionFactory.java:149)
	at com.mysql.cj.exceptions.ExceptionFactory.createCommunicationsException(ExceptionFactory.java:165)
	at com.mysql.cj.protocol.a.NativeProtocol.readMessage(NativeProtocol.java:582)
	at com.mysql.cj.protocol.a.NativeProtocol.checkErrorMessage(NativeProtocol.java:762)
	at com.mysql.cj.protocol.a.NativeProtocol.sendCommand(NativeProtocol.java:701)
	at com.mysql.cj.protocol.a.NativeProtocol.sendCommand(NativeProtocol.java:157)
	at com.mysql.cj.NativeSession.queryServerVariable(NativeSession.java:593)
	at com.mysql.cj.jdbc.ConnectionImpl.isReadOnly(ConnectionImpl.java:1356)
	... 11 common frames omitted
Caused by: java.net.SocketTimeoutException: Read timed out
	at java.base/sun.nio.ch.NioSocketImpl.timedRead(NioSocketImpl.java:278)
	at java.base/sun.nio.ch.NioSocketImpl.implRead(NioSocketImpl.java:304)
	at java.base/sun.nio.ch.NioSocketImpl.read(NioSocketImpl.java:346)
	at java.base/sun.nio.ch.NioSocketImpl$1.read(NioSocketImpl.java:796)
	at java.base/java.net.Socket$SocketInputStream.implRead(Socket.java:1116)
	at java.base/java.net.Socket$SocketInputStream.read(Socket.java:1103)
	at com.mysql.cj.protocol.ReadAheadInputStream.fill(ReadAheadInputStream.java:107)
	at com.mysql.cj.protocol.ReadAheadInputStream.readFromUnderlyingStreamIfNecessary(ReadAheadInputStream.java:150)
	at com.mysql.cj.protocol.ReadAheadInputStream.read(ReadAheadInputStream.java:180)
	at java.base/java.io.FilterInputStream.read(FilterInputStream.java:119)
	at com.mysql.cj.protocol.FullReadInputStream.readFully(FullReadInputStream.java:64)
	at com.mysql.cj.protocol.a.SimplePacketReader.readHeaderLocal(SimplePacketReader.java:81)
	at com.mysql.cj.protocol.a.SimplePacketReader.readHeader(SimplePacketReader.java:63)
	at com.mysql.cj.protocol.a.SimplePacketReader.readHeader(SimplePacketReader.java:45)
	at com.mysql.cj.protocol.a.TimeTrackingPacketReader.readHeader(TimeTrackingPacketReader.java:52)
	at com.mysql.cj.protocol.a.TimeTrackingPacketReader.readHeader(TimeTrackingPacketReader.java:41)
	at com.mysql.cj.protocol.a.MultiPacketReader.readHeader(MultiPacketReader.java:54)
	at com.mysql.cj.protocol.a.MultiPacketReader.readHeader(MultiPacketReader.java:44)
	at com.mysql.cj.protocol.a.NativeProtocol.readMessage(NativeProtocol.java:576)
	... 16 common frames omitted
2025-04-09 16:46:41.445 [HikariPool-1 connection adder] ERROR com.zaxxer.hikari.pool.HikariPool - HikariPool-1 - Error thrown while acquiring connection from data source
com.mysql.cj.jdbc.exceptions.CommunicationsException: Communications link failure

The last packet successfully received from the server was 5,003 milliseconds ago. The last packet sent successfully to the server was 46,807 milliseconds ago.
	at com.mysql.cj.jdbc.exceptions.SQLError.createCommunicationsException(SQLError.java:174)
	at com.mysql.cj.jdbc.exceptions.SQLExceptionsMapping.translateException(SQLExceptionsMapping.java:64)
	at com.mysql.cj.jdbc.ConnectionImpl.isReadOnly(ConnectionImpl.java:1364)
	at com.mysql.cj.jdbc.ConnectionImpl.isReadOnly(ConnectionImpl.java:1349)
	at com.zaxxer.hikari.pool.PoolBase.setupConnection(PoolBase.java:404)
	at com.zaxxer.hikari.pool.PoolBase.newConnection(PoolBase.java:365)
	at com.zaxxer.hikari.pool.PoolBase.newPoolEntry(PoolBase.java:202)
	at com.zaxxer.hikari.pool.HikariPool.createPoolEntry(HikariPool.java:461)
	at com.zaxxer.hikari.pool.HikariPool$PoolEntryCreator.call(HikariPool.java:724)
	at com.zaxxer.hikari.pool.HikariPool$PoolEntryCreator.call(HikariPool.java:703)
	at java.base/java.util.concurrent.FutureTask.run(FutureTask.java:317)
	at java.base/java.util.concurrent.ThreadPoolExecutor.runWorker(ThreadPoolExecutor.java:1144)
	at java.base/java.util.concurrent.ThreadPoolExecutor$Worker.run(ThreadPoolExecutor.java:642)
	at java.base/java.lang.Thread.run(Thread.java:1575)
Caused by: com.mysql.cj.exceptions.CJCommunicationsException: Communications link failure

The last packet successfully received from the server was 5,003 milliseconds ago. The last packet sent successfully to the server was 46,807 milliseconds ago.
	at java.base/jdk.internal.reflect.DirectConstructorHandleAccessor.newInstance(DirectConstructorHandleAccessor.java:62)
	at java.base/java.lang.reflect.Constructor.newInstanceWithCaller(Constructor.java:501)
	at java.base/java.lang.reflect.Constructor.newInstance(Constructor.java:485)
	at com.mysql.cj.exceptions.ExceptionFactory.createException(ExceptionFactory.java:61)
	at com.mysql.cj.exceptions.ExceptionFactory.createException(ExceptionFactory.java:104)
	at com.mysql.cj.exceptions.ExceptionFactory.createException(ExceptionFactory.java:149)
	at com.mysql.cj.exceptions.ExceptionFactory.createCommunicationsException(ExceptionFactory.java:165)
	at com.mysql.cj.protocol.a.NativeProtocol.readMessage(NativeProtocol.java:582)
	at com.mysql.cj.protocol.a.NativeProtocol.checkErrorMessage(NativeProtocol.java:762)
	at com.mysql.cj.protocol.a.NativeProtocol.sendCommand(NativeProtocol.java:701)
	at com.mysql.cj.protocol.a.NativeProtocol.sendCommand(NativeProtocol.java:157)
	at com.mysql.cj.NativeSession.queryServerVariable(NativeSession.java:593)
	at com.mysql.cj.jdbc.ConnectionImpl.isReadOnly(ConnectionImpl.java:1356)
	... 11 common frames omitted
Caused by: java.net.SocketTimeoutException: Read timed out
	at java.base/sun.nio.ch.NioSocketImpl.timedRead(NioSocketImpl.java:278)
	at java.base/sun.nio.ch.NioSocketImpl.implRead(NioSocketImpl.java:304)
	at java.base/sun.nio.ch.NioSocketImpl.read(NioSocketImpl.java:346)
	at java.base/sun.nio.ch.NioSocketImpl$1.read(NioSocketImpl.java:796)
	at java.base/java.net.Socket$SocketInputStream.implRead(Socket.java:1116)
	at java.base/java.net.Socket$SocketInputStream.read(Socket.java:1103)
	at com.mysql.cj.protocol.ReadAheadInputStream.fill(ReadAheadInputStream.java:107)
	at com.mysql.cj.protocol.ReadAheadInputStream.readFromUnderlyingStreamIfNecessary(ReadAheadInputStream.java:150)
	at com.mysql.cj.protocol.ReadAheadInputStream.read(ReadAheadInputStream.java:180)
	at java.base/java.io.FilterInputStream.read(FilterInputStream.java:119)
	at com.mysql.cj.protocol.FullReadInputStream.readFully(FullReadInputStream.java:64)
	at com.mysql.cj.protocol.a.SimplePacketReader.readHeaderLocal(SimplePacketReader.java:81)
	at com.mysql.cj.protocol.a.SimplePacketReader.readHeader(SimplePacketReader.java:63)
	at com.mysql.cj.protocol.a.SimplePacketReader.readHeader(SimplePacketReader.java:45)
	at com.mysql.cj.protocol.a.TimeTrackingPacketReader.readHeader(TimeTrackingPacketReader.java:52)
	at com.mysql.cj.protocol.a.TimeTrackingPacketReader.readHeader(TimeTrackingPacketReader.java:41)
	at com.mysql.cj.protocol.a.MultiPacketReader.readHeader(MultiPacketReader.java:54)
	at com.mysql.cj.protocol.a.MultiPacketReader.readHeader(MultiPacketReader.java:44)
	at com.mysql.cj.protocol.a.NativeProtocol.readMessage(NativeProtocol.java:576)
	... 16 common frames omitted
2025-04-09 16:47:37.352 [http-nio-9090-exec-4] WARN  com.zaxxer.hikari.pool.PoolBase - HikariPool-1 - Failed to validate connection com.mysql.cj.jdbc.ConnectionImpl@4354affb (No operations allowed after connection closed.). Possibly consider using a shorter maxLifetime value.
2025-04-09 16:47:37.354 [http-nio-9090-exec-4] WARN  com.zaxxer.hikari.pool.PoolBase - HikariPool-1 - Failed to validate connection com.mysql.cj.jdbc.ConnectionImpl@237c671c (No operations allowed after connection closed.). Possibly consider using a shorter maxLifetime value.
2025-04-09 16:47:38.403 [http-nio-9090-exec-4] INFO  com.test.testboot.controller.StudentController - [Student [Hash = 1127152755, id=901, name=阿里木江, sex=男, birth=2019, department=计算机系, address=新疆维吾尔自治区博尔塔拉蒙古自治州], Student [Hash = -35875495, id=902, name=赵子枫, sex=女, birth=2018, department=考古系, address=新疆维吾尔自治区塔城地区], Student [Hash = -1440760180, id=903, name=张思维, sex=女, birth=2003, department=中文系, address=湖南省永州市], Student [Hash = -710122163, id=904, name=李广昌, sex=男, birth=1999, department=英语系, address=辽宁省皋新市], Student [Hash = -976111675, id=905, name=王翰, sex=男, birth=2004, department=英语系, address=福建省厦门市], Student [Hash = 1995189087, id=906, name=王心凌, sex=女, birth=1998, department=计算机系, address=湖南省衡阳市], Student [Hash = -489008237, id=907, name=埃森江, sex=男, birth=2025, department=计算机系, address=新疆维吾尔自治区伊犁哈萨克自治州], Student [Hash = 1356185963, id=909, name=阿里木江, sex=男, birth=2019, department=计算机系, address=新疆维吾尔自治区博尔塔拉蒙古自治州], Student [Hash = 840208054, id=910, name=郭靖, sex=男, birth=1500, department=丐帮, address=湖北省襄阳市], Student [Hash = -1079884267, id=911, name=黄蓉, sex=女, birth=1500, department=丐帮, address=湖北省襄阳市], Student [Hash = 1155665678, id=916, name=测试555, sex=女, birth=2525, department=测试系, address=阿勒泰], Student [Hash = -880162638, id=917, name=ceshi 321
, sex=null, birth=null, department=null, address=null], Student [Hash = 1911866991, id=921, name=郭襄, sex=女, birth=1550, department=丐帮, address=湖北省襄阳市]]
2025-04-09 16:48:25.766 [org.springframework.kafka.KafkaListenerEndpointContainer#0-0-C-1] INFO  org.apache.kafka.clients.consumer.internals.ConsumerRebalanceListenerInvoker - [Consumer clientId=consumer-tomge-consumer-group-1, groupId=tomge-consumer-group] Revoke previously assigned partitions testtopic2-0
2025-04-09 16:48:25.766 [org.springframework.kafka.KafkaListenerEndpointContainer#1-0-C-1] INFO  org.apache.kafka.clients.consumer.internals.ConsumerRebalanceListenerInvoker - [Consumer clientId=consumer-tomge-consumer-group-2, groupId=tomge-consumer-group] Revoke previously assigned partitions testtopic-0
2025-04-09 16:48:25.767 [org.springframework.kafka.KafkaListenerEndpointContainer#0-0-C-1] INFO  org.apache.kafka.clients.consumer.internals.ConsumerCoordinator - [Consumer clientId=consumer-tomge-consumer-group-1, groupId=tomge-consumer-group] Member consumer-tomge-consumer-group-1-b3b25509-e510-4d08-b927-cf34668e4425 sending LeaveGroup request to coordinator 106.54.227.172:9092 (id: 2147483647 rack: null) due to the consumer unsubscribed from all topics
2025-04-09 16:48:25.767 [org.springframework.kafka.KafkaListenerEndpointContainer#1-0-C-1] INFO  org.apache.kafka.clients.consumer.internals.ConsumerCoordinator - [Consumer clientId=consumer-tomge-consumer-group-2, groupId=tomge-consumer-group] Member consumer-tomge-consumer-group-2-d4676586-4f3b-4db8-afb2-2974d36d31c2 sending LeaveGroup request to coordinator 106.54.227.172:9092 (id: 2147483647 rack: null) due to the consumer unsubscribed from all topics
2025-04-09 16:48:25.767 [org.springframework.kafka.KafkaListenerEndpointContainer#1-0-C-1] INFO  org.apache.kafka.clients.consumer.internals.ConsumerCoordinator - [Consumer clientId=consumer-tomge-consumer-group-2, groupId=tomge-consumer-group] Resetting generation and member id due to: consumer pro-actively leaving the group
2025-04-09 16:48:25.767 [org.springframework.kafka.KafkaListenerEndpointContainer#0-0-C-1] INFO  org.apache.kafka.clients.consumer.internals.ConsumerCoordinator - [Consumer clientId=consumer-tomge-consumer-group-1, groupId=tomge-consumer-group] Resetting generation and member id due to: consumer pro-actively leaving the group
2025-04-09 16:48:25.767 [org.springframework.kafka.KafkaListenerEndpointContainer#1-0-C-1] INFO  org.apache.kafka.clients.consumer.internals.ConsumerCoordinator - [Consumer clientId=consumer-tomge-consumer-group-2, groupId=tomge-consumer-group] Request joining group due to: consumer pro-actively leaving the group
2025-04-09 16:48:25.767 [org.springframework.kafka.KafkaListenerEndpointContainer#0-0-C-1] INFO  org.apache.kafka.clients.consumer.internals.ConsumerCoordinator - [Consumer clientId=consumer-tomge-consumer-group-1, groupId=tomge-consumer-group] Request joining group due to: consumer pro-actively leaving the group
2025-04-09 16:48:25.767 [org.springframework.kafka.KafkaListenerEndpointContainer#1-0-C-1] INFO  org.apache.kafka.clients.consumer.internals.LegacyKafkaConsumer - [Consumer clientId=consumer-tomge-consumer-group-2, groupId=tomge-consumer-group] Unsubscribed all topics or patterns and assigned partitions
2025-04-09 16:48:25.767 [org.springframework.kafka.KafkaListenerEndpointContainer#0-0-C-1] INFO  org.apache.kafka.clients.consumer.internals.LegacyKafkaConsumer - [Consumer clientId=consumer-tomge-consumer-group-1, groupId=tomge-consumer-group] Unsubscribed all topics or patterns and assigned partitions
2025-04-09 16:48:25.768 [org.springframework.kafka.KafkaListenerEndpointContainer#1-0-C-1] INFO  org.apache.kafka.clients.consumer.internals.ConsumerCoordinator - [Consumer clientId=consumer-tomge-consumer-group-2, groupId=tomge-consumer-group] Resetting generation and member id due to: consumer pro-actively leaving the group
2025-04-09 16:48:25.768 [org.springframework.kafka.KafkaListenerEndpointContainer#0-0-C-1] INFO  org.apache.kafka.clients.consumer.internals.ConsumerCoordinator - [Consumer clientId=consumer-tomge-consumer-group-1, groupId=tomge-consumer-group] Resetting generation and member id due to: consumer pro-actively leaving the group
2025-04-09 16:48:25.768 [org.springframework.kafka.KafkaListenerEndpointContainer#1-0-C-1] INFO  org.apache.kafka.clients.consumer.internals.ConsumerCoordinator - [Consumer clientId=consumer-tomge-consumer-group-2, groupId=tomge-consumer-group] Request joining group due to: consumer pro-actively leaving the group
2025-04-09 16:48:25.768 [org.springframework.kafka.KafkaListenerEndpointContainer#0-0-C-1] INFO  org.apache.kafka.clients.consumer.internals.ConsumerCoordinator - [Consumer clientId=consumer-tomge-consumer-group-1, groupId=tomge-consumer-group] Request joining group due to: consumer pro-actively leaving the group
2025-04-09 16:48:26.272 [org.springframework.kafka.KafkaListenerEndpointContainer#1-0-C-1] INFO  org.apache.kafka.common.metrics.Metrics - Metrics scheduler closed
2025-04-09 16:48:26.272 [org.springframework.kafka.KafkaListenerEndpointContainer#0-0-C-1] INFO  org.apache.kafka.common.metrics.Metrics - Metrics scheduler closed
2025-04-09 16:48:26.273 [org.springframework.kafka.KafkaListenerEndpointContainer#1-0-C-1] INFO  org.apache.kafka.common.metrics.Metrics - Closing reporter org.apache.kafka.common.metrics.JmxReporter
2025-04-09 16:48:26.273 [org.springframework.kafka.KafkaListenerEndpointContainer#0-0-C-1] INFO  org.apache.kafka.common.metrics.Metrics - Closing reporter org.apache.kafka.common.metrics.JmxReporter
2025-04-09 16:48:26.273 [org.springframework.kafka.KafkaListenerEndpointContainer#1-0-C-1] INFO  org.apache.kafka.common.metrics.Metrics - Closing reporter org.apache.kafka.common.telemetry.internals.ClientTelemetryReporter
2025-04-09 16:48:26.273 [org.springframework.kafka.KafkaListenerEndpointContainer#0-0-C-1] INFO  org.apache.kafka.common.metrics.Metrics - Closing reporter org.apache.kafka.common.telemetry.internals.ClientTelemetryReporter
2025-04-09 16:48:26.273 [org.springframework.kafka.KafkaListenerEndpointContainer#0-0-C-1] INFO  org.apache.kafka.common.metrics.Metrics - Metrics reporters closed
2025-04-09 16:48:26.273 [org.springframework.kafka.KafkaListenerEndpointContainer#1-0-C-1] INFO  org.apache.kafka.common.metrics.Metrics - Metrics reporters closed
2025-04-09 16:48:26.276 [org.springframework.kafka.KafkaListenerEndpointContainer#0-0-C-1] INFO  org.apache.kafka.common.utils.AppInfoParser - App info kafka.consumer for consumer-tomge-consumer-group-1 unregistered
2025-04-09 16:48:26.277 [org.springframework.kafka.KafkaListenerEndpointContainer#1-0-C-1] INFO  org.apache.kafka.common.utils.AppInfoParser - App info kafka.consumer for consumer-tomge-consumer-group-2 unregistered
2025-04-09 16:48:32.300 [main] INFO  com.test.testboot.TestbootApplication - Starting TestbootApplication using Java 23.0.2 with PID 42882 (/Users/zhaoxin/Documents/GitHub/testboot/target/classes started by zhaoxin in /Users/zhaoxin/Documents/GitHub/testboot)
2025-04-09 16:48:32.302 [main] INFO  com.test.testboot.TestbootApplication - No active profile set, falling back to 1 default profile: "default"
2025-04-09 16:48:32.946 [main] INFO  org.apache.coyote.http11.Http11NioProtocol - Initializing ProtocolHandler ["http-nio-9090"]
2025-04-09 16:48:32.946 [main] INFO  org.apache.catalina.core.StandardService - Starting service [Tomcat]
2025-04-09 16:48:32.946 [main] INFO  org.apache.catalina.core.StandardEngine - Starting Servlet engine: [Apache Tomcat/10.1.36]
2025-04-09 16:48:32.967 [main] INFO  org.apache.catalina.core.ContainerBase.[Tomcat].[localhost].[/] - Initializing Spring embedded WebApplicationContext
2025-04-09 16:48:36.425 [main] INFO  org.apache.coyote.http11.Http11NioProtocol - Starting ProtocolHandler ["http-nio-9090"]
2025-04-09 16:48:36.446 [main] INFO  org.apache.kafka.clients.consumer.ConsumerConfig - ConsumerConfig values: 
	allow.auto.create.topics = true
	auto.commit.interval.ms = 5000
	auto.include.jmx.reporter = true
	auto.offset.reset = latest
	bootstrap.servers = [106.54.227.172:9092]
	check.crcs = true
	client.dns.lookup = use_all_dns_ips
	client.id = consumer-tomge-consumer-group-1
	client.rack = 
	connections.max.idle.ms = 540000
	default.api.timeout.ms = 60000
	enable.auto.commit = false
	enable.metrics.push = true
	exclude.internal.topics = true
	fetch.max.bytes = 52428800
	fetch.max.wait.ms = 500
	fetch.min.bytes = 1
	group.id = tomge-consumer-group
	group.instance.id = null
	group.protocol = classic
	group.remote.assignor = null
	heartbeat.interval.ms = 3000
	interceptor.classes = []
	internal.leave.group.on.close = true
	internal.throw.on.fetch.stable.offset.unsupported = false
	isolation.level = read_uncommitted
	key.deserializer = class org.apache.kafka.common.serialization.StringDeserializer
	max.partition.fetch.bytes = 1048576
	max.poll.interval.ms = 300000
	max.poll.records = 500
	metadata.max.age.ms = 300000
	metric.reporters = []
	metrics.num.samples = 2
	metrics.recording.level = INFO
	metrics.sample.window.ms = 30000
	partition.assignment.strategy = [class org.apache.kafka.clients.consumer.RangeAssignor, class org.apache.kafka.clients.consumer.CooperativeStickyAssignor]
	receive.buffer.bytes = 65536
	reconnect.backoff.max.ms = 1000
	reconnect.backoff.ms = 50
	request.timeout.ms = 30000
	retry.backoff.max.ms = 1000
	retry.backoff.ms = 100
	sasl.client.callback.handler.class = null
	sasl.jaas.config = null
	sasl.kerberos.kinit.cmd = /usr/bin/kinit
	sasl.kerberos.min.time.before.relogin = 60000
	sasl.kerberos.service.name = null
	sasl.kerberos.ticket.renew.jitter = 0.05
	sasl.kerberos.ticket.renew.window.factor = 0.8
	sasl.login.callback.handler.class = null
	sasl.login.class = null
	sasl.login.connect.timeout.ms = null
	sasl.login.read.timeout.ms = null
	sasl.login.refresh.buffer.seconds = 300
	sasl.login.refresh.min.period.seconds = 60
	sasl.login.refresh.window.factor = 0.8
	sasl.login.refresh.window.jitter = 0.05
	sasl.login.retry.backoff.max.ms = 10000
	sasl.login.retry.backoff.ms = 100
	sasl.mechanism = GSSAPI
	sasl.oauthbearer.clock.skew.seconds = 30
	sasl.oauthbearer.expected.audience = null
	sasl.oauthbearer.expected.issuer = null
	sasl.oauthbearer.jwks.endpoint.refresh.ms = 3600000
	sasl.oauthbearer.jwks.endpoint.retry.backoff.max.ms = 10000
	sasl.oauthbearer.jwks.endpoint.retry.backoff.ms = 100
	sasl.oauthbearer.jwks.endpoint.url = null
	sasl.oauthbearer.scope.claim.name = scope
	sasl.oauthbearer.sub.claim.name = sub
	sasl.oauthbearer.token.endpoint.url = null
	security.protocol = PLAINTEXT
	security.providers = null
	send.buffer.bytes = 131072
	session.timeout.ms = 45000
	socket.connection.setup.timeout.max.ms = 30000
	socket.connection.setup.timeout.ms = 10000
	ssl.cipher.suites = null
	ssl.enabled.protocols = [TLSv1.2, TLSv1.3]
	ssl.endpoint.identification.algorithm = https
	ssl.engine.factory.class = null
	ssl.key.password = null
	ssl.keymanager.algorithm = SunX509
	ssl.keystore.certificate.chain = null
	ssl.keystore.key = null
	ssl.keystore.location = null
	ssl.keystore.password = null
	ssl.keystore.type = JKS
	ssl.protocol = TLSv1.3
	ssl.provider = null
	ssl.secure.random.implementation = null
	ssl.trustmanager.algorithm = PKIX
	ssl.truststore.certificates = null
	ssl.truststore.location = null
	ssl.truststore.password = null
	ssl.truststore.type = JKS
	value.deserializer = class org.apache.kafka.common.serialization.StringDeserializer

2025-04-09 16:48:36.464 [main] INFO  org.apache.kafka.common.telemetry.internals.KafkaMetricsCollector - initializing Kafka metrics collector
2025-04-09 16:48:36.491 [main] INFO  org.apache.kafka.common.utils.AppInfoParser - Kafka version: 3.7.2
2025-04-09 16:48:36.491 [main] INFO  org.apache.kafka.common.utils.AppInfoParser - Kafka commitId: 79a8f2b5f44f9d5a
2025-04-09 16:48:36.491 [main] INFO  org.apache.kafka.common.utils.AppInfoParser - Kafka startTimeMs: 1744188516490
2025-04-09 16:48:36.492 [main] INFO  org.apache.kafka.clients.consumer.internals.LegacyKafkaConsumer - [Consumer clientId=consumer-tomge-consumer-group-1, groupId=tomge-consumer-group] Subscribed to topic(s): testtopic2
2025-04-09 16:48:36.497 [main] INFO  org.apache.kafka.clients.consumer.ConsumerConfig - ConsumerConfig values: 
	allow.auto.create.topics = true
	auto.commit.interval.ms = 5000
	auto.include.jmx.reporter = true
	auto.offset.reset = latest
	bootstrap.servers = [106.54.227.172:9092]
	check.crcs = true
	client.dns.lookup = use_all_dns_ips
	client.id = consumer-tomge-consumer-group-2
	client.rack = 
	connections.max.idle.ms = 540000
	default.api.timeout.ms = 60000
	enable.auto.commit = false
	enable.metrics.push = true
	exclude.internal.topics = true
	fetch.max.bytes = 52428800
	fetch.max.wait.ms = 500
	fetch.min.bytes = 1
	group.id = tomge-consumer-group
	group.instance.id = null
	group.protocol = classic
	group.remote.assignor = null
	heartbeat.interval.ms = 3000
	interceptor.classes = []
	internal.leave.group.on.close = true
	internal.throw.on.fetch.stable.offset.unsupported = false
	isolation.level = read_uncommitted
	key.deserializer = class org.apache.kafka.common.serialization.StringDeserializer
	max.partition.fetch.bytes = 1048576
	max.poll.interval.ms = 300000
	max.poll.records = 500
	metadata.max.age.ms = 300000
	metric.reporters = []
	metrics.num.samples = 2
	metrics.recording.level = INFO
	metrics.sample.window.ms = 30000
	partition.assignment.strategy = [class org.apache.kafka.clients.consumer.RangeAssignor, class org.apache.kafka.clients.consumer.CooperativeStickyAssignor]
	receive.buffer.bytes = 65536
	reconnect.backoff.max.ms = 1000
	reconnect.backoff.ms = 50
	request.timeout.ms = 30000
	retry.backoff.max.ms = 1000
	retry.backoff.ms = 100
	sasl.client.callback.handler.class = null
	sasl.jaas.config = null
	sasl.kerberos.kinit.cmd = /usr/bin/kinit
	sasl.kerberos.min.time.before.relogin = 60000
	sasl.kerberos.service.name = null
	sasl.kerberos.ticket.renew.jitter = 0.05
	sasl.kerberos.ticket.renew.window.factor = 0.8
	sasl.login.callback.handler.class = null
	sasl.login.class = null
	sasl.login.connect.timeout.ms = null
	sasl.login.read.timeout.ms = null
	sasl.login.refresh.buffer.seconds = 300
	sasl.login.refresh.min.period.seconds = 60
	sasl.login.refresh.window.factor = 0.8
	sasl.login.refresh.window.jitter = 0.05
	sasl.login.retry.backoff.max.ms = 10000
	sasl.login.retry.backoff.ms = 100
	sasl.mechanism = GSSAPI
	sasl.oauthbearer.clock.skew.seconds = 30
	sasl.oauthbearer.expected.audience = null
	sasl.oauthbearer.expected.issuer = null
	sasl.oauthbearer.jwks.endpoint.refresh.ms = 3600000
	sasl.oauthbearer.jwks.endpoint.retry.backoff.max.ms = 10000
	sasl.oauthbearer.jwks.endpoint.retry.backoff.ms = 100
	sasl.oauthbearer.jwks.endpoint.url = null
	sasl.oauthbearer.scope.claim.name = scope
	sasl.oauthbearer.sub.claim.name = sub
	sasl.oauthbearer.token.endpoint.url = null
	security.protocol = PLAINTEXT
	security.providers = null
	send.buffer.bytes = 131072
	session.timeout.ms = 45000
	socket.connection.setup.timeout.max.ms = 30000
	socket.connection.setup.timeout.ms = 10000
	ssl.cipher.suites = null
	ssl.enabled.protocols = [TLSv1.2, TLSv1.3]
	ssl.endpoint.identification.algorithm = https
	ssl.engine.factory.class = null
	ssl.key.password = null
	ssl.keymanager.algorithm = SunX509
	ssl.keystore.certificate.chain = null
	ssl.keystore.key = null
	ssl.keystore.location = null
	ssl.keystore.password = null
	ssl.keystore.type = JKS
	ssl.protocol = TLSv1.3
	ssl.provider = null
	ssl.secure.random.implementation = null
	ssl.trustmanager.algorithm = PKIX
	ssl.truststore.certificates = null
	ssl.truststore.location = null
	ssl.truststore.password = null
	ssl.truststore.type = JKS
	value.deserializer = class org.apache.kafka.common.serialization.StringDeserializer

2025-04-09 16:48:36.498 [main] INFO  org.apache.kafka.common.telemetry.internals.KafkaMetricsCollector - initializing Kafka metrics collector
2025-04-09 16:48:36.500 [main] INFO  org.apache.kafka.common.utils.AppInfoParser - Kafka version: 3.7.2
2025-04-09 16:48:36.500 [main] INFO  org.apache.kafka.common.utils.AppInfoParser - Kafka commitId: 79a8f2b5f44f9d5a
2025-04-09 16:48:36.500 [main] INFO  org.apache.kafka.common.utils.AppInfoParser - Kafka startTimeMs: 1744188516500
2025-04-09 16:48:36.501 [main] INFO  org.apache.kafka.clients.consumer.internals.LegacyKafkaConsumer - [Consumer clientId=consumer-tomge-consumer-group-2, groupId=tomge-consumer-group] Subscribed to topic(s): testtopic
2025-04-09 16:48:36.507 [main] INFO  com.test.testboot.TestbootApplication - Started TestbootApplication in 4.401 seconds (process running for 4.641)
2025-04-09 16:48:36.757 [org.springframework.kafka.KafkaListenerEndpointContainer#1-0-C-1] INFO  org.apache.kafka.clients.Metadata - [Consumer clientId=consumer-tomge-consumer-group-2, groupId=tomge-consumer-group] Cluster ID: a9Ypxh85Tn-baDC9a_oChQ
2025-04-09 16:48:36.757 [org.springframework.kafka.KafkaListenerEndpointContainer#0-0-C-1] INFO  org.apache.kafka.clients.Metadata - [Consumer clientId=consumer-tomge-consumer-group-1, groupId=tomge-consumer-group] Cluster ID: a9Ypxh85Tn-baDC9a_oChQ
2025-04-09 16:48:36.758 [org.springframework.kafka.KafkaListenerEndpointContainer#0-0-C-1] INFO  org.apache.kafka.clients.consumer.internals.ConsumerCoordinator - [Consumer clientId=consumer-tomge-consumer-group-1, groupId=tomge-consumer-group] Discovered group coordinator 106.54.227.172:9092 (id: 2147483647 rack: null)
2025-04-09 16:48:36.758 [org.springframework.kafka.KafkaListenerEndpointContainer#1-0-C-1] INFO  org.apache.kafka.clients.consumer.internals.ConsumerCoordinator - [Consumer clientId=consumer-tomge-consumer-group-2, groupId=tomge-consumer-group] Discovered group coordinator 106.54.227.172:9092 (id: 2147483647 rack: null)
2025-04-09 16:48:36.759 [org.springframework.kafka.KafkaListenerEndpointContainer#0-0-C-1] INFO  org.apache.kafka.clients.consumer.internals.ConsumerCoordinator - [Consumer clientId=consumer-tomge-consumer-group-1, groupId=tomge-consumer-group] (Re-)joining group
2025-04-09 16:48:36.759 [org.springframework.kafka.KafkaListenerEndpointContainer#1-0-C-1] INFO  org.apache.kafka.clients.consumer.internals.ConsumerCoordinator - [Consumer clientId=consumer-tomge-consumer-group-2, groupId=tomge-consumer-group] (Re-)joining group
2025-04-09 16:48:36.879 [org.springframework.kafka.KafkaListenerEndpointContainer#0-0-C-1] INFO  org.apache.kafka.clients.consumer.internals.ConsumerCoordinator - [Consumer clientId=consumer-tomge-consumer-group-1, groupId=tomge-consumer-group] Request joining group due to: need to re-join with the given member-id: consumer-tomge-consumer-group-1-e36689ff-8ef7-4a19-91e9-fdf365f60a66
2025-04-09 16:48:36.880 [org.springframework.kafka.KafkaListenerEndpointContainer#0-0-C-1] INFO  org.apache.kafka.clients.consumer.internals.ConsumerCoordinator - [Consumer clientId=consumer-tomge-consumer-group-1, groupId=tomge-consumer-group] (Re-)joining group
2025-04-09 16:48:36.900 [org.springframework.kafka.KafkaListenerEndpointContainer#1-0-C-1] INFO  org.apache.kafka.clients.consumer.internals.ConsumerCoordinator - [Consumer clientId=consumer-tomge-consumer-group-2, groupId=tomge-consumer-group] Request joining group due to: need to re-join with the given member-id: consumer-tomge-consumer-group-2-d5cb3afb-15e4-4d12-874c-04757f804f86
2025-04-09 16:48:36.900 [org.springframework.kafka.KafkaListenerEndpointContainer#1-0-C-1] INFO  org.apache.kafka.clients.consumer.internals.ConsumerCoordinator - [Consumer clientId=consumer-tomge-consumer-group-2, groupId=tomge-consumer-group] (Re-)joining group
2025-04-09 16:48:36.919 [org.springframework.kafka.KafkaListenerEndpointContainer#0-0-C-1] INFO  org.apache.kafka.clients.consumer.internals.ConsumerCoordinator - [Consumer clientId=consumer-tomge-consumer-group-1, groupId=tomge-consumer-group] Successfully joined group with generation Generation{generationId=25, memberId='consumer-tomge-consumer-group-1-e36689ff-8ef7-4a19-91e9-fdf365f60a66', protocol='range'}
2025-04-09 16:48:36.923 [org.springframework.kafka.KafkaListenerEndpointContainer#0-0-C-1] INFO  org.apache.kafka.clients.consumer.internals.ConsumerCoordinator - [Consumer clientId=consumer-tomge-consumer-group-1, groupId=tomge-consumer-group] Finished assignment for group at generation 25: {consumer-tomge-consumer-group-1-e36689ff-8ef7-4a19-91e9-fdf365f60a66=Assignment(partitions=[testtopic2-0])}
2025-04-09 16:48:36.963 [org.springframework.kafka.KafkaListenerEndpointContainer#0-0-C-1] INFO  org.apache.kafka.clients.consumer.internals.ConsumerCoordinator - [Consumer clientId=consumer-tomge-consumer-group-1, groupId=tomge-consumer-group] SyncGroup failed: The group began another rebalance. Need to re-join the group. Sent generation was Generation{generationId=25, memberId='consumer-tomge-consumer-group-1-e36689ff-8ef7-4a19-91e9-fdf365f60a66', protocol='range'}
2025-04-09 16:48:36.963 [org.springframework.kafka.KafkaListenerEndpointContainer#0-0-C-1] INFO  org.apache.kafka.clients.consumer.internals.ConsumerCoordinator - [Consumer clientId=consumer-tomge-consumer-group-1, groupId=tomge-consumer-group] Request joining group due to: rebalance failed due to 'The group is rebalancing, so a rejoin is needed.' (RebalanceInProgressException)
2025-04-09 16:48:36.963 [org.springframework.kafka.KafkaListenerEndpointContainer#0-0-C-1] INFO  org.apache.kafka.clients.consumer.internals.ConsumerCoordinator - [Consumer clientId=consumer-tomge-consumer-group-1, groupId=tomge-consumer-group] (Re-)joining group
2025-04-09 16:48:37.009 [org.springframework.kafka.KafkaListenerEndpointContainer#1-0-C-1] INFO  org.apache.kafka.clients.consumer.internals.ConsumerCoordinator - [Consumer clientId=consumer-tomge-consumer-group-2, groupId=tomge-consumer-group] Successfully joined group with generation Generation{generationId=26, memberId='consumer-tomge-consumer-group-2-d5cb3afb-15e4-4d12-874c-04757f804f86', protocol='range'}
2025-04-09 16:48:37.009 [org.springframework.kafka.KafkaListenerEndpointContainer#0-0-C-1] INFO  org.apache.kafka.clients.consumer.internals.ConsumerCoordinator - [Consumer clientId=consumer-tomge-consumer-group-1, groupId=tomge-consumer-group] Successfully joined group with generation Generation{generationId=26, memberId='consumer-tomge-consumer-group-1-e36689ff-8ef7-4a19-91e9-fdf365f60a66', protocol='range'}
2025-04-09 16:48:37.150 [org.springframework.kafka.KafkaListenerEndpointContainer#0-0-C-1] INFO  org.apache.kafka.clients.consumer.internals.ConsumerCoordinator - [Consumer clientId=consumer-tomge-consumer-group-1, groupId=tomge-consumer-group] Finished assignment for group at generation 26: {consumer-tomge-consumer-group-1-e36689ff-8ef7-4a19-91e9-fdf365f60a66=Assignment(partitions=[testtopic2-0]), consumer-tomge-consumer-group-2-d5cb3afb-15e4-4d12-874c-04757f804f86=Assignment(partitions=[testtopic-0])}
2025-04-09 16:48:37.189 [org.springframework.kafka.KafkaListenerEndpointContainer#0-0-C-1] INFO  org.apache.kafka.clients.consumer.internals.ConsumerCoordinator - [Consumer clientId=consumer-tomge-consumer-group-1, groupId=tomge-consumer-group] Successfully synced group in generation Generation{generationId=26, memberId='consumer-tomge-consumer-group-1-e36689ff-8ef7-4a19-91e9-fdf365f60a66', protocol='range'}
2025-04-09 16:48:37.190 [org.springframework.kafka.KafkaListenerEndpointContainer#0-0-C-1] INFO  org.apache.kafka.clients.consumer.internals.ConsumerCoordinator - [Consumer clientId=consumer-tomge-consumer-group-1, groupId=tomge-consumer-group] Notifying assignor about the new Assignment(partitions=[testtopic2-0])
2025-04-09 16:48:37.192 [org.springframework.kafka.KafkaListenerEndpointContainer#0-0-C-1] INFO  org.apache.kafka.clients.consumer.internals.ConsumerRebalanceListenerInvoker - [Consumer clientId=consumer-tomge-consumer-group-1, groupId=tomge-consumer-group] Adding newly assigned partitions: testtopic2-0
2025-04-09 16:48:37.192 [org.springframework.kafka.KafkaListenerEndpointContainer#1-0-C-1] INFO  org.apache.kafka.clients.consumer.internals.ConsumerCoordinator - [Consumer clientId=consumer-tomge-consumer-group-2, groupId=tomge-consumer-group] Successfully synced group in generation Generation{generationId=26, memberId='consumer-tomge-consumer-group-2-d5cb3afb-15e4-4d12-874c-04757f804f86', protocol='range'}
2025-04-09 16:48:37.192 [org.springframework.kafka.KafkaListenerEndpointContainer#1-0-C-1] INFO  org.apache.kafka.clients.consumer.internals.ConsumerCoordinator - [Consumer clientId=consumer-tomge-consumer-group-2, groupId=tomge-consumer-group] Notifying assignor about the new Assignment(partitions=[testtopic-0])
2025-04-09 16:48:37.192 [org.springframework.kafka.KafkaListenerEndpointContainer#1-0-C-1] INFO  org.apache.kafka.clients.consumer.internals.ConsumerRebalanceListenerInvoker - [Consumer clientId=consumer-tomge-consumer-group-2, groupId=tomge-consumer-group] Adding newly assigned partitions: testtopic-0
2025-04-09 16:48:37.274 [org.springframework.kafka.KafkaListenerEndpointContainer#0-0-C-1] INFO  org.apache.kafka.clients.consumer.internals.ConsumerUtils - Setting offset for partition testtopic2-0 to the committed offset FetchPosition{offset=0, offsetEpoch=Optional.empty, currentLeader=LeaderAndEpoch{leader=Optional[106.54.227.172:9092 (id: 0 rack: null)], epoch=0}}
2025-04-09 16:48:37.280 [org.springframework.kafka.KafkaListenerEndpointContainer#1-0-C-1] INFO  org.apache.kafka.clients.consumer.internals.ConsumerUtils - Setting offset for partition testtopic-0 to the committed offset FetchPosition{offset=1, offsetEpoch=Optional.empty, currentLeader=LeaderAndEpoch{leader=Optional[106.54.227.172:9092 (id: 0 rack: null)], epoch=0}}
2025-04-09 16:49:31.991 [http-nio-9090-exec-2] INFO  org.apache.catalina.core.ContainerBase.[Tomcat].[localhost].[/] - Initializing Spring DispatcherServlet 'dispatcherServlet'
2025-04-09 16:49:32.015 [http-nio-9090-exec-2] INFO  com.zaxxer.hikari.HikariDataSource - HikariPool-1 - Starting...
2025-04-09 16:49:37.890 [http-nio-9090-exec-2] INFO  com.zaxxer.hikari.pool.HikariPool - HikariPool-1 - Added connection com.mysql.cj.jdbc.ConnectionImpl@10d53833
2025-04-09 16:49:37.894 [http-nio-9090-exec-2] INFO  com.zaxxer.hikari.HikariDataSource - HikariPool-1 - Start completed.
2025-04-09 16:49:40.032 [http-nio-9090-exec-2] INFO  com.test.testboot.controller.StudentController - [Student [Hash = 1155665678, id=916, name=测试555, sex=女, birth=2525, department=测试系, address=阿勒泰]]
2025-04-09 16:50:10.962 [http-nio-9090-exec-3] WARN  com.zaxxer.hikari.pool.PoolBase - HikariPool-1 - Failed to validate connection com.mysql.cj.jdbc.ConnectionImpl@10d53833 (No operations allowed after connection closed.). Possibly consider using a shorter maxLifetime value.
2025-04-09 16:50:10.963 [http-nio-9090-exec-3] WARN  com.zaxxer.hikari.pool.PoolBase - HikariPool-1 - Failed to validate connection com.mysql.cj.jdbc.ConnectionImpl@42359aa4 (No operations allowed after connection closed.). Possibly consider using a shorter maxLifetime value.
2025-04-09 16:50:10.964 [http-nio-9090-exec-3] WARN  com.zaxxer.hikari.pool.PoolBase - HikariPool-1 - Failed to validate connection com.mysql.cj.jdbc.ConnectionImpl@2fb02792 (No operations allowed after connection closed.). Possibly consider using a shorter maxLifetime value.
2025-04-09 16:50:10.964 [http-nio-9090-exec-3] WARN  com.zaxxer.hikari.pool.PoolBase - HikariPool-1 - Failed to validate connection com.mysql.cj.jdbc.ConnectionImpl@593116fe (No operations allowed after connection closed.). Possibly consider using a shorter maxLifetime value.
2025-04-09 16:50:10.965 [http-nio-9090-exec-3] WARN  com.zaxxer.hikari.pool.PoolBase - HikariPool-1 - Failed to validate connection com.mysql.cj.jdbc.ConnectionImpl@1b374204 (No operations allowed after connection closed.). Possibly consider using a shorter maxLifetime value.
2025-04-09 16:50:10.965 [http-nio-9090-exec-3] WARN  com.zaxxer.hikari.pool.PoolBase - HikariPool-1 - Failed to validate connection com.mysql.cj.jdbc.ConnectionImpl@19b528d1 (No operations allowed after connection closed.). Possibly consider using a shorter maxLifetime value.
2025-04-09 16:50:40.980 [http-nio-9090-exec-3] ERROR org.apache.catalina.core.ContainerBase.[Tomcat].[localhost].[/].[dispatcherServlet] - Servlet.service() for servlet [dispatcherServlet] in context with path [] threw exception [Request processing failed: org.springframework.transaction.CannotCreateTransactionException: Could not open JDBC Connection for transaction] with root cause
java.net.SocketException: Can't connect to SOCKS proxy:Connection refused
	at java.base/java.net.SocksSocketImpl.connect(SocksSocketImpl.java:359)
	at java.base/java.net.Socket.connect(Socket.java:760)
	at com.mysql.cj.protocol.StandardSocketFactory.connect(StandardSocketFactory.java:153)
	at com.mysql.cj.protocol.a.NativeSocketConnection.connect(NativeSocketConnection.java:62)
	at com.mysql.cj.NativeSession.connect(NativeSession.java:120)
	at com.mysql.cj.jdbc.ConnectionImpl.connectOneTryOnly(ConnectionImpl.java:935)
	at com.mysql.cj.jdbc.ConnectionImpl.createNewIO(ConnectionImpl.java:805)
	at com.mysql.cj.jdbc.ConnectionImpl.<init>(ConnectionImpl.java:438)
	at com.mysql.cj.jdbc.ConnectionImpl.getInstance(ConnectionImpl.java:241)
	at com.mysql.cj.jdbc.NonRegisteringDriver.connect(NonRegisteringDriver.java:189)
	at com.zaxxer.hikari.util.DriverDataSource.getConnection(DriverDataSource.java:137)
	at com.zaxxer.hikari.pool.PoolBase.newConnection(PoolBase.java:360)
	at com.zaxxer.hikari.pool.PoolBase.newPoolEntry(PoolBase.java:202)
	at com.zaxxer.hikari.pool.HikariPool.createPoolEntry(HikariPool.java:461)
	at com.zaxxer.hikari.pool.HikariPool$PoolEntryCreator.call(HikariPool.java:724)
	at com.zaxxer.hikari.pool.HikariPool$PoolEntryCreator.call(HikariPool.java:703)
	at java.base/java.util.concurrent.FutureTask.run(FutureTask.java:317)
	at java.base/java.util.concurrent.ThreadPoolExecutor.runWorker(ThreadPoolExecutor.java:1144)
	at java.base/java.util.concurrent.ThreadPoolExecutor$Worker.run(ThreadPoolExecutor.java:642)
	at java.base/java.lang.Thread.run(Thread.java:1575)
2025-04-09 16:51:09.377 [org.springframework.kafka.KafkaListenerEndpointContainer#0-0-C-1] INFO  org.apache.kafka.clients.consumer.internals.ConsumerRebalanceListenerInvoker - [Consumer clientId=consumer-tomge-consumer-group-1, groupId=tomge-consumer-group] Revoke previously assigned partitions testtopic2-0
2025-04-09 16:51:09.377 [org.springframework.kafka.KafkaListenerEndpointContainer#1-0-C-1] INFO  org.apache.kafka.clients.consumer.internals.ConsumerRebalanceListenerInvoker - [Consumer clientId=consumer-tomge-consumer-group-2, groupId=tomge-consumer-group] Revoke previously assigned partitions testtopic-0
2025-04-09 16:51:09.377 [org.springframework.kafka.KafkaListenerEndpointContainer#1-0-C-1] INFO  org.apache.kafka.clients.consumer.internals.ConsumerCoordinator - [Consumer clientId=consumer-tomge-consumer-group-2, groupId=tomge-consumer-group] Member consumer-tomge-consumer-group-2-d5cb3afb-15e4-4d12-874c-04757f804f86 sending LeaveGroup request to coordinator 106.54.227.172:9092 (id: 2147483647 rack: null) due to the consumer unsubscribed from all topics
2025-04-09 16:51:09.377 [org.springframework.kafka.KafkaListenerEndpointContainer#0-0-C-1] INFO  org.apache.kafka.clients.consumer.internals.ConsumerCoordinator - [Consumer clientId=consumer-tomge-consumer-group-1, groupId=tomge-consumer-group] Member consumer-tomge-consumer-group-1-e36689ff-8ef7-4a19-91e9-fdf365f60a66 sending LeaveGroup request to coordinator 106.54.227.172:9092 (id: 2147483647 rack: null) due to the consumer unsubscribed from all topics
2025-04-09 16:51:09.377 [org.springframework.kafka.KafkaListenerEndpointContainer#0-0-C-1] INFO  org.apache.kafka.clients.consumer.internals.ConsumerCoordinator - [Consumer clientId=consumer-tomge-consumer-group-1, groupId=tomge-consumer-group] Resetting generation and member id due to: consumer pro-actively leaving the group
2025-04-09 16:51:09.377 [org.springframework.kafka.KafkaListenerEndpointContainer#1-0-C-1] INFO  org.apache.kafka.clients.consumer.internals.ConsumerCoordinator - [Consumer clientId=consumer-tomge-consumer-group-2, groupId=tomge-consumer-group] Resetting generation and member id due to: consumer pro-actively leaving the group
2025-04-09 16:51:09.381 [org.springframework.kafka.KafkaListenerEndpointContainer#0-0-C-1] INFO  org.apache.kafka.clients.consumer.internals.ConsumerCoordinator - [Consumer clientId=consumer-tomge-consumer-group-1, groupId=tomge-consumer-group] Request joining group due to: consumer pro-actively leaving the group
2025-04-09 16:51:09.381 [org.springframework.kafka.KafkaListenerEndpointContainer#1-0-C-1] INFO  org.apache.kafka.clients.consumer.internals.ConsumerCoordinator - [Consumer clientId=consumer-tomge-consumer-group-2, groupId=tomge-consumer-group] Request joining group due to: consumer pro-actively leaving the group
2025-04-09 16:51:09.382 [org.springframework.kafka.KafkaListenerEndpointContainer#0-0-C-1] INFO  org.apache.kafka.clients.consumer.internals.LegacyKafkaConsumer - [Consumer clientId=consumer-tomge-consumer-group-1, groupId=tomge-consumer-group] Unsubscribed all topics or patterns and assigned partitions
2025-04-09 16:51:09.382 [org.springframework.kafka.KafkaListenerEndpointContainer#1-0-C-1] INFO  org.apache.kafka.clients.consumer.internals.LegacyKafkaConsumer - [Consumer clientId=consumer-tomge-consumer-group-2, groupId=tomge-consumer-group] Unsubscribed all topics or patterns and assigned partitions
2025-04-09 16:51:09.382 [org.springframework.kafka.KafkaListenerEndpointContainer#1-0-C-1] INFO  org.apache.kafka.clients.consumer.internals.ConsumerCoordinator - [Consumer clientId=consumer-tomge-consumer-group-2, groupId=tomge-consumer-group] Resetting generation and member id due to: consumer pro-actively leaving the group
2025-04-09 16:51:09.382 [org.springframework.kafka.KafkaListenerEndpointContainer#0-0-C-1] INFO  org.apache.kafka.clients.consumer.internals.ConsumerCoordinator - [Consumer clientId=consumer-tomge-consumer-group-1, groupId=tomge-consumer-group] Resetting generation and member id due to: consumer pro-actively leaving the group
2025-04-09 16:51:09.382 [org.springframework.kafka.KafkaListenerEndpointContainer#1-0-C-1] INFO  org.apache.kafka.clients.consumer.internals.ConsumerCoordinator - [Consumer clientId=consumer-tomge-consumer-group-2, groupId=tomge-consumer-group] Request joining group due to: consumer pro-actively leaving the group
2025-04-09 16:51:09.382 [org.springframework.kafka.KafkaListenerEndpointContainer#0-0-C-1] INFO  org.apache.kafka.clients.consumer.internals.ConsumerCoordinator - [Consumer clientId=consumer-tomge-consumer-group-1, groupId=tomge-consumer-group] Request joining group due to: consumer pro-actively leaving the group
2025-04-09 16:51:09.493 [org.springframework.kafka.KafkaListenerEndpointContainer#1-0-C-1] INFO  org.apache.kafka.common.metrics.Metrics - Metrics scheduler closed
2025-04-09 16:51:09.493 [org.springframework.kafka.KafkaListenerEndpointContainer#1-0-C-1] INFO  org.apache.kafka.common.metrics.Metrics - Closing reporter org.apache.kafka.common.metrics.JmxReporter
2025-04-09 16:51:09.493 [org.springframework.kafka.KafkaListenerEndpointContainer#1-0-C-1] INFO  org.apache.kafka.common.metrics.Metrics - Closing reporter org.apache.kafka.common.telemetry.internals.ClientTelemetryReporter
2025-04-09 16:51:09.493 [org.springframework.kafka.KafkaListenerEndpointContainer#1-0-C-1] INFO  org.apache.kafka.common.metrics.Metrics - Metrics reporters closed
2025-04-09 16:51:09.496 [org.springframework.kafka.KafkaListenerEndpointContainer#0-0-C-1] INFO  org.apache.kafka.common.metrics.Metrics - Metrics scheduler closed
2025-04-09 16:51:09.496 [org.springframework.kafka.KafkaListenerEndpointContainer#0-0-C-1] INFO  org.apache.kafka.common.metrics.Metrics - Closing reporter org.apache.kafka.common.metrics.JmxReporter
2025-04-09 16:51:09.496 [org.springframework.kafka.KafkaListenerEndpointContainer#0-0-C-1] INFO  org.apache.kafka.common.metrics.Metrics - Closing reporter org.apache.kafka.common.telemetry.internals.ClientTelemetryReporter
2025-04-09 16:51:09.496 [org.springframework.kafka.KafkaListenerEndpointContainer#0-0-C-1] INFO  org.apache.kafka.common.metrics.Metrics - Metrics reporters closed
2025-04-09 16:51:09.497 [org.springframework.kafka.KafkaListenerEndpointContainer#1-0-C-1] INFO  org.apache.kafka.common.utils.AppInfoParser - App info kafka.consumer for consumer-tomge-consumer-group-2 unregistered
2025-04-09 16:51:09.498 [org.springframework.kafka.KafkaListenerEndpointContainer#0-0-C-1] INFO  org.apache.kafka.common.utils.AppInfoParser - App info kafka.consumer for consumer-tomge-consumer-group-1 unregistered
2025-04-09 16:51:10.113 [http-nio-9090-exec-4] WARN  org.springframework.web.servlet.mvc.support.DefaultHandlerExceptionResolver - Resolved [org.springframework.web.context.request.async.AsyncRequestNotUsableException: ServletOutputStream failed to flush: java.nio.channels.ClosedChannelException]
2025-04-09 16:51:12.204 [SpringApplicationShutdownHook] INFO  com.zaxxer.hikari.HikariDataSource - HikariPool-1 - Shutdown initiated...
2025-04-09 16:51:13.613 [SpringApplicationShutdownHook] INFO  com.zaxxer.hikari.HikariDataSource - HikariPool-1 - Shutdown completed.
2025-04-09 16:51:17.062 [main] INFO  com.test.testboot.TestbootApplication - Starting TestbootApplication using Java 23.0.2 with PID 42922 (/Users/zhaoxin/Documents/GitHub/testboot/target/classes started by zhaoxin in /Users/zhaoxin/Documents/GitHub/testboot)
2025-04-09 16:51:17.064 [main] INFO  com.test.testboot.TestbootApplication - No active profile set, falling back to 1 default profile: "default"
2025-04-09 16:51:17.717 [main] INFO  org.apache.coyote.http11.Http11NioProtocol - Initializing ProtocolHandler ["http-nio-9090"]
2025-04-09 16:51:17.717 [main] INFO  org.apache.catalina.core.StandardService - Starting service [Tomcat]
2025-04-09 16:51:17.717 [main] INFO  org.apache.catalina.core.StandardEngine - Starting Servlet engine: [Apache Tomcat/10.1.36]
2025-04-09 16:51:17.737 [main] INFO  org.apache.catalina.core.ContainerBase.[Tomcat].[localhost].[/] - Initializing Spring embedded WebApplicationContext
2025-04-09 16:51:18.824 [main] INFO  org.apache.coyote.http11.Http11NioProtocol - Starting ProtocolHandler ["http-nio-9090"]
2025-04-09 16:51:18.845 [main] INFO  org.apache.kafka.clients.consumer.ConsumerConfig - ConsumerConfig values: 
	allow.auto.create.topics = true
	auto.commit.interval.ms = 5000
	auto.include.jmx.reporter = true
	auto.offset.reset = latest
	bootstrap.servers = [106.54.227.172:9092]
	check.crcs = true
	client.dns.lookup = use_all_dns_ips
	client.id = consumer-tomge-consumer-group-1
	client.rack = 
	connections.max.idle.ms = 540000
	default.api.timeout.ms = 60000
	enable.auto.commit = false
	enable.metrics.push = true
	exclude.internal.topics = true
	fetch.max.bytes = 52428800
	fetch.max.wait.ms = 500
	fetch.min.bytes = 1
	group.id = tomge-consumer-group
	group.instance.id = null
	group.protocol = classic
	group.remote.assignor = null
	heartbeat.interval.ms = 3000
	interceptor.classes = []
	internal.leave.group.on.close = true
	internal.throw.on.fetch.stable.offset.unsupported = false
	isolation.level = read_uncommitted
	key.deserializer = class org.apache.kafka.common.serialization.StringDeserializer
	max.partition.fetch.bytes = 1048576
	max.poll.interval.ms = 300000
	max.poll.records = 500
	metadata.max.age.ms = 300000
	metric.reporters = []
	metrics.num.samples = 2
	metrics.recording.level = INFO
	metrics.sample.window.ms = 30000
	partition.assignment.strategy = [class org.apache.kafka.clients.consumer.RangeAssignor, class org.apache.kafka.clients.consumer.CooperativeStickyAssignor]
	receive.buffer.bytes = 65536
	reconnect.backoff.max.ms = 1000
	reconnect.backoff.ms = 50
	request.timeout.ms = 30000
	retry.backoff.max.ms = 1000
	retry.backoff.ms = 100
	sasl.client.callback.handler.class = null
	sasl.jaas.config = null
	sasl.kerberos.kinit.cmd = /usr/bin/kinit
	sasl.kerberos.min.time.before.relogin = 60000
	sasl.kerberos.service.name = null
	sasl.kerberos.ticket.renew.jitter = 0.05
	sasl.kerberos.ticket.renew.window.factor = 0.8
	sasl.login.callback.handler.class = null
	sasl.login.class = null
	sasl.login.connect.timeout.ms = null
	sasl.login.read.timeout.ms = null
	sasl.login.refresh.buffer.seconds = 300
	sasl.login.refresh.min.period.seconds = 60
	sasl.login.refresh.window.factor = 0.8
	sasl.login.refresh.window.jitter = 0.05
	sasl.login.retry.backoff.max.ms = 10000
	sasl.login.retry.backoff.ms = 100
	sasl.mechanism = GSSAPI
	sasl.oauthbearer.clock.skew.seconds = 30
	sasl.oauthbearer.expected.audience = null
	sasl.oauthbearer.expected.issuer = null
	sasl.oauthbearer.jwks.endpoint.refresh.ms = 3600000
	sasl.oauthbearer.jwks.endpoint.retry.backoff.max.ms = 10000
	sasl.oauthbearer.jwks.endpoint.retry.backoff.ms = 100
	sasl.oauthbearer.jwks.endpoint.url = null
	sasl.oauthbearer.scope.claim.name = scope
	sasl.oauthbearer.sub.claim.name = sub
	sasl.oauthbearer.token.endpoint.url = null
	security.protocol = PLAINTEXT
	security.providers = null
	send.buffer.bytes = 131072
	session.timeout.ms = 45000
	socket.connection.setup.timeout.max.ms = 30000
	socket.connection.setup.timeout.ms = 10000
	ssl.cipher.suites = null
	ssl.enabled.protocols = [TLSv1.2, TLSv1.3]
	ssl.endpoint.identification.algorithm = https
	ssl.engine.factory.class = null
	ssl.key.password = null
	ssl.keymanager.algorithm = SunX509
	ssl.keystore.certificate.chain = null
	ssl.keystore.key = null
	ssl.keystore.location = null
	ssl.keystore.password = null
	ssl.keystore.type = JKS
	ssl.protocol = TLSv1.3
	ssl.provider = null
	ssl.secure.random.implementation = null
	ssl.trustmanager.algorithm = PKIX
	ssl.truststore.certificates = null
	ssl.truststore.location = null
	ssl.truststore.password = null
	ssl.truststore.type = JKS
	value.deserializer = class org.apache.kafka.common.serialization.StringDeserializer

2025-04-09 16:51:18.866 [main] INFO  org.apache.kafka.common.telemetry.internals.KafkaMetricsCollector - initializing Kafka metrics collector
2025-04-09 16:51:18.895 [main] INFO  org.apache.kafka.common.utils.AppInfoParser - Kafka version: 3.7.2
2025-04-09 16:51:18.895 [main] INFO  org.apache.kafka.common.utils.AppInfoParser - Kafka commitId: 79a8f2b5f44f9d5a
2025-04-09 16:51:18.895 [main] INFO  org.apache.kafka.common.utils.AppInfoParser - Kafka startTimeMs: 1744188678895
2025-04-09 16:51:18.900 [main] INFO  org.apache.kafka.clients.consumer.internals.LegacyKafkaConsumer - [Consumer clientId=consumer-tomge-consumer-group-1, groupId=tomge-consumer-group] Subscribed to topic(s): testtopic
2025-04-09 16:51:18.903 [main] INFO  org.apache.kafka.clients.consumer.ConsumerConfig - ConsumerConfig values: 
	allow.auto.create.topics = true
	auto.commit.interval.ms = 5000
	auto.include.jmx.reporter = true
	auto.offset.reset = latest
	bootstrap.servers = [106.54.227.172:9092]
	check.crcs = true
	client.dns.lookup = use_all_dns_ips
	client.id = consumer-tomge-consumer-group-2
	client.rack = 
	connections.max.idle.ms = 540000
	default.api.timeout.ms = 60000
	enable.auto.commit = false
	enable.metrics.push = true
	exclude.internal.topics = true
	fetch.max.bytes = 52428800
	fetch.max.wait.ms = 500
	fetch.min.bytes = 1
	group.id = tomge-consumer-group
	group.instance.id = null
	group.protocol = classic
	group.remote.assignor = null
	heartbeat.interval.ms = 3000
	interceptor.classes = []
	internal.leave.group.on.close = true
	internal.throw.on.fetch.stable.offset.unsupported = false
	isolation.level = read_uncommitted
	key.deserializer = class org.apache.kafka.common.serialization.StringDeserializer
	max.partition.fetch.bytes = 1048576
	max.poll.interval.ms = 300000
	max.poll.records = 500
	metadata.max.age.ms = 300000
	metric.reporters = []
	metrics.num.samples = 2
	metrics.recording.level = INFO
	metrics.sample.window.ms = 30000
	partition.assignment.strategy = [class org.apache.kafka.clients.consumer.RangeAssignor, class org.apache.kafka.clients.consumer.CooperativeStickyAssignor]
	receive.buffer.bytes = 65536
	reconnect.backoff.max.ms = 1000
	reconnect.backoff.ms = 50
	request.timeout.ms = 30000
	retry.backoff.max.ms = 1000
	retry.backoff.ms = 100
	sasl.client.callback.handler.class = null
	sasl.jaas.config = null
	sasl.kerberos.kinit.cmd = /usr/bin/kinit
	sasl.kerberos.min.time.before.relogin = 60000
	sasl.kerberos.service.name = null
	sasl.kerberos.ticket.renew.jitter = 0.05
	sasl.kerberos.ticket.renew.window.factor = 0.8
	sasl.login.callback.handler.class = null
	sasl.login.class = null
	sasl.login.connect.timeout.ms = null
	sasl.login.read.timeout.ms = null
	sasl.login.refresh.buffer.seconds = 300
	sasl.login.refresh.min.period.seconds = 60
	sasl.login.refresh.window.factor = 0.8
	sasl.login.refresh.window.jitter = 0.05
	sasl.login.retry.backoff.max.ms = 10000
	sasl.login.retry.backoff.ms = 100
	sasl.mechanism = GSSAPI
	sasl.oauthbearer.clock.skew.seconds = 30
	sasl.oauthbearer.expected.audience = null
	sasl.oauthbearer.expected.issuer = null
	sasl.oauthbearer.jwks.endpoint.refresh.ms = 3600000
	sasl.oauthbearer.jwks.endpoint.retry.backoff.max.ms = 10000
	sasl.oauthbearer.jwks.endpoint.retry.backoff.ms = 100
	sasl.oauthbearer.jwks.endpoint.url = null
	sasl.oauthbearer.scope.claim.name = scope
	sasl.oauthbearer.sub.claim.name = sub
	sasl.oauthbearer.token.endpoint.url = null
	security.protocol = PLAINTEXT
	security.providers = null
	send.buffer.bytes = 131072
	session.timeout.ms = 45000
	socket.connection.setup.timeout.max.ms = 30000
	socket.connection.setup.timeout.ms = 10000
	ssl.cipher.suites = null
	ssl.enabled.protocols = [TLSv1.2, TLSv1.3]
	ssl.endpoint.identification.algorithm = https
	ssl.engine.factory.class = null
	ssl.key.password = null
	ssl.keymanager.algorithm = SunX509
	ssl.keystore.certificate.chain = null
	ssl.keystore.key = null
	ssl.keystore.location = null
	ssl.keystore.password = null
	ssl.keystore.type = JKS
	ssl.protocol = TLSv1.3
	ssl.provider = null
	ssl.secure.random.implementation = null
	ssl.trustmanager.algorithm = PKIX
	ssl.truststore.certificates = null
	ssl.truststore.location = null
	ssl.truststore.password = null
	ssl.truststore.type = JKS
	value.deserializer = class org.apache.kafka.common.serialization.StringDeserializer

2025-04-09 16:51:18.903 [main] INFO  org.apache.kafka.common.telemetry.internals.KafkaMetricsCollector - initializing Kafka metrics collector
2025-04-09 16:51:18.907 [main] INFO  org.apache.kafka.common.utils.AppInfoParser - Kafka version: 3.7.2
2025-04-09 16:51:18.907 [main] INFO  org.apache.kafka.common.utils.AppInfoParser - Kafka commitId: 79a8f2b5f44f9d5a
2025-04-09 16:51:18.907 [main] INFO  org.apache.kafka.common.utils.AppInfoParser - Kafka startTimeMs: 1744188678907
2025-04-09 16:51:18.907 [main] INFO  org.apache.kafka.clients.consumer.internals.LegacyKafkaConsumer - [Consumer clientId=consumer-tomge-consumer-group-2, groupId=tomge-consumer-group] Subscribed to topic(s): testtopic2
2025-04-09 16:51:18.915 [main] INFO  com.test.testboot.TestbootApplication - Started TestbootApplication in 2.049 seconds (process running for 2.324)
2025-04-09 16:51:19.161 [org.springframework.kafka.KafkaListenerEndpointContainer#0-0-C-1] INFO  org.apache.kafka.clients.Metadata - [Consumer clientId=consumer-tomge-consumer-group-1, groupId=tomge-consumer-group] Cluster ID: a9Ypxh85Tn-baDC9a_oChQ
2025-04-09 16:51:19.161 [org.springframework.kafka.KafkaListenerEndpointContainer#1-0-C-1] INFO  org.apache.kafka.clients.Metadata - [Consumer clientId=consumer-tomge-consumer-group-2, groupId=tomge-consumer-group] Cluster ID: a9Ypxh85Tn-baDC9a_oChQ
2025-04-09 16:51:19.161 [org.springframework.kafka.KafkaListenerEndpointContainer#0-0-C-1] INFO  org.apache.kafka.clients.consumer.internals.ConsumerCoordinator - [Consumer clientId=consumer-tomge-consumer-group-1, groupId=tomge-consumer-group] Discovered group coordinator 106.54.227.172:9092 (id: 2147483647 rack: null)
2025-04-09 16:51:19.161 [org.springframework.kafka.KafkaListenerEndpointContainer#1-0-C-1] INFO  org.apache.kafka.clients.consumer.internals.ConsumerCoordinator - [Consumer clientId=consumer-tomge-consumer-group-2, groupId=tomge-consumer-group] Discovered group coordinator 106.54.227.172:9092 (id: 2147483647 rack: null)
2025-04-09 16:51:19.163 [org.springframework.kafka.KafkaListenerEndpointContainer#0-0-C-1] INFO  org.apache.kafka.clients.consumer.internals.ConsumerCoordinator - [Consumer clientId=consumer-tomge-consumer-group-1, groupId=tomge-consumer-group] (Re-)joining group
2025-04-09 16:51:19.163 [org.springframework.kafka.KafkaListenerEndpointContainer#1-0-C-1] INFO  org.apache.kafka.clients.consumer.internals.ConsumerCoordinator - [Consumer clientId=consumer-tomge-consumer-group-2, groupId=tomge-consumer-group] (Re-)joining group
2025-04-09 16:51:19.301 [org.springframework.kafka.KafkaListenerEndpointContainer#1-0-C-1] INFO  org.apache.kafka.clients.consumer.internals.ConsumerCoordinator - [Consumer clientId=consumer-tomge-consumer-group-2, groupId=tomge-consumer-group] Request joining group due to: need to re-join with the given member-id: consumer-tomge-consumer-group-2-6512df64-f65e-4c6e-ab52-c1e40b06640d
2025-04-09 16:51:19.301 [org.springframework.kafka.KafkaListenerEndpointContainer#0-0-C-1] INFO  org.apache.kafka.clients.consumer.internals.ConsumerCoordinator - [Consumer clientId=consumer-tomge-consumer-group-1, groupId=tomge-consumer-group] Request joining group due to: need to re-join with the given member-id: consumer-tomge-consumer-group-1-e9dcd18f-8c18-4ef1-b4f8-173a48dcc2f8
2025-04-09 16:51:19.302 [org.springframework.kafka.KafkaListenerEndpointContainer#1-0-C-1] INFO  org.apache.kafka.clients.consumer.internals.ConsumerCoordinator - [Consumer clientId=consumer-tomge-consumer-group-2, groupId=tomge-consumer-group] (Re-)joining group
2025-04-09 16:51:19.302 [org.springframework.kafka.KafkaListenerEndpointContainer#0-0-C-1] INFO  org.apache.kafka.clients.consumer.internals.ConsumerCoordinator - [Consumer clientId=consumer-tomge-consumer-group-1, groupId=tomge-consumer-group] (Re-)joining group
2025-04-09 16:51:19.348 [org.springframework.kafka.KafkaListenerEndpointContainer#0-0-C-1] INFO  org.apache.kafka.clients.consumer.internals.ConsumerCoordinator - [Consumer clientId=consumer-tomge-consumer-group-1, groupId=tomge-consumer-group] Successfully joined group with generation Generation{generationId=28, memberId='consumer-tomge-consumer-group-1-e9dcd18f-8c18-4ef1-b4f8-173a48dcc2f8', protocol='range'}
2025-04-09 16:51:19.352 [org.springframework.kafka.KafkaListenerEndpointContainer#0-0-C-1] INFO  org.apache.kafka.clients.consumer.internals.ConsumerCoordinator - [Consumer clientId=consumer-tomge-consumer-group-1, groupId=tomge-consumer-group] Finished assignment for group at generation 28: {consumer-tomge-consumer-group-1-e9dcd18f-8c18-4ef1-b4f8-173a48dcc2f8=Assignment(partitions=[testtopic-0])}
2025-04-09 16:51:19.416 [org.springframework.kafka.KafkaListenerEndpointContainer#0-0-C-1] INFO  org.apache.kafka.clients.consumer.internals.ConsumerCoordinator - [Consumer clientId=consumer-tomge-consumer-group-1, groupId=tomge-consumer-group] SyncGroup failed: The group began another rebalance. Need to re-join the group. Sent generation was Generation{generationId=28, memberId='consumer-tomge-consumer-group-1-e9dcd18f-8c18-4ef1-b4f8-173a48dcc2f8', protocol='range'}
2025-04-09 16:51:19.417 [org.springframework.kafka.KafkaListenerEndpointContainer#0-0-C-1] INFO  org.apache.kafka.clients.consumer.internals.ConsumerCoordinator - [Consumer clientId=consumer-tomge-consumer-group-1, groupId=tomge-consumer-group] Request joining group due to: rebalance failed due to 'The group is rebalancing, so a rejoin is needed.' (RebalanceInProgressException)
2025-04-09 16:51:19.417 [org.springframework.kafka.KafkaListenerEndpointContainer#0-0-C-1] INFO  org.apache.kafka.clients.consumer.internals.ConsumerCoordinator - [Consumer clientId=consumer-tomge-consumer-group-1, groupId=tomge-consumer-group] (Re-)joining group
2025-04-09 16:51:19.458 [org.springframework.kafka.KafkaListenerEndpointContainer#1-0-C-1] INFO  org.apache.kafka.clients.consumer.internals.ConsumerCoordinator - [Consumer clientId=consumer-tomge-consumer-group-2, groupId=tomge-consumer-group] Successfully joined group with generation Generation{generationId=29, memberId='consumer-tomge-consumer-group-2-6512df64-f65e-4c6e-ab52-c1e40b06640d', protocol='range'}
2025-04-09 16:51:19.458 [org.springframework.kafka.KafkaListenerEndpointContainer#0-0-C-1] INFO  org.apache.kafka.clients.consumer.internals.ConsumerCoordinator - [Consumer clientId=consumer-tomge-consumer-group-1, groupId=tomge-consumer-group] Successfully joined group with generation Generation{generationId=29, memberId='consumer-tomge-consumer-group-1-e9dcd18f-8c18-4ef1-b4f8-173a48dcc2f8', protocol='range'}
2025-04-09 16:51:19.587 [org.springframework.kafka.KafkaListenerEndpointContainer#0-0-C-1] INFO  org.apache.kafka.clients.consumer.internals.ConsumerCoordinator - [Consumer clientId=consumer-tomge-consumer-group-1, groupId=tomge-consumer-group] Finished assignment for group at generation 29: {consumer-tomge-consumer-group-1-e9dcd18f-8c18-4ef1-b4f8-173a48dcc2f8=Assignment(partitions=[testtopic-0]), consumer-tomge-consumer-group-2-6512df64-f65e-4c6e-ab52-c1e40b06640d=Assignment(partitions=[testtopic2-0])}
2025-04-09 16:51:19.627 [org.springframework.kafka.KafkaListenerEndpointContainer#1-0-C-1] INFO  org.apache.kafka.clients.consumer.internals.ConsumerCoordinator - [Consumer clientId=consumer-tomge-consumer-group-2, groupId=tomge-consumer-group] Successfully synced group in generation Generation{generationId=29, memberId='consumer-tomge-consumer-group-2-6512df64-f65e-4c6e-ab52-c1e40b06640d', protocol='range'}
2025-04-09 16:51:19.627 [org.springframework.kafka.KafkaListenerEndpointContainer#0-0-C-1] INFO  org.apache.kafka.clients.consumer.internals.ConsumerCoordinator - [Consumer clientId=consumer-tomge-consumer-group-1, groupId=tomge-consumer-group] Successfully synced group in generation Generation{generationId=29, memberId='consumer-tomge-consumer-group-1-e9dcd18f-8c18-4ef1-b4f8-173a48dcc2f8', protocol='range'}
2025-04-09 16:51:19.628 [org.springframework.kafka.KafkaListenerEndpointContainer#0-0-C-1] INFO  org.apache.kafka.clients.consumer.internals.ConsumerCoordinator - [Consumer clientId=consumer-tomge-consumer-group-1, groupId=tomge-consumer-group] Notifying assignor about the new Assignment(partitions=[testtopic-0])
2025-04-09 16:51:19.628 [org.springframework.kafka.KafkaListenerEndpointContainer#1-0-C-1] INFO  org.apache.kafka.clients.consumer.internals.ConsumerCoordinator - [Consumer clientId=consumer-tomge-consumer-group-2, groupId=tomge-consumer-group] Notifying assignor about the new Assignment(partitions=[testtopic2-0])
2025-04-09 16:51:19.629 [org.springframework.kafka.KafkaListenerEndpointContainer#1-0-C-1] INFO  org.apache.kafka.clients.consumer.internals.ConsumerRebalanceListenerInvoker - [Consumer clientId=consumer-tomge-consumer-group-2, groupId=tomge-consumer-group] Adding newly assigned partitions: testtopic2-0
2025-04-09 16:51:19.629 [org.springframework.kafka.KafkaListenerEndpointContainer#0-0-C-1] INFO  org.apache.kafka.clients.consumer.internals.ConsumerRebalanceListenerInvoker - [Consumer clientId=consumer-tomge-consumer-group-1, groupId=tomge-consumer-group] Adding newly assigned partitions: testtopic-0
2025-04-09 16:51:19.712 [org.springframework.kafka.KafkaListenerEndpointContainer#1-0-C-1] INFO  org.apache.kafka.clients.consumer.internals.ConsumerUtils - Setting offset for partition testtopic2-0 to the committed offset FetchPosition{offset=0, offsetEpoch=Optional.empty, currentLeader=LeaderAndEpoch{leader=Optional[106.54.227.172:9092 (id: 0 rack: null)], epoch=0}}
2025-04-09 16:51:19.711 [org.springframework.kafka.KafkaListenerEndpointContainer#0-0-C-1] INFO  org.apache.kafka.clients.consumer.internals.ConsumerUtils - Setting offset for partition testtopic-0 to the committed offset FetchPosition{offset=1, offsetEpoch=Optional.empty, currentLeader=LeaderAndEpoch{leader=Optional[106.54.227.172:9092 (id: 0 rack: null)], epoch=0}}
2025-04-09 16:51:25.833 [http-nio-9090-exec-2] INFO  org.apache.catalina.core.ContainerBase.[Tomcat].[localhost].[/] - Initializing Spring DispatcherServlet 'dispatcherServlet'
2025-04-09 16:51:25.856 [http-nio-9090-exec-2] INFO  com.zaxxer.hikari.HikariDataSource - HikariPool-1 - Starting...
2025-04-09 16:51:26.365 [http-nio-9090-exec-2] INFO  com.zaxxer.hikari.pool.HikariPool - HikariPool-1 - Added connection com.mysql.cj.jdbc.ConnectionImpl@1140fee3
2025-04-09 16:51:26.368 [http-nio-9090-exec-2] INFO  com.zaxxer.hikari.HikariDataSource - HikariPool-1 - Start completed.
2025-04-09 16:51:26.632 [http-nio-9090-exec-2] INFO  com.test.testboot.controller.StudentController - [Student [Hash = 1155665678, id=916, name=测试555, sex=女, birth=2525, department=测试系, address=阿勒泰]]
2025-04-09 16:51:39.324 [http-nio-9090-exec-3] INFO  com.test.testboot.service.impl.StudentServiceImpl - 1
2025-04-09 16:51:39.459 [http-nio-9090-exec-3] INFO  com.test.testboot.controller.StudentController - [Student [Hash = 1155665678, id=916, name=测试555, sex=女, birth=2525, department=测试系, address=阿勒泰]]
2025-04-09 17:00:19.253 [org.springframework.kafka.KafkaListenerEndpointContainer#1-0-C-1] INFO  org.apache.kafka.clients.NetworkClient - [Consumer clientId=consumer-tomge-consumer-group-2, groupId=tomge-consumer-group] Node -1 disconnected.
2025-04-09 17:00:19.253 [org.springframework.kafka.KafkaListenerEndpointContainer#0-0-C-1] INFO  org.apache.kafka.clients.NetworkClient - [Consumer clientId=consumer-tomge-consumer-group-1, groupId=tomge-consumer-group] Node -1 disconnected.
2025-04-09 17:06:30.261 [org.springframework.kafka.KafkaListenerEndpointContainer#0-0-C-1] INFO  org.apache.kafka.clients.consumer.internals.ConsumerRebalanceListenerInvoker - [Consumer clientId=consumer-tomge-consumer-group-1, groupId=tomge-consumer-group] Revoke previously assigned partitions testtopic-0
2025-04-09 17:06:30.261 [org.springframework.kafka.KafkaListenerEndpointContainer#1-0-C-1] INFO  org.apache.kafka.clients.consumer.internals.ConsumerRebalanceListenerInvoker - [Consumer clientId=consumer-tomge-consumer-group-2, groupId=tomge-consumer-group] Revoke previously assigned partitions testtopic2-0
2025-04-09 17:06:30.262 [org.springframework.kafka.KafkaListenerEndpointContainer#1-0-C-1] INFO  org.apache.kafka.clients.consumer.internals.ConsumerCoordinator - [Consumer clientId=consumer-tomge-consumer-group-2, groupId=tomge-consumer-group] Member consumer-tomge-consumer-group-2-6512df64-f65e-4c6e-ab52-c1e40b06640d sending LeaveGroup request to coordinator 106.54.227.172:9092 (id: 2147483647 rack: null) due to the consumer unsubscribed from all topics
2025-04-09 17:06:30.262 [org.springframework.kafka.KafkaListenerEndpointContainer#0-0-C-1] INFO  org.apache.kafka.clients.consumer.internals.ConsumerCoordinator - [Consumer clientId=consumer-tomge-consumer-group-1, groupId=tomge-consumer-group] Member consumer-tomge-consumer-group-1-e9dcd18f-8c18-4ef1-b4f8-173a48dcc2f8 sending LeaveGroup request to coordinator 106.54.227.172:9092 (id: 2147483647 rack: null) due to the consumer unsubscribed from all topics
2025-04-09 17:06:30.262 [org.springframework.kafka.KafkaListenerEndpointContainer#1-0-C-1] INFO  org.apache.kafka.clients.consumer.internals.ConsumerCoordinator - [Consumer clientId=consumer-tomge-consumer-group-2, groupId=tomge-consumer-group] Resetting generation and member id due to: consumer pro-actively leaving the group
2025-04-09 17:06:30.262 [org.springframework.kafka.KafkaListenerEndpointContainer#0-0-C-1] INFO  org.apache.kafka.clients.consumer.internals.ConsumerCoordinator - [Consumer clientId=consumer-tomge-consumer-group-1, groupId=tomge-consumer-group] Resetting generation and member id due to: consumer pro-actively leaving the group
2025-04-09 17:06:30.262 [org.springframework.kafka.KafkaListenerEndpointContainer#1-0-C-1] INFO  org.apache.kafka.clients.consumer.internals.ConsumerCoordinator - [Consumer clientId=consumer-tomge-consumer-group-2, groupId=tomge-consumer-group] Request joining group due to: consumer pro-actively leaving the group
2025-04-09 17:06:30.262 [org.springframework.kafka.KafkaListenerEndpointContainer#0-0-C-1] INFO  org.apache.kafka.clients.consumer.internals.ConsumerCoordinator - [Consumer clientId=consumer-tomge-consumer-group-1, groupId=tomge-consumer-group] Request joining group due to: consumer pro-actively leaving the group
2025-04-09 17:06:30.262 [org.springframework.kafka.KafkaListenerEndpointContainer#1-0-C-1] INFO  org.apache.kafka.clients.consumer.internals.LegacyKafkaConsumer - [Consumer clientId=consumer-tomge-consumer-group-2, groupId=tomge-consumer-group] Unsubscribed all topics or patterns and assigned partitions
2025-04-09 17:06:30.262 [org.springframework.kafka.KafkaListenerEndpointContainer#0-0-C-1] INFO  org.apache.kafka.clients.consumer.internals.LegacyKafkaConsumer - [Consumer clientId=consumer-tomge-consumer-group-1, groupId=tomge-consumer-group] Unsubscribed all topics or patterns and assigned partitions
2025-04-09 17:06:30.263 [org.springframework.kafka.KafkaListenerEndpointContainer#0-0-C-1] INFO  org.apache.kafka.clients.consumer.internals.ConsumerCoordinator - [Consumer clientId=consumer-tomge-consumer-group-1, groupId=tomge-consumer-group] Resetting generation and member id due to: consumer pro-actively leaving the group
2025-04-09 17:06:30.263 [org.springframework.kafka.KafkaListenerEndpointContainer#1-0-C-1] INFO  org.apache.kafka.clients.consumer.internals.ConsumerCoordinator - [Consumer clientId=consumer-tomge-consumer-group-2, groupId=tomge-consumer-group] Resetting generation and member id due to: consumer pro-actively leaving the group
2025-04-09 17:06:30.263 [org.springframework.kafka.KafkaListenerEndpointContainer#0-0-C-1] INFO  org.apache.kafka.clients.consumer.internals.ConsumerCoordinator - [Consumer clientId=consumer-tomge-consumer-group-1, groupId=tomge-consumer-group] Request joining group due to: consumer pro-actively leaving the group
2025-04-09 17:06:30.263 [org.springframework.kafka.KafkaListenerEndpointContainer#1-0-C-1] INFO  org.apache.kafka.clients.consumer.internals.ConsumerCoordinator - [Consumer clientId=consumer-tomge-consumer-group-2, groupId=tomge-consumer-group] Request joining group due to: consumer pro-actively leaving the group
2025-04-09 17:06:30.820 [org.springframework.kafka.KafkaListenerEndpointContainer#1-0-C-1] INFO  org.apache.kafka.common.metrics.Metrics - Metrics scheduler closed
2025-04-09 17:06:30.820 [org.springframework.kafka.KafkaListenerEndpointContainer#0-0-C-1] INFO  org.apache.kafka.common.metrics.Metrics - Metrics scheduler closed
2025-04-09 17:06:30.821 [org.springframework.kafka.KafkaListenerEndpointContainer#1-0-C-1] INFO  org.apache.kafka.common.metrics.Metrics - Closing reporter org.apache.kafka.common.metrics.JmxReporter
2025-04-09 17:06:30.821 [org.springframework.kafka.KafkaListenerEndpointContainer#0-0-C-1] INFO  org.apache.kafka.common.metrics.Metrics - Closing reporter org.apache.kafka.common.metrics.JmxReporter
2025-04-09 17:06:30.821 [org.springframework.kafka.KafkaListenerEndpointContainer#1-0-C-1] INFO  org.apache.kafka.common.metrics.Metrics - Closing reporter org.apache.kafka.common.telemetry.internals.ClientTelemetryReporter
2025-04-09 17:06:30.821 [org.springframework.kafka.KafkaListenerEndpointContainer#0-0-C-1] INFO  org.apache.kafka.common.metrics.Metrics - Closing reporter org.apache.kafka.common.telemetry.internals.ClientTelemetryReporter
2025-04-09 17:06:30.821 [org.springframework.kafka.KafkaListenerEndpointContainer#1-0-C-1] INFO  org.apache.kafka.common.metrics.Metrics - Metrics reporters closed
2025-04-09 17:06:30.821 [org.springframework.kafka.KafkaListenerEndpointContainer#0-0-C-1] INFO  org.apache.kafka.common.metrics.Metrics - Metrics reporters closed
2025-04-09 17:06:30.824 [org.springframework.kafka.KafkaListenerEndpointContainer#1-0-C-1] INFO  org.apache.kafka.common.utils.AppInfoParser - App info kafka.consumer for consumer-tomge-consumer-group-2 unregistered
2025-04-09 17:06:30.825 [org.springframework.kafka.KafkaListenerEndpointContainer#0-0-C-1] INFO  org.apache.kafka.common.utils.AppInfoParser - App info kafka.consumer for consumer-tomge-consumer-group-1 unregistered
2025-04-09 17:06:32.906 [SpringApplicationShutdownHook] INFO  com.zaxxer.hikari.HikariDataSource - HikariPool-1 - Shutdown initiated...
2025-04-09 17:06:32.909 [SpringApplicationShutdownHook] INFO  com.zaxxer.hikari.HikariDataSource - HikariPool-1 - Shutdown completed.
2025-04-09 18:22:04.706 [main] INFO  com.test.testboot.TestbootApplication - Starting TestbootApplication using Java 23.0.2 with PID 49319 (/Users/zhaoxin/Documents/GitHub/testboot/target/classes started by zhaoxin in /Users/zhaoxin/Documents/GitHub/testboot)
2025-04-09 18:22:04.708 [main] INFO  com.test.testboot.TestbootApplication - No active profile set, falling back to 1 default profile: "default"
2025-04-09 18:22:05.402 [main] INFO  org.apache.coyote.http11.Http11NioProtocol - Initializing ProtocolHandler ["http-nio-9090"]
2025-04-09 18:22:05.403 [main] INFO  org.apache.catalina.core.StandardService - Starting service [Tomcat]
2025-04-09 18:22:05.403 [main] INFO  org.apache.catalina.core.StandardEngine - Starting Servlet engine: [Apache Tomcat/10.1.36]
2025-04-09 18:22:05.424 [main] INFO  org.apache.catalina.core.ContainerBase.[Tomcat].[localhost].[/] - Initializing Spring embedded WebApplicationContext
2025-04-09 18:22:06.705 [main] INFO  org.apache.coyote.http11.Http11NioProtocol - Starting ProtocolHandler ["http-nio-9090"]
2025-04-09 18:22:06.726 [main] INFO  org.apache.kafka.clients.consumer.ConsumerConfig - ConsumerConfig values: 
	allow.auto.create.topics = true
	auto.commit.interval.ms = 5000
	auto.include.jmx.reporter = true
	auto.offset.reset = latest
	bootstrap.servers = [127.0.0.1:9092]
	check.crcs = true
	client.dns.lookup = use_all_dns_ips
	client.id = consumer-tomge-consumer-group-1
	client.rack = 
	connections.max.idle.ms = 540000
	default.api.timeout.ms = 60000
	enable.auto.commit = false
	enable.metrics.push = true
	exclude.internal.topics = true
	fetch.max.bytes = 52428800
	fetch.max.wait.ms = 500
	fetch.min.bytes = 1
	group.id = tomge-consumer-group
	group.instance.id = null
	group.protocol = classic
	group.remote.assignor = null
	heartbeat.interval.ms = 3000
	interceptor.classes = []
	internal.leave.group.on.close = true
	internal.throw.on.fetch.stable.offset.unsupported = false
	isolation.level = read_uncommitted
	key.deserializer = class org.apache.kafka.common.serialization.StringDeserializer
	max.partition.fetch.bytes = 1048576
	max.poll.interval.ms = 300000
	max.poll.records = 500
	metadata.max.age.ms = 300000
	metric.reporters = []
	metrics.num.samples = 2
	metrics.recording.level = INFO
	metrics.sample.window.ms = 30000
	partition.assignment.strategy = [class org.apache.kafka.clients.consumer.RangeAssignor, class org.apache.kafka.clients.consumer.CooperativeStickyAssignor]
	receive.buffer.bytes = 65536
	reconnect.backoff.max.ms = 1000
	reconnect.backoff.ms = 50
	request.timeout.ms = 30000
	retry.backoff.max.ms = 1000
	retry.backoff.ms = 100
	sasl.client.callback.handler.class = null
	sasl.jaas.config = null
	sasl.kerberos.kinit.cmd = /usr/bin/kinit
	sasl.kerberos.min.time.before.relogin = 60000
	sasl.kerberos.service.name = null
	sasl.kerberos.ticket.renew.jitter = 0.05
	sasl.kerberos.ticket.renew.window.factor = 0.8
	sasl.login.callback.handler.class = null
	sasl.login.class = null
	sasl.login.connect.timeout.ms = null
	sasl.login.read.timeout.ms = null
	sasl.login.refresh.buffer.seconds = 300
	sasl.login.refresh.min.period.seconds = 60
	sasl.login.refresh.window.factor = 0.8
	sasl.login.refresh.window.jitter = 0.05
	sasl.login.retry.backoff.max.ms = 10000
	sasl.login.retry.backoff.ms = 100
	sasl.mechanism = GSSAPI
	sasl.oauthbearer.clock.skew.seconds = 30
	sasl.oauthbearer.expected.audience = null
	sasl.oauthbearer.expected.issuer = null
	sasl.oauthbearer.jwks.endpoint.refresh.ms = 3600000
	sasl.oauthbearer.jwks.endpoint.retry.backoff.max.ms = 10000
	sasl.oauthbearer.jwks.endpoint.retry.backoff.ms = 100
	sasl.oauthbearer.jwks.endpoint.url = null
	sasl.oauthbearer.scope.claim.name = scope
	sasl.oauthbearer.sub.claim.name = sub
	sasl.oauthbearer.token.endpoint.url = null
	security.protocol = PLAINTEXT
	security.providers = null
	send.buffer.bytes = 131072
	session.timeout.ms = 45000
	socket.connection.setup.timeout.max.ms = 30000
	socket.connection.setup.timeout.ms = 10000
	ssl.cipher.suites = null
	ssl.enabled.protocols = [TLSv1.2, TLSv1.3]
	ssl.endpoint.identification.algorithm = https
	ssl.engine.factory.class = null
	ssl.key.password = null
	ssl.keymanager.algorithm = SunX509
	ssl.keystore.certificate.chain = null
	ssl.keystore.key = null
	ssl.keystore.location = null
	ssl.keystore.password = null
	ssl.keystore.type = JKS
	ssl.protocol = TLSv1.3
	ssl.provider = null
	ssl.secure.random.implementation = null
	ssl.trustmanager.algorithm = PKIX
	ssl.truststore.certificates = null
	ssl.truststore.location = null
	ssl.truststore.password = null
	ssl.truststore.type = JKS
	value.deserializer = class org.apache.kafka.common.serialization.StringDeserializer

2025-04-09 18:22:06.747 [main] INFO  org.apache.kafka.common.telemetry.internals.KafkaMetricsCollector - initializing Kafka metrics collector
2025-04-09 18:22:06.775 [main] INFO  org.apache.kafka.common.utils.AppInfoParser - Kafka version: 3.7.2
2025-04-09 18:22:06.775 [main] INFO  org.apache.kafka.common.utils.AppInfoParser - Kafka commitId: 79a8f2b5f44f9d5a
2025-04-09 18:22:06.775 [main] INFO  org.apache.kafka.common.utils.AppInfoParser - Kafka startTimeMs: 1744194126775
2025-04-09 18:22:06.779 [main] INFO  org.apache.kafka.clients.consumer.internals.LegacyKafkaConsumer - [Consumer clientId=consumer-tomge-consumer-group-1, groupId=tomge-consumer-group] Subscribed to topic(s): testtopic
2025-04-09 18:22:06.783 [main] INFO  org.apache.kafka.clients.consumer.ConsumerConfig - ConsumerConfig values: 
	allow.auto.create.topics = true
	auto.commit.interval.ms = 5000
	auto.include.jmx.reporter = true
	auto.offset.reset = latest
	bootstrap.servers = [127.0.0.1:9092]
	check.crcs = true
	client.dns.lookup = use_all_dns_ips
	client.id = consumer-tomge-consumer-group-2
	client.rack = 
	connections.max.idle.ms = 540000
	default.api.timeout.ms = 60000
	enable.auto.commit = false
	enable.metrics.push = true
	exclude.internal.topics = true
	fetch.max.bytes = 52428800
	fetch.max.wait.ms = 500
	fetch.min.bytes = 1
	group.id = tomge-consumer-group
	group.instance.id = null
	group.protocol = classic
	group.remote.assignor = null
	heartbeat.interval.ms = 3000
	interceptor.classes = []
	internal.leave.group.on.close = true
	internal.throw.on.fetch.stable.offset.unsupported = false
	isolation.level = read_uncommitted
	key.deserializer = class org.apache.kafka.common.serialization.StringDeserializer
	max.partition.fetch.bytes = 1048576
	max.poll.interval.ms = 300000
	max.poll.records = 500
	metadata.max.age.ms = 300000
	metric.reporters = []
	metrics.num.samples = 2
	metrics.recording.level = INFO
	metrics.sample.window.ms = 30000
	partition.assignment.strategy = [class org.apache.kafka.clients.consumer.RangeAssignor, class org.apache.kafka.clients.consumer.CooperativeStickyAssignor]
	receive.buffer.bytes = 65536
	reconnect.backoff.max.ms = 1000
	reconnect.backoff.ms = 50
	request.timeout.ms = 30000
	retry.backoff.max.ms = 1000
	retry.backoff.ms = 100
	sasl.client.callback.handler.class = null
	sasl.jaas.config = null
	sasl.kerberos.kinit.cmd = /usr/bin/kinit
	sasl.kerberos.min.time.before.relogin = 60000
	sasl.kerberos.service.name = null
	sasl.kerberos.ticket.renew.jitter = 0.05
	sasl.kerberos.ticket.renew.window.factor = 0.8
	sasl.login.callback.handler.class = null
	sasl.login.class = null
	sasl.login.connect.timeout.ms = null
	sasl.login.read.timeout.ms = null
	sasl.login.refresh.buffer.seconds = 300
	sasl.login.refresh.min.period.seconds = 60
	sasl.login.refresh.window.factor = 0.8
	sasl.login.refresh.window.jitter = 0.05
	sasl.login.retry.backoff.max.ms = 10000
	sasl.login.retry.backoff.ms = 100
	sasl.mechanism = GSSAPI
	sasl.oauthbearer.clock.skew.seconds = 30
	sasl.oauthbearer.expected.audience = null
	sasl.oauthbearer.expected.issuer = null
	sasl.oauthbearer.jwks.endpoint.refresh.ms = 3600000
	sasl.oauthbearer.jwks.endpoint.retry.backoff.max.ms = 10000
	sasl.oauthbearer.jwks.endpoint.retry.backoff.ms = 100
	sasl.oauthbearer.jwks.endpoint.url = null
	sasl.oauthbearer.scope.claim.name = scope
	sasl.oauthbearer.sub.claim.name = sub
	sasl.oauthbearer.token.endpoint.url = null
	security.protocol = PLAINTEXT
	security.providers = null
	send.buffer.bytes = 131072
	session.timeout.ms = 45000
	socket.connection.setup.timeout.max.ms = 30000
	socket.connection.setup.timeout.ms = 10000
	ssl.cipher.suites = null
	ssl.enabled.protocols = [TLSv1.2, TLSv1.3]
	ssl.endpoint.identification.algorithm = https
	ssl.engine.factory.class = null
	ssl.key.password = null
	ssl.keymanager.algorithm = SunX509
	ssl.keystore.certificate.chain = null
	ssl.keystore.key = null
	ssl.keystore.location = null
	ssl.keystore.password = null
	ssl.keystore.type = JKS
	ssl.protocol = TLSv1.3
	ssl.provider = null
	ssl.secure.random.implementation = null
	ssl.trustmanager.algorithm = PKIX
	ssl.truststore.certificates = null
	ssl.truststore.location = null
	ssl.truststore.password = null
	ssl.truststore.type = JKS
	value.deserializer = class org.apache.kafka.common.serialization.StringDeserializer

2025-04-09 18:22:06.783 [main] INFO  org.apache.kafka.common.telemetry.internals.KafkaMetricsCollector - initializing Kafka metrics collector
2025-04-09 18:22:06.786 [main] INFO  org.apache.kafka.common.utils.AppInfoParser - Kafka version: 3.7.2
2025-04-09 18:22:06.787 [main] INFO  org.apache.kafka.common.utils.AppInfoParser - Kafka commitId: 79a8f2b5f44f9d5a
2025-04-09 18:22:06.787 [main] INFO  org.apache.kafka.common.utils.AppInfoParser - Kafka startTimeMs: 1744194126786
2025-04-09 18:22:06.787 [main] INFO  org.apache.kafka.clients.consumer.internals.LegacyKafkaConsumer - [Consumer clientId=consumer-tomge-consumer-group-2, groupId=tomge-consumer-group] Subscribed to topic(s): testtopic2
2025-04-09 18:22:06.794 [main] INFO  com.test.testboot.TestbootApplication - Started TestbootApplication in 2.297 seconds (process running for 2.64)
2025-04-09 18:22:06.957 [org.springframework.kafka.KafkaListenerEndpointContainer#1-0-C-1] WARN  org.apache.kafka.clients.NetworkClient - [Consumer clientId=consumer-tomge-consumer-group-2, groupId=tomge-consumer-group] Error while fetching metadata with correlation id 2 : {testtopic2=LEADER_NOT_AVAILABLE}
2025-04-09 18:22:06.957 [org.springframework.kafka.KafkaListenerEndpointContainer#0-0-C-1] WARN  org.apache.kafka.clients.NetworkClient - [Consumer clientId=consumer-tomge-consumer-group-1, groupId=tomge-consumer-group] Error while fetching metadata with correlation id 2 : {testtopic=LEADER_NOT_AVAILABLE}
2025-04-09 18:22:06.958 [org.springframework.kafka.KafkaListenerEndpointContainer#1-0-C-1] INFO  org.apache.kafka.clients.Metadata - [Consumer clientId=consumer-tomge-consumer-group-2, groupId=tomge-consumer-group] Cluster ID: y-6F190GRaWny8wgtvr9EA
2025-04-09 18:22:06.958 [org.springframework.kafka.KafkaListenerEndpointContainer#0-0-C-1] INFO  org.apache.kafka.clients.Metadata - [Consumer clientId=consumer-tomge-consumer-group-1, groupId=tomge-consumer-group] Cluster ID: y-6F190GRaWny8wgtvr9EA
2025-04-09 18:22:07.105 [org.springframework.kafka.KafkaListenerEndpointContainer#1-0-C-1] WARN  org.apache.kafka.clients.NetworkClient - [Consumer clientId=consumer-tomge-consumer-group-2, groupId=tomge-consumer-group] Error while fetching metadata with correlation id 5 : {testtopic2=LEADER_NOT_AVAILABLE}
2025-04-09 18:22:07.120 [org.springframework.kafka.KafkaListenerEndpointContainer#0-0-C-1] WARN  org.apache.kafka.clients.NetworkClient - [Consumer clientId=consumer-tomge-consumer-group-1, groupId=tomge-consumer-group] Error while fetching metadata with correlation id 5 : {testtopic=LEADER_NOT_AVAILABLE}
2025-04-09 18:22:07.721 [org.springframework.kafka.KafkaListenerEndpointContainer#0-0-C-1] INFO  org.apache.kafka.clients.consumer.internals.ConsumerCoordinator - [Consumer clientId=consumer-tomge-consumer-group-1, groupId=tomge-consumer-group] Discovered group coordinator localhost:9092 (id: 2147483647 rack: null)
2025-04-09 18:22:07.723 [org.springframework.kafka.KafkaListenerEndpointContainer#0-0-C-1] INFO  org.apache.kafka.clients.consumer.internals.ConsumerCoordinator - [Consumer clientId=consumer-tomge-consumer-group-1, groupId=tomge-consumer-group] (Re-)joining group
2025-04-09 18:22:07.741 [org.springframework.kafka.KafkaListenerEndpointContainer#0-0-C-1] INFO  org.apache.kafka.clients.consumer.internals.ConsumerCoordinator - [Consumer clientId=consumer-tomge-consumer-group-1, groupId=tomge-consumer-group] Request joining group due to: need to re-join with the given member-id: consumer-tomge-consumer-group-1-cd81a29e-6421-494d-9c98-a96249ac0ae3
2025-04-09 18:22:07.741 [org.springframework.kafka.KafkaListenerEndpointContainer#0-0-C-1] INFO  org.apache.kafka.clients.consumer.internals.ConsumerCoordinator - [Consumer clientId=consumer-tomge-consumer-group-1, groupId=tomge-consumer-group] (Re-)joining group
2025-04-09 18:22:07.750 [org.springframework.kafka.KafkaListenerEndpointContainer#0-0-C-1] INFO  org.apache.kafka.clients.consumer.internals.ConsumerCoordinator - [Consumer clientId=consumer-tomge-consumer-group-1, groupId=tomge-consumer-group] Successfully joined group with generation Generation{generationId=1, memberId='consumer-tomge-consumer-group-1-cd81a29e-6421-494d-9c98-a96249ac0ae3', protocol='range'}
2025-04-09 18:22:07.753 [org.springframework.kafka.KafkaListenerEndpointContainer#0-0-C-1] INFO  org.apache.kafka.clients.consumer.internals.ConsumerCoordinator - [Consumer clientId=consumer-tomge-consumer-group-1, groupId=tomge-consumer-group] Finished assignment for group at generation 1: {consumer-tomge-consumer-group-1-cd81a29e-6421-494d-9c98-a96249ac0ae3=Assignment(partitions=[testtopic-0])}
2025-04-09 18:22:07.776 [org.springframework.kafka.KafkaListenerEndpointContainer#0-0-C-1] INFO  org.apache.kafka.clients.consumer.internals.ConsumerCoordinator - [Consumer clientId=consumer-tomge-consumer-group-1, groupId=tomge-consumer-group] Successfully synced group in generation Generation{generationId=1, memberId='consumer-tomge-consumer-group-1-cd81a29e-6421-494d-9c98-a96249ac0ae3', protocol='range'}
2025-04-09 18:22:07.776 [org.springframework.kafka.KafkaListenerEndpointContainer#0-0-C-1] INFO  org.apache.kafka.clients.consumer.internals.ConsumerCoordinator - [Consumer clientId=consumer-tomge-consumer-group-1, groupId=tomge-consumer-group] Notifying assignor about the new Assignment(partitions=[testtopic-0])
2025-04-09 18:22:07.777 [org.springframework.kafka.KafkaListenerEndpointContainer#0-0-C-1] INFO  org.apache.kafka.clients.consumer.internals.ConsumerRebalanceListenerInvoker - [Consumer clientId=consumer-tomge-consumer-group-1, groupId=tomge-consumer-group] Adding newly assigned partitions: testtopic-0
2025-04-09 18:22:07.781 [org.springframework.kafka.KafkaListenerEndpointContainer#0-0-C-1] INFO  org.apache.kafka.clients.consumer.internals.ConsumerCoordinator - [Consumer clientId=consumer-tomge-consumer-group-1, groupId=tomge-consumer-group] Found no committed offset for partition testtopic-0
2025-04-09 18:22:07.783 [org.springframework.kafka.KafkaListenerEndpointContainer#0-0-C-1] INFO  org.apache.kafka.clients.consumer.internals.ConsumerCoordinator - [Consumer clientId=consumer-tomge-consumer-group-1, groupId=tomge-consumer-group] Found no committed offset for partition testtopic-0
2025-04-09 18:22:07.786 [org.springframework.kafka.KafkaListenerEndpointContainer#1-0-C-1] INFO  org.apache.kafka.clients.consumer.internals.ConsumerCoordinator - [Consumer clientId=consumer-tomge-consumer-group-2, groupId=tomge-consumer-group] Discovered group coordinator localhost:9092 (id: 2147483647 rack: null)
2025-04-09 18:22:07.787 [org.springframework.kafka.KafkaListenerEndpointContainer#1-0-C-1] INFO  org.apache.kafka.clients.consumer.internals.ConsumerCoordinator - [Consumer clientId=consumer-tomge-consumer-group-2, groupId=tomge-consumer-group] (Re-)joining group
2025-04-09 18:22:07.788 [org.springframework.kafka.KafkaListenerEndpointContainer#0-0-C-1] INFO  org.apache.kafka.clients.consumer.internals.SubscriptionState - [Consumer clientId=consumer-tomge-consumer-group-1, groupId=tomge-consumer-group] Resetting offset for partition testtopic-0 to position FetchPosition{offset=0, offsetEpoch=Optional.empty, currentLeader=LeaderAndEpoch{leader=Optional[localhost:9092 (id: 0 rack: null)], epoch=0}}.
2025-04-09 18:22:07.789 [org.springframework.kafka.KafkaListenerEndpointContainer#1-0-C-1] INFO  org.apache.kafka.clients.consumer.internals.ConsumerCoordinator - [Consumer clientId=consumer-tomge-consumer-group-2, groupId=tomge-consumer-group] Request joining group due to: need to re-join with the given member-id: consumer-tomge-consumer-group-2-77cb42a1-6726-4176-86bb-3d2e813ba516
2025-04-09 18:22:07.789 [org.springframework.kafka.KafkaListenerEndpointContainer#1-0-C-1] INFO  org.apache.kafka.clients.consumer.internals.ConsumerCoordinator - [Consumer clientId=consumer-tomge-consumer-group-2, groupId=tomge-consumer-group] (Re-)joining group
2025-04-09 18:22:10.759 [org.springframework.kafka.KafkaListenerEndpointContainer#0-0-C-1] INFO  org.apache.kafka.clients.consumer.internals.ConsumerCoordinator - [Consumer clientId=consumer-tomge-consumer-group-1, groupId=tomge-consumer-group] Request joining group due to: group is already rebalancing
2025-04-09 18:22:10.761 [org.springframework.kafka.KafkaListenerEndpointContainer#0-0-C-1] INFO  org.apache.kafka.clients.consumer.internals.ConsumerRebalanceListenerInvoker - [Consumer clientId=consumer-tomge-consumer-group-1, groupId=tomge-consumer-group] Revoke previously assigned partitions testtopic-0
2025-04-09 18:22:10.762 [org.springframework.kafka.KafkaListenerEndpointContainer#0-0-C-1] INFO  org.apache.kafka.clients.consumer.internals.ConsumerCoordinator - [Consumer clientId=consumer-tomge-consumer-group-1, groupId=tomge-consumer-group] (Re-)joining group
2025-04-09 18:22:10.766 [org.springframework.kafka.KafkaListenerEndpointContainer#1-0-C-1] INFO  org.apache.kafka.clients.consumer.internals.ConsumerCoordinator - [Consumer clientId=consumer-tomge-consumer-group-2, groupId=tomge-consumer-group] Successfully joined group with generation Generation{generationId=2, memberId='consumer-tomge-consumer-group-2-77cb42a1-6726-4176-86bb-3d2e813ba516', protocol='range'}
2025-04-09 18:22:10.768 [org.springframework.kafka.KafkaListenerEndpointContainer#0-0-C-1] INFO  org.apache.kafka.clients.consumer.internals.ConsumerCoordinator - [Consumer clientId=consumer-tomge-consumer-group-1, groupId=tomge-consumer-group] Successfully joined group with generation Generation{generationId=2, memberId='consumer-tomge-consumer-group-1-cd81a29e-6421-494d-9c98-a96249ac0ae3', protocol='range'}
2025-04-09 18:22:10.895 [org.springframework.kafka.KafkaListenerEndpointContainer#0-0-C-1] INFO  org.apache.kafka.clients.consumer.internals.ConsumerCoordinator - [Consumer clientId=consumer-tomge-consumer-group-1, groupId=tomge-consumer-group] Finished assignment for group at generation 2: {consumer-tomge-consumer-group-2-77cb42a1-6726-4176-86bb-3d2e813ba516=Assignment(partitions=[testtopic2-0]), consumer-tomge-consumer-group-1-cd81a29e-6421-494d-9c98-a96249ac0ae3=Assignment(partitions=[testtopic-0])}
2025-04-09 18:22:10.899 [org.springframework.kafka.KafkaListenerEndpointContainer#1-0-C-1] INFO  org.apache.kafka.clients.consumer.internals.ConsumerCoordinator - [Consumer clientId=consumer-tomge-consumer-group-2, groupId=tomge-consumer-group] Successfully synced group in generation Generation{generationId=2, memberId='consumer-tomge-consumer-group-2-77cb42a1-6726-4176-86bb-3d2e813ba516', protocol='range'}
2025-04-09 18:22:10.899 [org.springframework.kafka.KafkaListenerEndpointContainer#1-0-C-1] INFO  org.apache.kafka.clients.consumer.internals.ConsumerCoordinator - [Consumer clientId=consumer-tomge-consumer-group-2, groupId=tomge-consumer-group] Notifying assignor about the new Assignment(partitions=[testtopic2-0])
2025-04-09 18:22:10.899 [org.springframework.kafka.KafkaListenerEndpointContainer#1-0-C-1] INFO  org.apache.kafka.clients.consumer.internals.ConsumerRebalanceListenerInvoker - [Consumer clientId=consumer-tomge-consumer-group-2, groupId=tomge-consumer-group] Adding newly assigned partitions: testtopic2-0
2025-04-09 18:22:10.899 [org.springframework.kafka.KafkaListenerEndpointContainer#0-0-C-1] INFO  org.apache.kafka.clients.consumer.internals.ConsumerCoordinator - [Consumer clientId=consumer-tomge-consumer-group-1, groupId=tomge-consumer-group] Successfully synced group in generation Generation{generationId=2, memberId='consumer-tomge-consumer-group-1-cd81a29e-6421-494d-9c98-a96249ac0ae3', protocol='range'}
2025-04-09 18:22:10.900 [org.springframework.kafka.KafkaListenerEndpointContainer#0-0-C-1] INFO  org.apache.kafka.clients.consumer.internals.ConsumerCoordinator - [Consumer clientId=consumer-tomge-consumer-group-1, groupId=tomge-consumer-group] Notifying assignor about the new Assignment(partitions=[testtopic-0])
2025-04-09 18:22:10.900 [org.springframework.kafka.KafkaListenerEndpointContainer#0-0-C-1] INFO  org.apache.kafka.clients.consumer.internals.ConsumerRebalanceListenerInvoker - [Consumer clientId=consumer-tomge-consumer-group-1, groupId=tomge-consumer-group] Adding newly assigned partitions: testtopic-0
2025-04-09 18:22:10.901 [org.springframework.kafka.KafkaListenerEndpointContainer#1-0-C-1] INFO  org.apache.kafka.clients.consumer.internals.ConsumerCoordinator - [Consumer clientId=consumer-tomge-consumer-group-2, groupId=tomge-consumer-group] Found no committed offset for partition testtopic2-0
2025-04-09 18:22:10.902 [org.springframework.kafka.KafkaListenerEndpointContainer#1-0-C-1] INFO  org.apache.kafka.clients.consumer.internals.ConsumerCoordinator - [Consumer clientId=consumer-tomge-consumer-group-2, groupId=tomge-consumer-group] Found no committed offset for partition testtopic2-0
2025-04-09 18:22:10.903 [org.springframework.kafka.KafkaListenerEndpointContainer#0-0-C-1] INFO  org.apache.kafka.clients.consumer.internals.ConsumerUtils - Setting offset for partition testtopic-0 to the committed offset FetchPosition{offset=0, offsetEpoch=Optional.empty, currentLeader=LeaderAndEpoch{leader=Optional[localhost:9092 (id: 0 rack: null)], epoch=0}}
2025-04-09 18:22:10.904 [org.springframework.kafka.KafkaListenerEndpointContainer#1-0-C-1] INFO  org.apache.kafka.clients.consumer.internals.SubscriptionState - [Consumer clientId=consumer-tomge-consumer-group-2, groupId=tomge-consumer-group] Resetting offset for partition testtopic2-0 to position FetchPosition{offset=0, offsetEpoch=Optional.empty, currentLeader=LeaderAndEpoch{leader=Optional[localhost:9092 (id: 0 rack: null)], epoch=0}}.
2025-04-09 18:22:29.837 [http-nio-9090-exec-2] INFO  org.apache.catalina.core.ContainerBase.[Tomcat].[localhost].[/] - Initializing Spring DispatcherServlet 'dispatcherServlet'
2025-04-09 18:22:29.863 [http-nio-9090-exec-2] INFO  com.zaxxer.hikari.HikariDataSource - HikariPool-1 - Starting...
2025-04-09 18:22:29.933 [http-nio-9090-exec-2] INFO  com.zaxxer.hikari.pool.HikariPool - HikariPool-1 - Added connection com.mysql.cj.jdbc.ConnectionImpl@5d1edfde
2025-04-09 18:22:29.934 [http-nio-9090-exec-2] INFO  com.zaxxer.hikari.HikariDataSource - HikariPool-1 - Start completed.
2025-04-09 18:22:30.096 [http-nio-9090-exec-2] INFO  com.test.testboot.service.impl.StudentServiceImpl - 判断缓存是否存在true
2025-04-09 18:22:30.103 [http-nio-9090-exec-2] ERROR org.apache.catalina.core.ContainerBase.[Tomcat].[localhost].[/].[dispatcherServlet] - Servlet.service() for servlet [dispatcherServlet] in context with path [] threw exception [Request processing failed: java.lang.NullPointerException: Cannot invoke "java.util.List.toString()" because "list" is null] with root cause
java.lang.NullPointerException: Cannot invoke "java.util.List.toString()" because "list" is null
	at com.test.testboot.controller.StudentController.findById(StudentController.java:46)
	at java.base/jdk.internal.reflect.DirectMethodHandleAccessor.invoke(DirectMethodHandleAccessor.java:103)
	at java.base/java.lang.reflect.Method.invoke(Method.java:580)
	at org.springframework.web.method.support.InvocableHandlerMethod.doInvoke(InvocableHandlerMethod.java:255)
	at org.springframework.web.method.support.InvocableHandlerMethod.invokeForRequest(InvocableHandlerMethod.java:188)
	at org.springframework.web.servlet.mvc.method.annotation.ServletInvocableHandlerMethod.invokeAndHandle(ServletInvocableHandlerMethod.java:118)
	at org.springframework.web.servlet.mvc.method.annotation.RequestMappingHandlerAdapter.invokeHandlerMethod(RequestMappingHandlerAdapter.java:926)
	at org.springframework.web.servlet.mvc.method.annotation.RequestMappingHandlerAdapter.handleInternal(RequestMappingHandlerAdapter.java:831)
	at org.springframework.web.servlet.mvc.method.AbstractHandlerMethodAdapter.handle(AbstractHandlerMethodAdapter.java:87)
	at org.springframework.web.servlet.DispatcherServlet.doDispatch(DispatcherServlet.java:1089)
	at org.springframework.web.servlet.DispatcherServlet.doService(DispatcherServlet.java:979)
	at org.springframework.web.servlet.FrameworkServlet.processRequest(FrameworkServlet.java:1014)
	at org.springframework.web.servlet.FrameworkServlet.doGet(FrameworkServlet.java:903)
	at jakarta.servlet.http.HttpServlet.service(HttpServlet.java:564)
	at org.springframework.web.servlet.FrameworkServlet.service(FrameworkServlet.java:885)
	at jakarta.servlet.http.HttpServlet.service(HttpServlet.java:658)
	at org.apache.catalina.core.ApplicationFilterChain.internalDoFilter(ApplicationFilterChain.java:195)
	at org.apache.catalina.core.ApplicationFilterChain.doFilter(ApplicationFilterChain.java:140)
	at org.apache.tomcat.websocket.server.WsFilter.doFilter(WsFilter.java:51)
	at org.apache.catalina.core.ApplicationFilterChain.internalDoFilter(ApplicationFilterChain.java:164)
	at org.apache.catalina.core.ApplicationFilterChain.doFilter(ApplicationFilterChain.java:140)
	at org.springframework.web.filter.RequestContextFilter.doFilterInternal(RequestContextFilter.java:100)
	at org.springframework.web.filter.OncePerRequestFilter.doFilter(OncePerRequestFilter.java:116)
	at org.apache.catalina.core.ApplicationFilterChain.internalDoFilter(ApplicationFilterChain.java:164)
	at org.apache.catalina.core.ApplicationFilterChain.doFilter(ApplicationFilterChain.java:140)
	at org.springframework.web.filter.FormContentFilter.doFilterInternal(FormContentFilter.java:93)
	at org.springframework.web.filter.OncePerRequestFilter.doFilter(OncePerRequestFilter.java:116)
	at org.apache.catalina.core.ApplicationFilterChain.internalDoFilter(ApplicationFilterChain.java:164)
	at org.apache.catalina.core.ApplicationFilterChain.doFilter(ApplicationFilterChain.java:140)
	at org.springframework.web.filter.CharacterEncodingFilter.doFilterInternal(CharacterEncodingFilter.java:201)
	at org.springframework.web.filter.OncePerRequestFilter.doFilter(OncePerRequestFilter.java:116)
	at org.apache.catalina.core.ApplicationFilterChain.internalDoFilter(ApplicationFilterChain.java:164)
	at org.apache.catalina.core.ApplicationFilterChain.doFilter(ApplicationFilterChain.java:140)
	at org.apache.catalina.core.StandardWrapperValve.invoke(StandardWrapperValve.java:167)
	at org.apache.catalina.core.StandardContextValve.invoke(StandardContextValve.java:90)
	at org.apache.catalina.authenticator.AuthenticatorBase.invoke(AuthenticatorBase.java:483)
	at org.apache.catalina.core.StandardHostValve.invoke(StandardHostValve.java:115)
	at org.apache.catalina.valves.ErrorReportValve.invoke(ErrorReportValve.java:93)
	at org.apache.catalina.core.StandardEngineValve.invoke(StandardEngineValve.java:74)
	at org.apache.catalina.connector.CoyoteAdapter.service(CoyoteAdapter.java:344)
	at org.apache.coyote.http11.Http11Processor.service(Http11Processor.java:397)
	at org.apache.coyote.AbstractProcessorLight.process(AbstractProcessorLight.java:63)
	at org.apache.coyote.AbstractProtocol$ConnectionHandler.process(AbstractProtocol.java:905)
	at org.apache.tomcat.util.net.NioEndpoint$SocketProcessor.doRun(NioEndpoint.java:1743)
	at org.apache.tomcat.util.net.SocketProcessorBase.run(SocketProcessorBase.java:52)
	at org.apache.tomcat.util.threads.ThreadPoolExecutor.runWorker(ThreadPoolExecutor.java:1190)
	at org.apache.tomcat.util.threads.ThreadPoolExecutor$Worker.run(ThreadPoolExecutor.java:659)
	at org.apache.tomcat.util.threads.TaskThread$WrappingRunnable.run(TaskThread.java:63)
	at java.base/java.lang.Thread.run(Thread.java:1575)
2025-04-09 18:22:37.922 [http-nio-9090-exec-4] INFO  com.test.testboot.controller.StudentController - [Student [Hash = 1768721236, id=916, name=郭襄, sex=女, birth=1550, department=丐帮, address=湖北省襄阳市]]
2025-04-09 18:22:55.229 [http-nio-9090-exec-5] INFO  com.test.testboot.controller.StudentController - [Student [Hash = 1127152755, id=901, name=阿里木江, sex=男, birth=2019, department=计算机系, address=新疆维吾尔自治区博尔塔拉蒙古自治州], Student [Hash = -35875495, id=902, name=赵子枫, sex=女, birth=2018, department=考古系, address=新疆维吾尔自治区塔城地区], Student [Hash = -1440760180, id=903, name=张思维, sex=女, birth=2003, department=中文系, address=湖南省永州市], Student [Hash = -710122163, id=904, name=李广昌, sex=男, birth=1999, department=英语系, address=辽宁省皋新市], Student [Hash = -976111675, id=905, name=王翰, sex=男, birth=2004, department=英语系, address=福建省厦门市], Student [Hash = 1995189087, id=906, name=王心凌, sex=女, birth=1998, department=计算机系, address=湖南省衡阳市], Student [Hash = -489008237, id=907, name=埃森江, sex=男, birth=2025, department=计算机系, address=新疆维吾尔自治区伊犁哈萨克自治州], Student [Hash = 1356185963, id=909, name=阿里木江, sex=男, birth=2019, department=计算机系, address=新疆维吾尔自治区博尔塔拉蒙古自治州], Student [Hash = 840208054, id=910, name=郭靖, sex=男, birth=1500, department=丐帮, address=湖北省襄阳市], Student [Hash = -1079884267, id=911, name=黄蓉, sex=女, birth=1500, department=丐帮, address=湖北省襄阳市], Student [Hash = -395878275, id=912, name=郭靖1, sex=男1, birth=15891, department=丐帮1, address=湖北省襄阳市1], Student [Hash = -1022625965, id=913, name=黄蓉, sex=女, birth=1500, department=丐帮, address=湖北省襄阳市], Student [Hash = -993996814, id=914, name=黄蓉, sex=女, birth=1500, department=丐帮, address=湖北省襄阳市], Student [Hash = -906502508, id=915, name=黄蓉1, sex=男, birth=1500, department=丐帮, address=湖北省襄阳市], Student [Hash = 1768721236, id=916, name=郭襄, sex=女, birth=1550, department=丐帮, address=湖北省襄阳市], Student [Hash = 1797350387, id=917, name=郭襄, sex=女, birth=1550, department=丐帮, address=湖北省襄阳市], Student [Hash = 18180274, id=918, name=123, sex=男, birth=1900, department=123, address=123], Student [Hash = 1608246036, id=919, name=321, sex=女, birth=1919, department=321, address=31]]
2025-04-09 18:24:56.480 [org.springframework.kafka.KafkaListenerEndpointContainer#1-0-C-1] INFO  org.apache.kafka.clients.consumer.internals.ConsumerRebalanceListenerInvoker - [Consumer clientId=consumer-tomge-consumer-group-2, groupId=tomge-consumer-group] Revoke previously assigned partitions testtopic2-0
2025-04-09 18:24:56.480 [org.springframework.kafka.KafkaListenerEndpointContainer#0-0-C-1] INFO  org.apache.kafka.clients.consumer.internals.ConsumerRebalanceListenerInvoker - [Consumer clientId=consumer-tomge-consumer-group-1, groupId=tomge-consumer-group] Revoke previously assigned partitions testtopic-0
2025-04-09 18:24:56.481 [org.springframework.kafka.KafkaListenerEndpointContainer#1-0-C-1] INFO  org.apache.kafka.clients.consumer.internals.ConsumerCoordinator - [Consumer clientId=consumer-tomge-consumer-group-2, groupId=tomge-consumer-group] Member consumer-tomge-consumer-group-2-77cb42a1-6726-4176-86bb-3d2e813ba516 sending LeaveGroup request to coordinator localhost:9092 (id: 2147483647 rack: null) due to the consumer unsubscribed from all topics
2025-04-09 18:24:56.481 [org.springframework.kafka.KafkaListenerEndpointContainer#0-0-C-1] INFO  org.apache.kafka.clients.consumer.internals.ConsumerCoordinator - [Consumer clientId=consumer-tomge-consumer-group-1, groupId=tomge-consumer-group] Member consumer-tomge-consumer-group-1-cd81a29e-6421-494d-9c98-a96249ac0ae3 sending LeaveGroup request to coordinator localhost:9092 (id: 2147483647 rack: null) due to the consumer unsubscribed from all topics
2025-04-09 18:24:56.481 [org.springframework.kafka.KafkaListenerEndpointContainer#0-0-C-1] INFO  org.apache.kafka.clients.consumer.internals.ConsumerCoordinator - [Consumer clientId=consumer-tomge-consumer-group-1, groupId=tomge-consumer-group] Resetting generation and member id due to: consumer pro-actively leaving the group
2025-04-09 18:24:56.481 [org.springframework.kafka.KafkaListenerEndpointContainer#1-0-C-1] INFO  org.apache.kafka.clients.consumer.internals.ConsumerCoordinator - [Consumer clientId=consumer-tomge-consumer-group-2, groupId=tomge-consumer-group] Resetting generation and member id due to: consumer pro-actively leaving the group
2025-04-09 18:24:56.481 [org.springframework.kafka.KafkaListenerEndpointContainer#0-0-C-1] INFO  org.apache.kafka.clients.consumer.internals.ConsumerCoordinator - [Consumer clientId=consumer-tomge-consumer-group-1, groupId=tomge-consumer-group] Request joining group due to: consumer pro-actively leaving the group
2025-04-09 18:24:56.481 [org.springframework.kafka.KafkaListenerEndpointContainer#1-0-C-1] INFO  org.apache.kafka.clients.consumer.internals.ConsumerCoordinator - [Consumer clientId=consumer-tomge-consumer-group-2, groupId=tomge-consumer-group] Request joining group due to: consumer pro-actively leaving the group
2025-04-09 18:24:56.481 [org.springframework.kafka.KafkaListenerEndpointContainer#0-0-C-1] INFO  org.apache.kafka.clients.consumer.internals.LegacyKafkaConsumer - [Consumer clientId=consumer-tomge-consumer-group-1, groupId=tomge-consumer-group] Unsubscribed all topics or patterns and assigned partitions
2025-04-09 18:24:56.481 [org.springframework.kafka.KafkaListenerEndpointContainer#1-0-C-1] INFO  org.apache.kafka.clients.consumer.internals.LegacyKafkaConsumer - [Consumer clientId=consumer-tomge-consumer-group-2, groupId=tomge-consumer-group] Unsubscribed all topics or patterns and assigned partitions
2025-04-09 18:24:56.482 [org.springframework.kafka.KafkaListenerEndpointContainer#1-0-C-1] INFO  org.apache.kafka.clients.consumer.internals.ConsumerCoordinator - [Consumer clientId=consumer-tomge-consumer-group-2, groupId=tomge-consumer-group] Resetting generation and member id due to: consumer pro-actively leaving the group
2025-04-09 18:24:56.482 [org.springframework.kafka.KafkaListenerEndpointContainer#0-0-C-1] INFO  org.apache.kafka.clients.consumer.internals.ConsumerCoordinator - [Consumer clientId=consumer-tomge-consumer-group-1, groupId=tomge-consumer-group] Resetting generation and member id due to: consumer pro-actively leaving the group
2025-04-09 18:24:56.482 [org.springframework.kafka.KafkaListenerEndpointContainer#1-0-C-1] INFO  org.apache.kafka.clients.consumer.internals.ConsumerCoordinator - [Consumer clientId=consumer-tomge-consumer-group-2, groupId=tomge-consumer-group] Request joining group due to: consumer pro-actively leaving the group
2025-04-09 18:24:56.482 [org.springframework.kafka.KafkaListenerEndpointContainer#0-0-C-1] INFO  org.apache.kafka.clients.consumer.internals.ConsumerCoordinator - [Consumer clientId=consumer-tomge-consumer-group-1, groupId=tomge-consumer-group] Request joining group due to: consumer pro-actively leaving the group
2025-04-09 18:24:56.616 [org.springframework.kafka.KafkaListenerEndpointContainer#0-0-C-1] INFO  org.apache.kafka.common.metrics.Metrics - Metrics scheduler closed
2025-04-09 18:24:56.616 [org.springframework.kafka.KafkaListenerEndpointContainer#1-0-C-1] INFO  org.apache.kafka.common.metrics.Metrics - Metrics scheduler closed
2025-04-09 18:24:56.616 [org.springframework.kafka.KafkaListenerEndpointContainer#0-0-C-1] INFO  org.apache.kafka.common.metrics.Metrics - Closing reporter org.apache.kafka.common.metrics.JmxReporter
2025-04-09 18:24:56.616 [org.springframework.kafka.KafkaListenerEndpointContainer#1-0-C-1] INFO  org.apache.kafka.common.metrics.Metrics - Closing reporter org.apache.kafka.common.metrics.JmxReporter
2025-04-09 18:24:56.616 [org.springframework.kafka.KafkaListenerEndpointContainer#0-0-C-1] INFO  org.apache.kafka.common.metrics.Metrics - Closing reporter org.apache.kafka.common.telemetry.internals.ClientTelemetryReporter
2025-04-09 18:24:56.616 [org.springframework.kafka.KafkaListenerEndpointContainer#1-0-C-1] INFO  org.apache.kafka.common.metrics.Metrics - Closing reporter org.apache.kafka.common.telemetry.internals.ClientTelemetryReporter
2025-04-09 18:24:56.616 [org.springframework.kafka.KafkaListenerEndpointContainer#0-0-C-1] INFO  org.apache.kafka.common.metrics.Metrics - Metrics reporters closed
2025-04-09 18:24:56.616 [org.springframework.kafka.KafkaListenerEndpointContainer#1-0-C-1] INFO  org.apache.kafka.common.metrics.Metrics - Metrics reporters closed
2025-04-09 18:24:56.624 [org.springframework.kafka.KafkaListenerEndpointContainer#0-0-C-1] INFO  org.apache.kafka.common.utils.AppInfoParser - App info kafka.consumer for consumer-tomge-consumer-group-1 unregistered
2025-04-09 18:24:56.624 [org.springframework.kafka.KafkaListenerEndpointContainer#1-0-C-1] INFO  org.apache.kafka.common.utils.AppInfoParser - App info kafka.consumer for consumer-tomge-consumer-group-2 unregistered
2025-04-09 18:24:58.714 [SpringApplicationShutdownHook] INFO  com.zaxxer.hikari.HikariDataSource - HikariPool-1 - Shutdown initiated...
2025-04-09 18:24:58.718 [SpringApplicationShutdownHook] INFO  com.zaxxer.hikari.HikariDataSource - HikariPool-1 - Shutdown completed.
2025-04-09 23:17:48.863 [main] INFO  com.test.testboot.TestbootApplication - Starting TestbootApplication using Java 23.0.2 with PID 50185 (/Users/zhaoxin/Documents/GitHub/testboot/target/classes started by zhaoxin in /Users/zhaoxin/Documents/GitHub/testboot)
2025-04-09 23:17:48.866 [main] INFO  com.test.testboot.TestbootApplication - No active profile set, falling back to 1 default profile: "default"
2025-04-09 23:17:49.606 [main] INFO  org.apache.coyote.http11.Http11NioProtocol - Initializing ProtocolHandler ["http-nio-9090"]
2025-04-09 23:17:49.606 [main] INFO  org.apache.catalina.core.StandardService - Starting service [Tomcat]
2025-04-09 23:17:49.607 [main] INFO  org.apache.catalina.core.StandardEngine - Starting Servlet engine: [Apache Tomcat/10.1.36]
2025-04-09 23:17:49.630 [main] INFO  org.apache.catalina.core.ContainerBase.[Tomcat].[localhost].[/] - Initializing Spring embedded WebApplicationContext
2025-04-09 23:17:50.951 [main] INFO  org.apache.coyote.http11.Http11NioProtocol - Starting ProtocolHandler ["http-nio-9090"]
2025-04-09 23:17:50.975 [main] INFO  org.apache.kafka.clients.consumer.ConsumerConfig - ConsumerConfig values: 
	allow.auto.create.topics = true
	auto.commit.interval.ms = 5000
	auto.include.jmx.reporter = true
	auto.offset.reset = latest
	bootstrap.servers = [127.0.0.1:9092]
	check.crcs = true
	client.dns.lookup = use_all_dns_ips
	client.id = consumer-tomge-consumer-group-1
	client.rack = 
	connections.max.idle.ms = 540000
	default.api.timeout.ms = 60000
	enable.auto.commit = false
	enable.metrics.push = true
	exclude.internal.topics = true
	fetch.max.bytes = 52428800
	fetch.max.wait.ms = 500
	fetch.min.bytes = 1
	group.id = tomge-consumer-group
	group.instance.id = null
	group.protocol = classic
	group.remote.assignor = null
	heartbeat.interval.ms = 3000
	interceptor.classes = []
	internal.leave.group.on.close = true
	internal.throw.on.fetch.stable.offset.unsupported = false
	isolation.level = read_uncommitted
	key.deserializer = class org.apache.kafka.common.serialization.StringDeserializer
	max.partition.fetch.bytes = 1048576
	max.poll.interval.ms = 300000
	max.poll.records = 500
	metadata.max.age.ms = 300000
	metric.reporters = []
	metrics.num.samples = 2
	metrics.recording.level = INFO
	metrics.sample.window.ms = 30000
	partition.assignment.strategy = [class org.apache.kafka.clients.consumer.RangeAssignor, class org.apache.kafka.clients.consumer.CooperativeStickyAssignor]
	receive.buffer.bytes = 65536
	reconnect.backoff.max.ms = 1000
	reconnect.backoff.ms = 50
	request.timeout.ms = 30000
	retry.backoff.max.ms = 1000
	retry.backoff.ms = 100
	sasl.client.callback.handler.class = null
	sasl.jaas.config = null
	sasl.kerberos.kinit.cmd = /usr/bin/kinit
	sasl.kerberos.min.time.before.relogin = 60000
	sasl.kerberos.service.name = null
	sasl.kerberos.ticket.renew.jitter = 0.05
	sasl.kerberos.ticket.renew.window.factor = 0.8
	sasl.login.callback.handler.class = null
	sasl.login.class = null
	sasl.login.connect.timeout.ms = null
	sasl.login.read.timeout.ms = null
	sasl.login.refresh.buffer.seconds = 300
	sasl.login.refresh.min.period.seconds = 60
	sasl.login.refresh.window.factor = 0.8
	sasl.login.refresh.window.jitter = 0.05
	sasl.login.retry.backoff.max.ms = 10000
	sasl.login.retry.backoff.ms = 100
	sasl.mechanism = GSSAPI
	sasl.oauthbearer.clock.skew.seconds = 30
	sasl.oauthbearer.expected.audience = null
	sasl.oauthbearer.expected.issuer = null
	sasl.oauthbearer.jwks.endpoint.refresh.ms = 3600000
	sasl.oauthbearer.jwks.endpoint.retry.backoff.max.ms = 10000
	sasl.oauthbearer.jwks.endpoint.retry.backoff.ms = 100
	sasl.oauthbearer.jwks.endpoint.url = null
	sasl.oauthbearer.scope.claim.name = scope
	sasl.oauthbearer.sub.claim.name = sub
	sasl.oauthbearer.token.endpoint.url = null
	security.protocol = PLAINTEXT
	security.providers = null
	send.buffer.bytes = 131072
	session.timeout.ms = 45000
	socket.connection.setup.timeout.max.ms = 30000
	socket.connection.setup.timeout.ms = 10000
	ssl.cipher.suites = null
	ssl.enabled.protocols = [TLSv1.2, TLSv1.3]
	ssl.endpoint.identification.algorithm = https
	ssl.engine.factory.class = null
	ssl.key.password = null
	ssl.keymanager.algorithm = SunX509
	ssl.keystore.certificate.chain = null
	ssl.keystore.key = null
	ssl.keystore.location = null
	ssl.keystore.password = null
	ssl.keystore.type = JKS
	ssl.protocol = TLSv1.3
	ssl.provider = null
	ssl.secure.random.implementation = null
	ssl.trustmanager.algorithm = PKIX
	ssl.truststore.certificates = null
	ssl.truststore.location = null
	ssl.truststore.password = null
	ssl.truststore.type = JKS
	value.deserializer = class org.apache.kafka.common.serialization.StringDeserializer

2025-04-09 23:17:50.996 [main] INFO  org.apache.kafka.common.telemetry.internals.KafkaMetricsCollector - initializing Kafka metrics collector
2025-04-09 23:17:51.026 [main] INFO  org.apache.kafka.common.utils.AppInfoParser - Kafka version: 3.7.2
2025-04-09 23:17:51.026 [main] INFO  org.apache.kafka.common.utils.AppInfoParser - Kafka commitId: 79a8f2b5f44f9d5a
2025-04-09 23:17:51.026 [main] INFO  org.apache.kafka.common.utils.AppInfoParser - Kafka startTimeMs: 1744211871025
2025-04-09 23:17:51.027 [main] INFO  org.apache.kafka.clients.consumer.internals.LegacyKafkaConsumer - [Consumer clientId=consumer-tomge-consumer-group-1, groupId=tomge-consumer-group] Subscribed to topic(s): testtopic2
2025-04-09 23:17:51.033 [main] INFO  org.apache.kafka.clients.consumer.ConsumerConfig - ConsumerConfig values: 
	allow.auto.create.topics = true
	auto.commit.interval.ms = 5000
	auto.include.jmx.reporter = true
	auto.offset.reset = latest
	bootstrap.servers = [127.0.0.1:9092]
	check.crcs = true
	client.dns.lookup = use_all_dns_ips
	client.id = consumer-tomge-consumer-group-2
	client.rack = 
	connections.max.idle.ms = 540000
	default.api.timeout.ms = 60000
	enable.auto.commit = false
	enable.metrics.push = true
	exclude.internal.topics = true
	fetch.max.bytes = 52428800
	fetch.max.wait.ms = 500
	fetch.min.bytes = 1
	group.id = tomge-consumer-group
	group.instance.id = null
	group.protocol = classic
	group.remote.assignor = null
	heartbeat.interval.ms = 3000
	interceptor.classes = []
	internal.leave.group.on.close = true
	internal.throw.on.fetch.stable.offset.unsupported = false
	isolation.level = read_uncommitted
	key.deserializer = class org.apache.kafka.common.serialization.StringDeserializer
	max.partition.fetch.bytes = 1048576
	max.poll.interval.ms = 300000
	max.poll.records = 500
	metadata.max.age.ms = 300000
	metric.reporters = []
	metrics.num.samples = 2
	metrics.recording.level = INFO
	metrics.sample.window.ms = 30000
	partition.assignment.strategy = [class org.apache.kafka.clients.consumer.RangeAssignor, class org.apache.kafka.clients.consumer.CooperativeStickyAssignor]
	receive.buffer.bytes = 65536
	reconnect.backoff.max.ms = 1000
	reconnect.backoff.ms = 50
	request.timeout.ms = 30000
	retry.backoff.max.ms = 1000
	retry.backoff.ms = 100
	sasl.client.callback.handler.class = null
	sasl.jaas.config = null
	sasl.kerberos.kinit.cmd = /usr/bin/kinit
	sasl.kerberos.min.time.before.relogin = 60000
	sasl.kerberos.service.name = null
	sasl.kerberos.ticket.renew.jitter = 0.05
	sasl.kerberos.ticket.renew.window.factor = 0.8
	sasl.login.callback.handler.class = null
	sasl.login.class = null
	sasl.login.connect.timeout.ms = null
	sasl.login.read.timeout.ms = null
	sasl.login.refresh.buffer.seconds = 300
	sasl.login.refresh.min.period.seconds = 60
	sasl.login.refresh.window.factor = 0.8
	sasl.login.refresh.window.jitter = 0.05
	sasl.login.retry.backoff.max.ms = 10000
	sasl.login.retry.backoff.ms = 100
	sasl.mechanism = GSSAPI
	sasl.oauthbearer.clock.skew.seconds = 30
	sasl.oauthbearer.expected.audience = null
	sasl.oauthbearer.expected.issuer = null
	sasl.oauthbearer.jwks.endpoint.refresh.ms = 3600000
	sasl.oauthbearer.jwks.endpoint.retry.backoff.max.ms = 10000
	sasl.oauthbearer.jwks.endpoint.retry.backoff.ms = 100
	sasl.oauthbearer.jwks.endpoint.url = null
	sasl.oauthbearer.scope.claim.name = scope
	sasl.oauthbearer.sub.claim.name = sub
	sasl.oauthbearer.token.endpoint.url = null
	security.protocol = PLAINTEXT
	security.providers = null
	send.buffer.bytes = 131072
	session.timeout.ms = 45000
	socket.connection.setup.timeout.max.ms = 30000
	socket.connection.setup.timeout.ms = 10000
	ssl.cipher.suites = null
	ssl.enabled.protocols = [TLSv1.2, TLSv1.3]
	ssl.endpoint.identification.algorithm = https
	ssl.engine.factory.class = null
	ssl.key.password = null
	ssl.keymanager.algorithm = SunX509
	ssl.keystore.certificate.chain = null
	ssl.keystore.key = null
	ssl.keystore.location = null
	ssl.keystore.password = null
	ssl.keystore.type = JKS
	ssl.protocol = TLSv1.3
	ssl.provider = null
	ssl.secure.random.implementation = null
	ssl.trustmanager.algorithm = PKIX
	ssl.truststore.certificates = null
	ssl.truststore.location = null
	ssl.truststore.password = null
	ssl.truststore.type = JKS
	value.deserializer = class org.apache.kafka.common.serialization.StringDeserializer

2025-04-09 23:17:51.034 [main] INFO  org.apache.kafka.common.telemetry.internals.KafkaMetricsCollector - initializing Kafka metrics collector
2025-04-09 23:17:51.036 [main] INFO  org.apache.kafka.common.utils.AppInfoParser - Kafka version: 3.7.2
2025-04-09 23:17:51.036 [main] INFO  org.apache.kafka.common.utils.AppInfoParser - Kafka commitId: 79a8f2b5f44f9d5a
2025-04-09 23:17:51.036 [main] INFO  org.apache.kafka.common.utils.AppInfoParser - Kafka startTimeMs: 1744211871036
2025-04-09 23:17:51.037 [main] INFO  org.apache.kafka.clients.consumer.internals.LegacyKafkaConsumer - [Consumer clientId=consumer-tomge-consumer-group-2, groupId=tomge-consumer-group] Subscribed to topic(s): testtopic
2025-04-09 23:17:51.043 [main] INFO  com.test.testboot.TestbootApplication - Started TestbootApplication in 2.384 seconds (process running for 2.727)
2025-04-09 23:17:51.167 [org.springframework.kafka.KafkaListenerEndpointContainer#0-0-C-1] INFO  org.apache.kafka.clients.Metadata - [Consumer clientId=consumer-tomge-consumer-group-1, groupId=tomge-consumer-group] Cluster ID: y-6F190GRaWny8wgtvr9EA
2025-04-09 23:17:51.167 [org.springframework.kafka.KafkaListenerEndpointContainer#1-0-C-1] INFO  org.apache.kafka.clients.Metadata - [Consumer clientId=consumer-tomge-consumer-group-2, groupId=tomge-consumer-group] Cluster ID: y-6F190GRaWny8wgtvr9EA
2025-04-09 23:17:51.167 [org.springframework.kafka.KafkaListenerEndpointContainer#0-0-C-1] INFO  org.apache.kafka.clients.consumer.internals.ConsumerCoordinator - [Consumer clientId=consumer-tomge-consumer-group-1, groupId=tomge-consumer-group] Discovered group coordinator localhost:9092 (id: 2147483647 rack: null)
2025-04-09 23:17:51.167 [org.springframework.kafka.KafkaListenerEndpointContainer#1-0-C-1] INFO  org.apache.kafka.clients.consumer.internals.ConsumerCoordinator - [Consumer clientId=consumer-tomge-consumer-group-2, groupId=tomge-consumer-group] Discovered group coordinator localhost:9092 (id: 2147483647 rack: null)
2025-04-09 23:17:51.168 [org.springframework.kafka.KafkaListenerEndpointContainer#0-0-C-1] INFO  org.apache.kafka.clients.consumer.internals.ConsumerCoordinator - [Consumer clientId=consumer-tomge-consumer-group-1, groupId=tomge-consumer-group] (Re-)joining group
2025-04-09 23:17:51.168 [org.springframework.kafka.KafkaListenerEndpointContainer#1-0-C-1] INFO  org.apache.kafka.clients.consumer.internals.ConsumerCoordinator - [Consumer clientId=consumer-tomge-consumer-group-2, groupId=tomge-consumer-group] (Re-)joining group
2025-04-09 23:17:51.178 [org.springframework.kafka.KafkaListenerEndpointContainer#1-0-C-1] INFO  org.apache.kafka.clients.consumer.internals.ConsumerCoordinator - [Consumer clientId=consumer-tomge-consumer-group-2, groupId=tomge-consumer-group] Request joining group due to: need to re-join with the given member-id: consumer-tomge-consumer-group-2-a87ccc8e-37a9-48a1-bb5a-9f864f98b5fe
2025-04-09 23:17:51.178 [org.springframework.kafka.KafkaListenerEndpointContainer#1-0-C-1] INFO  org.apache.kafka.clients.consumer.internals.ConsumerCoordinator - [Consumer clientId=consumer-tomge-consumer-group-2, groupId=tomge-consumer-group] (Re-)joining group
2025-04-09 23:17:51.178 [org.springframework.kafka.KafkaListenerEndpointContainer#0-0-C-1] INFO  org.apache.kafka.clients.consumer.internals.ConsumerCoordinator - [Consumer clientId=consumer-tomge-consumer-group-1, groupId=tomge-consumer-group] Request joining group due to: need to re-join with the given member-id: consumer-tomge-consumer-group-1-001bfd23-e9c6-4487-a363-1606b7209600
2025-04-09 23:17:51.178 [org.springframework.kafka.KafkaListenerEndpointContainer#0-0-C-1] INFO  org.apache.kafka.clients.consumer.internals.ConsumerCoordinator - [Consumer clientId=consumer-tomge-consumer-group-1, groupId=tomge-consumer-group] (Re-)joining group
2025-04-09 23:17:51.181 [org.springframework.kafka.KafkaListenerEndpointContainer#1-0-C-1] INFO  org.apache.kafka.clients.consumer.internals.ConsumerCoordinator - [Consumer clientId=consumer-tomge-consumer-group-2, groupId=tomge-consumer-group] Successfully joined group with generation Generation{generationId=4, memberId='consumer-tomge-consumer-group-2-a87ccc8e-37a9-48a1-bb5a-9f864f98b5fe', protocol='range'}
2025-04-09 23:17:51.181 [org.springframework.kafka.KafkaListenerEndpointContainer#0-0-C-1] INFO  org.apache.kafka.clients.consumer.internals.ConsumerCoordinator - [Consumer clientId=consumer-tomge-consumer-group-1, groupId=tomge-consumer-group] Successfully joined group with generation Generation{generationId=4, memberId='consumer-tomge-consumer-group-1-001bfd23-e9c6-4487-a363-1606b7209600', protocol='range'}
2025-04-09 23:17:51.186 [org.springframework.kafka.KafkaListenerEndpointContainer#1-0-C-1] INFO  org.apache.kafka.clients.consumer.internals.ConsumerCoordinator - [Consumer clientId=consumer-tomge-consumer-group-2, groupId=tomge-consumer-group] Finished assignment for group at generation 4: {consumer-tomge-consumer-group-2-a87ccc8e-37a9-48a1-bb5a-9f864f98b5fe=Assignment(partitions=[testtopic-0]), consumer-tomge-consumer-group-1-001bfd23-e9c6-4487-a363-1606b7209600=Assignment(partitions=[testtopic2-0])}
2025-04-09 23:17:51.190 [org.springframework.kafka.KafkaListenerEndpointContainer#0-0-C-1] INFO  org.apache.kafka.clients.consumer.internals.ConsumerCoordinator - [Consumer clientId=consumer-tomge-consumer-group-1, groupId=tomge-consumer-group] Successfully synced group in generation Generation{generationId=4, memberId='consumer-tomge-consumer-group-1-001bfd23-e9c6-4487-a363-1606b7209600', protocol='range'}
2025-04-09 23:17:51.190 [org.springframework.kafka.KafkaListenerEndpointContainer#1-0-C-1] INFO  org.apache.kafka.clients.consumer.internals.ConsumerCoordinator - [Consumer clientId=consumer-tomge-consumer-group-2, groupId=tomge-consumer-group] Successfully synced group in generation Generation{generationId=4, memberId='consumer-tomge-consumer-group-2-a87ccc8e-37a9-48a1-bb5a-9f864f98b5fe', protocol='range'}
2025-04-09 23:17:51.190 [org.springframework.kafka.KafkaListenerEndpointContainer#0-0-C-1] INFO  org.apache.kafka.clients.consumer.internals.ConsumerCoordinator - [Consumer clientId=consumer-tomge-consumer-group-1, groupId=tomge-consumer-group] Notifying assignor about the new Assignment(partitions=[testtopic2-0])
2025-04-09 23:17:51.191 [org.springframework.kafka.KafkaListenerEndpointContainer#1-0-C-1] INFO  org.apache.kafka.clients.consumer.internals.ConsumerCoordinator - [Consumer clientId=consumer-tomge-consumer-group-2, groupId=tomge-consumer-group] Notifying assignor about the new Assignment(partitions=[testtopic-0])
2025-04-09 23:17:51.191 [org.springframework.kafka.KafkaListenerEndpointContainer#0-0-C-1] INFO  org.apache.kafka.clients.consumer.internals.ConsumerRebalanceListenerInvoker - [Consumer clientId=consumer-tomge-consumer-group-1, groupId=tomge-consumer-group] Adding newly assigned partitions: testtopic2-0
2025-04-09 23:17:51.191 [org.springframework.kafka.KafkaListenerEndpointContainer#1-0-C-1] INFO  org.apache.kafka.clients.consumer.internals.ConsumerRebalanceListenerInvoker - [Consumer clientId=consumer-tomge-consumer-group-2, groupId=tomge-consumer-group] Adding newly assigned partitions: testtopic-0
2025-04-09 23:17:51.195 [org.springframework.kafka.KafkaListenerEndpointContainer#0-0-C-1] INFO  org.apache.kafka.clients.consumer.internals.ConsumerUtils - Setting offset for partition testtopic2-0 to the committed offset FetchPosition{offset=0, offsetEpoch=Optional.empty, currentLeader=LeaderAndEpoch{leader=Optional[localhost:9092 (id: 0 rack: null)], epoch=0}}
2025-04-09 23:17:51.195 [org.springframework.kafka.KafkaListenerEndpointContainer#1-0-C-1] INFO  org.apache.kafka.clients.consumer.internals.ConsumerUtils - Setting offset for partition testtopic-0 to the committed offset FetchPosition{offset=0, offsetEpoch=Optional.empty, currentLeader=LeaderAndEpoch{leader=Optional[localhost:9092 (id: 0 rack: null)], epoch=0}}
2025-04-09 23:26:51.184 [org.springframework.kafka.KafkaListenerEndpointContainer#0-0-C-1] INFO  org.apache.kafka.clients.NetworkClient - [Consumer clientId=consumer-tomge-consumer-group-1, groupId=tomge-consumer-group] Node -1 disconnected.
2025-04-09 23:26:51.184 [org.springframework.kafka.KafkaListenerEndpointContainer#1-0-C-1] INFO  org.apache.kafka.clients.NetworkClient - [Consumer clientId=consumer-tomge-consumer-group-2, groupId=tomge-consumer-group] Node -1 disconnected.
2025-04-09 23:31:10.267 [org.springframework.kafka.KafkaListenerEndpointContainer#0-0-C-1] INFO  org.apache.kafka.clients.consumer.internals.ConsumerRebalanceListenerInvoker - [Consumer clientId=consumer-tomge-consumer-group-1, groupId=tomge-consumer-group] Revoke previously assigned partitions testtopic2-0
2025-04-09 23:31:10.267 [org.springframework.kafka.KafkaListenerEndpointContainer#1-0-C-1] INFO  org.apache.kafka.clients.consumer.internals.ConsumerRebalanceListenerInvoker - [Consumer clientId=consumer-tomge-consumer-group-2, groupId=tomge-consumer-group] Revoke previously assigned partitions testtopic-0
2025-04-09 23:31:10.268 [org.springframework.kafka.KafkaListenerEndpointContainer#0-0-C-1] INFO  org.apache.kafka.clients.consumer.internals.ConsumerCoordinator - [Consumer clientId=consumer-tomge-consumer-group-1, groupId=tomge-consumer-group] Member consumer-tomge-consumer-group-1-001bfd23-e9c6-4487-a363-1606b7209600 sending LeaveGroup request to coordinator localhost:9092 (id: 2147483647 rack: null) due to the consumer unsubscribed from all topics
2025-04-09 23:31:10.268 [org.springframework.kafka.KafkaListenerEndpointContainer#1-0-C-1] INFO  org.apache.kafka.clients.consumer.internals.ConsumerCoordinator - [Consumer clientId=consumer-tomge-consumer-group-2, groupId=tomge-consumer-group] Member consumer-tomge-consumer-group-2-a87ccc8e-37a9-48a1-bb5a-9f864f98b5fe sending LeaveGroup request to coordinator localhost:9092 (id: 2147483647 rack: null) due to the consumer unsubscribed from all topics
2025-04-09 23:31:10.268 [org.springframework.kafka.KafkaListenerEndpointContainer#0-0-C-1] INFO  org.apache.kafka.clients.consumer.internals.ConsumerCoordinator - [Consumer clientId=consumer-tomge-consumer-group-1, groupId=tomge-consumer-group] Resetting generation and member id due to: consumer pro-actively leaving the group
2025-04-09 23:31:10.268 [org.springframework.kafka.KafkaListenerEndpointContainer#1-0-C-1] INFO  org.apache.kafka.clients.consumer.internals.ConsumerCoordinator - [Consumer clientId=consumer-tomge-consumer-group-2, groupId=tomge-consumer-group] Resetting generation and member id due to: consumer pro-actively leaving the group
2025-04-09 23:31:10.268 [org.springframework.kafka.KafkaListenerEndpointContainer#0-0-C-1] INFO  org.apache.kafka.clients.consumer.internals.ConsumerCoordinator - [Consumer clientId=consumer-tomge-consumer-group-1, groupId=tomge-consumer-group] Request joining group due to: consumer pro-actively leaving the group
2025-04-09 23:31:10.268 [org.springframework.kafka.KafkaListenerEndpointContainer#1-0-C-1] INFO  org.apache.kafka.clients.consumer.internals.ConsumerCoordinator - [Consumer clientId=consumer-tomge-consumer-group-2, groupId=tomge-consumer-group] Request joining group due to: consumer pro-actively leaving the group
2025-04-09 23:31:10.268 [org.springframework.kafka.KafkaListenerEndpointContainer#0-0-C-1] INFO  org.apache.kafka.clients.consumer.internals.LegacyKafkaConsumer - [Consumer clientId=consumer-tomge-consumer-group-1, groupId=tomge-consumer-group] Unsubscribed all topics or patterns and assigned partitions
2025-04-09 23:31:10.268 [org.springframework.kafka.KafkaListenerEndpointContainer#1-0-C-1] INFO  org.apache.kafka.clients.consumer.internals.LegacyKafkaConsumer - [Consumer clientId=consumer-tomge-consumer-group-2, groupId=tomge-consumer-group] Unsubscribed all topics or patterns and assigned partitions
2025-04-09 23:31:10.269 [org.springframework.kafka.KafkaListenerEndpointContainer#1-0-C-1] INFO  org.apache.kafka.clients.consumer.internals.ConsumerCoordinator - [Consumer clientId=consumer-tomge-consumer-group-2, groupId=tomge-consumer-group] Resetting generation and member id due to: consumer pro-actively leaving the group
2025-04-09 23:31:10.269 [org.springframework.kafka.KafkaListenerEndpointContainer#0-0-C-1] INFO  org.apache.kafka.clients.consumer.internals.ConsumerCoordinator - [Consumer clientId=consumer-tomge-consumer-group-1, groupId=tomge-consumer-group] Resetting generation and member id due to: consumer pro-actively leaving the group
2025-04-09 23:31:10.269 [org.springframework.kafka.KafkaListenerEndpointContainer#1-0-C-1] INFO  org.apache.kafka.clients.consumer.internals.ConsumerCoordinator - [Consumer clientId=consumer-tomge-consumer-group-2, groupId=tomge-consumer-group] Request joining group due to: consumer pro-actively leaving the group
2025-04-09 23:31:10.269 [org.springframework.kafka.KafkaListenerEndpointContainer#0-0-C-1] INFO  org.apache.kafka.clients.consumer.internals.ConsumerCoordinator - [Consumer clientId=consumer-tomge-consumer-group-1, groupId=tomge-consumer-group] Request joining group due to: consumer pro-actively leaving the group
2025-04-09 23:31:10.303 [org.springframework.kafka.KafkaListenerEndpointContainer#1-0-C-1] INFO  org.apache.kafka.common.metrics.Metrics - Metrics scheduler closed
2025-04-09 23:31:10.303 [org.springframework.kafka.KafkaListenerEndpointContainer#0-0-C-1] INFO  org.apache.kafka.common.metrics.Metrics - Metrics scheduler closed
2025-04-09 23:31:10.303 [org.springframework.kafka.KafkaListenerEndpointContainer#1-0-C-1] INFO  org.apache.kafka.common.metrics.Metrics - Closing reporter org.apache.kafka.common.metrics.JmxReporter
2025-04-09 23:31:10.303 [org.springframework.kafka.KafkaListenerEndpointContainer#0-0-C-1] INFO  org.apache.kafka.common.metrics.Metrics - Closing reporter org.apache.kafka.common.metrics.JmxReporter
2025-04-09 23:31:10.303 [org.springframework.kafka.KafkaListenerEndpointContainer#1-0-C-1] INFO  org.apache.kafka.common.metrics.Metrics - Closing reporter org.apache.kafka.common.telemetry.internals.ClientTelemetryReporter
2025-04-09 23:31:10.303 [org.springframework.kafka.KafkaListenerEndpointContainer#0-0-C-1] INFO  org.apache.kafka.common.metrics.Metrics - Closing reporter org.apache.kafka.common.telemetry.internals.ClientTelemetryReporter
2025-04-09 23:31:10.303 [org.springframework.kafka.KafkaListenerEndpointContainer#1-0-C-1] INFO  org.apache.kafka.common.metrics.Metrics - Metrics reporters closed
2025-04-09 23:31:10.303 [org.springframework.kafka.KafkaListenerEndpointContainer#0-0-C-1] INFO  org.apache.kafka.common.metrics.Metrics - Metrics reporters closed
2025-04-09 23:31:10.305 [org.springframework.kafka.KafkaListenerEndpointContainer#0-0-C-1] INFO  org.apache.kafka.common.utils.AppInfoParser - App info kafka.consumer for consumer-tomge-consumer-group-1 unregistered
2025-04-09 23:31:10.305 [org.springframework.kafka.KafkaListenerEndpointContainer#1-0-C-1] INFO  org.apache.kafka.common.utils.AppInfoParser - App info kafka.consumer for consumer-tomge-consumer-group-2 unregistered
2025-04-09 23:45:34.763 [main] INFO  com.test.testboot.TestbootApplication - Starting TestbootApplication using Java 23.0.2 with PID 50491 (/Users/zhaoxin/Documents/GitHub/testboot/target/classes started by zhaoxin in /Users/zhaoxin/Documents/GitHub/testboot)
2025-04-09 23:45:34.765 [main] INFO  com.test.testboot.TestbootApplication - No active profile set, falling back to 1 default profile: "default"
2025-04-09 23:45:35.441 [main] INFO  org.apache.coyote.http11.Http11NioProtocol - Initializing ProtocolHandler ["http-nio-9090"]
2025-04-09 23:45:35.442 [main] INFO  org.apache.catalina.core.StandardService - Starting service [Tomcat]
2025-04-09 23:45:35.442 [main] INFO  org.apache.catalina.core.StandardEngine - Starting Servlet engine: [Apache Tomcat/10.1.36]
2025-04-09 23:45:35.463 [main] INFO  org.apache.catalina.core.ContainerBase.[Tomcat].[localhost].[/] - Initializing Spring embedded WebApplicationContext
2025-04-09 23:45:36.627 [main] INFO  org.apache.coyote.http11.Http11NioProtocol - Starting ProtocolHandler ["http-nio-9090"]
2025-04-09 23:45:36.647 [main] INFO  org.apache.kafka.clients.consumer.ConsumerConfig - ConsumerConfig values: 
	allow.auto.create.topics = true
	auto.commit.interval.ms = 5000
	auto.include.jmx.reporter = true
	auto.offset.reset = latest
	bootstrap.servers = [127.0.0.1:9092]
	check.crcs = true
	client.dns.lookup = use_all_dns_ips
	client.id = consumer-tomge-consumer-group-1
	client.rack = 
	connections.max.idle.ms = 540000
	default.api.timeout.ms = 60000
	enable.auto.commit = false
	enable.metrics.push = true
	exclude.internal.topics = true
	fetch.max.bytes = 52428800
	fetch.max.wait.ms = 500
	fetch.min.bytes = 1
	group.id = tomge-consumer-group
	group.instance.id = null
	group.protocol = classic
	group.remote.assignor = null
	heartbeat.interval.ms = 3000
	interceptor.classes = []
	internal.leave.group.on.close = true
	internal.throw.on.fetch.stable.offset.unsupported = false
	isolation.level = read_uncommitted
	key.deserializer = class org.apache.kafka.common.serialization.StringDeserializer
	max.partition.fetch.bytes = 1048576
	max.poll.interval.ms = 300000
	max.poll.records = 500
	metadata.max.age.ms = 300000
	metric.reporters = []
	metrics.num.samples = 2
	metrics.recording.level = INFO
	metrics.sample.window.ms = 30000
	partition.assignment.strategy = [class org.apache.kafka.clients.consumer.RangeAssignor, class org.apache.kafka.clients.consumer.CooperativeStickyAssignor]
	receive.buffer.bytes = 65536
	reconnect.backoff.max.ms = 1000
	reconnect.backoff.ms = 50
	request.timeout.ms = 30000
	retry.backoff.max.ms = 1000
	retry.backoff.ms = 100
	sasl.client.callback.handler.class = null
	sasl.jaas.config = null
	sasl.kerberos.kinit.cmd = /usr/bin/kinit
	sasl.kerberos.min.time.before.relogin = 60000
	sasl.kerberos.service.name = null
	sasl.kerberos.ticket.renew.jitter = 0.05
	sasl.kerberos.ticket.renew.window.factor = 0.8
	sasl.login.callback.handler.class = null
	sasl.login.class = null
	sasl.login.connect.timeout.ms = null
	sasl.login.read.timeout.ms = null
	sasl.login.refresh.buffer.seconds = 300
	sasl.login.refresh.min.period.seconds = 60
	sasl.login.refresh.window.factor = 0.8
	sasl.login.refresh.window.jitter = 0.05
	sasl.login.retry.backoff.max.ms = 10000
	sasl.login.retry.backoff.ms = 100
	sasl.mechanism = GSSAPI
	sasl.oauthbearer.clock.skew.seconds = 30
	sasl.oauthbearer.expected.audience = null
	sasl.oauthbearer.expected.issuer = null
	sasl.oauthbearer.jwks.endpoint.refresh.ms = 3600000
	sasl.oauthbearer.jwks.endpoint.retry.backoff.max.ms = 10000
	sasl.oauthbearer.jwks.endpoint.retry.backoff.ms = 100
	sasl.oauthbearer.jwks.endpoint.url = null
	sasl.oauthbearer.scope.claim.name = scope
	sasl.oauthbearer.sub.claim.name = sub
	sasl.oauthbearer.token.endpoint.url = null
	security.protocol = PLAINTEXT
	security.providers = null
	send.buffer.bytes = 131072
	session.timeout.ms = 45000
	socket.connection.setup.timeout.max.ms = 30000
	socket.connection.setup.timeout.ms = 10000
	ssl.cipher.suites = null
	ssl.enabled.protocols = [TLSv1.2, TLSv1.3]
	ssl.endpoint.identification.algorithm = https
	ssl.engine.factory.class = null
	ssl.key.password = null
	ssl.keymanager.algorithm = SunX509
	ssl.keystore.certificate.chain = null
	ssl.keystore.key = null
	ssl.keystore.location = null
	ssl.keystore.password = null
	ssl.keystore.type = JKS
	ssl.protocol = TLSv1.3
	ssl.provider = null
	ssl.secure.random.implementation = null
	ssl.trustmanager.algorithm = PKIX
	ssl.truststore.certificates = null
	ssl.truststore.location = null
	ssl.truststore.password = null
	ssl.truststore.type = JKS
	value.deserializer = class org.apache.kafka.common.serialization.StringDeserializer

2025-04-09 23:45:36.669 [main] INFO  org.apache.kafka.common.telemetry.internals.KafkaMetricsCollector - initializing Kafka metrics collector
2025-04-09 23:45:36.695 [main] INFO  org.apache.kafka.common.utils.AppInfoParser - Kafka version: 3.7.2
2025-04-09 23:45:36.696 [main] INFO  org.apache.kafka.common.utils.AppInfoParser - Kafka commitId: 79a8f2b5f44f9d5a
2025-04-09 23:45:36.696 [main] INFO  org.apache.kafka.common.utils.AppInfoParser - Kafka startTimeMs: 1744213536695
2025-04-09 23:45:36.699 [main] INFO  org.apache.kafka.clients.consumer.internals.LegacyKafkaConsumer - [Consumer clientId=consumer-tomge-consumer-group-1, groupId=tomge-consumer-group] Subscribed to topic(s): testtopic
2025-04-09 23:45:36.703 [main] INFO  org.apache.kafka.clients.consumer.ConsumerConfig - ConsumerConfig values: 
	allow.auto.create.topics = true
	auto.commit.interval.ms = 5000
	auto.include.jmx.reporter = true
	auto.offset.reset = latest
	bootstrap.servers = [127.0.0.1:9092]
	check.crcs = true
	client.dns.lookup = use_all_dns_ips
	client.id = consumer-tomge-consumer-group-2
	client.rack = 
	connections.max.idle.ms = 540000
	default.api.timeout.ms = 60000
	enable.auto.commit = false
	enable.metrics.push = true
	exclude.internal.topics = true
	fetch.max.bytes = 52428800
	fetch.max.wait.ms = 500
	fetch.min.bytes = 1
	group.id = tomge-consumer-group
	group.instance.id = null
	group.protocol = classic
	group.remote.assignor = null
	heartbeat.interval.ms = 3000
	interceptor.classes = []
	internal.leave.group.on.close = true
	internal.throw.on.fetch.stable.offset.unsupported = false
	isolation.level = read_uncommitted
	key.deserializer = class org.apache.kafka.common.serialization.StringDeserializer
	max.partition.fetch.bytes = 1048576
	max.poll.interval.ms = 300000
	max.poll.records = 500
	metadata.max.age.ms = 300000
	metric.reporters = []
	metrics.num.samples = 2
	metrics.recording.level = INFO
	metrics.sample.window.ms = 30000
	partition.assignment.strategy = [class org.apache.kafka.clients.consumer.RangeAssignor, class org.apache.kafka.clients.consumer.CooperativeStickyAssignor]
	receive.buffer.bytes = 65536
	reconnect.backoff.max.ms = 1000
	reconnect.backoff.ms = 50
	request.timeout.ms = 30000
	retry.backoff.max.ms = 1000
	retry.backoff.ms = 100
	sasl.client.callback.handler.class = null
	sasl.jaas.config = null
	sasl.kerberos.kinit.cmd = /usr/bin/kinit
	sasl.kerberos.min.time.before.relogin = 60000
	sasl.kerberos.service.name = null
	sasl.kerberos.ticket.renew.jitter = 0.05
	sasl.kerberos.ticket.renew.window.factor = 0.8
	sasl.login.callback.handler.class = null
	sasl.login.class = null
	sasl.login.connect.timeout.ms = null
	sasl.login.read.timeout.ms = null
	sasl.login.refresh.buffer.seconds = 300
	sasl.login.refresh.min.period.seconds = 60
	sasl.login.refresh.window.factor = 0.8
	sasl.login.refresh.window.jitter = 0.05
	sasl.login.retry.backoff.max.ms = 10000
	sasl.login.retry.backoff.ms = 100
	sasl.mechanism = GSSAPI
	sasl.oauthbearer.clock.skew.seconds = 30
	sasl.oauthbearer.expected.audience = null
	sasl.oauthbearer.expected.issuer = null
	sasl.oauthbearer.jwks.endpoint.refresh.ms = 3600000
	sasl.oauthbearer.jwks.endpoint.retry.backoff.max.ms = 10000
	sasl.oauthbearer.jwks.endpoint.retry.backoff.ms = 100
	sasl.oauthbearer.jwks.endpoint.url = null
	sasl.oauthbearer.scope.claim.name = scope
	sasl.oauthbearer.sub.claim.name = sub
	sasl.oauthbearer.token.endpoint.url = null
	security.protocol = PLAINTEXT
	security.providers = null
	send.buffer.bytes = 131072
	session.timeout.ms = 45000
	socket.connection.setup.timeout.max.ms = 30000
	socket.connection.setup.timeout.ms = 10000
	ssl.cipher.suites = null
	ssl.enabled.protocols = [TLSv1.2, TLSv1.3]
	ssl.endpoint.identification.algorithm = https
	ssl.engine.factory.class = null
	ssl.key.password = null
	ssl.keymanager.algorithm = SunX509
	ssl.keystore.certificate.chain = null
	ssl.keystore.key = null
	ssl.keystore.location = null
	ssl.keystore.password = null
	ssl.keystore.type = JKS
	ssl.protocol = TLSv1.3
	ssl.provider = null
	ssl.secure.random.implementation = null
	ssl.trustmanager.algorithm = PKIX
	ssl.truststore.certificates = null
	ssl.truststore.location = null
	ssl.truststore.password = null
	ssl.truststore.type = JKS
	value.deserializer = class org.apache.kafka.common.serialization.StringDeserializer

2025-04-09 23:45:36.704 [main] INFO  org.apache.kafka.common.telemetry.internals.KafkaMetricsCollector - initializing Kafka metrics collector
2025-04-09 23:45:36.706 [main] INFO  org.apache.kafka.common.utils.AppInfoParser - Kafka version: 3.7.2
2025-04-09 23:45:36.706 [main] INFO  org.apache.kafka.common.utils.AppInfoParser - Kafka commitId: 79a8f2b5f44f9d5a
2025-04-09 23:45:36.706 [main] INFO  org.apache.kafka.common.utils.AppInfoParser - Kafka startTimeMs: 1744213536706
2025-04-09 23:45:36.707 [main] INFO  org.apache.kafka.clients.consumer.internals.LegacyKafkaConsumer - [Consumer clientId=consumer-tomge-consumer-group-2, groupId=tomge-consumer-group] Subscribed to topic(s): testtopic2
2025-04-09 23:45:36.715 [main] INFO  com.test.testboot.TestbootApplication - Started TestbootApplication in 2.153 seconds (process running for 2.515)
2025-04-09 23:45:36.824 [org.springframework.kafka.KafkaListenerEndpointContainer#0-0-C-1] INFO  org.apache.kafka.clients.Metadata - [Consumer clientId=consumer-tomge-consumer-group-1, groupId=tomge-consumer-group] Cluster ID: y-6F190GRaWny8wgtvr9EA
2025-04-09 23:45:36.824 [org.springframework.kafka.KafkaListenerEndpointContainer#1-0-C-1] INFO  org.apache.kafka.clients.Metadata - [Consumer clientId=consumer-tomge-consumer-group-2, groupId=tomge-consumer-group] Cluster ID: y-6F190GRaWny8wgtvr9EA
2025-04-09 23:45:36.824 [org.springframework.kafka.KafkaListenerEndpointContainer#1-0-C-1] INFO  org.apache.kafka.clients.consumer.internals.ConsumerCoordinator - [Consumer clientId=consumer-tomge-consumer-group-2, groupId=tomge-consumer-group] Discovered group coordinator localhost:9092 (id: 2147483647 rack: null)
2025-04-09 23:45:36.824 [org.springframework.kafka.KafkaListenerEndpointContainer#0-0-C-1] INFO  org.apache.kafka.clients.consumer.internals.ConsumerCoordinator - [Consumer clientId=consumer-tomge-consumer-group-1, groupId=tomge-consumer-group] Discovered group coordinator localhost:9092 (id: 2147483647 rack: null)
2025-04-09 23:45:36.825 [org.springframework.kafka.KafkaListenerEndpointContainer#0-0-C-1] INFO  org.apache.kafka.clients.consumer.internals.ConsumerCoordinator - [Consumer clientId=consumer-tomge-consumer-group-1, groupId=tomge-consumer-group] (Re-)joining group
2025-04-09 23:45:36.825 [org.springframework.kafka.KafkaListenerEndpointContainer#1-0-C-1] INFO  org.apache.kafka.clients.consumer.internals.ConsumerCoordinator - [Consumer clientId=consumer-tomge-consumer-group-2, groupId=tomge-consumer-group] (Re-)joining group
2025-04-09 23:45:36.831 [org.springframework.kafka.KafkaListenerEndpointContainer#0-0-C-1] INFO  org.apache.kafka.clients.consumer.internals.ConsumerCoordinator - [Consumer clientId=consumer-tomge-consumer-group-1, groupId=tomge-consumer-group] Request joining group due to: need to re-join with the given member-id: consumer-tomge-consumer-group-1-ec9623c5-1220-4ccd-9169-e7f6fc771bd6
2025-04-09 23:45:36.831 [org.springframework.kafka.KafkaListenerEndpointContainer#1-0-C-1] INFO  org.apache.kafka.clients.consumer.internals.ConsumerCoordinator - [Consumer clientId=consumer-tomge-consumer-group-2, groupId=tomge-consumer-group] Request joining group due to: need to re-join with the given member-id: consumer-tomge-consumer-group-2-709106de-2ac9-4fae-8e77-04009e779c2b
2025-04-09 23:45:36.832 [org.springframework.kafka.KafkaListenerEndpointContainer#0-0-C-1] INFO  org.apache.kafka.clients.consumer.internals.ConsumerCoordinator - [Consumer clientId=consumer-tomge-consumer-group-1, groupId=tomge-consumer-group] (Re-)joining group
2025-04-09 23:45:36.832 [org.springframework.kafka.KafkaListenerEndpointContainer#1-0-C-1] INFO  org.apache.kafka.clients.consumer.internals.ConsumerCoordinator - [Consumer clientId=consumer-tomge-consumer-group-2, groupId=tomge-consumer-group] (Re-)joining group
2025-04-09 23:45:36.833 [org.springframework.kafka.KafkaListenerEndpointContainer#1-0-C-1] INFO  org.apache.kafka.clients.consumer.internals.ConsumerCoordinator - [Consumer clientId=consumer-tomge-consumer-group-2, groupId=tomge-consumer-group] Successfully joined group with generation Generation{generationId=6, memberId='consumer-tomge-consumer-group-2-709106de-2ac9-4fae-8e77-04009e779c2b', protocol='range'}
2025-04-09 23:45:36.833 [org.springframework.kafka.KafkaListenerEndpointContainer#0-0-C-1] INFO  org.apache.kafka.clients.consumer.internals.ConsumerCoordinator - [Consumer clientId=consumer-tomge-consumer-group-1, groupId=tomge-consumer-group] Successfully joined group with generation Generation{generationId=6, memberId='consumer-tomge-consumer-group-1-ec9623c5-1220-4ccd-9169-e7f6fc771bd6', protocol='range'}
2025-04-09 23:45:36.837 [org.springframework.kafka.KafkaListenerEndpointContainer#0-0-C-1] INFO  org.apache.kafka.clients.consumer.internals.ConsumerCoordinator - [Consumer clientId=consumer-tomge-consumer-group-1, groupId=tomge-consumer-group] Finished assignment for group at generation 6: {consumer-tomge-consumer-group-2-709106de-2ac9-4fae-8e77-04009e779c2b=Assignment(partitions=[testtopic2-0]), consumer-tomge-consumer-group-1-ec9623c5-1220-4ccd-9169-e7f6fc771bd6=Assignment(partitions=[testtopic-0])}
2025-04-09 23:45:36.840 [org.springframework.kafka.KafkaListenerEndpointContainer#1-0-C-1] INFO  org.apache.kafka.clients.consumer.internals.ConsumerCoordinator - [Consumer clientId=consumer-tomge-consumer-group-2, groupId=tomge-consumer-group] Successfully synced group in generation Generation{generationId=6, memberId='consumer-tomge-consumer-group-2-709106de-2ac9-4fae-8e77-04009e779c2b', protocol='range'}
2025-04-09 23:45:36.840 [org.springframework.kafka.KafkaListenerEndpointContainer#0-0-C-1] INFO  org.apache.kafka.clients.consumer.internals.ConsumerCoordinator - [Consumer clientId=consumer-tomge-consumer-group-1, groupId=tomge-consumer-group] Successfully synced group in generation Generation{generationId=6, memberId='consumer-tomge-consumer-group-1-ec9623c5-1220-4ccd-9169-e7f6fc771bd6', protocol='range'}
2025-04-09 23:45:36.841 [org.springframework.kafka.KafkaListenerEndpointContainer#0-0-C-1] INFO  org.apache.kafka.clients.consumer.internals.ConsumerCoordinator - [Consumer clientId=consumer-tomge-consumer-group-1, groupId=tomge-consumer-group] Notifying assignor about the new Assignment(partitions=[testtopic-0])
2025-04-09 23:45:36.841 [org.springframework.kafka.KafkaListenerEndpointContainer#1-0-C-1] INFO  org.apache.kafka.clients.consumer.internals.ConsumerCoordinator - [Consumer clientId=consumer-tomge-consumer-group-2, groupId=tomge-consumer-group] Notifying assignor about the new Assignment(partitions=[testtopic2-0])
2025-04-09 23:45:36.842 [org.springframework.kafka.KafkaListenerEndpointContainer#0-0-C-1] INFO  org.apache.kafka.clients.consumer.internals.ConsumerRebalanceListenerInvoker - [Consumer clientId=consumer-tomge-consumer-group-1, groupId=tomge-consumer-group] Adding newly assigned partitions: testtopic-0
2025-04-09 23:45:36.842 [org.springframework.kafka.KafkaListenerEndpointContainer#1-0-C-1] INFO  org.apache.kafka.clients.consumer.internals.ConsumerRebalanceListenerInvoker - [Consumer clientId=consumer-tomge-consumer-group-2, groupId=tomge-consumer-group] Adding newly assigned partitions: testtopic2-0
2025-04-09 23:45:36.846 [org.springframework.kafka.KafkaListenerEndpointContainer#1-0-C-1] INFO  org.apache.kafka.clients.consumer.internals.ConsumerUtils - Setting offset for partition testtopic2-0 to the committed offset FetchPosition{offset=0, offsetEpoch=Optional.empty, currentLeader=LeaderAndEpoch{leader=Optional[localhost:9092 (id: 0 rack: null)], epoch=0}}
2025-04-09 23:45:36.846 [org.springframework.kafka.KafkaListenerEndpointContainer#0-0-C-1] INFO  org.apache.kafka.clients.consumer.internals.ConsumerUtils - Setting offset for partition testtopic-0 to the committed offset FetchPosition{offset=0, offsetEpoch=Optional.empty, currentLeader=LeaderAndEpoch{leader=Optional[localhost:9092 (id: 0 rack: null)], epoch=0}}
2025-04-09 23:45:36.873 [org.springframework.kafka.KafkaListenerEndpointContainer#1-0-C-1] INFO  com.test.testboot.kafkaservice.ConsumerService - CanalModel: null
2025-04-09 23:45:37.102 [org.springframework.kafka.KafkaListenerEndpointContainer#1-0-C-1] INFO  com.test.testboot.kafkaservice.ConsumerService - Redis操作Update成功 - id: 919, value: {"address":"31","sex":"女","name":"321","birth":"2323","id":"919","department":"321"}
2025-04-09 23:46:30.511 [org.springframework.kafka.KafkaListenerEndpointContainer#1-0-C-1] INFO  com.test.testboot.kafkaservice.ConsumerService - CanalModel: null
2025-04-09 23:46:30.516 [org.springframework.kafka.KafkaListenerEndpointContainer#1-0-C-1] INFO  com.test.testboot.kafkaservice.ConsumerService - Redis操作Update成功 - id: 918, value: {"address":"1123321","sex":"男","name":"123","birth":"1900","id":"918","department":"123"}
2025-04-09 23:46:30.517 [org.springframework.kafka.KafkaListenerEndpointContainer#1-0-C-1] INFO  com.test.testboot.kafkaservice.ConsumerService - CanalModel: null
2025-04-09 23:46:30.518 [org.springframework.kafka.KafkaListenerEndpointContainer#1-0-C-1] INFO  com.test.testboot.kafkaservice.ConsumerService - Redis操作Update成功 - id: 920, value: {"address":"123123","sex":"女","name":"123","birth":"2020","id":"920","department":"123"}
2025-04-09 23:46:30.519 [org.springframework.kafka.KafkaListenerEndpointContainer#1-0-C-1] INFO  com.test.testboot.kafkaservice.ConsumerService - CanalModel: null
2025-04-09 23:46:30.522 [org.springframework.kafka.KafkaListenerEndpointContainer#1-0-C-1] INFO  com.test.testboot.kafkaservice.ConsumerService - Redis操作Delect成功 - id: 919
2025-04-09 23:46:30.523 [org.springframework.kafka.KafkaListenerEndpointContainer#1-0-C-1] INFO  com.test.testboot.kafkaservice.ConsumerService - Redis操作Update成功 - id: 919, value: {"address":"31123","sex":"女","name":"321","birth":"2323","id":"919","department":"321"}
2025-04-09 23:54:39.145 [org.springframework.kafka.KafkaListenerEndpointContainer#0-0-C-1] INFO  org.apache.kafka.clients.NetworkClient - [Consumer clientId=consumer-tomge-consumer-group-1, groupId=tomge-consumer-group] Node -1 disconnected.
2025-04-09 23:54:39.373 [org.springframework.kafka.KafkaListenerEndpointContainer#1-0-C-1] INFO  org.apache.kafka.clients.NetworkClient - [Consumer clientId=consumer-tomge-consumer-group-2, groupId=tomge-consumer-group] Node -1 disconnected.
2025-04-09 23:59:58.860 [kafka-coordinator-heartbeat-thread | tomge-consumer-group] INFO  org.apache.kafka.clients.consumer.internals.ConsumerCoordinator - [Consumer clientId=consumer-tomge-consumer-group-2, groupId=tomge-consumer-group] Group coordinator localhost:9092 (id: 2147483647 rack: null) is unavailable or invalid due to cause: session timed out without receiving a heartbeat response. isDisconnected: false. Rediscovery will be attempted.
2025-04-09 23:59:58.860 [kafka-coordinator-heartbeat-thread | tomge-consumer-group] INFO  org.apache.kafka.clients.consumer.internals.ConsumerCoordinator - [Consumer clientId=consumer-tomge-consumer-group-2, groupId=tomge-consumer-group] Requesting disconnect from last known coordinator localhost:9092 (id: 2147483647 rack: null)
2025-04-09 23:59:58.861 [kafka-coordinator-heartbeat-thread | tomge-consumer-group] INFO  org.apache.kafka.clients.NetworkClient - [Consumer clientId=consumer-tomge-consumer-group-2, groupId=tomge-consumer-group] Client requested disconnect from node 2147483647
2025-04-09 23:59:58.867 [org.springframework.kafka.KafkaListenerEndpointContainer#1-0-C-1] INFO  org.apache.kafka.clients.consumer.internals.ConsumerCoordinator - [Consumer clientId=consumer-tomge-consumer-group-2, groupId=tomge-consumer-group] Discovered group coordinator localhost:9092 (id: 2147483647 rack: null)
2025-04-09 23:59:58.867 [org.springframework.kafka.KafkaListenerEndpointContainer#1-0-C-1] INFO  org.apache.kafka.clients.consumer.internals.ConsumerCoordinator - [Consumer clientId=consumer-tomge-consumer-group-2, groupId=tomge-consumer-group] Group coordinator localhost:9092 (id: 2147483647 rack: null) is unavailable or invalid due to cause: coordinator unavailable. isDisconnected: false. Rediscovery will be attempted.
2025-04-09 23:59:58.867 [org.springframework.kafka.KafkaListenerEndpointContainer#1-0-C-1] INFO  org.apache.kafka.clients.consumer.internals.ConsumerCoordinator - [Consumer clientId=consumer-tomge-consumer-group-2, groupId=tomge-consumer-group] Requesting disconnect from last known coordinator localhost:9092 (id: 2147483647 rack: null)
2025-04-09 23:59:59.012 [org.springframework.kafka.KafkaListenerEndpointContainer#1-0-C-1] INFO  org.apache.kafka.clients.consumer.internals.ConsumerCoordinator - [Consumer clientId=consumer-tomge-consumer-group-2, groupId=tomge-consumer-group] Discovered group coordinator localhost:9092 (id: 2147483647 rack: null)
2025-04-09 23:59:59.142 [kafka-coordinator-heartbeat-thread | tomge-consumer-group] INFO  org.apache.kafka.clients.consumer.internals.ConsumerCoordinator - [Consumer clientId=consumer-tomge-consumer-group-1, groupId=tomge-consumer-group] Group coordinator localhost:9092 (id: 2147483647 rack: null) is unavailable or invalid due to cause: session timed out without receiving a heartbeat response. isDisconnected: false. Rediscovery will be attempted.
2025-04-09 23:59:59.142 [kafka-coordinator-heartbeat-thread | tomge-consumer-group] INFO  org.apache.kafka.clients.consumer.internals.ConsumerCoordinator - [Consumer clientId=consumer-tomge-consumer-group-1, groupId=tomge-consumer-group] Requesting disconnect from last known coordinator localhost:9092 (id: 2147483647 rack: null)
2025-04-09 23:59:59.142 [kafka-coordinator-heartbeat-thread | tomge-consumer-group] INFO  org.apache.kafka.clients.NetworkClient - [Consumer clientId=consumer-tomge-consumer-group-1, groupId=tomge-consumer-group] Client requested disconnect from node 2147483647
2025-04-09 23:59:59.143 [org.springframework.kafka.KafkaListenerEndpointContainer#0-0-C-1] INFO  org.apache.kafka.clients.consumer.internals.ConsumerCoordinator - [Consumer clientId=consumer-tomge-consumer-group-1, groupId=tomge-consumer-group] Discovered group coordinator localhost:9092 (id: 2147483647 rack: null)
2025-04-09 23:59:59.144 [org.springframework.kafka.KafkaListenerEndpointContainer#0-0-C-1] INFO  org.apache.kafka.clients.consumer.internals.ConsumerCoordinator - [Consumer clientId=consumer-tomge-consumer-group-1, groupId=tomge-consumer-group] Group coordinator localhost:9092 (id: 2147483647 rack: null) is unavailable or invalid due to cause: coordinator unavailable. isDisconnected: false. Rediscovery will be attempted.
2025-04-09 23:59:59.144 [org.springframework.kafka.KafkaListenerEndpointContainer#0-0-C-1] INFO  org.apache.kafka.clients.consumer.internals.ConsumerCoordinator - [Consumer clientId=consumer-tomge-consumer-group-1, groupId=tomge-consumer-group] Requesting disconnect from last known coordinator localhost:9092 (id: 2147483647 rack: null)
2025-04-09 23:59:59.284 [org.springframework.kafka.KafkaListenerEndpointContainer#0-0-C-1] INFO  org.apache.kafka.clients.consumer.internals.ConsumerCoordinator - [Consumer clientId=consumer-tomge-consumer-group-1, groupId=tomge-consumer-group] Discovered group coordinator localhost:9092 (id: 2147483647 rack: null)
