2025-04-11 14:42:12.106 [main] INFO  com.test.testboot.TestbootApplication - Starting TestbootApplication using Java 23.0.2 with PID 61817 (/Users/zhaoxin/Documents/GitHub/testboot/target/classes started by zhaoxin in /Users/zhaoxin/Documents/GitHub/testboot)
2025-04-11 14:42:12.108 [main] INFO  com.test.testboot.TestbootApplication - No active profile set, falling back to 1 default profile: "default"
2025-04-11 14:42:12.498 [main] WARN  org.springframework.boot.web.servlet.context.AnnotationConfigServletWebServerApplicationContext - Exception encountered during context initialization - cancelling refresh attempt: java.lang.TypeNotPresentException: Type javax.servlet.http.HttpServletRequest not present
2025-04-11 14:42:12.509 [main] ERROR org.springframework.boot.SpringApplication - Application run failed
java.lang.TypeNotPresentException: Type javax.servlet.http.HttpServletRequest not present
	at java.base/sun.reflect.generics.factory.CoreReflectionFactory.makeNamedType(CoreReflectionFactory.java:116)
	at java.base/sun.reflect.generics.visitor.Reifier.visitClassTypeSignature(Reifier.java:125)
	at java.base/sun.reflect.generics.tree.ClassTypeSignature.accept(ClassTypeSignature.java:49)
	at java.base/sun.reflect.generics.visitor.Reifier.reifyTypeArguments(Reifier.java:68)
	at java.base/sun.reflect.generics.visitor.Reifier.visitClassTypeSignature(Reifier.java:138)
	at java.base/sun.reflect.generics.tree.ClassTypeSignature.accept(ClassTypeSignature.java:49)
	at java.base/sun.reflect.generics.repository.ClassRepository.computeSuperInterfaces(ClassRepository.java:117)
	at java.base/sun.reflect.generics.repository.ClassRepository.getSuperInterfaces(ClassRepository.java:95)
	at java.base/java.lang.Class.getGenericInterfaces(Class.java:1385)
	at org.springframework.core.ResolvableType.getInterfaces(ResolvableType.java:517)
	at org.springframework.core.ResolvableType.as(ResolvableType.java:465)
	at org.springframework.core.ResolvableType.forClass(ResolvableType.java:1093)
	at org.springframework.plugin.core.config.PluginRegistriesBeanDefinitionRegistrar.getTargetType(PluginRegistriesBeanDefinitionRegistrar.java:101)
	at org.springframework.plugin.core.config.PluginRegistriesBeanDefinitionRegistrar.registerBeanDefinitions(PluginRegistriesBeanDefinitionRegistrar.java:71)
	at org.springframework.context.annotation.ImportBeanDefinitionRegistrar.registerBeanDefinitions(ImportBeanDefinitionRegistrar.java:86)
	at org.springframework.context.annotation.ConfigurationClassBeanDefinitionReader.lambda$loadBeanDefinitionsFromRegistrars$1(ConfigurationClassBeanDefinitionReader.java:375)
	at java.base/java.util.LinkedHashMap.forEach(LinkedHashMap.java:987)
	at org.springframework.context.annotation.ConfigurationClassBeanDefinitionReader.loadBeanDefinitionsFromRegistrars(ConfigurationClassBeanDefinitionReader.java:374)
	at org.springframework.context.annotation.ConfigurationClassBeanDefinitionReader.loadBeanDefinitionsForConfigurationClass(ConfigurationClassBeanDefinitionReader.java:147)
	at org.springframework.context.annotation.ConfigurationClassBeanDefinitionReader.loadBeanDefinitions(ConfigurationClassBeanDefinitionReader.java:119)
	at org.springframework.context.annotation.ConfigurationClassPostProcessor.processConfigBeanDefinitions(ConfigurationClassPostProcessor.java:429)
	at org.springframework.context.annotation.ConfigurationClassPostProcessor.postProcessBeanDefinitionRegistry(ConfigurationClassPostProcessor.java:290)
	at org.springframework.context.support.PostProcessorRegistrationDelegate.invokeBeanDefinitionRegistryPostProcessors(PostProcessorRegistrationDelegate.java:349)
	at org.springframework.context.support.PostProcessorRegistrationDelegate.invokeBeanFactoryPostProcessors(PostProcessorRegistrationDelegate.java:118)
	at org.springframework.context.support.AbstractApplicationContext.invokeBeanFactoryPostProcessors(AbstractApplicationContext.java:789)
	at org.springframework.context.support.AbstractApplicationContext.refresh(AbstractApplicationContext.java:607)
	at org.springframework.boot.web.servlet.context.ServletWebServerApplicationContext.refresh(ServletWebServerApplicationContext.java:146)
	at org.springframework.boot.SpringApplication.refresh(SpringApplication.java:754)
	at org.springframework.boot.SpringApplication.refreshContext(SpringApplication.java:456)
	at org.springframework.boot.SpringApplication.run(SpringApplication.java:335)
	at org.springframework.boot.SpringApplication.run(SpringApplication.java:1363)
	at org.springframework.boot.SpringApplication.run(SpringApplication.java:1352)
	at com.test.testboot.TestbootApplication.main(TestbootApplication.java:16)
Caused by: java.lang.ClassNotFoundException: javax.servlet.http.HttpServletRequest
	at java.base/jdk.internal.loader.BuiltinClassLoader.loadClass(BuiltinClassLoader.java:641)
	at java.base/jdk.internal.loader.ClassLoaders$AppClassLoader.loadClass(ClassLoaders.java:188)
	at java.base/java.lang.ClassLoader.loadClass(ClassLoader.java:528)
	at java.base/java.lang.Class.forName0(Native Method)
	at java.base/java.lang.Class.forName(Class.java:578)
	at java.base/java.lang.Class.forName(Class.java:557)
	at java.base/sun.reflect.generics.factory.CoreReflectionFactory.makeNamedType(CoreReflectionFactory.java:113)
	... 32 common frames omitted
2025-04-11 14:48:12.000 [main] INFO  com.test.testboot.TestbootApplication - Starting TestbootApplication using Java 23.0.2 with PID 61960 (/Users/zhaoxin/Documents/GitHub/testboot/target/classes started by zhaoxin in /Users/zhaoxin/Documents/GitHub/testboot)
2025-04-11 14:48:12.002 [main] INFO  com.test.testboot.TestbootApplication - No active profile set, falling back to 1 default profile: "default"
2025-04-11 14:48:12.373 [main] WARN  org.springframework.boot.web.servlet.context.AnnotationConfigServletWebServerApplicationContext - Exception encountered during context initialization - cancelling refresh attempt: java.lang.TypeNotPresentException: Type javax.servlet.http.HttpServletRequest not present
2025-04-11 14:48:12.384 [main] ERROR org.springframework.boot.SpringApplication - Application run failed
java.lang.TypeNotPresentException: Type javax.servlet.http.HttpServletRequest not present
	at java.base/sun.reflect.generics.factory.CoreReflectionFactory.makeNamedType(CoreReflectionFactory.java:116)
	at java.base/sun.reflect.generics.visitor.Reifier.visitClassTypeSignature(Reifier.java:125)
	at java.base/sun.reflect.generics.tree.ClassTypeSignature.accept(ClassTypeSignature.java:49)
	at java.base/sun.reflect.generics.visitor.Reifier.reifyTypeArguments(Reifier.java:68)
	at java.base/sun.reflect.generics.visitor.Reifier.visitClassTypeSignature(Reifier.java:138)
	at java.base/sun.reflect.generics.tree.ClassTypeSignature.accept(ClassTypeSignature.java:49)
	at java.base/sun.reflect.generics.repository.ClassRepository.computeSuperInterfaces(ClassRepository.java:117)
	at java.base/sun.reflect.generics.repository.ClassRepository.getSuperInterfaces(ClassRepository.java:95)
	at java.base/java.lang.Class.getGenericInterfaces(Class.java:1385)
	at org.springframework.core.ResolvableType.getInterfaces(ResolvableType.java:517)
	at org.springframework.core.ResolvableType.as(ResolvableType.java:465)
	at org.springframework.core.ResolvableType.forClass(ResolvableType.java:1093)
	at org.springframework.plugin.core.config.PluginRegistriesBeanDefinitionRegistrar.getTargetType(PluginRegistriesBeanDefinitionRegistrar.java:101)
	at org.springframework.plugin.core.config.PluginRegistriesBeanDefinitionRegistrar.registerBeanDefinitions(PluginRegistriesBeanDefinitionRegistrar.java:71)
	at org.springframework.context.annotation.ImportBeanDefinitionRegistrar.registerBeanDefinitions(ImportBeanDefinitionRegistrar.java:86)
	at org.springframework.context.annotation.ConfigurationClassBeanDefinitionReader.lambda$loadBeanDefinitionsFromRegistrars$1(ConfigurationClassBeanDefinitionReader.java:375)
	at java.base/java.util.LinkedHashMap.forEach(LinkedHashMap.java:987)
	at org.springframework.context.annotation.ConfigurationClassBeanDefinitionReader.loadBeanDefinitionsFromRegistrars(ConfigurationClassBeanDefinitionReader.java:374)
	at org.springframework.context.annotation.ConfigurationClassBeanDefinitionReader.loadBeanDefinitionsForConfigurationClass(ConfigurationClassBeanDefinitionReader.java:147)
	at org.springframework.context.annotation.ConfigurationClassBeanDefinitionReader.loadBeanDefinitions(ConfigurationClassBeanDefinitionReader.java:119)
	at org.springframework.context.annotation.ConfigurationClassPostProcessor.processConfigBeanDefinitions(ConfigurationClassPostProcessor.java:429)
	at org.springframework.context.annotation.ConfigurationClassPostProcessor.postProcessBeanDefinitionRegistry(ConfigurationClassPostProcessor.java:290)
	at org.springframework.context.support.PostProcessorRegistrationDelegate.invokeBeanDefinitionRegistryPostProcessors(PostProcessorRegistrationDelegate.java:349)
	at org.springframework.context.support.PostProcessorRegistrationDelegate.invokeBeanFactoryPostProcessors(PostProcessorRegistrationDelegate.java:118)
	at org.springframework.context.support.AbstractApplicationContext.invokeBeanFactoryPostProcessors(AbstractApplicationContext.java:789)
	at org.springframework.context.support.AbstractApplicationContext.refresh(AbstractApplicationContext.java:607)
	at org.springframework.boot.web.servlet.context.ServletWebServerApplicationContext.refresh(ServletWebServerApplicationContext.java:146)
	at org.springframework.boot.SpringApplication.refresh(SpringApplication.java:754)
	at org.springframework.boot.SpringApplication.refreshContext(SpringApplication.java:456)
	at org.springframework.boot.SpringApplication.run(SpringApplication.java:335)
	at org.springframework.boot.SpringApplication.run(SpringApplication.java:1363)
	at org.springframework.boot.SpringApplication.run(SpringApplication.java:1352)
	at com.test.testboot.TestbootApplication.main(TestbootApplication.java:16)
Caused by: java.lang.ClassNotFoundException: javax.servlet.http.HttpServletRequest
	at java.base/jdk.internal.loader.BuiltinClassLoader.loadClass(BuiltinClassLoader.java:641)
	at java.base/jdk.internal.loader.ClassLoaders$AppClassLoader.loadClass(ClassLoaders.java:188)
	at java.base/java.lang.ClassLoader.loadClass(ClassLoader.java:528)
	at java.base/java.lang.Class.forName0(Native Method)
	at java.base/java.lang.Class.forName(Class.java:578)
	at java.base/java.lang.Class.forName(Class.java:557)
	at java.base/sun.reflect.generics.factory.CoreReflectionFactory.makeNamedType(CoreReflectionFactory.java:113)
	... 32 common frames omitted
2025-04-11 14:50:12.462 [main] INFO  com.test.testboot.TestbootApplication - Starting TestbootApplication using Java 23.0.2 with PID 61997 (/Users/zhaoxin/Documents/GitHub/testboot/target/classes started by zhaoxin in /Users/zhaoxin/Documents/GitHub/testboot)
2025-04-11 14:50:12.464 [main] INFO  com.test.testboot.TestbootApplication - No active profile set, falling back to 1 default profile: "default"
2025-04-11 14:50:13.266 [main] INFO  org.apache.coyote.http11.Http11NioProtocol - Initializing ProtocolHandler ["http-nio-9090"]
2025-04-11 14:50:13.267 [main] INFO  org.apache.catalina.core.StandardService - Starting service [Tomcat]
2025-04-11 14:50:13.267 [main] INFO  org.apache.catalina.core.StandardEngine - Starting Servlet engine: [Apache Tomcat/10.1.36]
2025-04-11 14:50:13.290 [main] INFO  org.apache.catalina.core.ContainerBase.[Tomcat].[localhost].[/] - Initializing Spring embedded WebApplicationContext
2025-04-11 14:50:16.655 [main] WARN  org.springframework.boot.web.servlet.context.AnnotationConfigServletWebServerApplicationContext - Exception encountered during context initialization - cancelling refresh attempt: org.springframework.beans.factory.BeanCreationException: Error creating bean with name 'swaggerConfig': Injection of autowired dependencies failed
2025-04-11 14:50:16.660 [main] INFO  org.apache.catalina.core.StandardService - Stopping service [Tomcat]
2025-04-11 14:50:16.672 [main] ERROR org.springframework.boot.SpringApplication - Application run failed
org.springframework.beans.factory.BeanCreationException: Error creating bean with name 'swaggerConfig': Injection of autowired dependencies failed
	at org.springframework.beans.factory.annotation.AutowiredAnnotationBeanPostProcessor.postProcessProperties(AutowiredAnnotationBeanPostProcessor.java:515)
	at org.springframework.beans.factory.support.AbstractAutowireCapableBeanFactory.populateBean(AbstractAutowireCapableBeanFactory.java:1439)
	at org.springframework.beans.factory.support.AbstractAutowireCapableBeanFactory.doCreateBean(AbstractAutowireCapableBeanFactory.java:599)
	at org.springframework.beans.factory.support.AbstractAutowireCapableBeanFactory.createBean(AbstractAutowireCapableBeanFactory.java:522)
	at org.springframework.beans.factory.support.AbstractBeanFactory.lambda$doGetBean$0(AbstractBeanFactory.java:337)
	at org.springframework.beans.factory.support.DefaultSingletonBeanRegistry.getSingleton(DefaultSingletonBeanRegistry.java:234)
	at org.springframework.beans.factory.support.AbstractBeanFactory.doGetBean(AbstractBeanFactory.java:335)
	at org.springframework.beans.factory.support.AbstractBeanFactory.getBean(AbstractBeanFactory.java:200)
	at org.springframework.beans.factory.support.DefaultListableBeanFactory.preInstantiateSingletons(DefaultListableBeanFactory.java:975)
	at org.springframework.context.support.AbstractApplicationContext.finishBeanFactoryInitialization(AbstractApplicationContext.java:971)
	at org.springframework.context.support.AbstractApplicationContext.refresh(AbstractApplicationContext.java:625)
	at org.springframework.boot.web.servlet.context.ServletWebServerApplicationContext.refresh(ServletWebServerApplicationContext.java:146)
	at org.springframework.boot.SpringApplication.refresh(SpringApplication.java:754)
	at org.springframework.boot.SpringApplication.refreshContext(SpringApplication.java:456)
	at org.springframework.boot.SpringApplication.run(SpringApplication.java:335)
	at org.springframework.boot.SpringApplication.run(SpringApplication.java:1363)
	at org.springframework.boot.SpringApplication.run(SpringApplication.java:1352)
	at com.test.testboot.TestbootApplication.main(TestbootApplication.java:16)
Caused by: java.lang.IllegalArgumentException: Could not resolve placeholder 'swagger.enabled' in value "${swagger.enabled}"
	at org.springframework.util.PropertyPlaceholderHelper.parseStringValue(PropertyPlaceholderHelper.java:180)
	at org.springframework.util.PropertyPlaceholderHelper.replacePlaceholders(PropertyPlaceholderHelper.java:126)
	at org.springframework.core.env.AbstractPropertyResolver.doResolvePlaceholders(AbstractPropertyResolver.java:239)
	at org.springframework.core.env.AbstractPropertyResolver.resolveRequiredPlaceholders(AbstractPropertyResolver.java:210)
	at org.springframework.context.support.PropertySourcesPlaceholderConfigurer.lambda$processProperties$0(PropertySourcesPlaceholderConfigurer.java:200)
	at org.springframework.beans.factory.support.AbstractBeanFactory.resolveEmbeddedValue(AbstractBeanFactory.java:964)
	at org.springframework.beans.factory.support.DefaultListableBeanFactory.doResolveDependency(DefaultListableBeanFactory.java:1379)
	at org.springframework.beans.factory.support.DefaultListableBeanFactory.resolveDependency(DefaultListableBeanFactory.java:1358)
	at org.springframework.beans.factory.annotation.AutowiredAnnotationBeanPostProcessor$AutowiredFieldElement.resolveFieldValue(AutowiredAnnotationBeanPostProcessor.java:785)
	at org.springframework.beans.factory.annotation.AutowiredAnnotationBeanPostProcessor$AutowiredFieldElement.inject(AutowiredAnnotationBeanPostProcessor.java:768)
	at org.springframework.beans.factory.annotation.InjectionMetadata.inject(InjectionMetadata.java:145)
	at org.springframework.beans.factory.annotation.AutowiredAnnotationBeanPostProcessor.postProcessProperties(AutowiredAnnotationBeanPostProcessor.java:509)
	... 17 common frames omitted
2025-04-11 14:52:42.765 [main] INFO  com.test.testboot.TestbootApplication - Starting TestbootApplication using Java 23.0.2 with PID 62054 (/Users/zhaoxin/Documents/GitHub/testboot/target/classes started by zhaoxin in /Users/zhaoxin/Documents/GitHub/testboot)
2025-04-11 14:52:42.767 [main] INFO  com.test.testboot.TestbootApplication - No active profile set, falling back to 1 default profile: "default"
2025-04-11 14:52:43.542 [main] INFO  org.apache.coyote.http11.Http11NioProtocol - Initializing ProtocolHandler ["http-nio-9090"]
2025-04-11 14:52:43.543 [main] INFO  org.apache.catalina.core.StandardService - Starting service [Tomcat]
2025-04-11 14:52:43.543 [main] INFO  org.apache.catalina.core.StandardEngine - Starting Servlet engine: [Apache Tomcat/10.1.36]
2025-04-11 14:52:43.565 [main] INFO  org.apache.catalina.core.ContainerBase.[Tomcat].[localhost].[/] - Initializing Spring embedded WebApplicationContext
2025-04-11 14:52:46.288 [main] INFO  org.apache.coyote.http11.Http11NioProtocol - Starting ProtocolHandler ["http-nio-9090"]
2025-04-11 14:52:46.310 [main] INFO  org.apache.kafka.clients.consumer.ConsumerConfig - ConsumerConfig values: 
	allow.auto.create.topics = true
	auto.commit.interval.ms = 5000
	auto.include.jmx.reporter = true
	auto.offset.reset = latest
	bootstrap.servers = [127.0.0.1:9092]
	check.crcs = true
	client.dns.lookup = use_all_dns_ips
	client.id = consumer-tomge-consumer-group-1
	client.rack = 
	connections.max.idle.ms = 540000
	default.api.timeout.ms = 60000
	enable.auto.commit = false
	enable.metrics.push = true
	exclude.internal.topics = true
	fetch.max.bytes = 52428800
	fetch.max.wait.ms = 500
	fetch.min.bytes = 1
	group.id = tomge-consumer-group
	group.instance.id = null
	group.protocol = classic
	group.remote.assignor = null
	heartbeat.interval.ms = 3000
	interceptor.classes = []
	internal.leave.group.on.close = true
	internal.throw.on.fetch.stable.offset.unsupported = false
	isolation.level = read_uncommitted
	key.deserializer = class org.apache.kafka.common.serialization.StringDeserializer
	max.partition.fetch.bytes = 1048576
	max.poll.interval.ms = 300000
	max.poll.records = 500
	metadata.max.age.ms = 300000
	metric.reporters = []
	metrics.num.samples = 2
	metrics.recording.level = INFO
	metrics.sample.window.ms = 30000
	partition.assignment.strategy = [class org.apache.kafka.clients.consumer.RangeAssignor, class org.apache.kafka.clients.consumer.CooperativeStickyAssignor]
	receive.buffer.bytes = 65536
	reconnect.backoff.max.ms = 1000
	reconnect.backoff.ms = 50
	request.timeout.ms = 30000
	retry.backoff.max.ms = 1000
	retry.backoff.ms = 100
	sasl.client.callback.handler.class = null
	sasl.jaas.config = null
	sasl.kerberos.kinit.cmd = /usr/bin/kinit
	sasl.kerberos.min.time.before.relogin = 60000
	sasl.kerberos.service.name = null
	sasl.kerberos.ticket.renew.jitter = 0.05
	sasl.kerberos.ticket.renew.window.factor = 0.8
	sasl.login.callback.handler.class = null
	sasl.login.class = null
	sasl.login.connect.timeout.ms = null
	sasl.login.read.timeout.ms = null
	sasl.login.refresh.buffer.seconds = 300
	sasl.login.refresh.min.period.seconds = 60
	sasl.login.refresh.window.factor = 0.8
	sasl.login.refresh.window.jitter = 0.05
	sasl.login.retry.backoff.max.ms = 10000
	sasl.login.retry.backoff.ms = 100
	sasl.mechanism = GSSAPI
	sasl.oauthbearer.clock.skew.seconds = 30
	sasl.oauthbearer.expected.audience = null
	sasl.oauthbearer.expected.issuer = null
	sasl.oauthbearer.jwks.endpoint.refresh.ms = 3600000
	sasl.oauthbearer.jwks.endpoint.retry.backoff.max.ms = 10000
	sasl.oauthbearer.jwks.endpoint.retry.backoff.ms = 100
	sasl.oauthbearer.jwks.endpoint.url = null
	sasl.oauthbearer.scope.claim.name = scope
	sasl.oauthbearer.sub.claim.name = sub
	sasl.oauthbearer.token.endpoint.url = null
	security.protocol = PLAINTEXT
	security.providers = null
	send.buffer.bytes = 131072
	session.timeout.ms = 45000
	socket.connection.setup.timeout.max.ms = 30000
	socket.connection.setup.timeout.ms = 10000
	ssl.cipher.suites = null
	ssl.enabled.protocols = [TLSv1.2, TLSv1.3]
	ssl.endpoint.identification.algorithm = https
	ssl.engine.factory.class = null
	ssl.key.password = null
	ssl.keymanager.algorithm = SunX509
	ssl.keystore.certificate.chain = null
	ssl.keystore.key = null
	ssl.keystore.location = null
	ssl.keystore.password = null
	ssl.keystore.type = JKS
	ssl.protocol = TLSv1.3
	ssl.provider = null
	ssl.secure.random.implementation = null
	ssl.trustmanager.algorithm = PKIX
	ssl.truststore.certificates = null
	ssl.truststore.location = null
	ssl.truststore.password = null
	ssl.truststore.type = JKS
	value.deserializer = class org.apache.kafka.common.serialization.StringDeserializer

2025-04-11 14:52:46.330 [main] INFO  org.apache.kafka.common.telemetry.internals.KafkaMetricsCollector - initializing Kafka metrics collector
2025-04-11 14:52:46.358 [main] INFO  org.apache.kafka.common.utils.AppInfoParser - Kafka version: 3.7.2
2025-04-11 14:52:46.358 [main] INFO  org.apache.kafka.common.utils.AppInfoParser - Kafka commitId: 79a8f2b5f44f9d5a
2025-04-11 14:52:46.358 [main] INFO  org.apache.kafka.common.utils.AppInfoParser - Kafka startTimeMs: 1744354366357
2025-04-11 14:52:46.360 [main] INFO  org.apache.kafka.clients.consumer.internals.LegacyKafkaConsumer - [Consumer clientId=consumer-tomge-consumer-group-1, groupId=tomge-consumer-group] Subscribed to topic(s): testtopic2
2025-04-11 14:52:46.363 [main] INFO  org.apache.kafka.clients.consumer.ConsumerConfig - ConsumerConfig values: 
	allow.auto.create.topics = true
	auto.commit.interval.ms = 5000
	auto.include.jmx.reporter = true
	auto.offset.reset = latest
	bootstrap.servers = [127.0.0.1:9092]
	check.crcs = true
	client.dns.lookup = use_all_dns_ips
	client.id = consumer-tomge-consumer-group-2
	client.rack = 
	connections.max.idle.ms = 540000
	default.api.timeout.ms = 60000
	enable.auto.commit = false
	enable.metrics.push = true
	exclude.internal.topics = true
	fetch.max.bytes = 52428800
	fetch.max.wait.ms = 500
	fetch.min.bytes = 1
	group.id = tomge-consumer-group
	group.instance.id = null
	group.protocol = classic
	group.remote.assignor = null
	heartbeat.interval.ms = 3000
	interceptor.classes = []
	internal.leave.group.on.close = true
	internal.throw.on.fetch.stable.offset.unsupported = false
	isolation.level = read_uncommitted
	key.deserializer = class org.apache.kafka.common.serialization.StringDeserializer
	max.partition.fetch.bytes = 1048576
	max.poll.interval.ms = 300000
	max.poll.records = 500
	metadata.max.age.ms = 300000
	metric.reporters = []
	metrics.num.samples = 2
	metrics.recording.level = INFO
	metrics.sample.window.ms = 30000
	partition.assignment.strategy = [class org.apache.kafka.clients.consumer.RangeAssignor, class org.apache.kafka.clients.consumer.CooperativeStickyAssignor]
	receive.buffer.bytes = 65536
	reconnect.backoff.max.ms = 1000
	reconnect.backoff.ms = 50
	request.timeout.ms = 30000
	retry.backoff.max.ms = 1000
	retry.backoff.ms = 100
	sasl.client.callback.handler.class = null
	sasl.jaas.config = null
	sasl.kerberos.kinit.cmd = /usr/bin/kinit
	sasl.kerberos.min.time.before.relogin = 60000
	sasl.kerberos.service.name = null
	sasl.kerberos.ticket.renew.jitter = 0.05
	sasl.kerberos.ticket.renew.window.factor = 0.8
	sasl.login.callback.handler.class = null
	sasl.login.class = null
	sasl.login.connect.timeout.ms = null
	sasl.login.read.timeout.ms = null
	sasl.login.refresh.buffer.seconds = 300
	sasl.login.refresh.min.period.seconds = 60
	sasl.login.refresh.window.factor = 0.8
	sasl.login.refresh.window.jitter = 0.05
	sasl.login.retry.backoff.max.ms = 10000
	sasl.login.retry.backoff.ms = 100
	sasl.mechanism = GSSAPI
	sasl.oauthbearer.clock.skew.seconds = 30
	sasl.oauthbearer.expected.audience = null
	sasl.oauthbearer.expected.issuer = null
	sasl.oauthbearer.jwks.endpoint.refresh.ms = 3600000
	sasl.oauthbearer.jwks.endpoint.retry.backoff.max.ms = 10000
	sasl.oauthbearer.jwks.endpoint.retry.backoff.ms = 100
	sasl.oauthbearer.jwks.endpoint.url = null
	sasl.oauthbearer.scope.claim.name = scope
	sasl.oauthbearer.sub.claim.name = sub
	sasl.oauthbearer.token.endpoint.url = null
	security.protocol = PLAINTEXT
	security.providers = null
	send.buffer.bytes = 131072
	session.timeout.ms = 45000
	socket.connection.setup.timeout.max.ms = 30000
	socket.connection.setup.timeout.ms = 10000
	ssl.cipher.suites = null
	ssl.enabled.protocols = [TLSv1.2, TLSv1.3]
	ssl.endpoint.identification.algorithm = https
	ssl.engine.factory.class = null
	ssl.key.password = null
	ssl.keymanager.algorithm = SunX509
	ssl.keystore.certificate.chain = null
	ssl.keystore.key = null
	ssl.keystore.location = null
	ssl.keystore.password = null
	ssl.keystore.type = JKS
	ssl.protocol = TLSv1.3
	ssl.provider = null
	ssl.secure.random.implementation = null
	ssl.trustmanager.algorithm = PKIX
	ssl.truststore.certificates = null
	ssl.truststore.location = null
	ssl.truststore.password = null
	ssl.truststore.type = JKS
	value.deserializer = class org.apache.kafka.common.serialization.StringDeserializer

2025-04-11 14:52:46.363 [main] INFO  org.apache.kafka.common.telemetry.internals.KafkaMetricsCollector - initializing Kafka metrics collector
2025-04-11 14:52:46.365 [main] INFO  org.apache.kafka.common.utils.AppInfoParser - Kafka version: 3.7.2
2025-04-11 14:52:46.365 [main] INFO  org.apache.kafka.common.utils.AppInfoParser - Kafka commitId: 79a8f2b5f44f9d5a
2025-04-11 14:52:46.365 [main] INFO  org.apache.kafka.common.utils.AppInfoParser - Kafka startTimeMs: 1744354366365
2025-04-11 14:52:46.366 [main] INFO  org.apache.kafka.clients.consumer.internals.LegacyKafkaConsumer - [Consumer clientId=consumer-tomge-consumer-group-2, groupId=tomge-consumer-group] Subscribed to topic(s): testtopic
2025-04-11 14:52:46.457 [org.springframework.kafka.KafkaListenerEndpointContainer#0-0-C-1] INFO  org.apache.kafka.clients.consumer.internals.ConsumerCoordinator - [Consumer clientId=consumer-tomge-consumer-group-1, groupId=tomge-consumer-group] Resetting generation and member id due to: consumer pro-actively leaving the group
2025-04-11 14:52:46.457 [org.springframework.kafka.KafkaListenerEndpointContainer#1-0-C-1] INFO  org.apache.kafka.clients.consumer.internals.ConsumerCoordinator - [Consumer clientId=consumer-tomge-consumer-group-2, groupId=tomge-consumer-group] Resetting generation and member id due to: consumer pro-actively leaving the group
2025-04-11 14:52:46.457 [org.springframework.kafka.KafkaListenerEndpointContainer#0-0-C-1] INFO  org.apache.kafka.clients.consumer.internals.ConsumerCoordinator - [Consumer clientId=consumer-tomge-consumer-group-1, groupId=tomge-consumer-group] Request joining group due to: consumer pro-actively leaving the group
2025-04-11 14:52:46.457 [org.springframework.kafka.KafkaListenerEndpointContainer#1-0-C-1] INFO  org.apache.kafka.clients.consumer.internals.ConsumerCoordinator - [Consumer clientId=consumer-tomge-consumer-group-2, groupId=tomge-consumer-group] Request joining group due to: consumer pro-actively leaving the group
2025-04-11 14:52:46.457 [org.springframework.kafka.KafkaListenerEndpointContainer#1-0-C-1] INFO  org.apache.kafka.clients.consumer.internals.LegacyKafkaConsumer - [Consumer clientId=consumer-tomge-consumer-group-2, groupId=tomge-consumer-group] Unsubscribed all topics or patterns and assigned partitions
2025-04-11 14:52:46.457 [org.springframework.kafka.KafkaListenerEndpointContainer#0-0-C-1] INFO  org.apache.kafka.clients.consumer.internals.LegacyKafkaConsumer - [Consumer clientId=consumer-tomge-consumer-group-1, groupId=tomge-consumer-group] Unsubscribed all topics or patterns and assigned partitions
2025-04-11 14:52:46.457 [org.springframework.kafka.KafkaListenerEndpointContainer#1-0-C-1] INFO  org.apache.kafka.clients.consumer.internals.ConsumerCoordinator - [Consumer clientId=consumer-tomge-consumer-group-2, groupId=tomge-consumer-group] Resetting generation and member id due to: consumer pro-actively leaving the group
2025-04-11 14:52:46.457 [org.springframework.kafka.KafkaListenerEndpointContainer#0-0-C-1] INFO  org.apache.kafka.clients.consumer.internals.ConsumerCoordinator - [Consumer clientId=consumer-tomge-consumer-group-1, groupId=tomge-consumer-group] Resetting generation and member id due to: consumer pro-actively leaving the group
2025-04-11 14:52:46.457 [org.springframework.kafka.KafkaListenerEndpointContainer#1-0-C-1] INFO  org.apache.kafka.clients.consumer.internals.ConsumerCoordinator - [Consumer clientId=consumer-tomge-consumer-group-2, groupId=tomge-consumer-group] Request joining group due to: consumer pro-actively leaving the group
2025-04-11 14:52:46.457 [org.springframework.kafka.KafkaListenerEndpointContainer#0-0-C-1] INFO  org.apache.kafka.clients.consumer.internals.ConsumerCoordinator - [Consumer clientId=consumer-tomge-consumer-group-1, groupId=tomge-consumer-group] Request joining group due to: consumer pro-actively leaving the group
2025-04-11 14:52:46.459 [org.springframework.kafka.KafkaListenerEndpointContainer#0-0-C-1] INFO  org.apache.kafka.common.metrics.Metrics - Metrics scheduler closed
2025-04-11 14:52:46.459 [org.springframework.kafka.KafkaListenerEndpointContainer#1-0-C-1] INFO  org.apache.kafka.common.metrics.Metrics - Metrics scheduler closed
2025-04-11 14:52:46.459 [org.springframework.kafka.KafkaListenerEndpointContainer#0-0-C-1] INFO  org.apache.kafka.common.metrics.Metrics - Closing reporter org.apache.kafka.common.metrics.JmxReporter
2025-04-11 14:52:46.459 [org.springframework.kafka.KafkaListenerEndpointContainer#1-0-C-1] INFO  org.apache.kafka.common.metrics.Metrics - Closing reporter org.apache.kafka.common.metrics.JmxReporter
2025-04-11 14:52:46.459 [org.springframework.kafka.KafkaListenerEndpointContainer#0-0-C-1] INFO  org.apache.kafka.common.metrics.Metrics - Closing reporter org.apache.kafka.common.telemetry.internals.ClientTelemetryReporter
2025-04-11 14:52:46.459 [org.springframework.kafka.KafkaListenerEndpointContainer#1-0-C-1] INFO  org.apache.kafka.common.metrics.Metrics - Closing reporter org.apache.kafka.common.telemetry.internals.ClientTelemetryReporter
2025-04-11 14:52:46.459 [org.springframework.kafka.KafkaListenerEndpointContainer#0-0-C-1] INFO  org.apache.kafka.common.metrics.Metrics - Metrics reporters closed
2025-04-11 14:52:46.459 [org.springframework.kafka.KafkaListenerEndpointContainer#1-0-C-1] INFO  org.apache.kafka.common.metrics.Metrics - Metrics reporters closed
2025-04-11 14:52:46.461 [org.springframework.kafka.KafkaListenerEndpointContainer#0-0-C-1] INFO  org.apache.kafka.common.utils.AppInfoParser - App info kafka.consumer for consumer-tomge-consumer-group-1 unregistered
2025-04-11 14:52:46.461 [org.springframework.kafka.KafkaListenerEndpointContainer#1-0-C-1] INFO  org.apache.kafka.common.utils.AppInfoParser - App info kafka.consumer for consumer-tomge-consumer-group-2 unregistered
2025-04-11 14:52:46.462 [main] INFO  org.apache.coyote.http11.Http11NioProtocol - Stopping ProtocolHandler ["http-nio-9090"]
2025-04-11 14:52:48.067 [main] WARN  org.apache.tomcat.util.net.Acceptor - The acceptor thread [http-nio-9090-Acceptor] did not stop cleanly
2025-04-11 14:52:50.168 [main] WARN  org.springframework.boot.web.servlet.context.AnnotationConfigServletWebServerApplicationContext - Exception encountered during context initialization - cancelling refresh attempt: org.springframework.context.ApplicationContextException: Failed to start bean 'documentationPluginsBootstrapper'
2025-04-11 14:52:50.201 [main] ERROR org.springframework.boot.SpringApplication - Application run failed
org.springframework.context.ApplicationContextException: Failed to start bean 'documentationPluginsBootstrapper'
	at org.springframework.context.support.DefaultLifecycleProcessor.doStart(DefaultLifecycleProcessor.java:288)
	at org.springframework.context.support.DefaultLifecycleProcessor$LifecycleGroup.start(DefaultLifecycleProcessor.java:472)
	at java.base/java.lang.Iterable.forEach(Iterable.java:75)
	at org.springframework.context.support.DefaultLifecycleProcessor.startBeans(DefaultLifecycleProcessor.java:257)
	at org.springframework.context.support.DefaultLifecycleProcessor.onRefresh(DefaultLifecycleProcessor.java:202)
	at org.springframework.context.support.AbstractApplicationContext.finishRefresh(AbstractApplicationContext.java:990)
	at org.springframework.context.support.AbstractApplicationContext.refresh(AbstractApplicationContext.java:628)
	at org.springframework.boot.web.servlet.context.ServletWebServerApplicationContext.refresh(ServletWebServerApplicationContext.java:146)
	at org.springframework.boot.SpringApplication.refresh(SpringApplication.java:754)
	at org.springframework.boot.SpringApplication.refreshContext(SpringApplication.java:456)
	at org.springframework.boot.SpringApplication.run(SpringApplication.java:335)
	at org.springframework.boot.SpringApplication.run(SpringApplication.java:1363)
	at org.springframework.boot.SpringApplication.run(SpringApplication.java:1352)
	at com.test.testboot.TestbootApplication.main(TestbootApplication.java:16)
Caused by: java.lang.NullPointerException: Cannot invoke "org.springframework.web.servlet.mvc.condition.PatternsRequestCondition.getPatterns()" because "this.condition" is null
	at springfox.documentation.spring.web.WebMvcPatternsRequestConditionWrapper.getPatterns(WebMvcPatternsRequestConditionWrapper.java:56)
	at springfox.documentation.RequestHandler.sortedPaths(RequestHandler.java:113)
	at springfox.documentation.spi.service.contexts.Orderings.lambda$byPatternsCondition$3(Orderings.java:89)
	at java.base/java.util.Comparator.lambda$comparing$77a9974f$1(Comparator.java:473)
	at java.base/java.util.TimSort.countRunAndMakeAscending(TimSort.java:355)
	at java.base/java.util.TimSort.sort(TimSort.java:220)
	at java.base/java.util.Arrays.sort(Arrays.java:1307)
	at java.base/java.util.ArrayList.sort(ArrayList.java:1805)
	at java.base/java.util.stream.SortedOps$RefSortingSink.end(SortedOps.java:392)
	at java.base/java.util.stream.Sink$ChainedReference.end(Sink.java:261)
	at java.base/java.util.stream.ReferencePipeline$7$1FlatMap.end(ReferencePipeline.java:285)
	at java.base/java.util.stream.Sink$ChainedReference.end(Sink.java:261)
	at java.base/java.util.stream.Sink$ChainedReference.end(Sink.java:261)
	at java.base/java.util.stream.AbstractPipeline.copyInto(AbstractPipeline.java:571)
	at java.base/java.util.stream.AbstractPipeline.wrapAndCopyInto(AbstractPipeline.java:560)
	at java.base/java.util.stream.ReduceOps$ReduceOp.evaluateSequential(ReduceOps.java:921)
	at java.base/java.util.stream.AbstractPipeline.evaluate(AbstractPipeline.java:265)
	at java.base/java.util.stream.ReferencePipeline.collect(ReferencePipeline.java:727)
	at springfox.documentation.spring.web.plugins.WebMvcRequestHandlerProvider.requestHandlers(WebMvcRequestHandlerProvider.java:81)
	at java.base/java.util.stream.ReferencePipeline$3$1.accept(ReferencePipeline.java:215)
	at java.base/java.util.ArrayList$ArrayListSpliterator.forEachRemaining(ArrayList.java:1709)
	at java.base/java.util.stream.AbstractPipeline.copyInto(AbstractPipeline.java:570)
	at java.base/java.util.stream.AbstractPipeline.wrapAndCopyInto(AbstractPipeline.java:560)
	at java.base/java.util.stream.ReduceOps$ReduceOp.evaluateSequential(ReduceOps.java:921)
	at java.base/java.util.stream.AbstractPipeline.evaluate(AbstractPipeline.java:265)
	at java.base/java.util.stream.ReferencePipeline.collect(ReferencePipeline.java:727)
	at springfox.documentation.spring.web.plugins.AbstractDocumentationPluginsBootstrapper.withDefaults(AbstractDocumentationPluginsBootstrapper.java:107)
	at springfox.documentation.spring.web.plugins.AbstractDocumentationPluginsBootstrapper.buildContext(AbstractDocumentationPluginsBootstrapper.java:91)
	at springfox.documentation.spring.web.plugins.AbstractDocumentationPluginsBootstrapper.bootstrapDocumentationPlugins(AbstractDocumentationPluginsBootstrapper.java:82)
	at springfox.documentation.spring.web.plugins.DocumentationPluginsBootstrapper.start(DocumentationPluginsBootstrapper.java:100)
	at org.springframework.context.support.DefaultLifecycleProcessor.doStart(DefaultLifecycleProcessor.java:285)
	... 13 common frames omitted
2025-04-11 14:56:09.509 [main] INFO  com.test.testboot.TestbootApplication - Starting TestbootApplication using Java 23.0.2 with PID 62105 (/Users/zhaoxin/Documents/GitHub/testboot/target/classes started by zhaoxin in /Users/zhaoxin/Documents/GitHub/testboot)
2025-04-11 14:56:09.511 [main] INFO  com.test.testboot.TestbootApplication - No active profile set, falling back to 1 default profile: "default"
2025-04-11 14:56:10.274 [main] INFO  org.apache.coyote.http11.Http11NioProtocol - Initializing ProtocolHandler ["http-nio-9090"]
2025-04-11 14:56:10.275 [main] INFO  org.apache.catalina.core.StandardService - Starting service [Tomcat]
2025-04-11 14:56:10.275 [main] INFO  org.apache.catalina.core.StandardEngine - Starting Servlet engine: [Apache Tomcat/10.1.36]
2025-04-11 14:56:10.298 [main] INFO  org.apache.catalina.core.ContainerBase.[Tomcat].[localhost].[/] - Initializing Spring embedded WebApplicationContext
2025-04-11 14:56:12.764 [main] INFO  org.apache.coyote.http11.Http11NioProtocol - Starting ProtocolHandler ["http-nio-9090"]
2025-04-11 14:56:12.784 [main] INFO  org.apache.kafka.clients.consumer.ConsumerConfig - ConsumerConfig values: 
	allow.auto.create.topics = true
	auto.commit.interval.ms = 5000
	auto.include.jmx.reporter = true
	auto.offset.reset = latest
	bootstrap.servers = [127.0.0.1:9092]
	check.crcs = true
	client.dns.lookup = use_all_dns_ips
	client.id = consumer-tomge-consumer-group-1
	client.rack = 
	connections.max.idle.ms = 540000
	default.api.timeout.ms = 60000
	enable.auto.commit = false
	enable.metrics.push = true
	exclude.internal.topics = true
	fetch.max.bytes = 52428800
	fetch.max.wait.ms = 500
	fetch.min.bytes = 1
	group.id = tomge-consumer-group
	group.instance.id = null
	group.protocol = classic
	group.remote.assignor = null
	heartbeat.interval.ms = 3000
	interceptor.classes = []
	internal.leave.group.on.close = true
	internal.throw.on.fetch.stable.offset.unsupported = false
	isolation.level = read_uncommitted
	key.deserializer = class org.apache.kafka.common.serialization.StringDeserializer
	max.partition.fetch.bytes = 1048576
	max.poll.interval.ms = 300000
	max.poll.records = 500
	metadata.max.age.ms = 300000
	metric.reporters = []
	metrics.num.samples = 2
	metrics.recording.level = INFO
	metrics.sample.window.ms = 30000
	partition.assignment.strategy = [class org.apache.kafka.clients.consumer.RangeAssignor, class org.apache.kafka.clients.consumer.CooperativeStickyAssignor]
	receive.buffer.bytes = 65536
	reconnect.backoff.max.ms = 1000
	reconnect.backoff.ms = 50
	request.timeout.ms = 30000
	retry.backoff.max.ms = 1000
	retry.backoff.ms = 100
	sasl.client.callback.handler.class = null
	sasl.jaas.config = null
	sasl.kerberos.kinit.cmd = /usr/bin/kinit
	sasl.kerberos.min.time.before.relogin = 60000
	sasl.kerberos.service.name = null
	sasl.kerberos.ticket.renew.jitter = 0.05
	sasl.kerberos.ticket.renew.window.factor = 0.8
	sasl.login.callback.handler.class = null
	sasl.login.class = null
	sasl.login.connect.timeout.ms = null
	sasl.login.read.timeout.ms = null
	sasl.login.refresh.buffer.seconds = 300
	sasl.login.refresh.min.period.seconds = 60
	sasl.login.refresh.window.factor = 0.8
	sasl.login.refresh.window.jitter = 0.05
	sasl.login.retry.backoff.max.ms = 10000
	sasl.login.retry.backoff.ms = 100
	sasl.mechanism = GSSAPI
	sasl.oauthbearer.clock.skew.seconds = 30
	sasl.oauthbearer.expected.audience = null
	sasl.oauthbearer.expected.issuer = null
	sasl.oauthbearer.jwks.endpoint.refresh.ms = 3600000
	sasl.oauthbearer.jwks.endpoint.retry.backoff.max.ms = 10000
	sasl.oauthbearer.jwks.endpoint.retry.backoff.ms = 100
	sasl.oauthbearer.jwks.endpoint.url = null
	sasl.oauthbearer.scope.claim.name = scope
	sasl.oauthbearer.sub.claim.name = sub
	sasl.oauthbearer.token.endpoint.url = null
	security.protocol = PLAINTEXT
	security.providers = null
	send.buffer.bytes = 131072
	session.timeout.ms = 45000
	socket.connection.setup.timeout.max.ms = 30000
	socket.connection.setup.timeout.ms = 10000
	ssl.cipher.suites = null
	ssl.enabled.protocols = [TLSv1.2, TLSv1.3]
	ssl.endpoint.identification.algorithm = https
	ssl.engine.factory.class = null
	ssl.key.password = null
	ssl.keymanager.algorithm = SunX509
	ssl.keystore.certificate.chain = null
	ssl.keystore.key = null
	ssl.keystore.location = null
	ssl.keystore.password = null
	ssl.keystore.type = JKS
	ssl.protocol = TLSv1.3
	ssl.provider = null
	ssl.secure.random.implementation = null
	ssl.trustmanager.algorithm = PKIX
	ssl.truststore.certificates = null
	ssl.truststore.location = null
	ssl.truststore.password = null
	ssl.truststore.type = JKS
	value.deserializer = class org.apache.kafka.common.serialization.StringDeserializer

2025-04-11 14:56:12.804 [main] INFO  org.apache.kafka.common.telemetry.internals.KafkaMetricsCollector - initializing Kafka metrics collector
2025-04-11 14:56:12.831 [main] INFO  org.apache.kafka.common.utils.AppInfoParser - Kafka version: 3.7.2
2025-04-11 14:56:12.831 [main] INFO  org.apache.kafka.common.utils.AppInfoParser - Kafka commitId: 79a8f2b5f44f9d5a
2025-04-11 14:56:12.831 [main] INFO  org.apache.kafka.common.utils.AppInfoParser - Kafka startTimeMs: 1744354572830
2025-04-11 14:56:12.832 [main] INFO  org.apache.kafka.clients.consumer.internals.LegacyKafkaConsumer - [Consumer clientId=consumer-tomge-consumer-group-1, groupId=tomge-consumer-group] Subscribed to topic(s): testtopic2
2025-04-11 14:56:12.835 [main] INFO  org.apache.kafka.clients.consumer.ConsumerConfig - ConsumerConfig values: 
	allow.auto.create.topics = true
	auto.commit.interval.ms = 5000
	auto.include.jmx.reporter = true
	auto.offset.reset = latest
	bootstrap.servers = [127.0.0.1:9092]
	check.crcs = true
	client.dns.lookup = use_all_dns_ips
	client.id = consumer-tomge-consumer-group-2
	client.rack = 
	connections.max.idle.ms = 540000
	default.api.timeout.ms = 60000
	enable.auto.commit = false
	enable.metrics.push = true
	exclude.internal.topics = true
	fetch.max.bytes = 52428800
	fetch.max.wait.ms = 500
	fetch.min.bytes = 1
	group.id = tomge-consumer-group
	group.instance.id = null
	group.protocol = classic
	group.remote.assignor = null
	heartbeat.interval.ms = 3000
	interceptor.classes = []
	internal.leave.group.on.close = true
	internal.throw.on.fetch.stable.offset.unsupported = false
	isolation.level = read_uncommitted
	key.deserializer = class org.apache.kafka.common.serialization.StringDeserializer
	max.partition.fetch.bytes = 1048576
	max.poll.interval.ms = 300000
	max.poll.records = 500
	metadata.max.age.ms = 300000
	metric.reporters = []
	metrics.num.samples = 2
	metrics.recording.level = INFO
	metrics.sample.window.ms = 30000
	partition.assignment.strategy = [class org.apache.kafka.clients.consumer.RangeAssignor, class org.apache.kafka.clients.consumer.CooperativeStickyAssignor]
	receive.buffer.bytes = 65536
	reconnect.backoff.max.ms = 1000
	reconnect.backoff.ms = 50
	request.timeout.ms = 30000
	retry.backoff.max.ms = 1000
	retry.backoff.ms = 100
	sasl.client.callback.handler.class = null
	sasl.jaas.config = null
	sasl.kerberos.kinit.cmd = /usr/bin/kinit
	sasl.kerberos.min.time.before.relogin = 60000
	sasl.kerberos.service.name = null
	sasl.kerberos.ticket.renew.jitter = 0.05
	sasl.kerberos.ticket.renew.window.factor = 0.8
	sasl.login.callback.handler.class = null
	sasl.login.class = null
	sasl.login.connect.timeout.ms = null
	sasl.login.read.timeout.ms = null
	sasl.login.refresh.buffer.seconds = 300
	sasl.login.refresh.min.period.seconds = 60
	sasl.login.refresh.window.factor = 0.8
	sasl.login.refresh.window.jitter = 0.05
	sasl.login.retry.backoff.max.ms = 10000
	sasl.login.retry.backoff.ms = 100
	sasl.mechanism = GSSAPI
	sasl.oauthbearer.clock.skew.seconds = 30
	sasl.oauthbearer.expected.audience = null
	sasl.oauthbearer.expected.issuer = null
	sasl.oauthbearer.jwks.endpoint.refresh.ms = 3600000
	sasl.oauthbearer.jwks.endpoint.retry.backoff.max.ms = 10000
	sasl.oauthbearer.jwks.endpoint.retry.backoff.ms = 100
	sasl.oauthbearer.jwks.endpoint.url = null
	sasl.oauthbearer.scope.claim.name = scope
	sasl.oauthbearer.sub.claim.name = sub
	sasl.oauthbearer.token.endpoint.url = null
	security.protocol = PLAINTEXT
	security.providers = null
	send.buffer.bytes = 131072
	session.timeout.ms = 45000
	socket.connection.setup.timeout.max.ms = 30000
	socket.connection.setup.timeout.ms = 10000
	ssl.cipher.suites = null
	ssl.enabled.protocols = [TLSv1.2, TLSv1.3]
	ssl.endpoint.identification.algorithm = https
	ssl.engine.factory.class = null
	ssl.key.password = null
	ssl.keymanager.algorithm = SunX509
	ssl.keystore.certificate.chain = null
	ssl.keystore.key = null
	ssl.keystore.location = null
	ssl.keystore.password = null
	ssl.keystore.type = JKS
	ssl.protocol = TLSv1.3
	ssl.provider = null
	ssl.secure.random.implementation = null
	ssl.trustmanager.algorithm = PKIX
	ssl.truststore.certificates = null
	ssl.truststore.location = null
	ssl.truststore.password = null
	ssl.truststore.type = JKS
	value.deserializer = class org.apache.kafka.common.serialization.StringDeserializer

2025-04-11 14:56:12.836 [main] INFO  org.apache.kafka.common.telemetry.internals.KafkaMetricsCollector - initializing Kafka metrics collector
2025-04-11 14:56:12.838 [main] INFO  org.apache.kafka.common.utils.AppInfoParser - Kafka version: 3.7.2
2025-04-11 14:56:12.838 [main] INFO  org.apache.kafka.common.utils.AppInfoParser - Kafka commitId: 79a8f2b5f44f9d5a
2025-04-11 14:56:12.838 [main] INFO  org.apache.kafka.common.utils.AppInfoParser - Kafka startTimeMs: 1744354572838
2025-04-11 14:56:12.838 [main] INFO  org.apache.kafka.clients.consumer.internals.LegacyKafkaConsumer - [Consumer clientId=consumer-tomge-consumer-group-2, groupId=tomge-consumer-group] Subscribed to topic(s): testtopic
2025-04-11 14:56:12.858 [main] INFO  com.test.testboot.TestbootApplication - Started TestbootApplication in 3.54 seconds (process running for 3.964)
2025-04-11 14:56:12.958 [org.springframework.kafka.KafkaListenerEndpointContainer#1-0-C-1] INFO  org.apache.kafka.clients.Metadata - [Consumer clientId=consumer-tomge-consumer-group-2, groupId=tomge-consumer-group] Cluster ID: y-6F190GRaWny8wgtvr9EA
2025-04-11 14:56:12.958 [org.springframework.kafka.KafkaListenerEndpointContainer#0-0-C-1] INFO  org.apache.kafka.clients.Metadata - [Consumer clientId=consumer-tomge-consumer-group-1, groupId=tomge-consumer-group] Cluster ID: y-6F190GRaWny8wgtvr9EA
2025-04-11 14:56:12.959 [org.springframework.kafka.KafkaListenerEndpointContainer#0-0-C-1] INFO  org.apache.kafka.clients.consumer.internals.ConsumerCoordinator - [Consumer clientId=consumer-tomge-consumer-group-1, groupId=tomge-consumer-group] Discovered group coordinator localhost:9092 (id: 2147483647 rack: null)
2025-04-11 14:56:12.959 [org.springframework.kafka.KafkaListenerEndpointContainer#1-0-C-1] INFO  org.apache.kafka.clients.consumer.internals.ConsumerCoordinator - [Consumer clientId=consumer-tomge-consumer-group-2, groupId=tomge-consumer-group] Discovered group coordinator localhost:9092 (id: 2147483647 rack: null)
2025-04-11 14:56:12.960 [org.springframework.kafka.KafkaListenerEndpointContainer#0-0-C-1] INFO  org.apache.kafka.clients.consumer.internals.ConsumerCoordinator - [Consumer clientId=consumer-tomge-consumer-group-1, groupId=tomge-consumer-group] (Re-)joining group
2025-04-11 14:56:12.960 [org.springframework.kafka.KafkaListenerEndpointContainer#1-0-C-1] INFO  org.apache.kafka.clients.consumer.internals.ConsumerCoordinator - [Consumer clientId=consumer-tomge-consumer-group-2, groupId=tomge-consumer-group] (Re-)joining group
2025-04-11 14:56:12.970 [org.springframework.kafka.KafkaListenerEndpointContainer#1-0-C-1] INFO  org.apache.kafka.clients.consumer.internals.ConsumerCoordinator - [Consumer clientId=consumer-tomge-consumer-group-2, groupId=tomge-consumer-group] Request joining group due to: need to re-join with the given member-id: consumer-tomge-consumer-group-2-4c17b1d3-b859-4b98-84a0-02bc6b672044
2025-04-11 14:56:12.970 [org.springframework.kafka.KafkaListenerEndpointContainer#0-0-C-1] INFO  org.apache.kafka.clients.consumer.internals.ConsumerCoordinator - [Consumer clientId=consumer-tomge-consumer-group-1, groupId=tomge-consumer-group] Request joining group due to: need to re-join with the given member-id: consumer-tomge-consumer-group-1-4e2a282e-ec19-456a-a569-2b7b4b11dcf6
2025-04-11 14:56:12.970 [org.springframework.kafka.KafkaListenerEndpointContainer#1-0-C-1] INFO  org.apache.kafka.clients.consumer.internals.ConsumerCoordinator - [Consumer clientId=consumer-tomge-consumer-group-2, groupId=tomge-consumer-group] (Re-)joining group
2025-04-11 14:56:12.970 [org.springframework.kafka.KafkaListenerEndpointContainer#0-0-C-1] INFO  org.apache.kafka.clients.consumer.internals.ConsumerCoordinator - [Consumer clientId=consumer-tomge-consumer-group-1, groupId=tomge-consumer-group] (Re-)joining group
2025-04-11 14:56:12.972 [org.springframework.kafka.KafkaListenerEndpointContainer#1-0-C-1] INFO  org.apache.kafka.clients.consumer.internals.ConsumerCoordinator - [Consumer clientId=consumer-tomge-consumer-group-2, groupId=tomge-consumer-group] Successfully joined group with generation Generation{generationId=8, memberId='consumer-tomge-consumer-group-2-4c17b1d3-b859-4b98-84a0-02bc6b672044', protocol='range'}
2025-04-11 14:56:12.972 [org.springframework.kafka.KafkaListenerEndpointContainer#0-0-C-1] INFO  org.apache.kafka.clients.consumer.internals.ConsumerCoordinator - [Consumer clientId=consumer-tomge-consumer-group-1, groupId=tomge-consumer-group] Successfully joined group with generation Generation{generationId=8, memberId='consumer-tomge-consumer-group-1-4e2a282e-ec19-456a-a569-2b7b4b11dcf6', protocol='range'}
2025-04-11 14:56:12.976 [org.springframework.kafka.KafkaListenerEndpointContainer#1-0-C-1] INFO  org.apache.kafka.clients.consumer.internals.ConsumerCoordinator - [Consumer clientId=consumer-tomge-consumer-group-2, groupId=tomge-consumer-group] Finished assignment for group at generation 8: {consumer-tomge-consumer-group-2-4c17b1d3-b859-4b98-84a0-02bc6b672044=Assignment(partitions=[testtopic-0]), consumer-tomge-consumer-group-1-4e2a282e-ec19-456a-a569-2b7b4b11dcf6=Assignment(partitions=[testtopic2-0])}
2025-04-11 14:56:12.980 [org.springframework.kafka.KafkaListenerEndpointContainer#1-0-C-1] INFO  org.apache.kafka.clients.consumer.internals.ConsumerCoordinator - [Consumer clientId=consumer-tomge-consumer-group-2, groupId=tomge-consumer-group] Successfully synced group in generation Generation{generationId=8, memberId='consumer-tomge-consumer-group-2-4c17b1d3-b859-4b98-84a0-02bc6b672044', protocol='range'}
2025-04-11 14:56:12.980 [org.springframework.kafka.KafkaListenerEndpointContainer#0-0-C-1] INFO  org.apache.kafka.clients.consumer.internals.ConsumerCoordinator - [Consumer clientId=consumer-tomge-consumer-group-1, groupId=tomge-consumer-group] Successfully synced group in generation Generation{generationId=8, memberId='consumer-tomge-consumer-group-1-4e2a282e-ec19-456a-a569-2b7b4b11dcf6', protocol='range'}
2025-04-11 14:56:12.981 [org.springframework.kafka.KafkaListenerEndpointContainer#1-0-C-1] INFO  org.apache.kafka.clients.consumer.internals.ConsumerCoordinator - [Consumer clientId=consumer-tomge-consumer-group-2, groupId=tomge-consumer-group] Notifying assignor about the new Assignment(partitions=[testtopic-0])
2025-04-11 14:56:12.981 [org.springframework.kafka.KafkaListenerEndpointContainer#0-0-C-1] INFO  org.apache.kafka.clients.consumer.internals.ConsumerCoordinator - [Consumer clientId=consumer-tomge-consumer-group-1, groupId=tomge-consumer-group] Notifying assignor about the new Assignment(partitions=[testtopic2-0])
2025-04-11 14:56:12.981 [org.springframework.kafka.KafkaListenerEndpointContainer#1-0-C-1] INFO  org.apache.kafka.clients.consumer.internals.ConsumerRebalanceListenerInvoker - [Consumer clientId=consumer-tomge-consumer-group-2, groupId=tomge-consumer-group] Adding newly assigned partitions: testtopic-0
2025-04-11 14:56:12.981 [org.springframework.kafka.KafkaListenerEndpointContainer#0-0-C-1] INFO  org.apache.kafka.clients.consumer.internals.ConsumerRebalanceListenerInvoker - [Consumer clientId=consumer-tomge-consumer-group-1, groupId=tomge-consumer-group] Adding newly assigned partitions: testtopic2-0
2025-04-11 14:56:12.986 [org.springframework.kafka.KafkaListenerEndpointContainer#0-0-C-1] INFO  org.apache.kafka.clients.consumer.internals.ConsumerUtils - Setting offset for partition testtopic2-0 to the committed offset FetchPosition{offset=10, offsetEpoch=Optional.empty, currentLeader=LeaderAndEpoch{leader=Optional[localhost:9092 (id: 0 rack: null)], epoch=0}}
2025-04-11 14:56:12.985 [org.springframework.kafka.KafkaListenerEndpointContainer#1-0-C-1] INFO  org.apache.kafka.clients.consumer.internals.ConsumerUtils - Setting offset for partition testtopic-0 to the committed offset FetchPosition{offset=0, offsetEpoch=Optional.empty, currentLeader=LeaderAndEpoch{leader=Optional[localhost:9092 (id: 0 rack: null)], epoch=0}}
2025-04-11 14:56:13.009 [org.springframework.kafka.KafkaListenerEndpointContainer#0-0-C-1] INFO  com.test.testboot.kafkaservice.ConsumerService - CanalModel: null
2025-04-11 14:56:13.075 [org.springframework.kafka.KafkaListenerEndpointContainer#0-0-C-1] WARN  com.test.testboot.kafkaservice.ConsumerService - data 数组为空或无效
2025-04-11 14:56:13.076 [org.springframework.kafka.KafkaListenerEndpointContainer#0-0-C-1] INFO  com.test.testboot.kafkaservice.ConsumerService - CanalModel: null
2025-04-11 14:56:13.076 [org.springframework.kafka.KafkaListenerEndpointContainer#0-0-C-1] WARN  com.test.testboot.kafkaservice.ConsumerService - data 数组为空或无效
2025-04-11 14:56:13.076 [org.springframework.kafka.KafkaListenerEndpointContainer#0-0-C-1] INFO  com.test.testboot.kafkaservice.ConsumerService - CanalModel: null
2025-04-11 14:56:13.077 [org.springframework.kafka.KafkaListenerEndpointContainer#0-0-C-1] WARN  com.test.testboot.kafkaservice.ConsumerService - data 数组为空或无效
2025-04-11 14:56:13.077 [org.springframework.kafka.KafkaListenerEndpointContainer#0-0-C-1] INFO  com.test.testboot.kafkaservice.ConsumerService - CanalModel: null
2025-04-11 14:56:13.077 [org.springframework.kafka.KafkaListenerEndpointContainer#0-0-C-1] WARN  com.test.testboot.kafkaservice.ConsumerService - data 数组为空或无效
2025-04-11 14:56:13.077 [org.springframework.kafka.KafkaListenerEndpointContainer#0-0-C-1] INFO  com.test.testboot.kafkaservice.ConsumerService - CanalModel: null
2025-04-11 14:56:13.078 [org.springframework.kafka.KafkaListenerEndpointContainer#0-0-C-1] WARN  com.test.testboot.kafkaservice.ConsumerService - data 数组为空或无效
2025-04-11 14:56:13.078 [org.springframework.kafka.KafkaListenerEndpointContainer#0-0-C-1] INFO  com.test.testboot.kafkaservice.ConsumerService - CanalModel: null
2025-04-11 14:56:13.078 [org.springframework.kafka.KafkaListenerEndpointContainer#0-0-C-1] WARN  com.test.testboot.kafkaservice.ConsumerService - data 数组为空或无效
2025-04-11 14:56:13.078 [org.springframework.kafka.KafkaListenerEndpointContainer#0-0-C-1] INFO  com.test.testboot.kafkaservice.ConsumerService - CanalModel: null
2025-04-11 14:56:13.078 [org.springframework.kafka.KafkaListenerEndpointContainer#0-0-C-1] WARN  com.test.testboot.kafkaservice.ConsumerService - data 数组为空或无效
2025-04-11 14:56:13.078 [org.springframework.kafka.KafkaListenerEndpointContainer#0-0-C-1] INFO  com.test.testboot.kafkaservice.ConsumerService - CanalModel: null
2025-04-11 14:56:13.078 [org.springframework.kafka.KafkaListenerEndpointContainer#0-0-C-1] WARN  com.test.testboot.kafkaservice.ConsumerService - data 数组为空或无效
2025-04-11 14:56:13.078 [org.springframework.kafka.KafkaListenerEndpointContainer#0-0-C-1] INFO  com.test.testboot.kafkaservice.ConsumerService - CanalModel: null
2025-04-11 14:56:13.078 [org.springframework.kafka.KafkaListenerEndpointContainer#0-0-C-1] WARN  com.test.testboot.kafkaservice.ConsumerService - data 数组为空或无效
2025-04-11 14:56:13.078 [org.springframework.kafka.KafkaListenerEndpointContainer#0-0-C-1] INFO  com.test.testboot.kafkaservice.ConsumerService - CanalModel: null
2025-04-11 14:56:13.078 [org.springframework.kafka.KafkaListenerEndpointContainer#0-0-C-1] WARN  com.test.testboot.kafkaservice.ConsumerService - data 数组为空或无效
2025-04-11 14:56:13.078 [org.springframework.kafka.KafkaListenerEndpointContainer#0-0-C-1] INFO  com.test.testboot.kafkaservice.ConsumerService - CanalModel: null
2025-04-11 14:56:13.079 [org.springframework.kafka.KafkaListenerEndpointContainer#0-0-C-1] WARN  com.test.testboot.kafkaservice.ConsumerService - data 数组为空或无效
2025-04-11 14:56:13.079 [org.springframework.kafka.KafkaListenerEndpointContainer#0-0-C-1] INFO  com.test.testboot.kafkaservice.ConsumerService - CanalModel: null
2025-04-11 14:56:13.079 [org.springframework.kafka.KafkaListenerEndpointContainer#0-0-C-1] WARN  com.test.testboot.kafkaservice.ConsumerService - data 数组为空或无效
2025-04-11 14:56:13.079 [org.springframework.kafka.KafkaListenerEndpointContainer#0-0-C-1] INFO  com.test.testboot.kafkaservice.ConsumerService - CanalModel: null
2025-04-11 14:56:13.079 [org.springframework.kafka.KafkaListenerEndpointContainer#0-0-C-1] WARN  com.test.testboot.kafkaservice.ConsumerService - data 数组为空或无效
2025-04-11 14:56:13.079 [org.springframework.kafka.KafkaListenerEndpointContainer#0-0-C-1] INFO  com.test.testboot.kafkaservice.ConsumerService - CanalModel: null
2025-04-11 14:56:13.079 [org.springframework.kafka.KafkaListenerEndpointContainer#0-0-C-1] WARN  com.test.testboot.kafkaservice.ConsumerService - data 数组为空或无效
2025-04-11 14:56:13.079 [org.springframework.kafka.KafkaListenerEndpointContainer#0-0-C-1] INFO  com.test.testboot.kafkaservice.ConsumerService - CanalModel: null
2025-04-11 14:56:13.079 [org.springframework.kafka.KafkaListenerEndpointContainer#0-0-C-1] WARN  com.test.testboot.kafkaservice.ConsumerService - data 数组为空或无效
2025-04-11 14:56:13.079 [org.springframework.kafka.KafkaListenerEndpointContainer#0-0-C-1] INFO  com.test.testboot.kafkaservice.ConsumerService - CanalModel: null
2025-04-11 14:56:13.079 [org.springframework.kafka.KafkaListenerEndpointContainer#0-0-C-1] WARN  com.test.testboot.kafkaservice.ConsumerService - data 数组为空或无效
2025-04-11 14:56:13.079 [org.springframework.kafka.KafkaListenerEndpointContainer#0-0-C-1] INFO  com.test.testboot.kafkaservice.ConsumerService - CanalModel: null
2025-04-11 14:56:13.079 [org.springframework.kafka.KafkaListenerEndpointContainer#0-0-C-1] WARN  com.test.testboot.kafkaservice.ConsumerService - data 数组为空或无效
2025-04-11 14:56:13.080 [org.springframework.kafka.KafkaListenerEndpointContainer#0-0-C-1] INFO  com.test.testboot.kafkaservice.ConsumerService - CanalModel: null
2025-04-11 14:56:13.080 [org.springframework.kafka.KafkaListenerEndpointContainer#0-0-C-1] WARN  com.test.testboot.kafkaservice.ConsumerService - data 数组为空或无效
2025-04-11 14:56:13.080 [org.springframework.kafka.KafkaListenerEndpointContainer#0-0-C-1] INFO  com.test.testboot.kafkaservice.ConsumerService - CanalModel: null
2025-04-11 14:56:13.080 [org.springframework.kafka.KafkaListenerEndpointContainer#0-0-C-1] WARN  com.test.testboot.kafkaservice.ConsumerService - data 数组为空或无效
2025-04-11 14:56:13.080 [org.springframework.kafka.KafkaListenerEndpointContainer#0-0-C-1] INFO  com.test.testboot.kafkaservice.ConsumerService - CanalModel: null
2025-04-11 14:56:13.080 [org.springframework.kafka.KafkaListenerEndpointContainer#0-0-C-1] WARN  com.test.testboot.kafkaservice.ConsumerService - data 数组为空或无效
2025-04-11 14:56:13.080 [org.springframework.kafka.KafkaListenerEndpointContainer#0-0-C-1] INFO  com.test.testboot.kafkaservice.ConsumerService - CanalModel: null
2025-04-11 14:56:13.080 [org.springframework.kafka.KafkaListenerEndpointContainer#0-0-C-1] WARN  com.test.testboot.kafkaservice.ConsumerService - data 数组为空或无效
2025-04-11 14:56:13.080 [org.springframework.kafka.KafkaListenerEndpointContainer#0-0-C-1] INFO  com.test.testboot.kafkaservice.ConsumerService - CanalModel: null
2025-04-11 14:56:13.080 [org.springframework.kafka.KafkaListenerEndpointContainer#0-0-C-1] WARN  com.test.testboot.kafkaservice.ConsumerService - data 数组为空或无效
2025-04-11 14:56:13.080 [org.springframework.kafka.KafkaListenerEndpointContainer#0-0-C-1] INFO  com.test.testboot.kafkaservice.ConsumerService - CanalModel: null
2025-04-11 14:56:13.080 [org.springframework.kafka.KafkaListenerEndpointContainer#0-0-C-1] WARN  com.test.testboot.kafkaservice.ConsumerService - data 数组为空或无效
2025-04-11 14:56:13.080 [org.springframework.kafka.KafkaListenerEndpointContainer#0-0-C-1] INFO  com.test.testboot.kafkaservice.ConsumerService - CanalModel: null
2025-04-11 14:56:13.080 [org.springframework.kafka.KafkaListenerEndpointContainer#0-0-C-1] WARN  com.test.testboot.kafkaservice.ConsumerService - data 数组为空或无效
2025-04-11 14:56:13.081 [org.springframework.kafka.KafkaListenerEndpointContainer#0-0-C-1] INFO  com.test.testboot.kafkaservice.ConsumerService - CanalModel: null
2025-04-11 14:56:13.081 [org.springframework.kafka.KafkaListenerEndpointContainer#0-0-C-1] WARN  com.test.testboot.kafkaservice.ConsumerService - data 数组为空或无效
2025-04-11 14:56:13.081 [org.springframework.kafka.KafkaListenerEndpointContainer#0-0-C-1] INFO  com.test.testboot.kafkaservice.ConsumerService - CanalModel: null
2025-04-11 14:56:13.081 [org.springframework.kafka.KafkaListenerEndpointContainer#0-0-C-1] WARN  com.test.testboot.kafkaservice.ConsumerService - data 数组为空或无效
2025-04-11 14:56:13.081 [org.springframework.kafka.KafkaListenerEndpointContainer#0-0-C-1] INFO  com.test.testboot.kafkaservice.ConsumerService - CanalModel: null
2025-04-11 14:56:13.081 [org.springframework.kafka.KafkaListenerEndpointContainer#0-0-C-1] WARN  com.test.testboot.kafkaservice.ConsumerService - data 数组为空或无效
2025-04-11 14:56:13.081 [org.springframework.kafka.KafkaListenerEndpointContainer#0-0-C-1] INFO  com.test.testboot.kafkaservice.ConsumerService - CanalModel: null
2025-04-11 14:56:13.081 [org.springframework.kafka.KafkaListenerEndpointContainer#0-0-C-1] WARN  com.test.testboot.kafkaservice.ConsumerService - data 数组为空或无效
2025-04-11 14:56:13.081 [org.springframework.kafka.KafkaListenerEndpointContainer#0-0-C-1] INFO  com.test.testboot.kafkaservice.ConsumerService - CanalModel: null
2025-04-11 14:56:13.081 [org.springframework.kafka.KafkaListenerEndpointContainer#0-0-C-1] WARN  com.test.testboot.kafkaservice.ConsumerService - data 数组为空或无效
2025-04-11 14:56:13.081 [org.springframework.kafka.KafkaListenerEndpointContainer#0-0-C-1] INFO  com.test.testboot.kafkaservice.ConsumerService - CanalModel: null
2025-04-11 14:56:13.081 [org.springframework.kafka.KafkaListenerEndpointContainer#0-0-C-1] WARN  com.test.testboot.kafkaservice.ConsumerService - data 数组为空或无效
2025-04-11 14:56:13.081 [org.springframework.kafka.KafkaListenerEndpointContainer#0-0-C-1] INFO  com.test.testboot.kafkaservice.ConsumerService - CanalModel: null
2025-04-11 14:56:13.081 [org.springframework.kafka.KafkaListenerEndpointContainer#0-0-C-1] WARN  com.test.testboot.kafkaservice.ConsumerService - data 数组为空或无效
2025-04-11 14:56:13.081 [org.springframework.kafka.KafkaListenerEndpointContainer#0-0-C-1] INFO  com.test.testboot.kafkaservice.ConsumerService - CanalModel: null
2025-04-11 14:56:13.081 [org.springframework.kafka.KafkaListenerEndpointContainer#0-0-C-1] WARN  com.test.testboot.kafkaservice.ConsumerService - data 数组为空或无效
2025-04-11 14:56:13.081 [org.springframework.kafka.KafkaListenerEndpointContainer#0-0-C-1] INFO  com.test.testboot.kafkaservice.ConsumerService - CanalModel: null
2025-04-11 14:56:13.082 [org.springframework.kafka.KafkaListenerEndpointContainer#0-0-C-1] WARN  com.test.testboot.kafkaservice.ConsumerService - data 数组为空或无效
2025-04-11 14:56:13.082 [org.springframework.kafka.KafkaListenerEndpointContainer#0-0-C-1] INFO  com.test.testboot.kafkaservice.ConsumerService - CanalModel: null
2025-04-11 14:56:13.082 [org.springframework.kafka.KafkaListenerEndpointContainer#0-0-C-1] WARN  com.test.testboot.kafkaservice.ConsumerService - data 数组为空或无效
2025-04-11 14:56:13.082 [org.springframework.kafka.KafkaListenerEndpointContainer#0-0-C-1] INFO  com.test.testboot.kafkaservice.ConsumerService - CanalModel: null
2025-04-11 14:56:13.082 [org.springframework.kafka.KafkaListenerEndpointContainer#0-0-C-1] WARN  com.test.testboot.kafkaservice.ConsumerService - data 数组为空或无效
2025-04-11 14:56:13.082 [org.springframework.kafka.KafkaListenerEndpointContainer#0-0-C-1] INFO  com.test.testboot.kafkaservice.ConsumerService - CanalModel: null
2025-04-11 14:56:13.082 [org.springframework.kafka.KafkaListenerEndpointContainer#0-0-C-1] WARN  com.test.testboot.kafkaservice.ConsumerService - data 数组为空或无效
2025-04-11 14:56:13.082 [org.springframework.kafka.KafkaListenerEndpointContainer#0-0-C-1] INFO  com.test.testboot.kafkaservice.ConsumerService - CanalModel: null
2025-04-11 14:56:13.082 [org.springframework.kafka.KafkaListenerEndpointContainer#0-0-C-1] WARN  com.test.testboot.kafkaservice.ConsumerService - data 数组为空或无效
2025-04-11 14:56:13.082 [org.springframework.kafka.KafkaListenerEndpointContainer#0-0-C-1] INFO  com.test.testboot.kafkaservice.ConsumerService - CanalModel: null
2025-04-11 14:56:13.235 [org.springframework.kafka.KafkaListenerEndpointContainer#0-0-C-1] INFO  com.test.testboot.kafkaservice.ConsumerService - Redis操作INSERT成功 - id: null, value: {"Comment":"可支持的环境列表","DataChange_CreatedBy":"default","IsDeleted":"0","DataChange_LastModifiedBy":"","Value":"dev","Id":"1","DeletedAt":"0","DataChange_CreatedTime":"2025-04-10 20:49:23","Key":"apollo.portal.envs","DataChange_LastTime":"2025-04-10 20:49:23"}
2025-04-11 14:56:13.235 [org.springframework.kafka.KafkaListenerEndpointContainer#0-0-C-1] INFO  com.test.testboot.kafkaservice.ConsumerService - CanalModel: null
2025-04-11 14:56:13.238 [org.springframework.kafka.KafkaListenerEndpointContainer#0-0-C-1] INFO  com.test.testboot.kafkaservice.ConsumerService - Redis操作Delect成功 - id: null
2025-04-11 14:56:13.238 [org.springframework.kafka.KafkaListenerEndpointContainer#0-0-C-1] INFO  com.test.testboot.kafkaservice.ConsumerService - Redis操作INSERT成功 - id: null, value: {"Email":"apollo@acme.com","Username":"apollo","Enabled":"1","Id":"1","UserDisplayName":"apollo","Password":"$2a$10$7r20uS.BQ9uBpf3Baj3uQOZvMVvB1RN3PYoKE94gtz2.WAOuiiwXS"}
2025-04-11 14:56:13.238 [org.springframework.kafka.KafkaListenerEndpointContainer#0-0-C-1] INFO  com.test.testboot.kafkaservice.ConsumerService - CanalModel: null
2025-04-11 14:56:13.239 [org.springframework.kafka.KafkaListenerEndpointContainer#0-0-C-1] INFO  com.test.testboot.kafkaservice.ConsumerService - Redis操作Delect成功 - id: null
2025-04-11 14:56:13.239 [org.springframework.kafka.KafkaListenerEndpointContainer#0-0-C-1] INFO  com.test.testboot.kafkaservice.ConsumerService - Redis操作INSERT成功 - id: null, value: {"Username":"apollo","Authority":"ROLE_user","Id":"1"}
2025-04-11 14:56:13.240 [org.springframework.kafka.KafkaListenerEndpointContainer#0-0-C-1] INFO  com.test.testboot.kafkaservice.ConsumerService - CanalModel: null
2025-04-11 14:56:13.240 [org.springframework.kafka.KafkaListenerEndpointContainer#0-0-C-1] INFO  com.test.testboot.kafkaservice.ConsumerService - Redis操作Delect成功 - id: null
2025-04-11 14:56:13.241 [org.springframework.kafka.KafkaListenerEndpointContainer#0-0-C-1] INFO  com.test.testboot.kafkaservice.ConsumerService - Redis操作INSERT成功 - id: null, value: {"DataChange_CreatedBy":"default","OwnerName":"apollo","IsDeleted":"0","DataChange_LastModifiedBy":"","OrgName":"样例部门1","Name":"Sample App","DataChange_LastTime":"2025-04-10 20:49:23","OrgId":"TEST1","AppId":"SampleApp","Id":"1","DeletedAt":"0","DataChange_CreatedTime":"2025-04-10 20:49:23","OwnerEmail":"apollo@acme.com"}
2025-04-11 14:56:13.241 [org.springframework.kafka.KafkaListenerEndpointContainer#0-0-C-1] INFO  com.test.testboot.kafkaservice.ConsumerService - CanalModel: null
2025-04-11 14:56:13.241 [org.springframework.kafka.KafkaListenerEndpointContainer#0-0-C-1] INFO  com.test.testboot.kafkaservice.ConsumerService - Redis操作Delect成功 - id: null
2025-04-11 14:56:13.242 [org.springframework.kafka.KafkaListenerEndpointContainer#0-0-C-1] INFO  com.test.testboot.kafkaservice.ConsumerService - Redis操作INSERT成功 - id: null, value: {"Comment":"default app namespace","DataChange_CreatedBy":"default","IsDeleted":"0","Format":"properties","AppId":"SampleApp","DataChange_LastModifiedBy":"","IsPublic":"0","Id":"1","DeletedAt":"0","DataChange_CreatedTime":"2025-04-10 20:49:23","Name":"application","DataChange_LastTime":"2025-04-10 20:49:23"}
2025-04-11 14:56:13.242 [org.springframework.kafka.KafkaListenerEndpointContainer#0-0-C-1] INFO  com.test.testboot.kafkaservice.ConsumerService - CanalModel: null
2025-04-11 14:56:13.243 [org.springframework.kafka.KafkaListenerEndpointContainer#0-0-C-1] INFO  com.test.testboot.kafkaservice.ConsumerService - Redis操作Delect成功 - id: null
2025-04-11 14:56:13.243 [org.springframework.kafka.KafkaListenerEndpointContainer#0-0-C-1] INFO  com.test.testboot.kafkaservice.ConsumerService - Redis操作INSERT成功 - id: null, value: {"DataChange_CreatedBy":"default","IsDeleted":"0","DataChange_LastModifiedBy":"","PermissionType":"CreateCluster","Id":"1","DeletedAt":"0","DataChange_CreatedTime":"2025-04-10 20:49:23","TargetId":"SampleApp","DataChange_LastTime":"2025-04-10 20:49:23"}
2025-04-11 14:56:13.243 [org.springframework.kafka.KafkaListenerEndpointContainer#0-0-C-1] INFO  com.test.testboot.kafkaservice.ConsumerService - CanalModel: null
2025-04-11 14:56:13.244 [org.springframework.kafka.KafkaListenerEndpointContainer#0-0-C-1] INFO  com.test.testboot.kafkaservice.ConsumerService - Redis操作Delect成功 - id: null
2025-04-11 14:56:13.244 [org.springframework.kafka.KafkaListenerEndpointContainer#0-0-C-1] INFO  com.test.testboot.kafkaservice.ConsumerService - Redis操作INSERT成功 - id: null, value: {"DataChange_CreatedBy":"default","RoleName":"Master+SampleApp","IsDeleted":"0","DataChange_LastModifiedBy":"","Id":"1","DeletedAt":"0","DataChange_CreatedTime":"2025-04-10 20:49:23","DataChange_LastTime":"2025-04-10 20:49:23"}
2025-04-11 14:56:13.244 [org.springframework.kafka.KafkaListenerEndpointContainer#0-0-C-1] INFO  com.test.testboot.kafkaservice.ConsumerService - CanalModel: null
2025-04-11 14:56:13.245 [org.springframework.kafka.KafkaListenerEndpointContainer#0-0-C-1] INFO  com.test.testboot.kafkaservice.ConsumerService - Redis操作Delect成功 - id: null
2025-04-11 14:56:13.245 [org.springframework.kafka.KafkaListenerEndpointContainer#0-0-C-1] INFO  com.test.testboot.kafkaservice.ConsumerService - Redis操作INSERT成功 - id: null, value: {"DataChange_CreatedBy":"default","IsDeleted":"0","DataChange_LastModifiedBy":"","Id":"1","PermissionId":"1","DeletedAt":"0","DataChange_CreatedTime":"2025-04-10 20:49:23","RoleId":"1","DataChange_LastTime":"2025-04-10 20:49:23"}
2025-04-11 14:56:13.245 [org.springframework.kafka.KafkaListenerEndpointContainer#0-0-C-1] INFO  com.test.testboot.kafkaservice.ConsumerService - CanalModel: null
2025-04-11 14:56:13.246 [org.springframework.kafka.KafkaListenerEndpointContainer#0-0-C-1] INFO  com.test.testboot.kafkaservice.ConsumerService - Redis操作Delect成功 - id: null
2025-04-11 14:56:13.246 [org.springframework.kafka.KafkaListenerEndpointContainer#0-0-C-1] INFO  com.test.testboot.kafkaservice.ConsumerService - Redis操作INSERT成功 - id: null, value: {"DataChange_CreatedBy":"default","IsDeleted":"0","DataChange_LastModifiedBy":"","UserId":"apollo","Id":"1","DeletedAt":"0","DataChange_CreatedTime":"2025-04-10 20:49:23","RoleId":"1","DataChange_LastTime":"2025-04-10 20:49:23"}
2025-04-11 14:56:13.246 [org.springframework.kafka.KafkaListenerEndpointContainer#0-0-C-1] INFO  com.test.testboot.kafkaservice.ConsumerService - CanalModel: null
2025-04-11 14:56:13.246 [org.springframework.kafka.KafkaListenerEndpointContainer#0-0-C-1] WARN  com.test.testboot.kafkaservice.ConsumerService - data 数组为空或无效
2025-04-11 14:56:13.246 [org.springframework.kafka.KafkaListenerEndpointContainer#0-0-C-1] INFO  com.test.testboot.kafkaservice.ConsumerService - CanalModel: null
2025-04-11 14:56:13.246 [org.springframework.kafka.KafkaListenerEndpointContainer#0-0-C-1] WARN  com.test.testboot.kafkaservice.ConsumerService - data 数组为空或无效
2025-04-11 14:56:13.246 [org.springframework.kafka.KafkaListenerEndpointContainer#0-0-C-1] INFO  com.test.testboot.kafkaservice.ConsumerService - CanalModel: null
2025-04-11 14:56:13.246 [org.springframework.kafka.KafkaListenerEndpointContainer#0-0-C-1] WARN  com.test.testboot.kafkaservice.ConsumerService - data 数组为空或无效
2025-04-11 14:56:13.247 [org.springframework.kafka.KafkaListenerEndpointContainer#0-0-C-1] INFO  com.test.testboot.kafkaservice.ConsumerService - CanalModel: null
2025-04-11 14:56:13.247 [org.springframework.kafka.KafkaListenerEndpointContainer#0-0-C-1] WARN  com.test.testboot.kafkaservice.ConsumerService - data 数组为空或无效
2025-04-11 14:56:13.247 [org.springframework.kafka.KafkaListenerEndpointContainer#0-0-C-1] INFO  com.test.testboot.kafkaservice.ConsumerService - CanalModel: null
2025-04-11 14:56:13.247 [org.springframework.kafka.KafkaListenerEndpointContainer#0-0-C-1] WARN  com.test.testboot.kafkaservice.ConsumerService - data 数组为空或无效
2025-04-11 14:56:13.247 [org.springframework.kafka.KafkaListenerEndpointContainer#0-0-C-1] INFO  com.test.testboot.kafkaservice.ConsumerService - CanalModel: null
2025-04-11 14:56:13.247 [org.springframework.kafka.KafkaListenerEndpointContainer#0-0-C-1] WARN  com.test.testboot.kafkaservice.ConsumerService - data 数组为空或无效
2025-04-11 14:56:13.247 [org.springframework.kafka.KafkaListenerEndpointContainer#0-0-C-1] INFO  com.test.testboot.kafkaservice.ConsumerService - CanalModel: null
2025-04-11 14:56:13.247 [org.springframework.kafka.KafkaListenerEndpointContainer#0-0-C-1] WARN  com.test.testboot.kafkaservice.ConsumerService - data 数组为空或无效
2025-04-11 14:56:13.247 [org.springframework.kafka.KafkaListenerEndpointContainer#0-0-C-1] INFO  com.test.testboot.kafkaservice.ConsumerService - CanalModel: null
2025-04-11 14:56:13.247 [org.springframework.kafka.KafkaListenerEndpointContainer#0-0-C-1] WARN  com.test.testboot.kafkaservice.ConsumerService - data 数组为空或无效
2025-04-11 14:56:13.247 [org.springframework.kafka.KafkaListenerEndpointContainer#0-0-C-1] INFO  com.test.testboot.kafkaservice.ConsumerService - CanalModel: null
2025-04-11 14:56:13.247 [org.springframework.kafka.KafkaListenerEndpointContainer#0-0-C-1] WARN  com.test.testboot.kafkaservice.ConsumerService - data 数组为空或无效
2025-04-11 14:56:13.247 [org.springframework.kafka.KafkaListenerEndpointContainer#0-0-C-1] INFO  com.test.testboot.kafkaservice.ConsumerService - CanalModel: null
2025-04-11 14:56:13.247 [org.springframework.kafka.KafkaListenerEndpointContainer#0-0-C-1] WARN  com.test.testboot.kafkaservice.ConsumerService - data 数组为空或无效
2025-04-11 14:56:13.247 [org.springframework.kafka.KafkaListenerEndpointContainer#0-0-C-1] INFO  com.test.testboot.kafkaservice.ConsumerService - CanalModel: null
2025-04-11 14:56:13.247 [org.springframework.kafka.KafkaListenerEndpointContainer#0-0-C-1] WARN  com.test.testboot.kafkaservice.ConsumerService - data 数组为空或无效
2025-04-11 14:56:13.247 [org.springframework.kafka.KafkaListenerEndpointContainer#0-0-C-1] INFO  com.test.testboot.kafkaservice.ConsumerService - CanalModel: null
2025-04-11 14:56:13.247 [org.springframework.kafka.KafkaListenerEndpointContainer#0-0-C-1] WARN  com.test.testboot.kafkaservice.ConsumerService - data 数组为空或无效
2025-04-11 14:56:13.247 [org.springframework.kafka.KafkaListenerEndpointContainer#0-0-C-1] INFO  com.test.testboot.kafkaservice.ConsumerService - CanalModel: null
2025-04-11 14:56:13.248 [org.springframework.kafka.KafkaListenerEndpointContainer#0-0-C-1] WARN  com.test.testboot.kafkaservice.ConsumerService - data 数组为空或无效
2025-04-11 14:56:13.248 [org.springframework.kafka.KafkaListenerEndpointContainer#0-0-C-1] INFO  com.test.testboot.kafkaservice.ConsumerService - CanalModel: null
2025-04-11 14:56:13.248 [org.springframework.kafka.KafkaListenerEndpointContainer#0-0-C-1] WARN  com.test.testboot.kafkaservice.ConsumerService - data 数组为空或无效
2025-04-11 14:56:13.248 [org.springframework.kafka.KafkaListenerEndpointContainer#0-0-C-1] INFO  com.test.testboot.kafkaservice.ConsumerService - CanalModel: null
2025-04-11 14:56:13.248 [org.springframework.kafka.KafkaListenerEndpointContainer#0-0-C-1] WARN  com.test.testboot.kafkaservice.ConsumerService - data 数组为空或无效
2025-04-11 14:56:13.248 [org.springframework.kafka.KafkaListenerEndpointContainer#0-0-C-1] INFO  com.test.testboot.kafkaservice.ConsumerService - CanalModel: null
2025-04-11 14:56:13.248 [org.springframework.kafka.KafkaListenerEndpointContainer#0-0-C-1] WARN  com.test.testboot.kafkaservice.ConsumerService - data 数组为空或无效
2025-04-11 14:56:13.248 [org.springframework.kafka.KafkaListenerEndpointContainer#0-0-C-1] INFO  com.test.testboot.kafkaservice.ConsumerService - CanalModel: null
2025-04-11 14:56:13.248 [org.springframework.kafka.KafkaListenerEndpointContainer#0-0-C-1] WARN  com.test.testboot.kafkaservice.ConsumerService - data 数组为空或无效
2025-04-11 14:56:13.248 [org.springframework.kafka.KafkaListenerEndpointContainer#0-0-C-1] INFO  com.test.testboot.kafkaservice.ConsumerService - CanalModel: null
2025-04-11 14:56:13.248 [org.springframework.kafka.KafkaListenerEndpointContainer#0-0-C-1] WARN  com.test.testboot.kafkaservice.ConsumerService - data 数组为空或无效
2025-04-11 14:56:13.248 [org.springframework.kafka.KafkaListenerEndpointContainer#0-0-C-1] INFO  com.test.testboot.kafkaservice.ConsumerService - CanalModel: null
2025-04-11 14:56:13.248 [org.springframework.kafka.KafkaListenerEndpointContainer#0-0-C-1] WARN  com.test.testboot.kafkaservice.ConsumerService - data 数组为空或无效
2025-04-11 14:56:13.248 [org.springframework.kafka.KafkaListenerEndpointContainer#0-0-C-1] INFO  com.test.testboot.kafkaservice.ConsumerService - CanalModel: null
2025-04-11 14:56:13.248 [org.springframework.kafka.KafkaListenerEndpointContainer#0-0-C-1] WARN  com.test.testboot.kafkaservice.ConsumerService - data 数组为空或无效
2025-04-11 14:56:13.249 [org.springframework.kafka.KafkaListenerEndpointContainer#0-0-C-1] INFO  com.test.testboot.kafkaservice.ConsumerService - CanalModel: null
2025-04-11 14:56:13.249 [org.springframework.kafka.KafkaListenerEndpointContainer#0-0-C-1] WARN  com.test.testboot.kafkaservice.ConsumerService - data 数组为空或无效
2025-04-11 14:56:13.249 [org.springframework.kafka.KafkaListenerEndpointContainer#0-0-C-1] INFO  com.test.testboot.kafkaservice.ConsumerService - CanalModel: null
2025-04-11 14:56:13.249 [org.springframework.kafka.KafkaListenerEndpointContainer#0-0-C-1] WARN  com.test.testboot.kafkaservice.ConsumerService - data 数组为空或无效
2025-04-11 14:56:13.249 [org.springframework.kafka.KafkaListenerEndpointContainer#0-0-C-1] INFO  com.test.testboot.kafkaservice.ConsumerService - CanalModel: null
2025-04-11 14:56:13.249 [org.springframework.kafka.KafkaListenerEndpointContainer#0-0-C-1] WARN  com.test.testboot.kafkaservice.ConsumerService - data 数组为空或无效
2025-04-11 14:56:13.249 [org.springframework.kafka.KafkaListenerEndpointContainer#0-0-C-1] INFO  com.test.testboot.kafkaservice.ConsumerService - CanalModel: null
2025-04-11 14:56:13.249 [org.springframework.kafka.KafkaListenerEndpointContainer#0-0-C-1] WARN  com.test.testboot.kafkaservice.ConsumerService - data 数组为空或无效
2025-04-11 14:56:13.249 [org.springframework.kafka.KafkaListenerEndpointContainer#0-0-C-1] INFO  com.test.testboot.kafkaservice.ConsumerService - CanalModel: null
2025-04-11 14:56:13.249 [org.springframework.kafka.KafkaListenerEndpointContainer#0-0-C-1] WARN  com.test.testboot.kafkaservice.ConsumerService - data 数组为空或无效
2025-04-11 14:56:13.249 [org.springframework.kafka.KafkaListenerEndpointContainer#0-0-C-1] INFO  com.test.testboot.kafkaservice.ConsumerService - CanalModel: null
2025-04-11 14:56:13.249 [org.springframework.kafka.KafkaListenerEndpointContainer#0-0-C-1] WARN  com.test.testboot.kafkaservice.ConsumerService - data 数组为空或无效
2025-04-11 14:56:13.249 [org.springframework.kafka.KafkaListenerEndpointContainer#0-0-C-1] INFO  com.test.testboot.kafkaservice.ConsumerService - CanalModel: null
2025-04-11 14:56:13.249 [org.springframework.kafka.KafkaListenerEndpointContainer#0-0-C-1] WARN  com.test.testboot.kafkaservice.ConsumerService - data 数组为空或无效
2025-04-11 14:56:13.249 [org.springframework.kafka.KafkaListenerEndpointContainer#0-0-C-1] INFO  com.test.testboot.kafkaservice.ConsumerService - CanalModel: null
2025-04-11 14:56:13.249 [org.springframework.kafka.KafkaListenerEndpointContainer#0-0-C-1] WARN  com.test.testboot.kafkaservice.ConsumerService - data 数组为空或无效
2025-04-11 14:56:13.249 [org.springframework.kafka.KafkaListenerEndpointContainer#0-0-C-1] INFO  com.test.testboot.kafkaservice.ConsumerService - CanalModel: null
2025-04-11 14:56:13.249 [org.springframework.kafka.KafkaListenerEndpointContainer#0-0-C-1] WARN  com.test.testboot.kafkaservice.ConsumerService - data 数组为空或无效
2025-04-11 14:56:13.250 [org.springframework.kafka.KafkaListenerEndpointContainer#0-0-C-1] INFO  com.test.testboot.kafkaservice.ConsumerService - CanalModel: null
2025-04-11 14:56:13.250 [org.springframework.kafka.KafkaListenerEndpointContainer#0-0-C-1] WARN  com.test.testboot.kafkaservice.ConsumerService - data 数组为空或无效
2025-04-11 14:56:13.250 [org.springframework.kafka.KafkaListenerEndpointContainer#0-0-C-1] INFO  com.test.testboot.kafkaservice.ConsumerService - CanalModel: null
2025-04-11 14:56:13.250 [org.springframework.kafka.KafkaListenerEndpointContainer#0-0-C-1] WARN  com.test.testboot.kafkaservice.ConsumerService - data 数组为空或无效
2025-04-11 14:56:13.250 [org.springframework.kafka.KafkaListenerEndpointContainer#0-0-C-1] INFO  com.test.testboot.kafkaservice.ConsumerService - CanalModel: null
2025-04-11 14:56:13.250 [org.springframework.kafka.KafkaListenerEndpointContainer#0-0-C-1] WARN  com.test.testboot.kafkaservice.ConsumerService - data 数组为空或无效
2025-04-11 14:56:13.250 [org.springframework.kafka.KafkaListenerEndpointContainer#0-0-C-1] INFO  com.test.testboot.kafkaservice.ConsumerService - CanalModel: null
2025-04-11 14:56:13.250 [org.springframework.kafka.KafkaListenerEndpointContainer#0-0-C-1] WARN  com.test.testboot.kafkaservice.ConsumerService - data 数组为空或无效
2025-04-11 14:56:13.250 [org.springframework.kafka.KafkaListenerEndpointContainer#0-0-C-1] INFO  com.test.testboot.kafkaservice.ConsumerService - CanalModel: null
2025-04-11 14:56:13.250 [org.springframework.kafka.KafkaListenerEndpointContainer#0-0-C-1] WARN  com.test.testboot.kafkaservice.ConsumerService - data 数组为空或无效
2025-04-11 14:56:13.250 [org.springframework.kafka.KafkaListenerEndpointContainer#0-0-C-1] INFO  com.test.testboot.kafkaservice.ConsumerService - CanalModel: null
2025-04-11 14:56:13.250 [org.springframework.kafka.KafkaListenerEndpointContainer#0-0-C-1] WARN  com.test.testboot.kafkaservice.ConsumerService - data 数组为空或无效
2025-04-11 14:56:13.250 [org.springframework.kafka.KafkaListenerEndpointContainer#0-0-C-1] INFO  com.test.testboot.kafkaservice.ConsumerService - CanalModel: null
2025-04-11 14:56:13.250 [org.springframework.kafka.KafkaListenerEndpointContainer#0-0-C-1] WARN  com.test.testboot.kafkaservice.ConsumerService - data 数组为空或无效
2025-04-11 14:56:13.250 [org.springframework.kafka.KafkaListenerEndpointContainer#0-0-C-1] INFO  com.test.testboot.kafkaservice.ConsumerService - CanalModel: null
2025-04-11 14:56:13.250 [org.springframework.kafka.KafkaListenerEndpointContainer#0-0-C-1] WARN  com.test.testboot.kafkaservice.ConsumerService - data 数组为空或无效
2025-04-11 14:56:13.250 [org.springframework.kafka.KafkaListenerEndpointContainer#0-0-C-1] INFO  com.test.testboot.kafkaservice.ConsumerService - CanalModel: null
2025-04-11 14:56:13.250 [org.springframework.kafka.KafkaListenerEndpointContainer#0-0-C-1] WARN  com.test.testboot.kafkaservice.ConsumerService - data 数组为空或无效
2025-04-11 14:56:13.250 [org.springframework.kafka.KafkaListenerEndpointContainer#0-0-C-1] INFO  com.test.testboot.kafkaservice.ConsumerService - CanalModel: null
2025-04-11 14:56:13.251 [org.springframework.kafka.KafkaListenerEndpointContainer#0-0-C-1] WARN  com.test.testboot.kafkaservice.ConsumerService - data 数组为空或无效
2025-04-11 14:56:13.251 [org.springframework.kafka.KafkaListenerEndpointContainer#0-0-C-1] INFO  com.test.testboot.kafkaservice.ConsumerService - CanalModel: null
2025-04-11 14:56:13.251 [org.springframework.kafka.KafkaListenerEndpointContainer#0-0-C-1] INFO  com.test.testboot.kafkaservice.ConsumerService - Redis操作Delect成功 - id: null
2025-04-11 14:56:13.252 [org.springframework.kafka.KafkaListenerEndpointContainer#0-0-C-1] INFO  com.test.testboot.kafkaservice.ConsumerService - Redis操作INSERT成功 - id: null, value: {"Comment":"Eureka服务Url，多个service以英文逗号分隔","DataChange_CreatedBy":"default","IsDeleted":"0","DataChange_LastModifiedBy":"","Value":"http://localhost:8080/eureka/","Cluster":"default","Id":"1","DeletedAt":"0","DataChange_CreatedTime":"2025-04-10 20:52:10","Key":"eureka.service.url","DataChange_LastTime":"2025-04-10 20:52:10"}
2025-04-11 14:56:13.252 [org.springframework.kafka.KafkaListenerEndpointContainer#0-0-C-1] INFO  com.test.testboot.kafkaservice.ConsumerService - CanalModel: null
2025-04-11 14:56:13.253 [org.springframework.kafka.KafkaListenerEndpointContainer#0-0-C-1] INFO  com.test.testboot.kafkaservice.ConsumerService - Redis操作Delect成功 - id: null
2025-04-11 14:56:13.253 [org.springframework.kafka.KafkaListenerEndpointContainer#0-0-C-1] INFO  com.test.testboot.kafkaservice.ConsumerService - Redis操作INSERT成功 - id: null, value: {"DataChange_CreatedBy":"default","OwnerName":"apollo","IsDeleted":"0","DataChange_LastModifiedBy":"","OrgName":"样例部门1","Name":"Sample App","DataChange_LastTime":"2025-04-10 20:52:10","OrgId":"TEST1","AppId":"SampleApp","Id":"1","DeletedAt":"0","DataChange_CreatedTime":"2025-04-10 20:52:10","OwnerEmail":"apollo@acme.com"}
2025-04-11 14:56:13.253 [org.springframework.kafka.KafkaListenerEndpointContainer#0-0-C-1] INFO  com.test.testboot.kafkaservice.ConsumerService - CanalModel: null
2025-04-11 14:56:13.253 [org.springframework.kafka.KafkaListenerEndpointContainer#0-0-C-1] INFO  com.test.testboot.kafkaservice.ConsumerService - Redis操作Delect成功 - id: null
2025-04-11 14:56:13.254 [org.springframework.kafka.KafkaListenerEndpointContainer#0-0-C-1] INFO  com.test.testboot.kafkaservice.ConsumerService - Redis操作INSERT成功 - id: null, value: {"Comment":"default app namespace","DataChange_CreatedBy":"default","IsDeleted":"0","Format":"properties","AppId":"SampleApp","DataChange_LastModifiedBy":"","IsPublic":"0","Id":"1","DeletedAt":"0","DataChange_CreatedTime":"2025-04-10 20:52:10","Name":"application","DataChange_LastTime":"2025-04-10 20:52:10"}
2025-04-11 14:56:13.254 [org.springframework.kafka.KafkaListenerEndpointContainer#0-0-C-1] INFO  com.test.testboot.kafkaservice.ConsumerService - CanalModel: null
2025-04-11 14:56:13.254 [org.springframework.kafka.KafkaListenerEndpointContainer#0-0-C-1] INFO  com.test.testboot.kafkaservice.ConsumerService - Redis操作Delect成功 - id: null
2025-04-11 14:56:13.255 [org.springframework.kafka.KafkaListenerEndpointContainer#0-0-C-1] INFO  com.test.testboot.kafkaservice.ConsumerService - Redis操作INSERT成功 - id: null, value: {"DataChange_CreatedBy":"default","IsDeleted":"0","AppId":"SampleApp","DataChange_LastModifiedBy":"","Id":"1","DeletedAt":"0","DataChange_CreatedTime":"2025-04-10 20:52:10","ParentClusterId":"0","Name":"default","DataChange_LastTime":"2025-04-10 20:52:10"}
2025-04-11 14:56:13.255 [org.springframework.kafka.KafkaListenerEndpointContainer#0-0-C-1] INFO  com.test.testboot.kafkaservice.ConsumerService - CanalModel: null
2025-04-11 14:56:13.255 [org.springframework.kafka.KafkaListenerEndpointContainer#0-0-C-1] INFO  com.test.testboot.kafkaservice.ConsumerService - Redis操作Delect成功 - id: null
2025-04-11 14:56:13.256 [org.springframework.kafka.KafkaListenerEndpointContainer#0-0-C-1] INFO  com.test.testboot.kafkaservice.ConsumerService - Redis操作INSERT成功 - id: null, value: {"NamespaceName":"application","DataChange_CreatedBy":"default","IsDeleted":"0","AppId":"SampleApp","DataChange_LastModifiedBy":"","ClusterName":"default","Id":"1","DeletedAt":"0","DataChange_CreatedTime":"2025-04-10 20:52:10","DataChange_LastTime":"2025-04-10 20:52:10"}
2025-04-11 14:56:13.256 [org.springframework.kafka.KafkaListenerEndpointContainer#0-0-C-1] INFO  com.test.testboot.kafkaservice.ConsumerService - CanalModel: null
2025-04-11 14:56:13.256 [org.springframework.kafka.KafkaListenerEndpointContainer#0-0-C-1] INFO  com.test.testboot.kafkaservice.ConsumerService - Redis操作Delect成功 - id: null
2025-04-11 14:56:13.257 [org.springframework.kafka.KafkaListenerEndpointContainer#0-0-C-1] INFO  com.test.testboot.kafkaservice.ConsumerService - Redis操作INSERT成功 - id: null, value: {"Comment":"sample timeout配置","DataChange_CreatedBy":"default","IsDeleted":"0","DataChange_LastModifiedBy":"","DataChange_LastTime":"2025-04-10 20:52:10","LineNum":"1","Type":"0","Value":"100","Id":"1","NamespaceId":"1","DeletedAt":"0","DataChange_CreatedTime":"2025-04-10 20:52:10","Key":"timeout"}
2025-04-11 14:56:13.257 [org.springframework.kafka.KafkaListenerEndpointContainer#0-0-C-1] INFO  com.test.testboot.kafkaservice.ConsumerService - CanalModel: null
2025-04-11 14:56:13.257 [org.springframework.kafka.KafkaListenerEndpointContainer#0-0-C-1] INFO  com.test.testboot.kafkaservice.ConsumerService - Redis操作Delect成功 - id: null
2025-04-11 14:56:13.257 [org.springframework.kafka.KafkaListenerEndpointContainer#0-0-C-1] INFO  com.test.testboot.kafkaservice.ConsumerService - Redis操作INSERT成功 - id: null, value: {"Comment":"Sample发布","DataChange_CreatedBy":"default","IsDeleted":"0","IsAbandoned":"0","DataChange_LastModifiedBy":"","Name":"20161009155424-release","DataChange_LastTime":"2025-04-10 20:52:10","NamespaceName":"application","AppId":"SampleApp","ClusterName":"default","Id":"1","ReleaseKey":"20161009155425-d3a0749c6e20bc15","Configurations":"{\"timeout\":\"100\"}","DeletedAt":"0","DataChange_CreatedTime":"2025-04-10 20:52:10"}
2025-04-11 14:56:13.257 [org.springframework.kafka.KafkaListenerEndpointContainer#0-0-C-1] INFO  com.test.testboot.kafkaservice.ConsumerService - CanalModel: null
2025-04-11 14:56:13.258 [org.springframework.kafka.KafkaListenerEndpointContainer#0-0-C-1] INFO  com.test.testboot.kafkaservice.ConsumerService - Redis操作Delect成功 - id: null
2025-04-11 14:56:13.258 [org.springframework.kafka.KafkaListenerEndpointContainer#0-0-C-1] INFO  com.test.testboot.kafkaservice.ConsumerService - Redis操作INSERT成功 - id: null, value: {"OperationContext":"{}","DataChange_CreatedBy":"apollo","IsDeleted":"0","DataChange_LastModifiedBy":"apollo","ReleaseId":"1","Operation":"0","PreviousReleaseId":"0","DataChange_LastTime":"2025-04-10 20:52:10","NamespaceName":"application","AppId":"SampleApp","ClusterName":"default","Id":"1","BranchName":"default","DeletedAt":"0","DataChange_CreatedTime":"2025-04-10 20:52:10"}
2025-04-11 14:56:13.258 [org.springframework.kafka.KafkaListenerEndpointContainer#0-0-C-1] INFO  com.test.testboot.kafkaservice.ConsumerService - CanalModel: null
2025-04-11 14:56:13.259 [org.springframework.kafka.KafkaListenerEndpointContainer#0-0-C-1] INFO  com.test.testboot.kafkaservice.ConsumerService - Redis操作Delect成功 - id: null
2025-04-11 14:56:13.259 [org.springframework.kafka.KafkaListenerEndpointContainer#0-0-C-1] INFO  com.test.testboot.kafkaservice.ConsumerService - Redis操作INSERT成功 - id: null, value: {"Message":"SampleApp+default+application","Id":"1","DataChange_LastTime":"2025-04-10 20:52:10"}
2025-04-11 14:56:13.259 [org.springframework.kafka.KafkaListenerEndpointContainer#0-0-C-1] INFO  com.test.testboot.kafkaservice.ConsumerService - CanalModel: null
2025-04-11 14:56:13.259 [org.springframework.kafka.KafkaListenerEndpointContainer#0-0-C-1] WARN  com.test.testboot.kafkaservice.ConsumerService - data 数组为空或无效
2025-04-11 14:56:13.259 [org.springframework.kafka.KafkaListenerEndpointContainer#0-0-C-1] INFO  com.test.testboot.kafkaservice.ConsumerService - CanalModel: null
2025-04-11 14:56:13.259 [org.springframework.kafka.KafkaListenerEndpointContainer#0-0-C-1] WARN  com.test.testboot.kafkaservice.ConsumerService - data 数组为空或无效
2025-04-11 14:56:13.259 [org.springframework.kafka.KafkaListenerEndpointContainer#0-0-C-1] INFO  com.test.testboot.kafkaservice.ConsumerService - CanalModel: null
2025-04-11 14:56:13.259 [org.springframework.kafka.KafkaListenerEndpointContainer#0-0-C-1] WARN  com.test.testboot.kafkaservice.ConsumerService - data 数组为空或无效
2025-04-11 14:56:13.259 [org.springframework.kafka.KafkaListenerEndpointContainer#0-0-C-1] INFO  com.test.testboot.kafkaservice.ConsumerService - CanalModel: null
2025-04-11 14:56:13.259 [org.springframework.kafka.KafkaListenerEndpointContainer#0-0-C-1] WARN  com.test.testboot.kafkaservice.ConsumerService - data 数组为空或无效
2025-04-11 14:56:13.259 [org.springframework.kafka.KafkaListenerEndpointContainer#0-0-C-1] INFO  com.test.testboot.kafkaservice.ConsumerService - CanalModel: null
2025-04-11 14:56:13.259 [org.springframework.kafka.KafkaListenerEndpointContainer#0-0-C-1] WARN  com.test.testboot.kafkaservice.ConsumerService - data 数组为空或无效
2025-04-11 14:56:13.259 [org.springframework.kafka.KafkaListenerEndpointContainer#0-0-C-1] INFO  com.test.testboot.kafkaservice.ConsumerService - CanalModel: null
2025-04-11 14:56:13.259 [org.springframework.kafka.KafkaListenerEndpointContainer#0-0-C-1] WARN  com.test.testboot.kafkaservice.ConsumerService - data 数组为空或无效
2025-04-11 14:56:13.259 [org.springframework.kafka.KafkaListenerEndpointContainer#0-0-C-1] INFO  com.test.testboot.kafkaservice.ConsumerService - CanalModel: null
2025-04-11 14:56:13.260 [org.springframework.kafka.KafkaListenerEndpointContainer#0-0-C-1] WARN  com.test.testboot.kafkaservice.ConsumerService - data 数组为空或无效
2025-04-11 14:56:13.260 [org.springframework.kafka.KafkaListenerEndpointContainer#0-0-C-1] INFO  com.test.testboot.kafkaservice.ConsumerService - CanalModel: null
2025-04-11 14:56:13.260 [org.springframework.kafka.KafkaListenerEndpointContainer#0-0-C-1] WARN  com.test.testboot.kafkaservice.ConsumerService - data 数组为空或无效
2025-04-11 14:56:13.260 [org.springframework.kafka.KafkaListenerEndpointContainer#0-0-C-1] INFO  com.test.testboot.kafkaservice.ConsumerService - CanalModel: null
2025-04-11 14:56:13.260 [org.springframework.kafka.KafkaListenerEndpointContainer#0-0-C-1] WARN  com.test.testboot.kafkaservice.ConsumerService - data 数组为空或无效
2025-04-11 14:56:13.260 [org.springframework.kafka.KafkaListenerEndpointContainer#0-0-C-1] INFO  com.test.testboot.kafkaservice.ConsumerService - CanalModel: null
2025-04-11 14:56:13.260 [org.springframework.kafka.KafkaListenerEndpointContainer#0-0-C-1] WARN  com.test.testboot.kafkaservice.ConsumerService - data 数组为空或无效
2025-04-11 14:56:13.260 [org.springframework.kafka.KafkaListenerEndpointContainer#0-0-C-1] INFO  com.test.testboot.kafkaservice.ConsumerService - CanalModel: null
2025-04-11 14:56:13.260 [org.springframework.kafka.KafkaListenerEndpointContainer#0-0-C-1] WARN  com.test.testboot.kafkaservice.ConsumerService - data 数组为空或无效
2025-04-11 14:56:13.260 [org.springframework.kafka.KafkaListenerEndpointContainer#0-0-C-1] INFO  com.test.testboot.kafkaservice.ConsumerService - CanalModel: null
2025-04-11 14:56:13.260 [org.springframework.kafka.KafkaListenerEndpointContainer#0-0-C-1] WARN  com.test.testboot.kafkaservice.ConsumerService - data 数组为空或无效
2025-04-11 14:56:13.260 [org.springframework.kafka.KafkaListenerEndpointContainer#0-0-C-1] INFO  com.test.testboot.kafkaservice.ConsumerService - CanalModel: null
2025-04-11 14:56:13.260 [org.springframework.kafka.KafkaListenerEndpointContainer#0-0-C-1] WARN  com.test.testboot.kafkaservice.ConsumerService - data 数组为空或无效
2025-04-11 14:56:13.260 [org.springframework.kafka.KafkaListenerEndpointContainer#0-0-C-1] INFO  com.test.testboot.kafkaservice.ConsumerService - CanalModel: null
2025-04-11 14:56:13.260 [org.springframework.kafka.KafkaListenerEndpointContainer#0-0-C-1] WARN  com.test.testboot.kafkaservice.ConsumerService - data 数组为空或无效
2025-04-11 14:56:13.260 [org.springframework.kafka.KafkaListenerEndpointContainer#0-0-C-1] INFO  com.test.testboot.kafkaservice.ConsumerService - CanalModel: null
2025-04-11 14:56:13.260 [org.springframework.kafka.KafkaListenerEndpointContainer#0-0-C-1] WARN  com.test.testboot.kafkaservice.ConsumerService - data 数组为空或无效
2025-04-11 14:56:13.260 [org.springframework.kafka.KafkaListenerEndpointContainer#0-0-C-1] INFO  com.test.testboot.kafkaservice.ConsumerService - CanalModel: null
2025-04-11 14:56:13.260 [org.springframework.kafka.KafkaListenerEndpointContainer#0-0-C-1] WARN  com.test.testboot.kafkaservice.ConsumerService - data 数组为空或无效
2025-04-11 14:56:13.260 [org.springframework.kafka.KafkaListenerEndpointContainer#0-0-C-1] INFO  com.test.testboot.kafkaservice.ConsumerService - CanalModel: null
2025-04-11 14:56:13.260 [org.springframework.kafka.KafkaListenerEndpointContainer#0-0-C-1] WARN  com.test.testboot.kafkaservice.ConsumerService - data 数组为空或无效
2025-04-11 14:56:13.261 [org.springframework.kafka.KafkaListenerEndpointContainer#0-0-C-1] INFO  com.test.testboot.kafkaservice.ConsumerService - CanalModel: null
2025-04-11 14:56:13.261 [org.springframework.kafka.KafkaListenerEndpointContainer#0-0-C-1] WARN  com.test.testboot.kafkaservice.ConsumerService - data 数组为空或无效
2025-04-11 14:56:13.261 [org.springframework.kafka.KafkaListenerEndpointContainer#0-0-C-1] INFO  com.test.testboot.kafkaservice.ConsumerService - CanalModel: null
2025-04-11 14:56:13.261 [org.springframework.kafka.KafkaListenerEndpointContainer#0-0-C-1] WARN  com.test.testboot.kafkaservice.ConsumerService - data 数组为空或无效
2025-04-11 14:56:13.261 [org.springframework.kafka.KafkaListenerEndpointContainer#0-0-C-1] INFO  com.test.testboot.kafkaservice.ConsumerService - CanalModel: null
2025-04-11 14:56:13.261 [org.springframework.kafka.KafkaListenerEndpointContainer#0-0-C-1] WARN  com.test.testboot.kafkaservice.ConsumerService - data 数组为空或无效
2025-04-11 14:56:13.261 [org.springframework.kafka.KafkaListenerEndpointContainer#0-0-C-1] INFO  com.test.testboot.kafkaservice.ConsumerService - CanalModel: null
2025-04-11 14:56:13.261 [org.springframework.kafka.KafkaListenerEndpointContainer#0-0-C-1] WARN  com.test.testboot.kafkaservice.ConsumerService - data 数组为空或无效
2025-04-11 14:56:13.261 [org.springframework.kafka.KafkaListenerEndpointContainer#0-0-C-1] INFO  com.test.testboot.kafkaservice.ConsumerService - CanalModel: null
2025-04-11 14:56:13.261 [org.springframework.kafka.KafkaListenerEndpointContainer#0-0-C-1] WARN  com.test.testboot.kafkaservice.ConsumerService - data 数组为空或无效
2025-04-11 14:56:13.261 [org.springframework.kafka.KafkaListenerEndpointContainer#0-0-C-1] INFO  com.test.testboot.kafkaservice.ConsumerService - CanalModel: null
2025-04-11 14:56:13.261 [org.springframework.kafka.KafkaListenerEndpointContainer#0-0-C-1] WARN  com.test.testboot.kafkaservice.ConsumerService - data 数组为空或无效
2025-04-11 14:56:13.261 [org.springframework.kafka.KafkaListenerEndpointContainer#0-0-C-1] INFO  com.test.testboot.kafkaservice.ConsumerService - CanalModel: null
2025-04-11 14:56:13.261 [org.springframework.kafka.KafkaListenerEndpointContainer#0-0-C-1] WARN  com.test.testboot.kafkaservice.ConsumerService - data 数组为空或无效
2025-04-11 14:56:13.261 [org.springframework.kafka.KafkaListenerEndpointContainer#0-0-C-1] INFO  com.test.testboot.kafkaservice.ConsumerService - CanalModel: null
2025-04-11 14:56:13.261 [org.springframework.kafka.KafkaListenerEndpointContainer#0-0-C-1] WARN  com.test.testboot.kafkaservice.ConsumerService - data 数组为空或无效
2025-04-11 14:56:13.261 [org.springframework.kafka.KafkaListenerEndpointContainer#0-0-C-1] INFO  com.test.testboot.kafkaservice.ConsumerService - CanalModel: null
2025-04-11 14:56:13.261 [org.springframework.kafka.KafkaListenerEndpointContainer#0-0-C-1] WARN  com.test.testboot.kafkaservice.ConsumerService - data 数组为空或无效
2025-04-11 14:56:13.261 [org.springframework.kafka.KafkaListenerEndpointContainer#0-0-C-1] INFO  com.test.testboot.kafkaservice.ConsumerService - CanalModel: null
2025-04-11 14:56:13.261 [org.springframework.kafka.KafkaListenerEndpointContainer#0-0-C-1] WARN  com.test.testboot.kafkaservice.ConsumerService - data 数组为空或无效
2025-04-11 14:56:13.261 [org.springframework.kafka.KafkaListenerEndpointContainer#0-0-C-1] INFO  com.test.testboot.kafkaservice.ConsumerService - CanalModel: null
2025-04-11 14:56:13.261 [org.springframework.kafka.KafkaListenerEndpointContainer#0-0-C-1] WARN  com.test.testboot.kafkaservice.ConsumerService - data 数组为空或无效
2025-04-11 14:56:13.261 [org.springframework.kafka.KafkaListenerEndpointContainer#0-0-C-1] INFO  com.test.testboot.kafkaservice.ConsumerService - CanalModel: null
2025-04-11 14:56:13.261 [org.springframework.kafka.KafkaListenerEndpointContainer#0-0-C-1] WARN  com.test.testboot.kafkaservice.ConsumerService - data 数组为空或无效
2025-04-11 14:56:13.261 [org.springframework.kafka.KafkaListenerEndpointContainer#0-0-C-1] INFO  com.test.testboot.kafkaservice.ConsumerService - CanalModel: null
2025-04-11 14:56:13.261 [org.springframework.kafka.KafkaListenerEndpointContainer#0-0-C-1] WARN  com.test.testboot.kafkaservice.ConsumerService - data 数组为空或无效
2025-04-11 14:56:13.261 [org.springframework.kafka.KafkaListenerEndpointContainer#0-0-C-1] INFO  com.test.testboot.kafkaservice.ConsumerService - CanalModel: null
2025-04-11 14:56:13.261 [org.springframework.kafka.KafkaListenerEndpointContainer#0-0-C-1] WARN  com.test.testboot.kafkaservice.ConsumerService - data 数组为空或无效
2025-04-11 14:56:13.262 [org.springframework.kafka.KafkaListenerEndpointContainer#0-0-C-1] INFO  com.test.testboot.kafkaservice.ConsumerService - CanalModel: null
2025-04-11 14:56:13.262 [org.springframework.kafka.KafkaListenerEndpointContainer#0-0-C-1] WARN  com.test.testboot.kafkaservice.ConsumerService - data 数组为空或无效
2025-04-11 14:56:13.262 [org.springframework.kafka.KafkaListenerEndpointContainer#0-0-C-1] INFO  com.test.testboot.kafkaservice.ConsumerService - CanalModel: null
2025-04-11 14:56:13.262 [org.springframework.kafka.KafkaListenerEndpointContainer#0-0-C-1] WARN  com.test.testboot.kafkaservice.ConsumerService - data 数组为空或无效
2025-04-11 14:56:13.262 [org.springframework.kafka.KafkaListenerEndpointContainer#0-0-C-1] INFO  com.test.testboot.kafkaservice.ConsumerService - CanalModel: null
2025-04-11 14:56:13.262 [org.springframework.kafka.KafkaListenerEndpointContainer#0-0-C-1] WARN  com.test.testboot.kafkaservice.ConsumerService - data 数组为空或无效
2025-04-11 14:56:13.262 [org.springframework.kafka.KafkaListenerEndpointContainer#0-0-C-1] INFO  com.test.testboot.kafkaservice.ConsumerService - CanalModel: null
2025-04-11 14:56:13.262 [org.springframework.kafka.KafkaListenerEndpointContainer#0-0-C-1] WARN  com.test.testboot.kafkaservice.ConsumerService - data 数组为空或无效
2025-04-11 14:56:13.262 [org.springframework.kafka.KafkaListenerEndpointContainer#0-0-C-1] INFO  com.test.testboot.kafkaservice.ConsumerService - CanalModel: null
2025-04-11 14:56:13.262 [org.springframework.kafka.KafkaListenerEndpointContainer#0-0-C-1] WARN  com.test.testboot.kafkaservice.ConsumerService - data 数组为空或无效
2025-04-11 14:56:13.262 [org.springframework.kafka.KafkaListenerEndpointContainer#0-0-C-1] INFO  com.test.testboot.kafkaservice.ConsumerService - CanalModel: null
2025-04-11 14:56:13.262 [org.springframework.kafka.KafkaListenerEndpointContainer#0-0-C-1] WARN  com.test.testboot.kafkaservice.ConsumerService - data 数组为空或无效
2025-04-11 14:56:13.262 [org.springframework.kafka.KafkaListenerEndpointContainer#0-0-C-1] INFO  com.test.testboot.kafkaservice.ConsumerService - CanalModel: null
2025-04-11 14:56:13.262 [org.springframework.kafka.KafkaListenerEndpointContainer#0-0-C-1] WARN  com.test.testboot.kafkaservice.ConsumerService - data 数组为空或无效
2025-04-11 14:56:13.262 [org.springframework.kafka.KafkaListenerEndpointContainer#0-0-C-1] INFO  com.test.testboot.kafkaservice.ConsumerService - CanalModel: null
2025-04-11 14:56:13.262 [org.springframework.kafka.KafkaListenerEndpointContainer#0-0-C-1] WARN  com.test.testboot.kafkaservice.ConsumerService - data 数组为空或无效
2025-04-11 14:56:13.262 [org.springframework.kafka.KafkaListenerEndpointContainer#0-0-C-1] INFO  com.test.testboot.kafkaservice.ConsumerService - CanalModel: null
2025-04-11 14:56:13.263 [org.springframework.kafka.KafkaListenerEndpointContainer#0-0-C-1] INFO  com.test.testboot.kafkaservice.ConsumerService - Redis操作Delect成功 - id: null
2025-04-11 14:56:13.263 [org.springframework.kafka.KafkaListenerEndpointContainer#0-0-C-1] INFO  com.test.testboot.kafkaservice.ConsumerService - Redis操作INSERT成功 - id: null, value: {"Comment":"可支持的环境列表","DataChange_CreatedBy":"default","IsDeleted":"0","DataChange_LastModifiedBy":"","Value":"dev","Id":"1","DeletedAt":"0","DataChange_CreatedTime":"2025-04-10 23:09:00","Key":"apollo.portal.envs","DataChange_LastTime":"2025-04-10 23:09:00"}
2025-04-11 14:56:13.263 [org.springframework.kafka.KafkaListenerEndpointContainer#0-0-C-1] INFO  com.test.testboot.kafkaservice.ConsumerService - CanalModel: null
2025-04-11 14:56:13.264 [org.springframework.kafka.KafkaListenerEndpointContainer#0-0-C-1] INFO  com.test.testboot.kafkaservice.ConsumerService - Redis操作Delect成功 - id: null
2025-04-11 14:56:13.264 [org.springframework.kafka.KafkaListenerEndpointContainer#0-0-C-1] INFO  com.test.testboot.kafkaservice.ConsumerService - Redis操作INSERT成功 - id: null, value: {"Email":"apollo@acme.com","Username":"apollo","Enabled":"1","Id":"1","UserDisplayName":"apollo","Password":"$2a$10$7r20uS.BQ9uBpf3Baj3uQOZvMVvB1RN3PYoKE94gtz2.WAOuiiwXS"}
2025-04-11 14:56:13.264 [org.springframework.kafka.KafkaListenerEndpointContainer#0-0-C-1] INFO  com.test.testboot.kafkaservice.ConsumerService - CanalModel: null
2025-04-11 14:56:13.264 [org.springframework.kafka.KafkaListenerEndpointContainer#0-0-C-1] INFO  com.test.testboot.kafkaservice.ConsumerService - Redis操作Delect成功 - id: null
2025-04-11 14:56:13.265 [org.springframework.kafka.KafkaListenerEndpointContainer#0-0-C-1] INFO  com.test.testboot.kafkaservice.ConsumerService - Redis操作INSERT成功 - id: null, value: {"Username":"apollo","Authority":"ROLE_user","Id":"1"}
2025-04-11 14:56:13.265 [org.springframework.kafka.KafkaListenerEndpointContainer#0-0-C-1] INFO  com.test.testboot.kafkaservice.ConsumerService - CanalModel: null
2025-04-11 14:56:13.265 [org.springframework.kafka.KafkaListenerEndpointContainer#0-0-C-1] WARN  com.test.testboot.kafkaservice.ConsumerService - data 数组为空或无效
2025-04-11 14:56:13.265 [org.springframework.kafka.KafkaListenerEndpointContainer#0-0-C-1] INFO  com.test.testboot.kafkaservice.ConsumerService - CanalModel: null
2025-04-11 14:56:13.265 [org.springframework.kafka.KafkaListenerEndpointContainer#0-0-C-1] WARN  com.test.testboot.kafkaservice.ConsumerService - data 数组为空或无效
2025-04-11 14:56:13.265 [org.springframework.kafka.KafkaListenerEndpointContainer#0-0-C-1] INFO  com.test.testboot.kafkaservice.ConsumerService - CanalModel: null
2025-04-11 14:56:13.265 [org.springframework.kafka.KafkaListenerEndpointContainer#0-0-C-1] WARN  com.test.testboot.kafkaservice.ConsumerService - data 数组为空或无效
2025-04-11 14:56:13.265 [org.springframework.kafka.KafkaListenerEndpointContainer#0-0-C-1] INFO  com.test.testboot.kafkaservice.ConsumerService - CanalModel: null
2025-04-11 14:56:13.265 [org.springframework.kafka.KafkaListenerEndpointContainer#0-0-C-1] WARN  com.test.testboot.kafkaservice.ConsumerService - data 数组为空或无效
2025-04-11 14:56:13.265 [org.springframework.kafka.KafkaListenerEndpointContainer#0-0-C-1] INFO  com.test.testboot.kafkaservice.ConsumerService - CanalModel: null
2025-04-11 14:56:13.265 [org.springframework.kafka.KafkaListenerEndpointContainer#0-0-C-1] WARN  com.test.testboot.kafkaservice.ConsumerService - data 数组为空或无效
2025-04-11 14:56:13.265 [org.springframework.kafka.KafkaListenerEndpointContainer#0-0-C-1] INFO  com.test.testboot.kafkaservice.ConsumerService - CanalModel: null
2025-04-11 14:56:13.265 [org.springframework.kafka.KafkaListenerEndpointContainer#0-0-C-1] WARN  com.test.testboot.kafkaservice.ConsumerService - data 数组为空或无效
2025-04-11 14:56:13.265 [org.springframework.kafka.KafkaListenerEndpointContainer#0-0-C-1] INFO  com.test.testboot.kafkaservice.ConsumerService - CanalModel: null
2025-04-11 14:56:13.265 [org.springframework.kafka.KafkaListenerEndpointContainer#0-0-C-1] WARN  com.test.testboot.kafkaservice.ConsumerService - data 数组为空或无效
2025-04-11 14:56:13.265 [org.springframework.kafka.KafkaListenerEndpointContainer#0-0-C-1] INFO  com.test.testboot.kafkaservice.ConsumerService - CanalModel: null
2025-04-11 14:56:13.265 [org.springframework.kafka.KafkaListenerEndpointContainer#0-0-C-1] WARN  com.test.testboot.kafkaservice.ConsumerService - data 数组为空或无效
2025-04-11 14:56:13.265 [org.springframework.kafka.KafkaListenerEndpointContainer#0-0-C-1] INFO  com.test.testboot.kafkaservice.ConsumerService - CanalModel: null
2025-04-11 14:56:13.265 [org.springframework.kafka.KafkaListenerEndpointContainer#0-0-C-1] WARN  com.test.testboot.kafkaservice.ConsumerService - data 数组为空或无效
2025-04-11 14:56:13.265 [org.springframework.kafka.KafkaListenerEndpointContainer#0-0-C-1] INFO  com.test.testboot.kafkaservice.ConsumerService - CanalModel: null
2025-04-11 14:56:13.266 [org.springframework.kafka.KafkaListenerEndpointContainer#0-0-C-1] WARN  com.test.testboot.kafkaservice.ConsumerService - data 数组为空或无效
2025-04-11 14:56:13.266 [org.springframework.kafka.KafkaListenerEndpointContainer#0-0-C-1] INFO  com.test.testboot.kafkaservice.ConsumerService - CanalModel: null
2025-04-11 14:56:13.266 [org.springframework.kafka.KafkaListenerEndpointContainer#0-0-C-1] WARN  com.test.testboot.kafkaservice.ConsumerService - data 数组为空或无效
2025-04-11 14:56:13.266 [org.springframework.kafka.KafkaListenerEndpointContainer#0-0-C-1] INFO  com.test.testboot.kafkaservice.ConsumerService - CanalModel: null
2025-04-11 14:56:13.266 [org.springframework.kafka.KafkaListenerEndpointContainer#0-0-C-1] WARN  com.test.testboot.kafkaservice.ConsumerService - data 数组为空或无效
2025-04-11 14:56:13.266 [org.springframework.kafka.KafkaListenerEndpointContainer#0-0-C-1] INFO  com.test.testboot.kafkaservice.ConsumerService - CanalModel: null
2025-04-11 14:56:13.266 [org.springframework.kafka.KafkaListenerEndpointContainer#0-0-C-1] WARN  com.test.testboot.kafkaservice.ConsumerService - data 数组为空或无效
2025-04-11 14:56:13.266 [org.springframework.kafka.KafkaListenerEndpointContainer#0-0-C-1] INFO  com.test.testboot.kafkaservice.ConsumerService - CanalModel: null
2025-04-11 14:56:13.266 [org.springframework.kafka.KafkaListenerEndpointContainer#0-0-C-1] WARN  com.test.testboot.kafkaservice.ConsumerService - data 数组为空或无效
2025-04-11 14:56:13.266 [org.springframework.kafka.KafkaListenerEndpointContainer#0-0-C-1] INFO  com.test.testboot.kafkaservice.ConsumerService - CanalModel: null
2025-04-11 14:56:13.266 [org.springframework.kafka.KafkaListenerEndpointContainer#0-0-C-1] WARN  com.test.testboot.kafkaservice.ConsumerService - data 数组为空或无效
2025-04-11 14:56:13.266 [org.springframework.kafka.KafkaListenerEndpointContainer#0-0-C-1] INFO  com.test.testboot.kafkaservice.ConsumerService - CanalModel: null
2025-04-11 14:56:13.266 [org.springframework.kafka.KafkaListenerEndpointContainer#0-0-C-1] WARN  com.test.testboot.kafkaservice.ConsumerService - data 数组为空或无效
2025-04-11 14:56:13.266 [org.springframework.kafka.KafkaListenerEndpointContainer#0-0-C-1] INFO  com.test.testboot.kafkaservice.ConsumerService - CanalModel: null
2025-04-11 14:56:13.266 [org.springframework.kafka.KafkaListenerEndpointContainer#0-0-C-1] WARN  com.test.testboot.kafkaservice.ConsumerService - data 数组为空或无效
2025-04-11 14:56:13.266 [org.springframework.kafka.KafkaListenerEndpointContainer#0-0-C-1] INFO  com.test.testboot.kafkaservice.ConsumerService - CanalModel: null
2025-04-11 14:56:13.266 [org.springframework.kafka.KafkaListenerEndpointContainer#0-0-C-1] WARN  com.test.testboot.kafkaservice.ConsumerService - data 数组为空或无效
2025-04-11 14:56:13.266 [org.springframework.kafka.KafkaListenerEndpointContainer#0-0-C-1] INFO  com.test.testboot.kafkaservice.ConsumerService - CanalModel: null
2025-04-11 14:56:13.266 [org.springframework.kafka.KafkaListenerEndpointContainer#0-0-C-1] WARN  com.test.testboot.kafkaservice.ConsumerService - data 数组为空或无效
2025-04-11 14:56:13.266 [org.springframework.kafka.KafkaListenerEndpointContainer#0-0-C-1] INFO  com.test.testboot.kafkaservice.ConsumerService - CanalModel: null
2025-04-11 14:56:13.266 [org.springframework.kafka.KafkaListenerEndpointContainer#0-0-C-1] WARN  com.test.testboot.kafkaservice.ConsumerService - data 数组为空或无效
2025-04-11 14:56:13.266 [org.springframework.kafka.KafkaListenerEndpointContainer#0-0-C-1] INFO  com.test.testboot.kafkaservice.ConsumerService - CanalModel: null
2025-04-11 14:56:13.266 [org.springframework.kafka.KafkaListenerEndpointContainer#0-0-C-1] WARN  com.test.testboot.kafkaservice.ConsumerService - data 数组为空或无效
2025-04-11 14:56:13.266 [org.springframework.kafka.KafkaListenerEndpointContainer#0-0-C-1] INFO  com.test.testboot.kafkaservice.ConsumerService - CanalModel: null
2025-04-11 14:56:13.266 [org.springframework.kafka.KafkaListenerEndpointContainer#0-0-C-1] WARN  com.test.testboot.kafkaservice.ConsumerService - data 数组为空或无效
2025-04-11 14:56:13.266 [org.springframework.kafka.KafkaListenerEndpointContainer#0-0-C-1] INFO  com.test.testboot.kafkaservice.ConsumerService - CanalModel: null
2025-04-11 14:56:13.266 [org.springframework.kafka.KafkaListenerEndpointContainer#0-0-C-1] WARN  com.test.testboot.kafkaservice.ConsumerService - data 数组为空或无效
2025-04-11 14:56:13.266 [org.springframework.kafka.KafkaListenerEndpointContainer#0-0-C-1] INFO  com.test.testboot.kafkaservice.ConsumerService - CanalModel: null
2025-04-11 14:56:13.266 [org.springframework.kafka.KafkaListenerEndpointContainer#0-0-C-1] WARN  com.test.testboot.kafkaservice.ConsumerService - data 数组为空或无效
2025-04-11 14:56:13.266 [org.springframework.kafka.KafkaListenerEndpointContainer#0-0-C-1] INFO  com.test.testboot.kafkaservice.ConsumerService - CanalModel: null
2025-04-11 14:56:13.266 [org.springframework.kafka.KafkaListenerEndpointContainer#0-0-C-1] WARN  com.test.testboot.kafkaservice.ConsumerService - data 数组为空或无效
2025-04-11 14:56:13.267 [org.springframework.kafka.KafkaListenerEndpointContainer#0-0-C-1] INFO  com.test.testboot.kafkaservice.ConsumerService - CanalModel: null
2025-04-11 14:56:13.267 [org.springframework.kafka.KafkaListenerEndpointContainer#0-0-C-1] WARN  com.test.testboot.kafkaservice.ConsumerService - data 数组为空或无效
2025-04-11 14:56:13.267 [org.springframework.kafka.KafkaListenerEndpointContainer#0-0-C-1] INFO  com.test.testboot.kafkaservice.ConsumerService - CanalModel: null
2025-04-11 14:56:13.267 [org.springframework.kafka.KafkaListenerEndpointContainer#0-0-C-1] WARN  com.test.testboot.kafkaservice.ConsumerService - data 数组为空或无效
2025-04-11 14:56:13.267 [org.springframework.kafka.KafkaListenerEndpointContainer#0-0-C-1] INFO  com.test.testboot.kafkaservice.ConsumerService - CanalModel: null
2025-04-11 14:56:13.267 [org.springframework.kafka.KafkaListenerEndpointContainer#0-0-C-1] WARN  com.test.testboot.kafkaservice.ConsumerService - data 数组为空或无效
2025-04-11 14:56:13.267 [org.springframework.kafka.KafkaListenerEndpointContainer#0-0-C-1] INFO  com.test.testboot.kafkaservice.ConsumerService - CanalModel: null
2025-04-11 14:56:13.267 [org.springframework.kafka.KafkaListenerEndpointContainer#0-0-C-1] WARN  com.test.testboot.kafkaservice.ConsumerService - data 数组为空或无效
2025-04-11 14:56:13.267 [org.springframework.kafka.KafkaListenerEndpointContainer#0-0-C-1] INFO  com.test.testboot.kafkaservice.ConsumerService - CanalModel: null
2025-04-11 14:56:13.267 [org.springframework.kafka.KafkaListenerEndpointContainer#0-0-C-1] WARN  com.test.testboot.kafkaservice.ConsumerService - data 数组为空或无效
2025-04-11 14:56:13.267 [org.springframework.kafka.KafkaListenerEndpointContainer#0-0-C-1] INFO  com.test.testboot.kafkaservice.ConsumerService - CanalModel: null
2025-04-11 14:56:13.267 [org.springframework.kafka.KafkaListenerEndpointContainer#0-0-C-1] WARN  com.test.testboot.kafkaservice.ConsumerService - data 数组为空或无效
2025-04-11 14:56:13.267 [org.springframework.kafka.KafkaListenerEndpointContainer#0-0-C-1] INFO  com.test.testboot.kafkaservice.ConsumerService - CanalModel: null
2025-04-11 14:56:13.267 [org.springframework.kafka.KafkaListenerEndpointContainer#0-0-C-1] WARN  com.test.testboot.kafkaservice.ConsumerService - data 数组为空或无效
2025-04-11 14:56:13.267 [org.springframework.kafka.KafkaListenerEndpointContainer#0-0-C-1] INFO  com.test.testboot.kafkaservice.ConsumerService - CanalModel: null
2025-04-11 14:56:13.267 [org.springframework.kafka.KafkaListenerEndpointContainer#0-0-C-1] WARN  com.test.testboot.kafkaservice.ConsumerService - data 数组为空或无效
2025-04-11 14:56:13.267 [org.springframework.kafka.KafkaListenerEndpointContainer#0-0-C-1] INFO  com.test.testboot.kafkaservice.ConsumerService - CanalModel: null
2025-04-11 14:56:13.267 [org.springframework.kafka.KafkaListenerEndpointContainer#0-0-C-1] WARN  com.test.testboot.kafkaservice.ConsumerService - data 数组为空或无效
2025-04-11 14:56:13.267 [org.springframework.kafka.KafkaListenerEndpointContainer#0-0-C-1] INFO  com.test.testboot.kafkaservice.ConsumerService - CanalModel: null
2025-04-11 14:56:13.267 [org.springframework.kafka.KafkaListenerEndpointContainer#0-0-C-1] WARN  com.test.testboot.kafkaservice.ConsumerService - data 数组为空或无效
2025-04-11 14:56:13.267 [org.springframework.kafka.KafkaListenerEndpointContainer#0-0-C-1] INFO  com.test.testboot.kafkaservice.ConsumerService - CanalModel: null
2025-04-11 14:56:13.267 [org.springframework.kafka.KafkaListenerEndpointContainer#0-0-C-1] WARN  com.test.testboot.kafkaservice.ConsumerService - data 数组为空或无效
2025-04-11 14:56:13.267 [org.springframework.kafka.KafkaListenerEndpointContainer#0-0-C-1] INFO  com.test.testboot.kafkaservice.ConsumerService - CanalModel: null
2025-04-11 14:56:13.267 [org.springframework.kafka.KafkaListenerEndpointContainer#0-0-C-1] WARN  com.test.testboot.kafkaservice.ConsumerService - data 数组为空或无效
2025-04-11 14:56:13.267 [org.springframework.kafka.KafkaListenerEndpointContainer#0-0-C-1] INFO  com.test.testboot.kafkaservice.ConsumerService - CanalModel: null
2025-04-11 14:56:13.267 [org.springframework.kafka.KafkaListenerEndpointContainer#0-0-C-1] WARN  com.test.testboot.kafkaservice.ConsumerService - data 数组为空或无效
2025-04-11 14:56:13.267 [org.springframework.kafka.KafkaListenerEndpointContainer#0-0-C-1] INFO  com.test.testboot.kafkaservice.ConsumerService - CanalModel: null
2025-04-11 14:56:13.267 [org.springframework.kafka.KafkaListenerEndpointContainer#0-0-C-1] WARN  com.test.testboot.kafkaservice.ConsumerService - data 数组为空或无效
2025-04-11 14:56:13.267 [org.springframework.kafka.KafkaListenerEndpointContainer#0-0-C-1] INFO  com.test.testboot.kafkaservice.ConsumerService - CanalModel: null
2025-04-11 14:56:13.268 [org.springframework.kafka.KafkaListenerEndpointContainer#0-0-C-1] INFO  com.test.testboot.kafkaservice.ConsumerService - Redis操作Delect成功 - id: null
2025-04-11 14:56:13.268 [org.springframework.kafka.KafkaListenerEndpointContainer#0-0-C-1] INFO  com.test.testboot.kafkaservice.ConsumerService - Redis操作INSERT成功 - id: null, value: {"Comment":"Eureka服务Url，多个service以英文逗号分隔","DataChange_CreatedBy":"default","IsDeleted":"0","DataChange_LastModifiedBy":"","Value":"http://localhost:8080/eureka/","Cluster":"default","Id":"1","DeletedAt":"0","DataChange_CreatedTime":"2025-04-10 23:09:30","Key":"eureka.service.url","DataChange_LastTime":"2025-04-10 23:09:30"}
2025-04-11 14:56:13.269 [org.springframework.kafka.KafkaListenerEndpointContainer#0-0-C-1] INFO  com.test.testboot.kafkaservice.ConsumerService - CanalModel: null
2025-04-11 14:56:13.269 [org.springframework.kafka.KafkaListenerEndpointContainer#0-0-C-1] INFO  com.test.testboot.kafkaservice.ConsumerService - Redis操作Delect成功 - id: null
2025-04-11 14:56:13.269 [org.springframework.kafka.KafkaListenerEndpointContainer#0-0-C-1] INFO  com.test.testboot.kafkaservice.ConsumerService - Redis操作INSERT成功 - id: null, value: {"DataChange_CreatedBy":"apollo","IsDeleted":"0","DataChange_LastModifiedBy":"apollo","PermissionType":"CreateApplication","Id":"1","DeletedAt":"0","DataChange_CreatedTime":"2025-04-10 23:44:18","TargetId":"SystemRole","DataChange_LastTime":"2025-04-10 23:44:18"}
2025-04-11 14:56:13.269 [org.springframework.kafka.KafkaListenerEndpointContainer#0-0-C-1] INFO  com.test.testboot.kafkaservice.ConsumerService - CanalModel: null
2025-04-11 14:56:13.270 [org.springframework.kafka.KafkaListenerEndpointContainer#0-0-C-1] INFO  com.test.testboot.kafkaservice.ConsumerService - Redis操作Delect成功 - id: null
2025-04-11 14:56:13.270 [org.springframework.kafka.KafkaListenerEndpointContainer#0-0-C-1] INFO  com.test.testboot.kafkaservice.ConsumerService - Redis操作INSERT成功 - id: null, value: {"DataChange_CreatedBy":"apollo","RoleName":"CreateApplication+SystemRole","IsDeleted":"0","DataChange_LastModifiedBy":"apollo","Id":"1","DeletedAt":"0","DataChange_CreatedTime":"2025-04-10 23:44:18","DataChange_LastTime":"2025-04-10 23:44:18"}
2025-04-11 14:56:13.270 [org.springframework.kafka.KafkaListenerEndpointContainer#0-0-C-1] INFO  com.test.testboot.kafkaservice.ConsumerService - CanalModel: null
2025-04-11 14:56:13.271 [org.springframework.kafka.KafkaListenerEndpointContainer#0-0-C-1] INFO  com.test.testboot.kafkaservice.ConsumerService - Redis操作Delect成功 - id: null
2025-04-11 14:56:13.271 [org.springframework.kafka.KafkaListenerEndpointContainer#0-0-C-1] INFO  com.test.testboot.kafkaservice.ConsumerService - Redis操作INSERT成功 - id: null, value: {"DataChange_CreatedBy":"apollo","IsDeleted":"0","DataChange_LastModifiedBy":"apollo","Id":"1","PermissionId":"1","DeletedAt":"0","DataChange_CreatedTime":"2025-04-10 23:44:18","RoleId":"1","DataChange_LastTime":"2025-04-10 23:44:18"}
2025-04-11 14:56:13.271 [org.springframework.kafka.KafkaListenerEndpointContainer#0-0-C-1] INFO  com.test.testboot.kafkaservice.ConsumerService - CanalModel: null
2025-04-11 14:56:13.271 [org.springframework.kafka.KafkaListenerEndpointContainer#0-0-C-1] INFO  com.test.testboot.kafkaservice.ConsumerService - Redis操作Delect成功 - id: null
2025-04-11 14:56:13.272 [org.springframework.kafka.KafkaListenerEndpointContainer#0-0-C-1] INFO  com.test.testboot.kafkaservice.ConsumerService - Redis操作INSERT成功 - id: null, value: {"EXPIRY_TIME":"1744301670511","CREATION_TIME":"1744299870511","PRIMARY_ID":"efdee098-22de-4216-befa-700713f3103f","LAST_ACCESS_TIME":"1744299870511","SESSION_ID":"e6b26e24-adb1-4121-a771-15477618c80b","MAX_INACTIVE_INTERVAL":"1800"}
2025-04-11 14:56:13.272 [org.springframework.kafka.KafkaListenerEndpointContainer#0-0-C-1] INFO  com.test.testboot.kafkaservice.ConsumerService - CanalModel: null
2025-04-11 14:56:13.272 [org.springframework.kafka.KafkaListenerEndpointContainer#0-0-C-1] INFO  com.test.testboot.kafkaservice.ConsumerService - Redis操作Delect成功 - id: null
2025-04-11 14:56:13.273 [org.springframework.kafka.KafkaListenerEndpointContainer#0-0-C-1] INFO  com.test.testboot.kafkaservice.ConsumerService - Redis操作INSERT成功 - id: null, value: {"ATTRIBUTE_BYTES":"{\"@class\":\"org.springframework.security.web.savedrequest.DefaultSavedRequest\",\"cookies\":[\"java.util.ArrayList\",[]],\"locales\":[\"java.util.ArrayList\",[\"zh_CN\",\"zh\"]],\"headers\":{\"@class\":\"java.util.TreeMap\",\"accept\":[\"java.util.ArrayList\",[\"text/html,application/xhtml+xml,application/xml;q=0.9,image/avif,image/webp,image/apng,*/*;q=0.8,application/signed-exchange;v=b3;q=0.7\"]],\"accept-encoding\":[\"java.util.ArrayList\",[\"gzip, deflate, br, zstd\"]],\"accept-language\":[\"java.util.ArrayList\",[\"zh-CN,zh;q=0.9\"]],\"connection\":[\"java.util.ArrayList\",[\"keep-alive\"]],\"host\":[\"java.util.ArrayList\",[\"localhost:8070\"]],\"sec-ch-ua\":[\"java.util.ArrayList\",[\"\\\"Google Chrome\\\";v=\\\"135\\\", \\\"Not-A.Brand\\\";v=\\\"8\\\", \\\"Chromium\\\";v=\\\"135\\\"\"]],\"sec-ch-ua-mobile\":[\"java.util.ArrayList\",[\"?0\"]],\"sec-ch-ua-platform\":[\"java.util.ArrayList\",[\"\\\"macOS\\\"\"]],\"sec-fetch-dest\":[\"java.util.ArrayList\",[\"document\"]],\"sec-fetch-mode\":[\"java.util.ArrayList\",[\"navigate\"]],\"sec-fetch-site\":[\"java.util.ArrayList\",[\"none\"]],\"sec-fetch-user\":[\"java.util.ArrayList\",[\"?1\"]],\"upgrade-insecure-requests\":[\"java.util.ArrayList\",[\"1\"]],\"user-agent\":[\"java.util.ArrayList\",[\"Mozilla/5.0 (Macintosh; Intel Mac OS X 10_15_7) AppleWebKit/537.36 (KHTML, like Gecko) Chrome/135.0.0.0 Safari/537.36\"]]},\"parameters\":{\"@class\":\"java.util.TreeMap\"},\"contextPath\":\"\",\"method\":\"GET\",\"pathInfo\":null,\"queryString\":null,\"requestURI\":\"/\",\"requestURL\":\"http://localhost:8070/\",\"scheme\":\"http\",\"serverName\":\"localhost\",\"servletPath\":\"/\",\"serverPort\":8070}","ATTRIBUTE_NAME":"SPRING_SECURITY_SAVED_REQUEST","SESSION_PRIMARY_ID":"efdee098-22de-4216-befa-700713f3103f"}
2025-04-11 14:56:13.273 [org.springframework.kafka.KafkaListenerEndpointContainer#0-0-C-1] INFO  com.test.testboot.kafkaservice.ConsumerService - CanalModel: null
2025-04-11 14:56:13.273 [org.springframework.kafka.KafkaListenerEndpointContainer#0-0-C-1] INFO  com.test.testboot.kafkaservice.ConsumerService - Redis操作Delect成功 - id: null
2025-04-11 14:56:13.274 [org.springframework.kafka.KafkaListenerEndpointContainer#0-0-C-1] INFO  com.test.testboot.kafkaservice.ConsumerService - Redis操作Update成功 - id: null, value: {"EXPIRY_TIME":"1744301670564","CREATION_TIME":"1744299870511","PRIMARY_ID":"efdee098-22de-4216-befa-700713f3103f","LAST_ACCESS_TIME":"1744299870564","SESSION_ID":"e6b26e24-adb1-4121-a771-15477618c80b","MAX_INACTIVE_INTERVAL":"1800"}
2025-04-11 14:56:13.274 [org.springframework.kafka.KafkaListenerEndpointContainer#0-0-C-1] INFO  com.test.testboot.kafkaservice.ConsumerService - CanalModel: null
2025-04-11 14:56:13.274 [org.springframework.kafka.KafkaListenerEndpointContainer#0-0-C-1] INFO  com.test.testboot.kafkaservice.ConsumerService - Redis操作Delect成功 - id: null
2025-04-11 14:56:13.274 [org.springframework.kafka.KafkaListenerEndpointContainer#0-0-C-1] INFO  com.test.testboot.kafkaservice.ConsumerService - Redis操作Update成功 - id: null, value: {"EXPIRY_TIME":"1744301670649","CREATION_TIME":"1744299870511","PRIMARY_ID":"efdee098-22de-4216-befa-700713f3103f","LAST_ACCESS_TIME":"1744299870649","SESSION_ID":"e6b26e24-adb1-4121-a771-15477618c80b","MAX_INACTIVE_INTERVAL":"1800"}
2025-04-11 14:56:13.274 [org.springframework.kafka.KafkaListenerEndpointContainer#0-0-C-1] INFO  com.test.testboot.kafkaservice.ConsumerService - CanalModel: null
2025-04-11 14:56:13.275 [org.springframework.kafka.KafkaListenerEndpointContainer#0-0-C-1] INFO  com.test.testboot.kafkaservice.ConsumerService - Redis操作Delect成功 - id: null
2025-04-11 14:56:13.275 [org.springframework.kafka.KafkaListenerEndpointContainer#0-0-C-1] INFO  com.test.testboot.kafkaservice.ConsumerService - Redis操作Update成功 - id: null, value: {"EXPIRY_TIME":"1744301670652","CREATION_TIME":"1744299870511","PRIMARY_ID":"efdee098-22de-4216-befa-700713f3103f","LAST_ACCESS_TIME":"1744299870652","SESSION_ID":"e6b26e24-adb1-4121-a771-15477618c80b","MAX_INACTIVE_INTERVAL":"1800"}
2025-04-11 14:56:13.275 [org.springframework.kafka.KafkaListenerEndpointContainer#0-0-C-1] INFO  com.test.testboot.kafkaservice.ConsumerService - CanalModel: null
2025-04-11 14:56:13.275 [org.springframework.kafka.KafkaListenerEndpointContainer#0-0-C-1] INFO  com.test.testboot.kafkaservice.ConsumerService - Redis操作Delect成功 - id: null
2025-04-11 14:56:13.276 [org.springframework.kafka.KafkaListenerEndpointContainer#0-0-C-1] INFO  com.test.testboot.kafkaservice.ConsumerService - Redis操作Update成功 - id: null, value: {"EXPIRY_TIME":"1744301670651","CREATION_TIME":"1744299870511","PRIMARY_ID":"efdee098-22de-4216-befa-700713f3103f","LAST_ACCESS_TIME":"1744299870651","SESSION_ID":"e6b26e24-adb1-4121-a771-15477618c80b","MAX_INACTIVE_INTERVAL":"1800"}
2025-04-11 14:56:13.276 [org.springframework.kafka.KafkaListenerEndpointContainer#0-0-C-1] INFO  com.test.testboot.kafkaservice.ConsumerService - CanalModel: null
2025-04-11 14:56:13.276 [org.springframework.kafka.KafkaListenerEndpointContainer#0-0-C-1] INFO  com.test.testboot.kafkaservice.ConsumerService - Redis操作Delect成功 - id: null
2025-04-11 14:56:13.276 [org.springframework.kafka.KafkaListenerEndpointContainer#0-0-C-1] INFO  com.test.testboot.kafkaservice.ConsumerService - Redis操作Update成功 - id: null, value: {"EXPIRY_TIME":"1744301670668","CREATION_TIME":"1744299870511","PRIMARY_ID":"efdee098-22de-4216-befa-700713f3103f","LAST_ACCESS_TIME":"1744299870668","SESSION_ID":"e6b26e24-adb1-4121-a771-15477618c80b","MAX_INACTIVE_INTERVAL":"1800"}
2025-04-11 14:56:13.277 [org.springframework.kafka.KafkaListenerEndpointContainer#0-0-C-1] INFO  com.test.testboot.kafkaservice.ConsumerService - CanalModel: null
2025-04-11 14:56:13.277 [org.springframework.kafka.KafkaListenerEndpointContainer#0-0-C-1] INFO  com.test.testboot.kafkaservice.ConsumerService - Redis操作Delect成功 - id: null
2025-04-11 14:56:13.277 [org.springframework.kafka.KafkaListenerEndpointContainer#0-0-C-1] INFO  com.test.testboot.kafkaservice.ConsumerService - Redis操作Update成功 - id: null, value: {"EXPIRY_TIME":"1744301670670","CREATION_TIME":"1744299870511","PRIMARY_ID":"efdee098-22de-4216-befa-700713f3103f","LAST_ACCESS_TIME":"1744299870670","SESSION_ID":"e6b26e24-adb1-4121-a771-15477618c80b","MAX_INACTIVE_INTERVAL":"1800"}
2025-04-11 14:56:13.277 [org.springframework.kafka.KafkaListenerEndpointContainer#0-0-C-1] INFO  com.test.testboot.kafkaservice.ConsumerService - CanalModel: null
2025-04-11 14:56:13.278 [org.springframework.kafka.KafkaListenerEndpointContainer#0-0-C-1] INFO  com.test.testboot.kafkaservice.ConsumerService - Redis操作Delect成功 - id: null
2025-04-11 14:56:13.278 [org.springframework.kafka.KafkaListenerEndpointContainer#0-0-C-1] INFO  com.test.testboot.kafkaservice.ConsumerService - Redis操作Update成功 - id: null, value: {"EXPIRY_TIME":"1744301670671","CREATION_TIME":"1744299870511","PRIMARY_ID":"efdee098-22de-4216-befa-700713f3103f","LAST_ACCESS_TIME":"1744299870671","SESSION_ID":"e6b26e24-adb1-4121-a771-15477618c80b","MAX_INACTIVE_INTERVAL":"1800"}
2025-04-11 14:56:13.278 [org.springframework.kafka.KafkaListenerEndpointContainer#0-0-C-1] INFO  com.test.testboot.kafkaservice.ConsumerService - CanalModel: null
2025-04-11 14:56:13.278 [org.springframework.kafka.KafkaListenerEndpointContainer#0-0-C-1] INFO  com.test.testboot.kafkaservice.ConsumerService - Redis操作Delect成功 - id: null
2025-04-11 14:56:13.279 [org.springframework.kafka.KafkaListenerEndpointContainer#0-0-C-1] INFO  com.test.testboot.kafkaservice.ConsumerService - Redis操作Update成功 - id: null, value: {"EXPIRY_TIME":"1744301670669","CREATION_TIME":"1744299870511","PRIMARY_ID":"efdee098-22de-4216-befa-700713f3103f","LAST_ACCESS_TIME":"1744299870669","SESSION_ID":"e6b26e24-adb1-4121-a771-15477618c80b","MAX_INACTIVE_INTERVAL":"1800"}
2025-04-11 14:56:13.279 [org.springframework.kafka.KafkaListenerEndpointContainer#0-0-C-1] INFO  com.test.testboot.kafkaservice.ConsumerService - CanalModel: null
2025-04-11 14:56:13.279 [org.springframework.kafka.KafkaListenerEndpointContainer#0-0-C-1] INFO  com.test.testboot.kafkaservice.ConsumerService - Redis操作Delect成功 - id: null
2025-04-11 14:56:13.279 [org.springframework.kafka.KafkaListenerEndpointContainer#0-0-C-1] INFO  com.test.testboot.kafkaservice.ConsumerService - Redis操作Update成功 - id: null, value: {"EXPIRY_TIME":"1744301670675","CREATION_TIME":"1744299870511","PRIMARY_ID":"efdee098-22de-4216-befa-700713f3103f","LAST_ACCESS_TIME":"1744299870675","SESSION_ID":"e6b26e24-adb1-4121-a771-15477618c80b","MAX_INACTIVE_INTERVAL":"1800"}
2025-04-11 14:56:13.279 [org.springframework.kafka.KafkaListenerEndpointContainer#0-0-C-1] INFO  com.test.testboot.kafkaservice.ConsumerService - CanalModel: null
2025-04-11 14:56:13.280 [org.springframework.kafka.KafkaListenerEndpointContainer#0-0-C-1] INFO  com.test.testboot.kafkaservice.ConsumerService - Redis操作Delect成功 - id: null
2025-04-11 14:56:13.280 [org.springframework.kafka.KafkaListenerEndpointContainer#0-0-C-1] INFO  com.test.testboot.kafkaservice.ConsumerService - Redis操作Update成功 - id: null, value: {"EXPIRY_TIME":"1744301670686","CREATION_TIME":"1744299870511","PRIMARY_ID":"efdee098-22de-4216-befa-700713f3103f","LAST_ACCESS_TIME":"1744299870686","SESSION_ID":"e6b26e24-adb1-4121-a771-15477618c80b","MAX_INACTIVE_INTERVAL":"1800"}
2025-04-11 14:56:13.280 [org.springframework.kafka.KafkaListenerEndpointContainer#0-0-C-1] INFO  com.test.testboot.kafkaservice.ConsumerService - CanalModel: null
2025-04-11 14:56:13.281 [org.springframework.kafka.KafkaListenerEndpointContainer#0-0-C-1] INFO  com.test.testboot.kafkaservice.ConsumerService - Redis操作Delect成功 - id: null
2025-04-11 14:56:13.281 [org.springframework.kafka.KafkaListenerEndpointContainer#0-0-C-1] INFO  com.test.testboot.kafkaservice.ConsumerService - Redis操作Update成功 - id: null, value: {"EXPIRY_TIME":"1744301670691","CREATION_TIME":"1744299870511","PRIMARY_ID":"efdee098-22de-4216-befa-700713f3103f","LAST_ACCESS_TIME":"1744299870691","SESSION_ID":"e6b26e24-adb1-4121-a771-15477618c80b","MAX_INACTIVE_INTERVAL":"1800"}
2025-04-11 14:56:13.281 [org.springframework.kafka.KafkaListenerEndpointContainer#0-0-C-1] INFO  com.test.testboot.kafkaservice.ConsumerService - CanalModel: null
2025-04-11 14:56:13.281 [org.springframework.kafka.KafkaListenerEndpointContainer#0-0-C-1] INFO  com.test.testboot.kafkaservice.ConsumerService - Redis操作Delect成功 - id: null
2025-04-11 14:56:13.282 [org.springframework.kafka.KafkaListenerEndpointContainer#0-0-C-1] INFO  com.test.testboot.kafkaservice.ConsumerService - Redis操作Update成功 - id: null, value: {"EXPIRY_TIME":"1744301670693","CREATION_TIME":"1744299870511","PRIMARY_ID":"efdee098-22de-4216-befa-700713f3103f","LAST_ACCESS_TIME":"1744299870693","SESSION_ID":"e6b26e24-adb1-4121-a771-15477618c80b","MAX_INACTIVE_INTERVAL":"1800"}
2025-04-11 14:56:13.282 [org.springframework.kafka.KafkaListenerEndpointContainer#0-0-C-1] INFO  com.test.testboot.kafkaservice.ConsumerService - CanalModel: null
2025-04-11 14:56:13.282 [org.springframework.kafka.KafkaListenerEndpointContainer#0-0-C-1] INFO  com.test.testboot.kafkaservice.ConsumerService - Redis操作Delect成功 - id: null
2025-04-11 14:56:13.283 [org.springframework.kafka.KafkaListenerEndpointContainer#0-0-C-1] INFO  com.test.testboot.kafkaservice.ConsumerService - Redis操作Update成功 - id: null, value: {"EXPIRY_TIME":"1744301670695","CREATION_TIME":"1744299870511","PRIMARY_ID":"efdee098-22de-4216-befa-700713f3103f","LAST_ACCESS_TIME":"1744299870695","SESSION_ID":"e6b26e24-adb1-4121-a771-15477618c80b","MAX_INACTIVE_INTERVAL":"1800"}
2025-04-11 14:56:13.283 [org.springframework.kafka.KafkaListenerEndpointContainer#0-0-C-1] INFO  com.test.testboot.kafkaservice.ConsumerService - CanalModel: null
2025-04-11 14:56:13.283 [org.springframework.kafka.KafkaListenerEndpointContainer#0-0-C-1] INFO  com.test.testboot.kafkaservice.ConsumerService - Redis操作Delect成功 - id: null
2025-04-11 14:56:13.283 [org.springframework.kafka.KafkaListenerEndpointContainer#0-0-C-1] INFO  com.test.testboot.kafkaservice.ConsumerService - Redis操作Update成功 - id: null, value: {"EXPIRY_TIME":"1744301670703","CREATION_TIME":"1744299870511","PRIMARY_ID":"efdee098-22de-4216-befa-700713f3103f","LAST_ACCESS_TIME":"1744299870703","SESSION_ID":"e6b26e24-adb1-4121-a771-15477618c80b","MAX_INACTIVE_INTERVAL":"1800"}
2025-04-11 14:56:13.283 [org.springframework.kafka.KafkaListenerEndpointContainer#0-0-C-1] INFO  com.test.testboot.kafkaservice.ConsumerService - CanalModel: null
2025-04-11 14:56:13.284 [org.springframework.kafka.KafkaListenerEndpointContainer#0-0-C-1] INFO  com.test.testboot.kafkaservice.ConsumerService - Redis操作Delect成功 - id: null
2025-04-11 14:56:13.285 [org.springframework.kafka.KafkaListenerEndpointContainer#0-0-C-1] INFO  com.test.testboot.kafkaservice.ConsumerService - Redis操作Update成功 - id: null, value: {"EXPIRY_TIME":"1744301670705","CREATION_TIME":"1744299870511","PRIMARY_ID":"efdee098-22de-4216-befa-700713f3103f","LAST_ACCESS_TIME":"1744299870705","SESSION_ID":"e6b26e24-adb1-4121-a771-15477618c80b","MAX_INACTIVE_INTERVAL":"1800"}
2025-04-11 14:56:13.285 [org.springframework.kafka.KafkaListenerEndpointContainer#0-0-C-1] INFO  com.test.testboot.kafkaservice.ConsumerService - CanalModel: null
2025-04-11 14:56:13.286 [org.springframework.kafka.KafkaListenerEndpointContainer#0-0-C-1] INFO  com.test.testboot.kafkaservice.ConsumerService - Redis操作Delect成功 - id: null
2025-04-11 14:56:13.287 [org.springframework.kafka.KafkaListenerEndpointContainer#0-0-C-1] INFO  com.test.testboot.kafkaservice.ConsumerService - Redis操作Update成功 - id: null, value: {"EXPIRY_TIME":"1744301670711","CREATION_TIME":"1744299870511","PRIMARY_ID":"efdee098-22de-4216-befa-700713f3103f","LAST_ACCESS_TIME":"1744299870711","SESSION_ID":"e6b26e24-adb1-4121-a771-15477618c80b","MAX_INACTIVE_INTERVAL":"1800"}
2025-04-11 14:56:13.287 [org.springframework.kafka.KafkaListenerEndpointContainer#0-0-C-1] INFO  com.test.testboot.kafkaservice.ConsumerService - CanalModel: null
2025-04-11 14:56:13.287 [org.springframework.kafka.KafkaListenerEndpointContainer#0-0-C-1] INFO  com.test.testboot.kafkaservice.ConsumerService - Redis操作Delect成功 - id: null
2025-04-11 14:56:13.288 [org.springframework.kafka.KafkaListenerEndpointContainer#0-0-C-1] INFO  com.test.testboot.kafkaservice.ConsumerService - Redis操作Update成功 - id: null, value: {"EXPIRY_TIME":"1744301670732","CREATION_TIME":"1744299870511","PRIMARY_ID":"efdee098-22de-4216-befa-700713f3103f","LAST_ACCESS_TIME":"1744299870732","SESSION_ID":"e6b26e24-adb1-4121-a771-15477618c80b","MAX_INACTIVE_INTERVAL":"1800"}
2025-04-11 14:56:13.288 [org.springframework.kafka.KafkaListenerEndpointContainer#0-0-C-1] INFO  com.test.testboot.kafkaservice.ConsumerService - CanalModel: null
2025-04-11 14:56:13.288 [org.springframework.kafka.KafkaListenerEndpointContainer#0-0-C-1] INFO  com.test.testboot.kafkaservice.ConsumerService - Redis操作Delect成功 - id: null
2025-04-11 14:56:13.289 [org.springframework.kafka.KafkaListenerEndpointContainer#0-0-C-1] INFO  com.test.testboot.kafkaservice.ConsumerService - Redis操作Update成功 - id: null, value: {"EXPIRY_TIME":"1744301670821","CREATION_TIME":"1744299870511","PRIMARY_ID":"efdee098-22de-4216-befa-700713f3103f","LAST_ACCESS_TIME":"1744299870821","SESSION_ID":"e6b26e24-adb1-4121-a771-15477618c80b","MAX_INACTIVE_INTERVAL":"1800"}
2025-04-11 14:56:13.289 [org.springframework.kafka.KafkaListenerEndpointContainer#0-0-C-1] INFO  com.test.testboot.kafkaservice.ConsumerService - CanalModel: null
2025-04-11 14:56:13.290 [org.springframework.kafka.KafkaListenerEndpointContainer#0-0-C-1] INFO  com.test.testboot.kafkaservice.ConsumerService - Redis操作Delect成功 - id: null
2025-04-11 14:56:13.290 [org.springframework.kafka.KafkaListenerEndpointContainer#0-0-C-1] INFO  com.test.testboot.kafkaservice.ConsumerService - Redis操作Update成功 - id: null, value: {"PRINCIPAL_NAME":"apollo","EXPIRY_TIME":"1744301693240","CREATION_TIME":"1744299870511","PRIMARY_ID":"efdee098-22de-4216-befa-700713f3103f","LAST_ACCESS_TIME":"1744299893240","SESSION_ID":"bc2f572e-55a7-4483-a927-63f83f89ebb1","MAX_INACTIVE_INTERVAL":"1800"}
2025-04-11 14:56:13.291 [org.springframework.kafka.KafkaListenerEndpointContainer#0-0-C-1] INFO  com.test.testboot.kafkaservice.ConsumerService - CanalModel: null
2025-04-11 14:56:13.291 [org.springframework.kafka.KafkaListenerEndpointContainer#0-0-C-1] INFO  com.test.testboot.kafkaservice.ConsumerService - Redis操作Delect成功 - id: null
2025-04-11 14:56:13.292 [org.springframework.kafka.KafkaListenerEndpointContainer#0-0-C-1] INFO  com.test.testboot.kafkaservice.ConsumerService - Redis操作INSERT成功 - id: null, value: {"ATTRIBUTE_BYTES":"{\"@class\":\"org.springframework.security.core.context.SecurityContextImpl\",\"authentication\":{\"@class\":\"org.springframework.security.authentication.UsernamePasswordAuthenticationToken\",\"authorities\":[\"java.util.Collections$UnmodifiableRandomAccessList\",[{\"@class\":\"org.springframework.security.core.authority.SimpleGrantedAuthority\",\"authority\":\"ROLE_user\"}]],\"details\":{\"@class\":\"org.springframework.security.web.authentication.WebAuthenticationDetails\",\"remoteAddress\":\"0:0:0:0:0:0:0:1\",\"sessionId\":\"e6b26e24-adb1-4121-a771-15477618c80b\"},\"authenticated\":true,\"principal\":{\"@class\":\"org.springframework.security.core.userdetails.User\",\"password\":null,\"username\":\"apollo\",\"authorities\":[\"java.util.Collections$UnmodifiableSet\",[{\"@class\":\"org.springframework.security.core.authority.SimpleGrantedAuthority\",\"authority\":\"ROLE_user\"}]],\"accountNonExpired\":true,\"accountNonLocked\":true,\"credentialsNonExpired\":true,\"enabled\":true},\"credentials\":null}}","ATTRIBUTE_NAME":"SPRING_SECURITY_CONTEXT","SESSION_PRIMARY_ID":"efdee098-22de-4216-befa-700713f3103f"}
2025-04-11 14:56:13.292 [org.springframework.kafka.KafkaListenerEndpointContainer#0-0-C-1] INFO  com.test.testboot.kafkaservice.ConsumerService - CanalModel: null
2025-04-11 14:56:13.292 [org.springframework.kafka.KafkaListenerEndpointContainer#0-0-C-1] INFO  com.test.testboot.kafkaservice.ConsumerService - DELETE 操作成功 - id: null
2025-04-11 14:56:13.292 [org.springframework.kafka.KafkaListenerEndpointContainer#0-0-C-1] INFO  com.test.testboot.kafkaservice.ConsumerService - CanalModel: null
2025-04-11 14:56:13.293 [org.springframework.kafka.KafkaListenerEndpointContainer#0-0-C-1] INFO  com.test.testboot.kafkaservice.ConsumerService - Redis操作Update成功 - id: null, value: {"PRINCIPAL_NAME":"apollo","EXPIRY_TIME":"1744301693436","CREATION_TIME":"1744299870511","PRIMARY_ID":"efdee098-22de-4216-befa-700713f3103f","LAST_ACCESS_TIME":"1744299893436","SESSION_ID":"bc2f572e-55a7-4483-a927-63f83f89ebb1","MAX_INACTIVE_INTERVAL":"1800"}
2025-04-11 14:56:13.293 [org.springframework.kafka.KafkaListenerEndpointContainer#0-0-C-1] INFO  com.test.testboot.kafkaservice.ConsumerService - CanalModel: null
2025-04-11 14:56:13.293 [org.springframework.kafka.KafkaListenerEndpointContainer#0-0-C-1] INFO  com.test.testboot.kafkaservice.ConsumerService - Redis操作Delect成功 - id: null
2025-04-11 14:56:13.293 [org.springframework.kafka.KafkaListenerEndpointContainer#0-0-C-1] INFO  com.test.testboot.kafkaservice.ConsumerService - Redis操作Update成功 - id: null, value: {"PRINCIPAL_NAME":"apollo","EXPIRY_TIME":"1744301693477","CREATION_TIME":"1744299870511","PRIMARY_ID":"efdee098-22de-4216-befa-700713f3103f","LAST_ACCESS_TIME":"1744299893477","SESSION_ID":"bc2f572e-55a7-4483-a927-63f83f89ebb1","MAX_INACTIVE_INTERVAL":"1800"}
2025-04-11 14:56:13.293 [org.springframework.kafka.KafkaListenerEndpointContainer#0-0-C-1] INFO  com.test.testboot.kafkaservice.ConsumerService - CanalModel: null
2025-04-11 14:56:13.294 [org.springframework.kafka.KafkaListenerEndpointContainer#0-0-C-1] INFO  com.test.testboot.kafkaservice.ConsumerService - Redis操作Delect成功 - id: null
2025-04-11 14:56:13.294 [org.springframework.kafka.KafkaListenerEndpointContainer#0-0-C-1] INFO  com.test.testboot.kafkaservice.ConsumerService - Redis操作Update成功 - id: null, value: {"PRINCIPAL_NAME":"apollo","EXPIRY_TIME":"1744301693485","CREATION_TIME":"1744299870511","PRIMARY_ID":"efdee098-22de-4216-befa-700713f3103f","LAST_ACCESS_TIME":"1744299893485","SESSION_ID":"bc2f572e-55a7-4483-a927-63f83f89ebb1","MAX_INACTIVE_INTERVAL":"1800"}
2025-04-11 14:56:13.294 [org.springframework.kafka.KafkaListenerEndpointContainer#0-0-C-1] INFO  com.test.testboot.kafkaservice.ConsumerService - CanalModel: null
2025-04-11 14:56:13.295 [org.springframework.kafka.KafkaListenerEndpointContainer#0-0-C-1] INFO  com.test.testboot.kafkaservice.ConsumerService - Redis操作Delect成功 - id: null
2025-04-11 14:56:13.295 [org.springframework.kafka.KafkaListenerEndpointContainer#0-0-C-1] INFO  com.test.testboot.kafkaservice.ConsumerService - Redis操作Update成功 - id: null, value: {"PRINCIPAL_NAME":"apollo","EXPIRY_TIME":"1744301693486","CREATION_TIME":"1744299870511","PRIMARY_ID":"efdee098-22de-4216-befa-700713f3103f","LAST_ACCESS_TIME":"1744299893486","SESSION_ID":"bc2f572e-55a7-4483-a927-63f83f89ebb1","MAX_INACTIVE_INTERVAL":"1800"}
2025-04-11 14:56:13.295 [org.springframework.kafka.KafkaListenerEndpointContainer#0-0-C-1] INFO  com.test.testboot.kafkaservice.ConsumerService - CanalModel: null
2025-04-11 14:56:13.296 [org.springframework.kafka.KafkaListenerEndpointContainer#0-0-C-1] INFO  com.test.testboot.kafkaservice.ConsumerService - Redis操作Delect成功 - id: null
2025-04-11 14:56:13.296 [org.springframework.kafka.KafkaListenerEndpointContainer#0-0-C-1] INFO  com.test.testboot.kafkaservice.ConsumerService - Redis操作Update成功 - id: null, value: {"PRINCIPAL_NAME":"apollo","EXPIRY_TIME":"1744301693488","CREATION_TIME":"1744299870511","PRIMARY_ID":"efdee098-22de-4216-befa-700713f3103f","LAST_ACCESS_TIME":"1744299893488","SESSION_ID":"bc2f572e-55a7-4483-a927-63f83f89ebb1","MAX_INACTIVE_INTERVAL":"1800"}
2025-04-11 14:56:13.296 [org.springframework.kafka.KafkaListenerEndpointContainer#0-0-C-1] INFO  com.test.testboot.kafkaservice.ConsumerService - CanalModel: null
2025-04-11 14:56:13.296 [org.springframework.kafka.KafkaListenerEndpointContainer#0-0-C-1] INFO  com.test.testboot.kafkaservice.ConsumerService - Redis操作Delect成功 - id: null
2025-04-11 14:56:13.297 [org.springframework.kafka.KafkaListenerEndpointContainer#0-0-C-1] INFO  com.test.testboot.kafkaservice.ConsumerService - Redis操作Update成功 - id: null, value: {"PRINCIPAL_NAME":"apollo","EXPIRY_TIME":"1744301693495","CREATION_TIME":"1744299870511","PRIMARY_ID":"efdee098-22de-4216-befa-700713f3103f","LAST_ACCESS_TIME":"1744299893495","SESSION_ID":"bc2f572e-55a7-4483-a927-63f83f89ebb1","MAX_INACTIVE_INTERVAL":"1800"}
2025-04-11 14:56:13.297 [org.springframework.kafka.KafkaListenerEndpointContainer#0-0-C-1] INFO  com.test.testboot.kafkaservice.ConsumerService - CanalModel: null
2025-04-11 14:56:13.297 [org.springframework.kafka.KafkaListenerEndpointContainer#0-0-C-1] INFO  com.test.testboot.kafkaservice.ConsumerService - Redis操作Delect成功 - id: null
2025-04-11 14:56:13.297 [org.springframework.kafka.KafkaListenerEndpointContainer#0-0-C-1] INFO  com.test.testboot.kafkaservice.ConsumerService - Redis操作Update成功 - id: null, value: {"PRINCIPAL_NAME":"apollo","EXPIRY_TIME":"1744301693498","CREATION_TIME":"1744299870511","PRIMARY_ID":"efdee098-22de-4216-befa-700713f3103f","LAST_ACCESS_TIME":"1744299893498","SESSION_ID":"bc2f572e-55a7-4483-a927-63f83f89ebb1","MAX_INACTIVE_INTERVAL":"1800"}
2025-04-11 14:56:13.297 [org.springframework.kafka.KafkaListenerEndpointContainer#0-0-C-1] INFO  com.test.testboot.kafkaservice.ConsumerService - CanalModel: null
2025-04-11 14:56:13.297 [org.springframework.kafka.KafkaListenerEndpointContainer#0-0-C-1] INFO  com.test.testboot.kafkaservice.ConsumerService - Redis操作Delect成功 - id: null
2025-04-11 14:56:13.298 [org.springframework.kafka.KafkaListenerEndpointContainer#0-0-C-1] INFO  com.test.testboot.kafkaservice.ConsumerService - Redis操作Update成功 - id: null, value: {"PRINCIPAL_NAME":"apollo","EXPIRY_TIME":"1744301693499","CREATION_TIME":"1744299870511","PRIMARY_ID":"efdee098-22de-4216-befa-700713f3103f","LAST_ACCESS_TIME":"1744299893499","SESSION_ID":"bc2f572e-55a7-4483-a927-63f83f89ebb1","MAX_INACTIVE_INTERVAL":"1800"}
2025-04-11 14:56:13.298 [org.springframework.kafka.KafkaListenerEndpointContainer#0-0-C-1] INFO  com.test.testboot.kafkaservice.ConsumerService - CanalModel: null
2025-04-11 14:56:13.298 [org.springframework.kafka.KafkaListenerEndpointContainer#0-0-C-1] INFO  com.test.testboot.kafkaservice.ConsumerService - Redis操作Delect成功 - id: null
2025-04-11 14:56:13.298 [org.springframework.kafka.KafkaListenerEndpointContainer#0-0-C-1] INFO  com.test.testboot.kafkaservice.ConsumerService - Redis操作Update成功 - id: null, value: {"PRINCIPAL_NAME":"apollo","EXPIRY_TIME":"1744301693501","CREATION_TIME":"1744299870511","PRIMARY_ID":"efdee098-22de-4216-befa-700713f3103f","LAST_ACCESS_TIME":"1744299893501","SESSION_ID":"bc2f572e-55a7-4483-a927-63f83f89ebb1","MAX_INACTIVE_INTERVAL":"1800"}
2025-04-11 14:56:13.298 [org.springframework.kafka.KafkaListenerEndpointContainer#0-0-C-1] INFO  com.test.testboot.kafkaservice.ConsumerService - CanalModel: null
2025-04-11 14:56:13.299 [org.springframework.kafka.KafkaListenerEndpointContainer#0-0-C-1] INFO  com.test.testboot.kafkaservice.ConsumerService - Redis操作Delect成功 - id: null
2025-04-11 14:56:13.299 [org.springframework.kafka.KafkaListenerEndpointContainer#0-0-C-1] INFO  com.test.testboot.kafkaservice.ConsumerService - Redis操作Update成功 - id: null, value: {"PRINCIPAL_NAME":"apollo","EXPIRY_TIME":"1744301693503","CREATION_TIME":"1744299870511","PRIMARY_ID":"efdee098-22de-4216-befa-700713f3103f","LAST_ACCESS_TIME":"1744299893503","SESSION_ID":"bc2f572e-55a7-4483-a927-63f83f89ebb1","MAX_INACTIVE_INTERVAL":"1800"}
2025-04-11 14:56:13.299 [org.springframework.kafka.KafkaListenerEndpointContainer#0-0-C-1] INFO  com.test.testboot.kafkaservice.ConsumerService - CanalModel: null
2025-04-11 14:56:13.299 [org.springframework.kafka.KafkaListenerEndpointContainer#0-0-C-1] INFO  com.test.testboot.kafkaservice.ConsumerService - Redis操作Delect成功 - id: null
2025-04-11 14:56:13.300 [org.springframework.kafka.KafkaListenerEndpointContainer#0-0-C-1] INFO  com.test.testboot.kafkaservice.ConsumerService - Redis操作Update成功 - id: null, value: {"PRINCIPAL_NAME":"apollo","EXPIRY_TIME":"1744301693509","CREATION_TIME":"1744299870511","PRIMARY_ID":"efdee098-22de-4216-befa-700713f3103f","LAST_ACCESS_TIME":"1744299893509","SESSION_ID":"bc2f572e-55a7-4483-a927-63f83f89ebb1","MAX_INACTIVE_INTERVAL":"1800"}
2025-04-11 14:56:13.300 [org.springframework.kafka.KafkaListenerEndpointContainer#0-0-C-1] INFO  com.test.testboot.kafkaservice.ConsumerService - CanalModel: null
2025-04-11 14:56:13.300 [org.springframework.kafka.KafkaListenerEndpointContainer#0-0-C-1] INFO  com.test.testboot.kafkaservice.ConsumerService - Redis操作Delect成功 - id: null
2025-04-11 14:56:13.300 [org.springframework.kafka.KafkaListenerEndpointContainer#0-0-C-1] INFO  com.test.testboot.kafkaservice.ConsumerService - Redis操作Update成功 - id: null, value: {"PRINCIPAL_NAME":"apollo","EXPIRY_TIME":"1744301693523","CREATION_TIME":"1744299870511","PRIMARY_ID":"efdee098-22de-4216-befa-700713f3103f","LAST_ACCESS_TIME":"1744299893523","SESSION_ID":"bc2f572e-55a7-4483-a927-63f83f89ebb1","MAX_INACTIVE_INTERVAL":"1800"}
2025-04-11 14:56:13.300 [org.springframework.kafka.KafkaListenerEndpointContainer#0-0-C-1] INFO  com.test.testboot.kafkaservice.ConsumerService - CanalModel: null
2025-04-11 14:56:13.301 [org.springframework.kafka.KafkaListenerEndpointContainer#0-0-C-1] INFO  com.test.testboot.kafkaservice.ConsumerService - Redis操作Delect成功 - id: null
2025-04-11 14:56:13.301 [org.springframework.kafka.KafkaListenerEndpointContainer#0-0-C-1] INFO  com.test.testboot.kafkaservice.ConsumerService - Redis操作Update成功 - id: null, value: {"PRINCIPAL_NAME":"apollo","EXPIRY_TIME":"1744301693524","CREATION_TIME":"1744299870511","PRIMARY_ID":"efdee098-22de-4216-befa-700713f3103f","LAST_ACCESS_TIME":"1744299893524","SESSION_ID":"bc2f572e-55a7-4483-a927-63f83f89ebb1","MAX_INACTIVE_INTERVAL":"1800"}
2025-04-11 14:56:13.301 [org.springframework.kafka.KafkaListenerEndpointContainer#0-0-C-1] INFO  com.test.testboot.kafkaservice.ConsumerService - CanalModel: null
2025-04-11 14:56:13.302 [org.springframework.kafka.KafkaListenerEndpointContainer#0-0-C-1] INFO  com.test.testboot.kafkaservice.ConsumerService - Redis操作Delect成功 - id: null
2025-04-11 14:56:13.302 [org.springframework.kafka.KafkaListenerEndpointContainer#0-0-C-1] INFO  com.test.testboot.kafkaservice.ConsumerService - Redis操作Update成功 - id: null, value: {"PRINCIPAL_NAME":"apollo","EXPIRY_TIME":"1744301693548","CREATION_TIME":"1744299870511","PRIMARY_ID":"efdee098-22de-4216-befa-700713f3103f","LAST_ACCESS_TIME":"1744299893548","SESSION_ID":"bc2f572e-55a7-4483-a927-63f83f89ebb1","MAX_INACTIVE_INTERVAL":"1800"}
2025-04-11 14:56:13.302 [org.springframework.kafka.KafkaListenerEndpointContainer#0-0-C-1] INFO  com.test.testboot.kafkaservice.ConsumerService - CanalModel: null
2025-04-11 14:56:13.302 [org.springframework.kafka.KafkaListenerEndpointContainer#0-0-C-1] INFO  com.test.testboot.kafkaservice.ConsumerService - Redis操作Delect成功 - id: null
2025-04-11 14:56:13.302 [org.springframework.kafka.KafkaListenerEndpointContainer#0-0-C-1] INFO  com.test.testboot.kafkaservice.ConsumerService - Redis操作Update成功 - id: null, value: {"PRINCIPAL_NAME":"apollo","EXPIRY_TIME":"1744301693552","CREATION_TIME":"1744299870511","PRIMARY_ID":"efdee098-22de-4216-befa-700713f3103f","LAST_ACCESS_TIME":"1744299893552","SESSION_ID":"bc2f572e-55a7-4483-a927-63f83f89ebb1","MAX_INACTIVE_INTERVAL":"1800"}
2025-04-11 14:56:13.302 [org.springframework.kafka.KafkaListenerEndpointContainer#0-0-C-1] INFO  com.test.testboot.kafkaservice.ConsumerService - CanalModel: null
2025-04-11 14:56:13.303 [org.springframework.kafka.KafkaListenerEndpointContainer#0-0-C-1] INFO  com.test.testboot.kafkaservice.ConsumerService - Redis操作Delect成功 - id: null
2025-04-11 14:56:13.303 [org.springframework.kafka.KafkaListenerEndpointContainer#0-0-C-1] INFO  com.test.testboot.kafkaservice.ConsumerService - Redis操作Update成功 - id: null, value: {"PRINCIPAL_NAME":"apollo","EXPIRY_TIME":"1744301693558","CREATION_TIME":"1744299870511","PRIMARY_ID":"efdee098-22de-4216-befa-700713f3103f","LAST_ACCESS_TIME":"1744299893558","SESSION_ID":"bc2f572e-55a7-4483-a927-63f83f89ebb1","MAX_INACTIVE_INTERVAL":"1800"}
2025-04-11 14:56:13.303 [org.springframework.kafka.KafkaListenerEndpointContainer#0-0-C-1] INFO  com.test.testboot.kafkaservice.ConsumerService - CanalModel: null
2025-04-11 14:56:13.304 [org.springframework.kafka.KafkaListenerEndpointContainer#0-0-C-1] INFO  com.test.testboot.kafkaservice.ConsumerService - Redis操作Delect成功 - id: null
2025-04-11 14:56:13.304 [org.springframework.kafka.KafkaListenerEndpointContainer#0-0-C-1] INFO  com.test.testboot.kafkaservice.ConsumerService - Redis操作Update成功 - id: null, value: {"PRINCIPAL_NAME":"apollo","EXPIRY_TIME":"1744301693561","CREATION_TIME":"1744299870511","PRIMARY_ID":"efdee098-22de-4216-befa-700713f3103f","LAST_ACCESS_TIME":"1744299893561","SESSION_ID":"bc2f572e-55a7-4483-a927-63f83f89ebb1","MAX_INACTIVE_INTERVAL":"1800"}
2025-04-11 14:56:13.304 [org.springframework.kafka.KafkaListenerEndpointContainer#0-0-C-1] INFO  com.test.testboot.kafkaservice.ConsumerService - CanalModel: null
2025-04-11 14:56:13.304 [org.springframework.kafka.KafkaListenerEndpointContainer#0-0-C-1] INFO  com.test.testboot.kafkaservice.ConsumerService - Redis操作Delect成功 - id: null
2025-04-11 14:56:13.304 [org.springframework.kafka.KafkaListenerEndpointContainer#0-0-C-1] INFO  com.test.testboot.kafkaservice.ConsumerService - Redis操作Update成功 - id: null, value: {"PRINCIPAL_NAME":"apollo","EXPIRY_TIME":"1744301693560","CREATION_TIME":"1744299870511","PRIMARY_ID":"efdee098-22de-4216-befa-700713f3103f","LAST_ACCESS_TIME":"1744299893560","SESSION_ID":"bc2f572e-55a7-4483-a927-63f83f89ebb1","MAX_INACTIVE_INTERVAL":"1800"}
2025-04-11 14:56:13.305 [org.springframework.kafka.KafkaListenerEndpointContainer#0-0-C-1] INFO  com.test.testboot.kafkaservice.ConsumerService - CanalModel: null
2025-04-11 14:56:13.305 [org.springframework.kafka.KafkaListenerEndpointContainer#0-0-C-1] INFO  com.test.testboot.kafkaservice.ConsumerService - Redis操作Delect成功 - id: null
2025-04-11 14:56:13.305 [org.springframework.kafka.KafkaListenerEndpointContainer#0-0-C-1] INFO  com.test.testboot.kafkaservice.ConsumerService - Redis操作Update成功 - id: null, value: {"PRINCIPAL_NAME":"apollo","EXPIRY_TIME":"1744301693564","CREATION_TIME":"1744299870511","PRIMARY_ID":"efdee098-22de-4216-befa-700713f3103f","LAST_ACCESS_TIME":"1744299893564","SESSION_ID":"bc2f572e-55a7-4483-a927-63f83f89ebb1","MAX_INACTIVE_INTERVAL":"1800"}
2025-04-11 14:56:13.305 [org.springframework.kafka.KafkaListenerEndpointContainer#0-0-C-1] INFO  com.test.testboot.kafkaservice.ConsumerService - CanalModel: null
2025-04-11 14:56:13.306 [org.springframework.kafka.KafkaListenerEndpointContainer#0-0-C-1] INFO  com.test.testboot.kafkaservice.ConsumerService - Redis操作Delect成功 - id: null
2025-04-11 14:56:13.306 [org.springframework.kafka.KafkaListenerEndpointContainer#0-0-C-1] INFO  com.test.testboot.kafkaservice.ConsumerService - Redis操作Update成功 - id: null, value: {"PRINCIPAL_NAME":"apollo","EXPIRY_TIME":"1744301693557","CREATION_TIME":"1744299870511","PRIMARY_ID":"efdee098-22de-4216-befa-700713f3103f","LAST_ACCESS_TIME":"1744299893557","SESSION_ID":"bc2f572e-55a7-4483-a927-63f83f89ebb1","MAX_INACTIVE_INTERVAL":"1800"}
2025-04-11 14:56:13.306 [org.springframework.kafka.KafkaListenerEndpointContainer#0-0-C-1] INFO  com.test.testboot.kafkaservice.ConsumerService - CanalModel: null
2025-04-11 14:56:13.306 [org.springframework.kafka.KafkaListenerEndpointContainer#0-0-C-1] INFO  com.test.testboot.kafkaservice.ConsumerService - Redis操作Delect成功 - id: null
2025-04-11 14:56:13.306 [org.springframework.kafka.KafkaListenerEndpointContainer#0-0-C-1] INFO  com.test.testboot.kafkaservice.ConsumerService - Redis操作Update成功 - id: null, value: {"PRINCIPAL_NAME":"apollo","EXPIRY_TIME":"1744301693572","CREATION_TIME":"1744299870511","PRIMARY_ID":"efdee098-22de-4216-befa-700713f3103f","LAST_ACCESS_TIME":"1744299893572","SESSION_ID":"bc2f572e-55a7-4483-a927-63f83f89ebb1","MAX_INACTIVE_INTERVAL":"1800"}
2025-04-11 14:56:13.306 [org.springframework.kafka.KafkaListenerEndpointContainer#0-0-C-1] INFO  com.test.testboot.kafkaservice.ConsumerService - CanalModel: null
2025-04-11 14:56:13.307 [org.springframework.kafka.KafkaListenerEndpointContainer#0-0-C-1] INFO  com.test.testboot.kafkaservice.ConsumerService - Redis操作Delect成功 - id: null
2025-04-11 14:56:13.307 [org.springframework.kafka.KafkaListenerEndpointContainer#0-0-C-1] INFO  com.test.testboot.kafkaservice.ConsumerService - Redis操作Update成功 - id: null, value: {"PRINCIPAL_NAME":"apollo","EXPIRY_TIME":"1744301693573","CREATION_TIME":"1744299870511","PRIMARY_ID":"efdee098-22de-4216-befa-700713f3103f","LAST_ACCESS_TIME":"1744299893573","SESSION_ID":"bc2f572e-55a7-4483-a927-63f83f89ebb1","MAX_INACTIVE_INTERVAL":"1800"}
2025-04-11 14:56:13.307 [org.springframework.kafka.KafkaListenerEndpointContainer#0-0-C-1] INFO  com.test.testboot.kafkaservice.ConsumerService - CanalModel: null
2025-04-11 14:56:13.307 [org.springframework.kafka.KafkaListenerEndpointContainer#0-0-C-1] INFO  com.test.testboot.kafkaservice.ConsumerService - Redis操作Delect成功 - id: null
2025-04-11 14:56:13.308 [org.springframework.kafka.KafkaListenerEndpointContainer#0-0-C-1] INFO  com.test.testboot.kafkaservice.ConsumerService - Redis操作Update成功 - id: null, value: {"PRINCIPAL_NAME":"apollo","EXPIRY_TIME":"1744301693574","CREATION_TIME":"1744299870511","PRIMARY_ID":"efdee098-22de-4216-befa-700713f3103f","LAST_ACCESS_TIME":"1744299893574","SESSION_ID":"bc2f572e-55a7-4483-a927-63f83f89ebb1","MAX_INACTIVE_INTERVAL":"1800"}
2025-04-11 14:56:13.308 [org.springframework.kafka.KafkaListenerEndpointContainer#0-0-C-1] INFO  com.test.testboot.kafkaservice.ConsumerService - CanalModel: null
2025-04-11 14:56:13.308 [org.springframework.kafka.KafkaListenerEndpointContainer#0-0-C-1] INFO  com.test.testboot.kafkaservice.ConsumerService - Redis操作Delect成功 - id: null
2025-04-11 14:56:13.308 [org.springframework.kafka.KafkaListenerEndpointContainer#0-0-C-1] INFO  com.test.testboot.kafkaservice.ConsumerService - Redis操作Update成功 - id: null, value: {"PRINCIPAL_NAME":"apollo","EXPIRY_TIME":"1744301693573","CREATION_TIME":"1744299870511","PRIMARY_ID":"efdee098-22de-4216-befa-700713f3103f","LAST_ACCESS_TIME":"1744299893573","SESSION_ID":"bc2f572e-55a7-4483-a927-63f83f89ebb1","MAX_INACTIVE_INTERVAL":"1800"}
2025-04-11 14:56:13.308 [org.springframework.kafka.KafkaListenerEndpointContainer#0-0-C-1] INFO  com.test.testboot.kafkaservice.ConsumerService - CanalModel: null
2025-04-11 14:56:13.309 [org.springframework.kafka.KafkaListenerEndpointContainer#0-0-C-1] INFO  com.test.testboot.kafkaservice.ConsumerService - Redis操作Delect成功 - id: null
2025-04-11 14:56:13.309 [org.springframework.kafka.KafkaListenerEndpointContainer#0-0-C-1] INFO  com.test.testboot.kafkaservice.ConsumerService - Redis操作Update成功 - id: null, value: {"PRINCIPAL_NAME":"apollo","EXPIRY_TIME":"1744301693574","CREATION_TIME":"1744299870511","PRIMARY_ID":"efdee098-22de-4216-befa-700713f3103f","LAST_ACCESS_TIME":"1744299893574","SESSION_ID":"bc2f572e-55a7-4483-a927-63f83f89ebb1","MAX_INACTIVE_INTERVAL":"1800"}
2025-04-11 14:56:13.309 [org.springframework.kafka.KafkaListenerEndpointContainer#0-0-C-1] INFO  com.test.testboot.kafkaservice.ConsumerService - CanalModel: null
2025-04-11 14:56:13.309 [org.springframework.kafka.KafkaListenerEndpointContainer#0-0-C-1] INFO  com.test.testboot.kafkaservice.ConsumerService - Redis操作Delect成功 - id: null
2025-04-11 14:56:13.311 [org.springframework.kafka.KafkaListenerEndpointContainer#0-0-C-1] INFO  com.test.testboot.kafkaservice.ConsumerService - Redis操作Update成功 - id: null, value: {"PRINCIPAL_NAME":"apollo","EXPIRY_TIME":"1744301693596","CREATION_TIME":"1744299870511","PRIMARY_ID":"efdee098-22de-4216-befa-700713f3103f","LAST_ACCESS_TIME":"1744299893596","SESSION_ID":"bc2f572e-55a7-4483-a927-63f83f89ebb1","MAX_INACTIVE_INTERVAL":"1800"}
2025-04-11 14:56:13.311 [org.springframework.kafka.KafkaListenerEndpointContainer#0-0-C-1] INFO  com.test.testboot.kafkaservice.ConsumerService - CanalModel: null
2025-04-11 14:56:13.311 [org.springframework.kafka.KafkaListenerEndpointContainer#0-0-C-1] INFO  com.test.testboot.kafkaservice.ConsumerService - Redis操作Delect成功 - id: null
2025-04-11 14:56:13.312 [org.springframework.kafka.KafkaListenerEndpointContainer#0-0-C-1] INFO  com.test.testboot.kafkaservice.ConsumerService - Redis操作Update成功 - id: null, value: {"PRINCIPAL_NAME":"apollo","EXPIRY_TIME":"1744301693621","CREATION_TIME":"1744299870511","PRIMARY_ID":"efdee098-22de-4216-befa-700713f3103f","LAST_ACCESS_TIME":"1744299893621","SESSION_ID":"bc2f572e-55a7-4483-a927-63f83f89ebb1","MAX_INACTIVE_INTERVAL":"1800"}
2025-04-11 14:56:13.312 [org.springframework.kafka.KafkaListenerEndpointContainer#0-0-C-1] INFO  com.test.testboot.kafkaservice.ConsumerService - CanalModel: null
2025-04-11 14:56:13.312 [org.springframework.kafka.KafkaListenerEndpointContainer#0-0-C-1] INFO  com.test.testboot.kafkaservice.ConsumerService - Redis操作Delect成功 - id: null
2025-04-11 14:56:13.312 [org.springframework.kafka.KafkaListenerEndpointContainer#0-0-C-1] INFO  com.test.testboot.kafkaservice.ConsumerService - Redis操作Update成功 - id: null, value: {"PRINCIPAL_NAME":"apollo","EXPIRY_TIME":"1744301699523","CREATION_TIME":"1744299870511","PRIMARY_ID":"efdee098-22de-4216-befa-700713f3103f","LAST_ACCESS_TIME":"1744299899523","SESSION_ID":"bc2f572e-55a7-4483-a927-63f83f89ebb1","MAX_INACTIVE_INTERVAL":"1800"}
2025-04-11 14:56:13.312 [org.springframework.kafka.KafkaListenerEndpointContainer#0-0-C-1] INFO  com.test.testboot.kafkaservice.ConsumerService - CanalModel: null
2025-04-11 14:56:13.313 [org.springframework.kafka.KafkaListenerEndpointContainer#0-0-C-1] INFO  com.test.testboot.kafkaservice.ConsumerService - Redis操作Delect成功 - id: null
2025-04-11 14:56:13.313 [org.springframework.kafka.KafkaListenerEndpointContainer#0-0-C-1] INFO  com.test.testboot.kafkaservice.ConsumerService - Redis操作Update成功 - id: null, value: {"PRINCIPAL_NAME":"apollo","EXPIRY_TIME":"1744301699554","CREATION_TIME":"1744299870511","PRIMARY_ID":"efdee098-22de-4216-befa-700713f3103f","LAST_ACCESS_TIME":"1744299899554","SESSION_ID":"bc2f572e-55a7-4483-a927-63f83f89ebb1","MAX_INACTIVE_INTERVAL":"1800"}
2025-04-11 14:56:13.314 [org.springframework.kafka.KafkaListenerEndpointContainer#0-0-C-1] INFO  com.test.testboot.kafkaservice.ConsumerService - CanalModel: null
2025-04-11 14:56:13.314 [org.springframework.kafka.KafkaListenerEndpointContainer#0-0-C-1] INFO  com.test.testboot.kafkaservice.ConsumerService - Redis操作Delect成功 - id: null
2025-04-11 14:56:13.315 [org.springframework.kafka.KafkaListenerEndpointContainer#0-0-C-1] INFO  com.test.testboot.kafkaservice.ConsumerService - Redis操作Update成功 - id: null, value: {"PRINCIPAL_NAME":"apollo","EXPIRY_TIME":"1744301699553","CREATION_TIME":"1744299870511","PRIMARY_ID":"efdee098-22de-4216-befa-700713f3103f","LAST_ACCESS_TIME":"1744299899553","SESSION_ID":"bc2f572e-55a7-4483-a927-63f83f89ebb1","MAX_INACTIVE_INTERVAL":"1800"}
2025-04-11 14:56:13.315 [org.springframework.kafka.KafkaListenerEndpointContainer#0-0-C-1] INFO  com.test.testboot.kafkaservice.ConsumerService - CanalModel: null
2025-04-11 14:56:13.315 [org.springframework.kafka.KafkaListenerEndpointContainer#0-0-C-1] INFO  com.test.testboot.kafkaservice.ConsumerService - Redis操作Delect成功 - id: null
2025-04-11 14:56:13.319 [org.springframework.kafka.KafkaListenerEndpointContainer#0-0-C-1] INFO  com.test.testboot.kafkaservice.ConsumerService - Redis操作Update成功 - id: null, value: {"PRINCIPAL_NAME":"apollo","EXPIRY_TIME":"1744301699552","CREATION_TIME":"1744299870511","PRIMARY_ID":"efdee098-22de-4216-befa-700713f3103f","LAST_ACCESS_TIME":"1744299899552","SESSION_ID":"bc2f572e-55a7-4483-a927-63f83f89ebb1","MAX_INACTIVE_INTERVAL":"1800"}
2025-04-11 14:56:13.319 [org.springframework.kafka.KafkaListenerEndpointContainer#0-0-C-1] INFO  com.test.testboot.kafkaservice.ConsumerService - CanalModel: null
2025-04-11 14:56:13.319 [org.springframework.kafka.KafkaListenerEndpointContainer#0-0-C-1] INFO  com.test.testboot.kafkaservice.ConsumerService - Redis操作Delect成功 - id: null
2025-04-11 14:56:13.320 [org.springframework.kafka.KafkaListenerEndpointContainer#0-0-C-1] INFO  com.test.testboot.kafkaservice.ConsumerService - Redis操作Update成功 - id: null, value: {"PRINCIPAL_NAME":"apollo","EXPIRY_TIME":"1744301699555","CREATION_TIME":"1744299870511","PRIMARY_ID":"efdee098-22de-4216-befa-700713f3103f","LAST_ACCESS_TIME":"1744299899555","SESSION_ID":"bc2f572e-55a7-4483-a927-63f83f89ebb1","MAX_INACTIVE_INTERVAL":"1800"}
2025-04-11 14:56:13.320 [org.springframework.kafka.KafkaListenerEndpointContainer#0-0-C-1] INFO  com.test.testboot.kafkaservice.ConsumerService - CanalModel: null
2025-04-11 14:56:13.320 [org.springframework.kafka.KafkaListenerEndpointContainer#0-0-C-1] INFO  com.test.testboot.kafkaservice.ConsumerService - Redis操作Delect成功 - id: null
2025-04-11 14:56:13.320 [org.springframework.kafka.KafkaListenerEndpointContainer#0-0-C-1] INFO  com.test.testboot.kafkaservice.ConsumerService - Redis操作Update成功 - id: null, value: {"PRINCIPAL_NAME":"apollo","EXPIRY_TIME":"1744301699556","CREATION_TIME":"1744299870511","PRIMARY_ID":"efdee098-22de-4216-befa-700713f3103f","LAST_ACCESS_TIME":"1744299899556","SESSION_ID":"bc2f572e-55a7-4483-a927-63f83f89ebb1","MAX_INACTIVE_INTERVAL":"1800"}
2025-04-11 14:56:13.320 [org.springframework.kafka.KafkaListenerEndpointContainer#0-0-C-1] INFO  com.test.testboot.kafkaservice.ConsumerService - CanalModel: null
2025-04-11 14:56:13.321 [org.springframework.kafka.KafkaListenerEndpointContainer#0-0-C-1] INFO  com.test.testboot.kafkaservice.ConsumerService - Redis操作Delect成功 - id: null
2025-04-11 14:56:13.321 [org.springframework.kafka.KafkaListenerEndpointContainer#0-0-C-1] INFO  com.test.testboot.kafkaservice.ConsumerService - Redis操作Update成功 - id: null, value: {"PRINCIPAL_NAME":"apollo","EXPIRY_TIME":"1744301699557","CREATION_TIME":"1744299870511","PRIMARY_ID":"efdee098-22de-4216-befa-700713f3103f","LAST_ACCESS_TIME":"1744299899557","SESSION_ID":"bc2f572e-55a7-4483-a927-63f83f89ebb1","MAX_INACTIVE_INTERVAL":"1800"}
2025-04-11 14:56:13.321 [org.springframework.kafka.KafkaListenerEndpointContainer#0-0-C-1] INFO  com.test.testboot.kafkaservice.ConsumerService - CanalModel: null
2025-04-11 14:56:13.321 [org.springframework.kafka.KafkaListenerEndpointContainer#0-0-C-1] INFO  com.test.testboot.kafkaservice.ConsumerService - Redis操作Delect成功 - id: null
2025-04-11 14:56:13.321 [org.springframework.kafka.KafkaListenerEndpointContainer#0-0-C-1] INFO  com.test.testboot.kafkaservice.ConsumerService - Redis操作Update成功 - id: null, value: {"PRINCIPAL_NAME":"apollo","EXPIRY_TIME":"1744301699577","CREATION_TIME":"1744299870511","PRIMARY_ID":"efdee098-22de-4216-befa-700713f3103f","LAST_ACCESS_TIME":"1744299899577","SESSION_ID":"bc2f572e-55a7-4483-a927-63f83f89ebb1","MAX_INACTIVE_INTERVAL":"1800"}
2025-04-11 14:56:13.321 [org.springframework.kafka.KafkaListenerEndpointContainer#0-0-C-1] INFO  com.test.testboot.kafkaservice.ConsumerService - CanalModel: null
2025-04-11 14:56:13.322 [org.springframework.kafka.KafkaListenerEndpointContainer#0-0-C-1] INFO  com.test.testboot.kafkaservice.ConsumerService - Redis操作Delect成功 - id: null
2025-04-11 14:56:13.322 [org.springframework.kafka.KafkaListenerEndpointContainer#0-0-C-1] INFO  com.test.testboot.kafkaservice.ConsumerService - Redis操作Update成功 - id: null, value: {"PRINCIPAL_NAME":"apollo","EXPIRY_TIME":"1744301699593","CREATION_TIME":"1744299870511","PRIMARY_ID":"efdee098-22de-4216-befa-700713f3103f","LAST_ACCESS_TIME":"1744299899593","SESSION_ID":"bc2f572e-55a7-4483-a927-63f83f89ebb1","MAX_INACTIVE_INTERVAL":"1800"}
2025-04-11 14:56:13.322 [org.springframework.kafka.KafkaListenerEndpointContainer#0-0-C-1] INFO  com.test.testboot.kafkaservice.ConsumerService - CanalModel: null
2025-04-11 14:56:13.322 [org.springframework.kafka.KafkaListenerEndpointContainer#0-0-C-1] INFO  com.test.testboot.kafkaservice.ConsumerService - Redis操作Delect成功 - id: null
2025-04-11 14:56:13.322 [org.springframework.kafka.KafkaListenerEndpointContainer#0-0-C-1] INFO  com.test.testboot.kafkaservice.ConsumerService - Redis操作Update成功 - id: null, value: {"PRINCIPAL_NAME":"apollo","EXPIRY_TIME":"1744301699603","CREATION_TIME":"1744299870511","PRIMARY_ID":"efdee098-22de-4216-befa-700713f3103f","LAST_ACCESS_TIME":"1744299899603","SESSION_ID":"bc2f572e-55a7-4483-a927-63f83f89ebb1","MAX_INACTIVE_INTERVAL":"1800"}
2025-04-11 14:56:13.322 [org.springframework.kafka.KafkaListenerEndpointContainer#0-0-C-1] INFO  com.test.testboot.kafkaservice.ConsumerService - CanalModel: null
2025-04-11 14:56:13.323 [org.springframework.kafka.KafkaListenerEndpointContainer#0-0-C-1] INFO  com.test.testboot.kafkaservice.ConsumerService - Redis操作Delect成功 - id: null
2025-04-11 14:56:13.323 [org.springframework.kafka.KafkaListenerEndpointContainer#0-0-C-1] INFO  com.test.testboot.kafkaservice.ConsumerService - Redis操作Update成功 - id: null, value: {"PRINCIPAL_NAME":"apollo","EXPIRY_TIME":"1744301699607","CREATION_TIME":"1744299870511","PRIMARY_ID":"efdee098-22de-4216-befa-700713f3103f","LAST_ACCESS_TIME":"1744299899607","SESSION_ID":"bc2f572e-55a7-4483-a927-63f83f89ebb1","MAX_INACTIVE_INTERVAL":"1800"}
2025-04-11 14:56:13.323 [org.springframework.kafka.KafkaListenerEndpointContainer#0-0-C-1] INFO  com.test.testboot.kafkaservice.ConsumerService - CanalModel: null
2025-04-11 14:56:13.323 [org.springframework.kafka.KafkaListenerEndpointContainer#0-0-C-1] INFO  com.test.testboot.kafkaservice.ConsumerService - Redis操作Delect成功 - id: null
2025-04-11 14:56:13.323 [org.springframework.kafka.KafkaListenerEndpointContainer#0-0-C-1] INFO  com.test.testboot.kafkaservice.ConsumerService - Redis操作Update成功 - id: null, value: {"PRINCIPAL_NAME":"apollo","EXPIRY_TIME":"1744301699605","CREATION_TIME":"1744299870511","PRIMARY_ID":"efdee098-22de-4216-befa-700713f3103f","LAST_ACCESS_TIME":"1744299899605","SESSION_ID":"bc2f572e-55a7-4483-a927-63f83f89ebb1","MAX_INACTIVE_INTERVAL":"1800"}
2025-04-11 14:56:13.323 [org.springframework.kafka.KafkaListenerEndpointContainer#0-0-C-1] INFO  com.test.testboot.kafkaservice.ConsumerService - CanalModel: null
2025-04-11 14:56:13.324 [org.springframework.kafka.KafkaListenerEndpointContainer#0-0-C-1] INFO  com.test.testboot.kafkaservice.ConsumerService - Redis操作Delect成功 - id: null
2025-04-11 14:56:13.324 [org.springframework.kafka.KafkaListenerEndpointContainer#0-0-C-1] INFO  com.test.testboot.kafkaservice.ConsumerService - Redis操作Update成功 - id: null, value: {"PRINCIPAL_NAME":"apollo","EXPIRY_TIME":"1744301699607","CREATION_TIME":"1744299870511","PRIMARY_ID":"efdee098-22de-4216-befa-700713f3103f","LAST_ACCESS_TIME":"1744299899607","SESSION_ID":"bc2f572e-55a7-4483-a927-63f83f89ebb1","MAX_INACTIVE_INTERVAL":"1800"}
2025-04-11 14:56:13.324 [org.springframework.kafka.KafkaListenerEndpointContainer#0-0-C-1] INFO  com.test.testboot.kafkaservice.ConsumerService - CanalModel: null
2025-04-11 14:56:13.324 [org.springframework.kafka.KafkaListenerEndpointContainer#0-0-C-1] INFO  com.test.testboot.kafkaservice.ConsumerService - Redis操作Delect成功 - id: null
2025-04-11 14:56:13.324 [org.springframework.kafka.KafkaListenerEndpointContainer#0-0-C-1] INFO  com.test.testboot.kafkaservice.ConsumerService - Redis操作Update成功 - id: null, value: {"PRINCIPAL_NAME":"apollo","EXPIRY_TIME":"1744301699613","CREATION_TIME":"1744299870511","PRIMARY_ID":"efdee098-22de-4216-befa-700713f3103f","LAST_ACCESS_TIME":"1744299899613","SESSION_ID":"bc2f572e-55a7-4483-a927-63f83f89ebb1","MAX_INACTIVE_INTERVAL":"1800"}
2025-04-11 14:56:13.325 [org.springframework.kafka.KafkaListenerEndpointContainer#0-0-C-1] INFO  com.test.testboot.kafkaservice.ConsumerService - CanalModel: null
2025-04-11 14:56:13.325 [org.springframework.kafka.KafkaListenerEndpointContainer#0-0-C-1] INFO  com.test.testboot.kafkaservice.ConsumerService - Redis操作Delect成功 - id: null
2025-04-11 14:56:13.325 [org.springframework.kafka.KafkaListenerEndpointContainer#0-0-C-1] INFO  com.test.testboot.kafkaservice.ConsumerService - Redis操作Update成功 - id: null, value: {"PRINCIPAL_NAME":"apollo","EXPIRY_TIME":"1744301699615","CREATION_TIME":"1744299870511","PRIMARY_ID":"efdee098-22de-4216-befa-700713f3103f","LAST_ACCESS_TIME":"1744299899615","SESSION_ID":"bc2f572e-55a7-4483-a927-63f83f89ebb1","MAX_INACTIVE_INTERVAL":"1800"}
2025-04-11 14:56:13.325 [org.springframework.kafka.KafkaListenerEndpointContainer#0-0-C-1] INFO  com.test.testboot.kafkaservice.ConsumerService - CanalModel: null
2025-04-11 14:56:13.325 [org.springframework.kafka.KafkaListenerEndpointContainer#0-0-C-1] INFO  com.test.testboot.kafkaservice.ConsumerService - DELETE 操作成功 - id: null
2025-04-11 14:56:13.325 [org.springframework.kafka.KafkaListenerEndpointContainer#0-0-C-1] INFO  com.test.testboot.kafkaservice.ConsumerService - CanalModel: null
2025-04-11 14:56:13.326 [org.springframework.kafka.KafkaListenerEndpointContainer#0-0-C-1] INFO  com.test.testboot.kafkaservice.ConsumerService - Redis操作INSERT成功 - id: null, value: {"EXPIRY_TIME":"1744301751980","CREATION_TIME":"1744299951980","PRIMARY_ID":"c3049724-0925-4fa0-bfbf-39d8378f543b","LAST_ACCESS_TIME":"1744299951980","SESSION_ID":"291d7277-5151-499d-ae02-dc21b198f2d6","MAX_INACTIVE_INTERVAL":"1800"}
2025-04-11 14:56:13.326 [org.springframework.kafka.KafkaListenerEndpointContainer#0-0-C-1] INFO  com.test.testboot.kafkaservice.ConsumerService - CanalModel: null
2025-04-11 14:56:13.326 [org.springframework.kafka.KafkaListenerEndpointContainer#0-0-C-1] INFO  com.test.testboot.kafkaservice.ConsumerService - Redis操作Delect成功 - id: null
2025-04-11 14:56:13.326 [org.springframework.kafka.KafkaListenerEndpointContainer#0-0-C-1] INFO  com.test.testboot.kafkaservice.ConsumerService - Redis操作INSERT成功 - id: null, value: {"ATTRIBUTE_BYTES":"{\"@class\":\"org.springframework.security.web.savedrequest.DefaultSavedRequest\",\"cookies\":[\"java.util.ArrayList\",[{\"@class\":\"org.springframework.security.web.savedrequest.SavedCookie\",\"name\":\"NG_TRANSLATE_LANG_KEY\",\"value\":\"zh-CN\",\"comment\":null,\"domain\":null,\"maxAge\":-1,\"path\":null,\"secure\":false,\"version\":0}]],\"locales\":[\"java.util.ArrayList\",[\"zh_CN\",\"zh\"]],\"headers\":{\"@class\":\"java.util.TreeMap\",\"accept\":[\"java.util.ArrayList\",[\"text/html,application/xhtml+xml,application/xml;q=0.9,image/avif,image/webp,image/apng,*/*;q=0.8,application/signed-exchange;v=b3;q=0.7\"]],\"accept-encoding\":[\"java.util.ArrayList\",[\"gzip, deflate, br, zstd\"]],\"accept-language\":[\"java.util.ArrayList\",[\"zh-CN,zh;q=0.9\"]],\"connection\":[\"java.util.ArrayList\",[\"keep-alive\"]],\"cookie\":[\"java.util.ArrayList\",[\"NG_TRANSLATE_LANG_KEY=zh-CN\"]],\"host\":[\"java.util.ArrayList\",[\"localhost:8070\"]],\"referer\":[\"java.util.ArrayList\",[\"http://localhost:8070/app.html\"]],\"sec-ch-ua\":[\"java.util.ArrayList\",[\"\\\"Google Chrome\\\";v=\\\"135\\\", \\\"Not-A.Brand\\\";v=\\\"8\\\", \\\"Chromium\\\";v=\\\"135\\\"\"]],\"sec-ch-ua-mobile\":[\"java.util.ArrayList\",[\"?0\"]],\"sec-ch-ua-platform\":[\"java.util.ArrayList\",[\"\\\"macOS\\\"\"]],\"sec-fetch-dest\":[\"java.util.ArrayList\",[\"document\"]],\"sec-fetch-mode\":[\"java.util.ArrayList\",[\"navigate\"]],\"sec-fetch-site\":[\"java.util.ArrayList\",[\"same-origin\"]],\"sec-fetch-user\":[\"java.util.ArrayList\",[\"?1\"]],\"upgrade-insecure-requests\":[\"java.util.ArrayList\",[\"1\"]],\"user-agent\":[\"java.util.ArrayList\",[\"Mozilla/5.0 (Macintosh; Intel Mac OS X 10_15_7) AppleWebKit/537.36 (KHTML, like Gecko) Chrome/135.0.0.0 Safari/537.36\"]]},\"parameters\":{\"@class\":\"java.util.TreeMap\"},\"contextPath\":\"\",\"method\":\"GET\",\"pathInfo\":null,\"queryString\":\"\",\"requestURI\":\"/signin\",\"requestURL\":\"http://localhost:8070/signin\",\"scheme\":\"http\",\"serverName\":\"localhost\",\"servletPath\":\"/signin\",\"serverPort\":8070}","ATTRIBUTE_NAME":"SPRING_SECURITY_SAVED_REQUEST","SESSION_PRIMARY_ID":"c3049724-0925-4fa0-bfbf-39d8378f543b"}
2025-04-11 14:56:13.326 [org.springframework.kafka.KafkaListenerEndpointContainer#0-0-C-1] INFO  com.test.testboot.kafkaservice.ConsumerService - CanalModel: null
2025-04-11 14:56:13.327 [org.springframework.kafka.KafkaListenerEndpointContainer#0-0-C-1] INFO  com.test.testboot.kafkaservice.ConsumerService - Redis操作Delect成功 - id: null
2025-04-11 14:56:13.327 [org.springframework.kafka.KafkaListenerEndpointContainer#0-0-C-1] INFO  com.test.testboot.kafkaservice.ConsumerService - Redis操作Update成功 - id: null, value: {"EXPIRY_TIME":"1744301751998","CREATION_TIME":"1744299951980","PRIMARY_ID":"c3049724-0925-4fa0-bfbf-39d8378f543b","LAST_ACCESS_TIME":"1744299951998","SESSION_ID":"291d7277-5151-499d-ae02-dc21b198f2d6","MAX_INACTIVE_INTERVAL":"1800"}
2025-04-11 14:56:13.327 [org.springframework.kafka.KafkaListenerEndpointContainer#0-0-C-1] INFO  com.test.testboot.kafkaservice.ConsumerService - CanalModel: null
2025-04-11 14:56:13.327 [org.springframework.kafka.KafkaListenerEndpointContainer#0-0-C-1] INFO  com.test.testboot.kafkaservice.ConsumerService - Redis操作Delect成功 - id: null
2025-04-11 14:56:13.327 [org.springframework.kafka.KafkaListenerEndpointContainer#0-0-C-1] INFO  com.test.testboot.kafkaservice.ConsumerService - Redis操作Update成功 - id: null, value: {"EXPIRY_TIME":"1744301752018","CREATION_TIME":"1744299951980","PRIMARY_ID":"c3049724-0925-4fa0-bfbf-39d8378f543b","LAST_ACCESS_TIME":"1744299952018","SESSION_ID":"291d7277-5151-499d-ae02-dc21b198f2d6","MAX_INACTIVE_INTERVAL":"1800"}
2025-04-11 14:58:13.226 [http-nio-9090-exec-1] INFO  org.apache.catalina.core.ContainerBase.[Tomcat].[localhost].[/] - Initializing Spring DispatcherServlet 'dispatcherServlet'
2025-04-11 14:58:13.443 [http-nio-9090-exec-3] ERROR org.apache.catalina.core.ContainerBase.[Tomcat].[localhost].[/].[dispatcherServlet] - Servlet.service() for servlet [dispatcherServlet] in context with path [] threw exception [Handler dispatch failed: java.lang.NoSuchMethodError: 'void org.springframework.http.ResponseEntity.<init>(java.lang.Object, org.springframework.http.HttpStatus)'] with root cause
java.lang.NoSuchMethodError: 'void org.springframework.http.ResponseEntity.<init>(java.lang.Object, org.springframework.http.HttpStatus)'
	at springfox.documentation.swagger.web.ApiResourceController.swaggerResources(ApiResourceController.java:74)
	at java.base/jdk.internal.reflect.DirectMethodHandleAccessor.invoke(DirectMethodHandleAccessor.java:103)
	at java.base/java.lang.reflect.Method.invoke(Method.java:580)
	at org.springframework.web.method.support.InvocableHandlerMethod.doInvoke(InvocableHandlerMethod.java:255)
	at org.springframework.web.method.support.InvocableHandlerMethod.invokeForRequest(InvocableHandlerMethod.java:188)
	at org.springframework.web.servlet.mvc.method.annotation.ServletInvocableHandlerMethod.invokeAndHandle(ServletInvocableHandlerMethod.java:118)
	at org.springframework.web.servlet.mvc.method.annotation.RequestMappingHandlerAdapter.invokeHandlerMethod(RequestMappingHandlerAdapter.java:926)
	at org.springframework.web.servlet.mvc.method.annotation.RequestMappingHandlerAdapter.handleInternal(RequestMappingHandlerAdapter.java:831)
	at org.springframework.web.servlet.mvc.method.AbstractHandlerMethodAdapter.handle(AbstractHandlerMethodAdapter.java:87)
	at org.springframework.web.servlet.DispatcherServlet.doDispatch(DispatcherServlet.java:1089)
	at org.springframework.web.servlet.DispatcherServlet.doService(DispatcherServlet.java:979)
	at org.springframework.web.servlet.FrameworkServlet.processRequest(FrameworkServlet.java:1014)
	at org.springframework.web.servlet.FrameworkServlet.doGet(FrameworkServlet.java:903)
	at jakarta.servlet.http.HttpServlet.service(HttpServlet.java:564)
	at org.springframework.web.servlet.FrameworkServlet.service(FrameworkServlet.java:885)
	at jakarta.servlet.http.HttpServlet.service(HttpServlet.java:658)
	at org.apache.catalina.core.ApplicationFilterChain.internalDoFilter(ApplicationFilterChain.java:195)
	at org.apache.catalina.core.ApplicationFilterChain.doFilter(ApplicationFilterChain.java:140)
	at org.apache.tomcat.websocket.server.WsFilter.doFilter(WsFilter.java:51)
	at org.apache.catalina.core.ApplicationFilterChain.internalDoFilter(ApplicationFilterChain.java:164)
	at org.apache.catalina.core.ApplicationFilterChain.doFilter(ApplicationFilterChain.java:140)
	at org.springframework.web.filter.RequestContextFilter.doFilterInternal(RequestContextFilter.java:100)
	at org.springframework.web.filter.OncePerRequestFilter.doFilter(OncePerRequestFilter.java:116)
	at org.apache.catalina.core.ApplicationFilterChain.internalDoFilter(ApplicationFilterChain.java:164)
	at org.apache.catalina.core.ApplicationFilterChain.doFilter(ApplicationFilterChain.java:140)
	at org.springframework.web.filter.FormContentFilter.doFilterInternal(FormContentFilter.java:93)
	at org.springframework.web.filter.OncePerRequestFilter.doFilter(OncePerRequestFilter.java:116)
	at org.apache.catalina.core.ApplicationFilterChain.internalDoFilter(ApplicationFilterChain.java:164)
	at org.apache.catalina.core.ApplicationFilterChain.doFilter(ApplicationFilterChain.java:140)
	at org.springframework.web.filter.CharacterEncodingFilter.doFilterInternal(CharacterEncodingFilter.java:201)
	at org.springframework.web.filter.OncePerRequestFilter.doFilter(OncePerRequestFilter.java:116)
	at org.apache.catalina.core.ApplicationFilterChain.internalDoFilter(ApplicationFilterChain.java:164)
	at org.apache.catalina.core.ApplicationFilterChain.doFilter(ApplicationFilterChain.java:140)
	at org.apache.catalina.core.StandardWrapperValve.invoke(StandardWrapperValve.java:167)
	at org.apache.catalina.core.StandardContextValve.invoke(StandardContextValve.java:90)
	at org.apache.catalina.authenticator.AuthenticatorBase.invoke(AuthenticatorBase.java:483)
	at org.apache.catalina.core.StandardHostValve.invoke(StandardHostValve.java:115)
	at org.apache.catalina.valves.ErrorReportValve.invoke(ErrorReportValve.java:93)
	at org.apache.catalina.core.StandardEngineValve.invoke(StandardEngineValve.java:74)
	at org.apache.catalina.connector.CoyoteAdapter.service(CoyoteAdapter.java:344)
	at org.apache.coyote.http11.Http11Processor.service(Http11Processor.java:397)
	at org.apache.coyote.AbstractProcessorLight.process(AbstractProcessorLight.java:63)
	at org.apache.coyote.AbstractProtocol$ConnectionHandler.process(AbstractProtocol.java:905)
	at org.apache.tomcat.util.net.NioEndpoint$SocketProcessor.doRun(NioEndpoint.java:1743)
	at org.apache.tomcat.util.net.SocketProcessorBase.run(SocketProcessorBase.java:52)
	at org.apache.tomcat.util.threads.ThreadPoolExecutor.runWorker(ThreadPoolExecutor.java:1190)
	at org.apache.tomcat.util.threads.ThreadPoolExecutor$Worker.run(ThreadPoolExecutor.java:659)
	at org.apache.tomcat.util.threads.TaskThread$WrappingRunnable.run(TaskThread.java:63)
	at java.base/java.lang.Thread.run(Thread.java:1575)
2025-04-11 15:05:13.005 [org.springframework.kafka.KafkaListenerEndpointContainer#1-0-C-1] INFO  org.apache.kafka.clients.NetworkClient - [Consumer clientId=consumer-tomge-consumer-group-2, groupId=tomge-consumer-group] Node -1 disconnected.
2025-04-11 15:05:13.030 [org.springframework.kafka.KafkaListenerEndpointContainer#0-0-C-1] INFO  org.apache.kafka.clients.NetworkClient - [Consumer clientId=consumer-tomge-consumer-group-1, groupId=tomge-consumer-group] Node -1 disconnected.
2025-04-11 15:15:13.211 [org.springframework.kafka.KafkaListenerEndpointContainer#1-0-C-1] INFO  org.apache.kafka.clients.NetworkClient - [Consumer clientId=consumer-tomge-consumer-group-2, groupId=tomge-consumer-group] Node -1 disconnected.
2025-04-11 15:15:13.344 [org.springframework.kafka.KafkaListenerEndpointContainer#0-0-C-1] INFO  org.apache.kafka.clients.NetworkClient - [Consumer clientId=consumer-tomge-consumer-group-1, groupId=tomge-consumer-group] Node -1 disconnected.
2025-04-11 15:20:13.157 [org.springframework.kafka.KafkaListenerEndpointContainer#0-0-C-1] INFO  org.apache.kafka.clients.consumer.internals.ConsumerRebalanceListenerInvoker - [Consumer clientId=consumer-tomge-consumer-group-1, groupId=tomge-consumer-group] Revoke previously assigned partitions testtopic2-0
2025-04-11 15:20:13.157 [org.springframework.kafka.KafkaListenerEndpointContainer#1-0-C-1] INFO  org.apache.kafka.clients.consumer.internals.ConsumerRebalanceListenerInvoker - [Consumer clientId=consumer-tomge-consumer-group-2, groupId=tomge-consumer-group] Revoke previously assigned partitions testtopic-0
2025-04-11 15:20:13.157 [org.springframework.kafka.KafkaListenerEndpointContainer#0-0-C-1] INFO  org.apache.kafka.clients.consumer.internals.ConsumerCoordinator - [Consumer clientId=consumer-tomge-consumer-group-1, groupId=tomge-consumer-group] Member consumer-tomge-consumer-group-1-4e2a282e-ec19-456a-a569-2b7b4b11dcf6 sending LeaveGroup request to coordinator localhost:9092 (id: 2147483647 rack: null) due to the consumer unsubscribed from all topics
2025-04-11 15:20:13.157 [org.springframework.kafka.KafkaListenerEndpointContainer#1-0-C-1] INFO  org.apache.kafka.clients.consumer.internals.ConsumerCoordinator - [Consumer clientId=consumer-tomge-consumer-group-2, groupId=tomge-consumer-group] Member consumer-tomge-consumer-group-2-4c17b1d3-b859-4b98-84a0-02bc6b672044 sending LeaveGroup request to coordinator localhost:9092 (id: 2147483647 rack: null) due to the consumer unsubscribed from all topics
2025-04-11 15:20:13.158 [org.springframework.kafka.KafkaListenerEndpointContainer#0-0-C-1] INFO  org.apache.kafka.clients.consumer.internals.ConsumerCoordinator - [Consumer clientId=consumer-tomge-consumer-group-1, groupId=tomge-consumer-group] Resetting generation and member id due to: consumer pro-actively leaving the group
2025-04-11 15:20:13.158 [org.springframework.kafka.KafkaListenerEndpointContainer#1-0-C-1] INFO  org.apache.kafka.clients.consumer.internals.ConsumerCoordinator - [Consumer clientId=consumer-tomge-consumer-group-2, groupId=tomge-consumer-group] Resetting generation and member id due to: consumer pro-actively leaving the group
2025-04-11 15:20:13.158 [org.springframework.kafka.KafkaListenerEndpointContainer#0-0-C-1] INFO  org.apache.kafka.clients.consumer.internals.ConsumerCoordinator - [Consumer clientId=consumer-tomge-consumer-group-1, groupId=tomge-consumer-group] Request joining group due to: consumer pro-actively leaving the group
2025-04-11 15:20:13.158 [org.springframework.kafka.KafkaListenerEndpointContainer#1-0-C-1] INFO  org.apache.kafka.clients.consumer.internals.ConsumerCoordinator - [Consumer clientId=consumer-tomge-consumer-group-2, groupId=tomge-consumer-group] Request joining group due to: consumer pro-actively leaving the group
2025-04-11 15:20:13.158 [org.springframework.kafka.KafkaListenerEndpointContainer#0-0-C-1] INFO  org.apache.kafka.clients.consumer.internals.LegacyKafkaConsumer - [Consumer clientId=consumer-tomge-consumer-group-1, groupId=tomge-consumer-group] Unsubscribed all topics or patterns and assigned partitions
2025-04-11 15:20:13.158 [org.springframework.kafka.KafkaListenerEndpointContainer#1-0-C-1] INFO  org.apache.kafka.clients.consumer.internals.LegacyKafkaConsumer - [Consumer clientId=consumer-tomge-consumer-group-2, groupId=tomge-consumer-group] Unsubscribed all topics or patterns and assigned partitions
2025-04-11 15:20:13.159 [org.springframework.kafka.KafkaListenerEndpointContainer#0-0-C-1] INFO  org.apache.kafka.clients.consumer.internals.ConsumerCoordinator - [Consumer clientId=consumer-tomge-consumer-group-1, groupId=tomge-consumer-group] Resetting generation and member id due to: consumer pro-actively leaving the group
2025-04-11 15:20:13.159 [org.springframework.kafka.KafkaListenerEndpointContainer#0-0-C-1] INFO  org.apache.kafka.clients.consumer.internals.ConsumerCoordinator - [Consumer clientId=consumer-tomge-consumer-group-1, groupId=tomge-consumer-group] Request joining group due to: consumer pro-actively leaving the group
2025-04-11 15:20:13.159 [org.springframework.kafka.KafkaListenerEndpointContainer#1-0-C-1] INFO  org.apache.kafka.clients.consumer.internals.ConsumerCoordinator - [Consumer clientId=consumer-tomge-consumer-group-2, groupId=tomge-consumer-group] Resetting generation and member id due to: consumer pro-actively leaving the group
2025-04-11 15:20:13.159 [org.springframework.kafka.KafkaListenerEndpointContainer#1-0-C-1] INFO  org.apache.kafka.clients.consumer.internals.ConsumerCoordinator - [Consumer clientId=consumer-tomge-consumer-group-2, groupId=tomge-consumer-group] Request joining group due to: consumer pro-actively leaving the group
2025-04-11 15:20:13.608 [org.springframework.kafka.KafkaListenerEndpointContainer#1-0-C-1] INFO  org.apache.kafka.common.metrics.Metrics - Metrics scheduler closed
2025-04-11 15:20:13.608 [org.springframework.kafka.KafkaListenerEndpointContainer#0-0-C-1] INFO  org.apache.kafka.common.metrics.Metrics - Metrics scheduler closed
2025-04-11 15:20:13.608 [org.springframework.kafka.KafkaListenerEndpointContainer#1-0-C-1] INFO  org.apache.kafka.common.metrics.Metrics - Closing reporter org.apache.kafka.common.metrics.JmxReporter
2025-04-11 15:20:13.608 [org.springframework.kafka.KafkaListenerEndpointContainer#0-0-C-1] INFO  org.apache.kafka.common.metrics.Metrics - Closing reporter org.apache.kafka.common.metrics.JmxReporter
2025-04-11 15:20:13.608 [org.springframework.kafka.KafkaListenerEndpointContainer#1-0-C-1] INFO  org.apache.kafka.common.metrics.Metrics - Closing reporter org.apache.kafka.common.telemetry.internals.ClientTelemetryReporter
2025-04-11 15:20:13.608 [org.springframework.kafka.KafkaListenerEndpointContainer#0-0-C-1] INFO  org.apache.kafka.common.metrics.Metrics - Closing reporter org.apache.kafka.common.telemetry.internals.ClientTelemetryReporter
2025-04-11 15:20:13.608 [org.springframework.kafka.KafkaListenerEndpointContainer#0-0-C-1] INFO  org.apache.kafka.common.metrics.Metrics - Metrics reporters closed
2025-04-11 15:20:13.608 [org.springframework.kafka.KafkaListenerEndpointContainer#1-0-C-1] INFO  org.apache.kafka.common.metrics.Metrics - Metrics reporters closed
2025-04-11 15:20:13.611 [org.springframework.kafka.KafkaListenerEndpointContainer#0-0-C-1] INFO  org.apache.kafka.common.utils.AppInfoParser - App info kafka.consumer for consumer-tomge-consumer-group-1 unregistered
2025-04-11 15:20:13.611 [org.springframework.kafka.KafkaListenerEndpointContainer#1-0-C-1] INFO  org.apache.kafka.common.utils.AppInfoParser - App info kafka.consumer for consumer-tomge-consumer-group-2 unregistered
2025-04-11 15:23:29.867 [background-preinit] INFO  org.hibernate.validator.internal.util.Version - HV000001: Hibernate Validator 8.0.2.Final
2025-04-11 15:23:29.878 [main] INFO  com.test.testboot.TestbootApplication - Starting TestbootApplication using Java 23.0.2 with PID 62397 (/Users/zhaoxin/Documents/GitHub/testboot/target/classes started by zhaoxin in /Users/zhaoxin/Documents/GitHub/testboot)
2025-04-11 15:23:29.878 [main] INFO  com.test.testboot.TestbootApplication - No active profile set, falling back to 1 default profile: "default"
2025-04-11 15:23:30.635 [main] INFO  org.apache.coyote.http11.Http11NioProtocol - Initializing ProtocolHandler ["http-nio-9090"]
2025-04-11 15:23:30.636 [main] INFO  org.apache.catalina.core.StandardService - Starting service [Tomcat]
2025-04-11 15:23:30.636 [main] INFO  org.apache.catalina.core.StandardEngine - Starting Servlet engine: [Apache Tomcat/10.1.36]
2025-04-11 15:23:30.659 [main] INFO  org.apache.catalina.core.ContainerBase.[Tomcat].[localhost].[/] - Initializing Spring embedded WebApplicationContext
2025-04-11 15:23:33.822 [main] INFO  org.apache.coyote.http11.Http11NioProtocol - Starting ProtocolHandler ["http-nio-9090"]
2025-04-11 15:23:33.844 [main] INFO  org.apache.kafka.clients.consumer.ConsumerConfig - ConsumerConfig values: 
	allow.auto.create.topics = true
	auto.commit.interval.ms = 5000
	auto.include.jmx.reporter = true
	auto.offset.reset = latest
	bootstrap.servers = [127.0.0.1:9092]
	check.crcs = true
	client.dns.lookup = use_all_dns_ips
	client.id = consumer-tomge-consumer-group-1
	client.rack = 
	connections.max.idle.ms = 540000
	default.api.timeout.ms = 60000
	enable.auto.commit = false
	enable.metrics.push = true
	exclude.internal.topics = true
	fetch.max.bytes = 52428800
	fetch.max.wait.ms = 500
	fetch.min.bytes = 1
	group.id = tomge-consumer-group
	group.instance.id = null
	group.protocol = classic
	group.remote.assignor = null
	heartbeat.interval.ms = 3000
	interceptor.classes = []
	internal.leave.group.on.close = true
	internal.throw.on.fetch.stable.offset.unsupported = false
	isolation.level = read_uncommitted
	key.deserializer = class org.apache.kafka.common.serialization.StringDeserializer
	max.partition.fetch.bytes = 1048576
	max.poll.interval.ms = 300000
	max.poll.records = 500
	metadata.max.age.ms = 300000
	metric.reporters = []
	metrics.num.samples = 2
	metrics.recording.level = INFO
	metrics.sample.window.ms = 30000
	partition.assignment.strategy = [class org.apache.kafka.clients.consumer.RangeAssignor, class org.apache.kafka.clients.consumer.CooperativeStickyAssignor]
	receive.buffer.bytes = 65536
	reconnect.backoff.max.ms = 1000
	reconnect.backoff.ms = 50
	request.timeout.ms = 30000
	retry.backoff.max.ms = 1000
	retry.backoff.ms = 100
	sasl.client.callback.handler.class = null
	sasl.jaas.config = null
	sasl.kerberos.kinit.cmd = /usr/bin/kinit
	sasl.kerberos.min.time.before.relogin = 60000
	sasl.kerberos.service.name = null
	sasl.kerberos.ticket.renew.jitter = 0.05
	sasl.kerberos.ticket.renew.window.factor = 0.8
	sasl.login.callback.handler.class = null
	sasl.login.class = null
	sasl.login.connect.timeout.ms = null
	sasl.login.read.timeout.ms = null
	sasl.login.refresh.buffer.seconds = 300
	sasl.login.refresh.min.period.seconds = 60
	sasl.login.refresh.window.factor = 0.8
	sasl.login.refresh.window.jitter = 0.05
	sasl.login.retry.backoff.max.ms = 10000
	sasl.login.retry.backoff.ms = 100
	sasl.mechanism = GSSAPI
	sasl.oauthbearer.clock.skew.seconds = 30
	sasl.oauthbearer.expected.audience = null
	sasl.oauthbearer.expected.issuer = null
	sasl.oauthbearer.jwks.endpoint.refresh.ms = 3600000
	sasl.oauthbearer.jwks.endpoint.retry.backoff.max.ms = 10000
	sasl.oauthbearer.jwks.endpoint.retry.backoff.ms = 100
	sasl.oauthbearer.jwks.endpoint.url = null
	sasl.oauthbearer.scope.claim.name = scope
	sasl.oauthbearer.sub.claim.name = sub
	sasl.oauthbearer.token.endpoint.url = null
	security.protocol = PLAINTEXT
	security.providers = null
	send.buffer.bytes = 131072
	session.timeout.ms = 45000
	socket.connection.setup.timeout.max.ms = 30000
	socket.connection.setup.timeout.ms = 10000
	ssl.cipher.suites = null
	ssl.enabled.protocols = [TLSv1.2, TLSv1.3]
	ssl.endpoint.identification.algorithm = https
	ssl.engine.factory.class = null
	ssl.key.password = null
	ssl.keymanager.algorithm = SunX509
	ssl.keystore.certificate.chain = null
	ssl.keystore.key = null
	ssl.keystore.location = null
	ssl.keystore.password = null
	ssl.keystore.type = JKS
	ssl.protocol = TLSv1.3
	ssl.provider = null
	ssl.secure.random.implementation = null
	ssl.trustmanager.algorithm = PKIX
	ssl.truststore.certificates = null
	ssl.truststore.location = null
	ssl.truststore.password = null
	ssl.truststore.type = JKS
	value.deserializer = class org.apache.kafka.common.serialization.StringDeserializer

2025-04-11 15:23:33.864 [main] INFO  org.apache.kafka.common.telemetry.internals.KafkaMetricsCollector - initializing Kafka metrics collector
2025-04-11 15:23:33.892 [main] INFO  org.apache.kafka.common.utils.AppInfoParser - Kafka version: 3.7.2
2025-04-11 15:23:33.892 [main] INFO  org.apache.kafka.common.utils.AppInfoParser - Kafka commitId: 79a8f2b5f44f9d5a
2025-04-11 15:23:33.892 [main] INFO  org.apache.kafka.common.utils.AppInfoParser - Kafka startTimeMs: 1744356213892
2025-04-11 15:23:33.893 [main] INFO  org.apache.kafka.clients.consumer.internals.LegacyKafkaConsumer - [Consumer clientId=consumer-tomge-consumer-group-1, groupId=tomge-consumer-group] Subscribed to topic(s): testtopic
2025-04-11 15:23:33.897 [main] INFO  org.apache.kafka.clients.consumer.ConsumerConfig - ConsumerConfig values: 
	allow.auto.create.topics = true
	auto.commit.interval.ms = 5000
	auto.include.jmx.reporter = true
	auto.offset.reset = latest
	bootstrap.servers = [127.0.0.1:9092]
	check.crcs = true
	client.dns.lookup = use_all_dns_ips
	client.id = consumer-tomge-consumer-group-2
	client.rack = 
	connections.max.idle.ms = 540000
	default.api.timeout.ms = 60000
	enable.auto.commit = false
	enable.metrics.push = true
	exclude.internal.topics = true
	fetch.max.bytes = 52428800
	fetch.max.wait.ms = 500
	fetch.min.bytes = 1
	group.id = tomge-consumer-group
	group.instance.id = null
	group.protocol = classic
	group.remote.assignor = null
	heartbeat.interval.ms = 3000
	interceptor.classes = []
	internal.leave.group.on.close = true
	internal.throw.on.fetch.stable.offset.unsupported = false
	isolation.level = read_uncommitted
	key.deserializer = class org.apache.kafka.common.serialization.StringDeserializer
	max.partition.fetch.bytes = 1048576
	max.poll.interval.ms = 300000
	max.poll.records = 500
	metadata.max.age.ms = 300000
	metric.reporters = []
	metrics.num.samples = 2
	metrics.recording.level = INFO
	metrics.sample.window.ms = 30000
	partition.assignment.strategy = [class org.apache.kafka.clients.consumer.RangeAssignor, class org.apache.kafka.clients.consumer.CooperativeStickyAssignor]
	receive.buffer.bytes = 65536
	reconnect.backoff.max.ms = 1000
	reconnect.backoff.ms = 50
	request.timeout.ms = 30000
	retry.backoff.max.ms = 1000
	retry.backoff.ms = 100
	sasl.client.callback.handler.class = null
	sasl.jaas.config = null
	sasl.kerberos.kinit.cmd = /usr/bin/kinit
	sasl.kerberos.min.time.before.relogin = 60000
	sasl.kerberos.service.name = null
	sasl.kerberos.ticket.renew.jitter = 0.05
	sasl.kerberos.ticket.renew.window.factor = 0.8
	sasl.login.callback.handler.class = null
	sasl.login.class = null
	sasl.login.connect.timeout.ms = null
	sasl.login.read.timeout.ms = null
	sasl.login.refresh.buffer.seconds = 300
	sasl.login.refresh.min.period.seconds = 60
	sasl.login.refresh.window.factor = 0.8
	sasl.login.refresh.window.jitter = 0.05
	sasl.login.retry.backoff.max.ms = 10000
	sasl.login.retry.backoff.ms = 100
	sasl.mechanism = GSSAPI
	sasl.oauthbearer.clock.skew.seconds = 30
	sasl.oauthbearer.expected.audience = null
	sasl.oauthbearer.expected.issuer = null
	sasl.oauthbearer.jwks.endpoint.refresh.ms = 3600000
	sasl.oauthbearer.jwks.endpoint.retry.backoff.max.ms = 10000
	sasl.oauthbearer.jwks.endpoint.retry.backoff.ms = 100
	sasl.oauthbearer.jwks.endpoint.url = null
	sasl.oauthbearer.scope.claim.name = scope
	sasl.oauthbearer.sub.claim.name = sub
	sasl.oauthbearer.token.endpoint.url = null
	security.protocol = PLAINTEXT
	security.providers = null
	send.buffer.bytes = 131072
	session.timeout.ms = 45000
	socket.connection.setup.timeout.max.ms = 30000
	socket.connection.setup.timeout.ms = 10000
	ssl.cipher.suites = null
	ssl.enabled.protocols = [TLSv1.2, TLSv1.3]
	ssl.endpoint.identification.algorithm = https
	ssl.engine.factory.class = null
	ssl.key.password = null
	ssl.keymanager.algorithm = SunX509
	ssl.keystore.certificate.chain = null
	ssl.keystore.key = null
	ssl.keystore.location = null
	ssl.keystore.password = null
	ssl.keystore.type = JKS
	ssl.protocol = TLSv1.3
	ssl.provider = null
	ssl.secure.random.implementation = null
	ssl.trustmanager.algorithm = PKIX
	ssl.truststore.certificates = null
	ssl.truststore.location = null
	ssl.truststore.password = null
	ssl.truststore.type = JKS
	value.deserializer = class org.apache.kafka.common.serialization.StringDeserializer

2025-04-11 15:23:33.897 [main] INFO  org.apache.kafka.common.telemetry.internals.KafkaMetricsCollector - initializing Kafka metrics collector
2025-04-11 15:23:33.900 [main] INFO  org.apache.kafka.common.utils.AppInfoParser - Kafka version: 3.7.2
2025-04-11 15:23:33.900 [main] INFO  org.apache.kafka.common.utils.AppInfoParser - Kafka commitId: 79a8f2b5f44f9d5a
2025-04-11 15:23:33.900 [main] INFO  org.apache.kafka.common.utils.AppInfoParser - Kafka startTimeMs: 1744356213900
2025-04-11 15:23:33.900 [main] INFO  org.apache.kafka.clients.consumer.internals.LegacyKafkaConsumer - [Consumer clientId=consumer-tomge-consumer-group-2, groupId=tomge-consumer-group] Subscribed to topic(s): testtopic2
2025-04-11 15:23:33.907 [main] INFO  com.test.testboot.TestbootApplication - Started TestbootApplication in 4.219 seconds (process running for 4.577)
2025-04-11 15:23:34.016 [org.springframework.kafka.KafkaListenerEndpointContainer#0-0-C-1] INFO  org.apache.kafka.clients.Metadata - [Consumer clientId=consumer-tomge-consumer-group-1, groupId=tomge-consumer-group] Cluster ID: y-6F190GRaWny8wgtvr9EA
2025-04-11 15:23:34.016 [org.springframework.kafka.KafkaListenerEndpointContainer#1-0-C-1] INFO  org.apache.kafka.clients.Metadata - [Consumer clientId=consumer-tomge-consumer-group-2, groupId=tomge-consumer-group] Cluster ID: y-6F190GRaWny8wgtvr9EA
2025-04-11 15:23:34.017 [org.springframework.kafka.KafkaListenerEndpointContainer#0-0-C-1] INFO  org.apache.kafka.clients.consumer.internals.ConsumerCoordinator - [Consumer clientId=consumer-tomge-consumer-group-1, groupId=tomge-consumer-group] Discovered group coordinator localhost:9092 (id: 2147483647 rack: null)
2025-04-11 15:23:34.017 [org.springframework.kafka.KafkaListenerEndpointContainer#1-0-C-1] INFO  org.apache.kafka.clients.consumer.internals.ConsumerCoordinator - [Consumer clientId=consumer-tomge-consumer-group-2, groupId=tomge-consumer-group] Discovered group coordinator localhost:9092 (id: 2147483647 rack: null)
2025-04-11 15:23:34.018 [org.springframework.kafka.KafkaListenerEndpointContainer#0-0-C-1] INFO  org.apache.kafka.clients.consumer.internals.ConsumerCoordinator - [Consumer clientId=consumer-tomge-consumer-group-1, groupId=tomge-consumer-group] (Re-)joining group
2025-04-11 15:23:34.018 [org.springframework.kafka.KafkaListenerEndpointContainer#1-0-C-1] INFO  org.apache.kafka.clients.consumer.internals.ConsumerCoordinator - [Consumer clientId=consumer-tomge-consumer-group-2, groupId=tomge-consumer-group] (Re-)joining group
2025-04-11 15:23:34.024 [org.springframework.kafka.KafkaListenerEndpointContainer#1-0-C-1] INFO  org.apache.kafka.clients.consumer.internals.ConsumerCoordinator - [Consumer clientId=consumer-tomge-consumer-group-2, groupId=tomge-consumer-group] Request joining group due to: need to re-join with the given member-id: consumer-tomge-consumer-group-2-77924134-ae15-4525-87f3-de940a2a083d
2025-04-11 15:23:34.024 [org.springframework.kafka.KafkaListenerEndpointContainer#0-0-C-1] INFO  org.apache.kafka.clients.consumer.internals.ConsumerCoordinator - [Consumer clientId=consumer-tomge-consumer-group-1, groupId=tomge-consumer-group] Request joining group due to: need to re-join with the given member-id: consumer-tomge-consumer-group-1-73a08fca-b81d-438f-98a4-73206a2b9d66
2025-04-11 15:23:34.024 [org.springframework.kafka.KafkaListenerEndpointContainer#1-0-C-1] INFO  org.apache.kafka.clients.consumer.internals.ConsumerCoordinator - [Consumer clientId=consumer-tomge-consumer-group-2, groupId=tomge-consumer-group] (Re-)joining group
2025-04-11 15:23:34.024 [org.springframework.kafka.KafkaListenerEndpointContainer#0-0-C-1] INFO  org.apache.kafka.clients.consumer.internals.ConsumerCoordinator - [Consumer clientId=consumer-tomge-consumer-group-1, groupId=tomge-consumer-group] (Re-)joining group
2025-04-11 15:23:34.025 [org.springframework.kafka.KafkaListenerEndpointContainer#0-0-C-1] INFO  org.apache.kafka.clients.consumer.internals.ConsumerCoordinator - [Consumer clientId=consumer-tomge-consumer-group-1, groupId=tomge-consumer-group] Successfully joined group with generation Generation{generationId=10, memberId='consumer-tomge-consumer-group-1-73a08fca-b81d-438f-98a4-73206a2b9d66', protocol='range'}
2025-04-11 15:23:34.025 [org.springframework.kafka.KafkaListenerEndpointContainer#1-0-C-1] INFO  org.apache.kafka.clients.consumer.internals.ConsumerCoordinator - [Consumer clientId=consumer-tomge-consumer-group-2, groupId=tomge-consumer-group] Successfully joined group with generation Generation{generationId=10, memberId='consumer-tomge-consumer-group-2-77924134-ae15-4525-87f3-de940a2a083d', protocol='range'}
2025-04-11 15:23:34.029 [org.springframework.kafka.KafkaListenerEndpointContainer#1-0-C-1] INFO  org.apache.kafka.clients.consumer.internals.ConsumerCoordinator - [Consumer clientId=consumer-tomge-consumer-group-2, groupId=tomge-consumer-group] Finished assignment for group at generation 10: {consumer-tomge-consumer-group-1-73a08fca-b81d-438f-98a4-73206a2b9d66=Assignment(partitions=[testtopic-0]), consumer-tomge-consumer-group-2-77924134-ae15-4525-87f3-de940a2a083d=Assignment(partitions=[testtopic2-0])}
2025-04-11 15:23:34.032 [org.springframework.kafka.KafkaListenerEndpointContainer#0-0-C-1] INFO  org.apache.kafka.clients.consumer.internals.ConsumerCoordinator - [Consumer clientId=consumer-tomge-consumer-group-1, groupId=tomge-consumer-group] Successfully synced group in generation Generation{generationId=10, memberId='consumer-tomge-consumer-group-1-73a08fca-b81d-438f-98a4-73206a2b9d66', protocol='range'}
2025-04-11 15:23:34.032 [org.springframework.kafka.KafkaListenerEndpointContainer#1-0-C-1] INFO  org.apache.kafka.clients.consumer.internals.ConsumerCoordinator - [Consumer clientId=consumer-tomge-consumer-group-2, groupId=tomge-consumer-group] Successfully synced group in generation Generation{generationId=10, memberId='consumer-tomge-consumer-group-2-77924134-ae15-4525-87f3-de940a2a083d', protocol='range'}
2025-04-11 15:23:34.032 [org.springframework.kafka.KafkaListenerEndpointContainer#0-0-C-1] INFO  org.apache.kafka.clients.consumer.internals.ConsumerCoordinator - [Consumer clientId=consumer-tomge-consumer-group-1, groupId=tomge-consumer-group] Notifying assignor about the new Assignment(partitions=[testtopic-0])
2025-04-11 15:23:34.032 [org.springframework.kafka.KafkaListenerEndpointContainer#1-0-C-1] INFO  org.apache.kafka.clients.consumer.internals.ConsumerCoordinator - [Consumer clientId=consumer-tomge-consumer-group-2, groupId=tomge-consumer-group] Notifying assignor about the new Assignment(partitions=[testtopic2-0])
2025-04-11 15:23:34.033 [org.springframework.kafka.KafkaListenerEndpointContainer#1-0-C-1] INFO  org.apache.kafka.clients.consumer.internals.ConsumerRebalanceListenerInvoker - [Consumer clientId=consumer-tomge-consumer-group-2, groupId=tomge-consumer-group] Adding newly assigned partitions: testtopic2-0
2025-04-11 15:23:34.033 [org.springframework.kafka.KafkaListenerEndpointContainer#0-0-C-1] INFO  org.apache.kafka.clients.consumer.internals.ConsumerRebalanceListenerInvoker - [Consumer clientId=consumer-tomge-consumer-group-1, groupId=tomge-consumer-group] Adding newly assigned partitions: testtopic-0
2025-04-11 15:23:34.037 [org.springframework.kafka.KafkaListenerEndpointContainer#0-0-C-1] INFO  org.apache.kafka.clients.consumer.internals.ConsumerUtils - Setting offset for partition testtopic-0 to the committed offset FetchPosition{offset=0, offsetEpoch=Optional.empty, currentLeader=LeaderAndEpoch{leader=Optional[localhost:9092 (id: 0 rack: null)], epoch=0}}
2025-04-11 15:23:34.037 [org.springframework.kafka.KafkaListenerEndpointContainer#1-0-C-1] INFO  org.apache.kafka.clients.consumer.internals.ConsumerUtils - Setting offset for partition testtopic2-0 to the committed offset FetchPosition{offset=259, offsetEpoch=Optional.empty, currentLeader=LeaderAndEpoch{leader=Optional[localhost:9092 (id: 0 rack: null)], epoch=0}}
2025-04-11 15:23:42.747 [org.springframework.kafka.KafkaListenerEndpointContainer#0-0-C-1] INFO  org.apache.kafka.clients.consumer.internals.ConsumerRebalanceListenerInvoker - [Consumer clientId=consumer-tomge-consumer-group-1, groupId=tomge-consumer-group] Revoke previously assigned partitions testtopic-0
2025-04-11 15:23:42.747 [org.springframework.kafka.KafkaListenerEndpointContainer#1-0-C-1] INFO  org.apache.kafka.clients.consumer.internals.ConsumerRebalanceListenerInvoker - [Consumer clientId=consumer-tomge-consumer-group-2, groupId=tomge-consumer-group] Revoke previously assigned partitions testtopic2-0
2025-04-11 15:23:42.748 [org.springframework.kafka.KafkaListenerEndpointContainer#1-0-C-1] INFO  org.apache.kafka.clients.consumer.internals.ConsumerCoordinator - [Consumer clientId=consumer-tomge-consumer-group-2, groupId=tomge-consumer-group] Member consumer-tomge-consumer-group-2-77924134-ae15-4525-87f3-de940a2a083d sending LeaveGroup request to coordinator localhost:9092 (id: 2147483647 rack: null) due to the consumer unsubscribed from all topics
2025-04-11 15:23:42.748 [org.springframework.kafka.KafkaListenerEndpointContainer#0-0-C-1] INFO  org.apache.kafka.clients.consumer.internals.ConsumerCoordinator - [Consumer clientId=consumer-tomge-consumer-group-1, groupId=tomge-consumer-group] Member consumer-tomge-consumer-group-1-73a08fca-b81d-438f-98a4-73206a2b9d66 sending LeaveGroup request to coordinator localhost:9092 (id: 2147483647 rack: null) due to the consumer unsubscribed from all topics
2025-04-11 15:23:42.748 [org.springframework.kafka.KafkaListenerEndpointContainer#0-0-C-1] INFO  org.apache.kafka.clients.consumer.internals.ConsumerCoordinator - [Consumer clientId=consumer-tomge-consumer-group-1, groupId=tomge-consumer-group] Resetting generation and member id due to: consumer pro-actively leaving the group
2025-04-11 15:23:42.748 [org.springframework.kafka.KafkaListenerEndpointContainer#1-0-C-1] INFO  org.apache.kafka.clients.consumer.internals.ConsumerCoordinator - [Consumer clientId=consumer-tomge-consumer-group-2, groupId=tomge-consumer-group] Resetting generation and member id due to: consumer pro-actively leaving the group
2025-04-11 15:23:42.748 [org.springframework.kafka.KafkaListenerEndpointContainer#0-0-C-1] INFO  org.apache.kafka.clients.consumer.internals.ConsumerCoordinator - [Consumer clientId=consumer-tomge-consumer-group-1, groupId=tomge-consumer-group] Request joining group due to: consumer pro-actively leaving the group
2025-04-11 15:23:42.748 [org.springframework.kafka.KafkaListenerEndpointContainer#1-0-C-1] INFO  org.apache.kafka.clients.consumer.internals.ConsumerCoordinator - [Consumer clientId=consumer-tomge-consumer-group-2, groupId=tomge-consumer-group] Request joining group due to: consumer pro-actively leaving the group
2025-04-11 15:23:42.748 [org.springframework.kafka.KafkaListenerEndpointContainer#0-0-C-1] INFO  org.apache.kafka.clients.consumer.internals.LegacyKafkaConsumer - [Consumer clientId=consumer-tomge-consumer-group-1, groupId=tomge-consumer-group] Unsubscribed all topics or patterns and assigned partitions
2025-04-11 15:23:42.748 [org.springframework.kafka.KafkaListenerEndpointContainer#1-0-C-1] INFO  org.apache.kafka.clients.consumer.internals.LegacyKafkaConsumer - [Consumer clientId=consumer-tomge-consumer-group-2, groupId=tomge-consumer-group] Unsubscribed all topics or patterns and assigned partitions
2025-04-11 15:23:42.749 [org.springframework.kafka.KafkaListenerEndpointContainer#0-0-C-1] INFO  org.apache.kafka.clients.consumer.internals.ConsumerCoordinator - [Consumer clientId=consumer-tomge-consumer-group-1, groupId=tomge-consumer-group] Resetting generation and member id due to: consumer pro-actively leaving the group
2025-04-11 15:23:42.749 [org.springframework.kafka.KafkaListenerEndpointContainer#1-0-C-1] INFO  org.apache.kafka.clients.consumer.internals.ConsumerCoordinator - [Consumer clientId=consumer-tomge-consumer-group-2, groupId=tomge-consumer-group] Resetting generation and member id due to: consumer pro-actively leaving the group
2025-04-11 15:23:42.749 [org.springframework.kafka.KafkaListenerEndpointContainer#0-0-C-1] INFO  org.apache.kafka.clients.consumer.internals.ConsumerCoordinator - [Consumer clientId=consumer-tomge-consumer-group-1, groupId=tomge-consumer-group] Request joining group due to: consumer pro-actively leaving the group
2025-04-11 15:23:42.749 [org.springframework.kafka.KafkaListenerEndpointContainer#1-0-C-1] INFO  org.apache.kafka.clients.consumer.internals.ConsumerCoordinator - [Consumer clientId=consumer-tomge-consumer-group-2, groupId=tomge-consumer-group] Request joining group due to: consumer pro-actively leaving the group
2025-04-11 15:23:43.122 [org.springframework.kafka.KafkaListenerEndpointContainer#0-0-C-1] INFO  org.apache.kafka.common.metrics.Metrics - Metrics scheduler closed
2025-04-11 15:23:43.122 [org.springframework.kafka.KafkaListenerEndpointContainer#1-0-C-1] INFO  org.apache.kafka.common.metrics.Metrics - Metrics scheduler closed
2025-04-11 15:23:43.122 [org.springframework.kafka.KafkaListenerEndpointContainer#0-0-C-1] INFO  org.apache.kafka.common.metrics.Metrics - Closing reporter org.apache.kafka.common.metrics.JmxReporter
2025-04-11 15:23:43.122 [org.springframework.kafka.KafkaListenerEndpointContainer#1-0-C-1] INFO  org.apache.kafka.common.metrics.Metrics - Closing reporter org.apache.kafka.common.metrics.JmxReporter
2025-04-11 15:23:43.122 [org.springframework.kafka.KafkaListenerEndpointContainer#0-0-C-1] INFO  org.apache.kafka.common.metrics.Metrics - Closing reporter org.apache.kafka.common.telemetry.internals.ClientTelemetryReporter
2025-04-11 15:23:43.122 [org.springframework.kafka.KafkaListenerEndpointContainer#1-0-C-1] INFO  org.apache.kafka.common.metrics.Metrics - Closing reporter org.apache.kafka.common.telemetry.internals.ClientTelemetryReporter
2025-04-11 15:23:43.122 [org.springframework.kafka.KafkaListenerEndpointContainer#0-0-C-1] INFO  org.apache.kafka.common.metrics.Metrics - Metrics reporters closed
2025-04-11 15:23:43.123 [org.springframework.kafka.KafkaListenerEndpointContainer#1-0-C-1] INFO  org.apache.kafka.common.metrics.Metrics - Metrics reporters closed
2025-04-11 15:23:43.127 [org.springframework.kafka.KafkaListenerEndpointContainer#1-0-C-1] INFO  org.apache.kafka.common.utils.AppInfoParser - App info kafka.consumer for consumer-tomge-consumer-group-2 unregistered
2025-04-11 15:23:43.127 [org.springframework.kafka.KafkaListenerEndpointContainer#0-0-C-1] INFO  org.apache.kafka.common.utils.AppInfoParser - App info kafka.consumer for consumer-tomge-consumer-group-1 unregistered
2025-04-11 15:32:42.927 [background-preinit] INFO  org.hibernate.validator.internal.util.Version - HV000001: Hibernate Validator 8.0.2.Final
2025-04-11 15:32:42.938 [main] INFO  com.test.testboot.TestbootApplication - Starting TestbootApplication using Java 23.0.2 with PID 62567 (/Users/zhaoxin/Documents/GitHub/testboot/target/classes started by zhaoxin in /Users/zhaoxin/Documents/GitHub/testboot)
2025-04-11 15:32:42.939 [main] INFO  com.test.testboot.TestbootApplication - No active profile set, falling back to 1 default profile: "default"
2025-04-11 15:32:43.689 [main] INFO  org.apache.coyote.http11.Http11NioProtocol - Initializing ProtocolHandler ["http-nio-9090"]
2025-04-11 15:32:43.690 [main] INFO  org.apache.catalina.core.StandardService - Starting service [Tomcat]
2025-04-11 15:32:43.690 [main] INFO  org.apache.catalina.core.StandardEngine - Starting Servlet engine: [Apache Tomcat/10.1.36]
2025-04-11 15:32:43.712 [main] INFO  org.apache.catalina.core.ContainerBase.[Tomcat].[localhost].[/] - Initializing Spring embedded WebApplicationContext
2025-04-11 15:32:46.775 [main] INFO  org.apache.coyote.http11.Http11NioProtocol - Starting ProtocolHandler ["http-nio-9090"]
2025-04-11 15:32:46.796 [main] INFO  org.apache.kafka.clients.consumer.ConsumerConfig - ConsumerConfig values: 
	allow.auto.create.topics = true
	auto.commit.interval.ms = 5000
	auto.include.jmx.reporter = true
	auto.offset.reset = latest
	bootstrap.servers = [127.0.0.1:9092]
	check.crcs = true
	client.dns.lookup = use_all_dns_ips
	client.id = consumer-tomge-consumer-group-1
	client.rack = 
	connections.max.idle.ms = 540000
	default.api.timeout.ms = 60000
	enable.auto.commit = false
	enable.metrics.push = true
	exclude.internal.topics = true
	fetch.max.bytes = 52428800
	fetch.max.wait.ms = 500
	fetch.min.bytes = 1
	group.id = tomge-consumer-group
	group.instance.id = null
	group.protocol = classic
	group.remote.assignor = null
	heartbeat.interval.ms = 3000
	interceptor.classes = []
	internal.leave.group.on.close = true
	internal.throw.on.fetch.stable.offset.unsupported = false
	isolation.level = read_uncommitted
	key.deserializer = class org.apache.kafka.common.serialization.StringDeserializer
	max.partition.fetch.bytes = 1048576
	max.poll.interval.ms = 300000
	max.poll.records = 500
	metadata.max.age.ms = 300000
	metric.reporters = []
	metrics.num.samples = 2
	metrics.recording.level = INFO
	metrics.sample.window.ms = 30000
	partition.assignment.strategy = [class org.apache.kafka.clients.consumer.RangeAssignor, class org.apache.kafka.clients.consumer.CooperativeStickyAssignor]
	receive.buffer.bytes = 65536
	reconnect.backoff.max.ms = 1000
	reconnect.backoff.ms = 50
	request.timeout.ms = 30000
	retry.backoff.max.ms = 1000
	retry.backoff.ms = 100
	sasl.client.callback.handler.class = null
	sasl.jaas.config = null
	sasl.kerberos.kinit.cmd = /usr/bin/kinit
	sasl.kerberos.min.time.before.relogin = 60000
	sasl.kerberos.service.name = null
	sasl.kerberos.ticket.renew.jitter = 0.05
	sasl.kerberos.ticket.renew.window.factor = 0.8
	sasl.login.callback.handler.class = null
	sasl.login.class = null
	sasl.login.connect.timeout.ms = null
	sasl.login.read.timeout.ms = null
	sasl.login.refresh.buffer.seconds = 300
	sasl.login.refresh.min.period.seconds = 60
	sasl.login.refresh.window.factor = 0.8
	sasl.login.refresh.window.jitter = 0.05
	sasl.login.retry.backoff.max.ms = 10000
	sasl.login.retry.backoff.ms = 100
	sasl.mechanism = GSSAPI
	sasl.oauthbearer.clock.skew.seconds = 30
	sasl.oauthbearer.expected.audience = null
	sasl.oauthbearer.expected.issuer = null
	sasl.oauthbearer.jwks.endpoint.refresh.ms = 3600000
	sasl.oauthbearer.jwks.endpoint.retry.backoff.max.ms = 10000
	sasl.oauthbearer.jwks.endpoint.retry.backoff.ms = 100
	sasl.oauthbearer.jwks.endpoint.url = null
	sasl.oauthbearer.scope.claim.name = scope
	sasl.oauthbearer.sub.claim.name = sub
	sasl.oauthbearer.token.endpoint.url = null
	security.protocol = PLAINTEXT
	security.providers = null
	send.buffer.bytes = 131072
	session.timeout.ms = 45000
	socket.connection.setup.timeout.max.ms = 30000
	socket.connection.setup.timeout.ms = 10000
	ssl.cipher.suites = null
	ssl.enabled.protocols = [TLSv1.2, TLSv1.3]
	ssl.endpoint.identification.algorithm = https
	ssl.engine.factory.class = null
	ssl.key.password = null
	ssl.keymanager.algorithm = SunX509
	ssl.keystore.certificate.chain = null
	ssl.keystore.key = null
	ssl.keystore.location = null
	ssl.keystore.password = null
	ssl.keystore.type = JKS
	ssl.protocol = TLSv1.3
	ssl.provider = null
	ssl.secure.random.implementation = null
	ssl.trustmanager.algorithm = PKIX
	ssl.truststore.certificates = null
	ssl.truststore.location = null
	ssl.truststore.password = null
	ssl.truststore.type = JKS
	value.deserializer = class org.apache.kafka.common.serialization.StringDeserializer

2025-04-11 15:32:46.816 [main] INFO  org.apache.kafka.common.telemetry.internals.KafkaMetricsCollector - initializing Kafka metrics collector
2025-04-11 15:32:46.848 [main] INFO  org.apache.kafka.common.utils.AppInfoParser - Kafka version: 3.7.2
2025-04-11 15:32:46.848 [main] INFO  org.apache.kafka.common.utils.AppInfoParser - Kafka commitId: 79a8f2b5f44f9d5a
2025-04-11 15:32:46.848 [main] INFO  org.apache.kafka.common.utils.AppInfoParser - Kafka startTimeMs: 1744356766848
2025-04-11 15:32:46.849 [main] INFO  org.apache.kafka.clients.consumer.internals.LegacyKafkaConsumer - [Consumer clientId=consumer-tomge-consumer-group-1, groupId=tomge-consumer-group] Subscribed to topic(s): testtopic
2025-04-11 15:32:46.852 [main] INFO  org.apache.kafka.clients.consumer.ConsumerConfig - ConsumerConfig values: 
	allow.auto.create.topics = true
	auto.commit.interval.ms = 5000
	auto.include.jmx.reporter = true
	auto.offset.reset = latest
	bootstrap.servers = [127.0.0.1:9092]
	check.crcs = true
	client.dns.lookup = use_all_dns_ips
	client.id = consumer-tomge-consumer-group-2
	client.rack = 
	connections.max.idle.ms = 540000
	default.api.timeout.ms = 60000
	enable.auto.commit = false
	enable.metrics.push = true
	exclude.internal.topics = true
	fetch.max.bytes = 52428800
	fetch.max.wait.ms = 500
	fetch.min.bytes = 1
	group.id = tomge-consumer-group
	group.instance.id = null
	group.protocol = classic
	group.remote.assignor = null
	heartbeat.interval.ms = 3000
	interceptor.classes = []
	internal.leave.group.on.close = true
	internal.throw.on.fetch.stable.offset.unsupported = false
	isolation.level = read_uncommitted
	key.deserializer = class org.apache.kafka.common.serialization.StringDeserializer
	max.partition.fetch.bytes = 1048576
	max.poll.interval.ms = 300000
	max.poll.records = 500
	metadata.max.age.ms = 300000
	metric.reporters = []
	metrics.num.samples = 2
	metrics.recording.level = INFO
	metrics.sample.window.ms = 30000
	partition.assignment.strategy = [class org.apache.kafka.clients.consumer.RangeAssignor, class org.apache.kafka.clients.consumer.CooperativeStickyAssignor]
	receive.buffer.bytes = 65536
	reconnect.backoff.max.ms = 1000
	reconnect.backoff.ms = 50
	request.timeout.ms = 30000
	retry.backoff.max.ms = 1000
	retry.backoff.ms = 100
	sasl.client.callback.handler.class = null
	sasl.jaas.config = null
	sasl.kerberos.kinit.cmd = /usr/bin/kinit
	sasl.kerberos.min.time.before.relogin = 60000
	sasl.kerberos.service.name = null
	sasl.kerberos.ticket.renew.jitter = 0.05
	sasl.kerberos.ticket.renew.window.factor = 0.8
	sasl.login.callback.handler.class = null
	sasl.login.class = null
	sasl.login.connect.timeout.ms = null
	sasl.login.read.timeout.ms = null
	sasl.login.refresh.buffer.seconds = 300
	sasl.login.refresh.min.period.seconds = 60
	sasl.login.refresh.window.factor = 0.8
	sasl.login.refresh.window.jitter = 0.05
	sasl.login.retry.backoff.max.ms = 10000
	sasl.login.retry.backoff.ms = 100
	sasl.mechanism = GSSAPI
	sasl.oauthbearer.clock.skew.seconds = 30
	sasl.oauthbearer.expected.audience = null
	sasl.oauthbearer.expected.issuer = null
	sasl.oauthbearer.jwks.endpoint.refresh.ms = 3600000
	sasl.oauthbearer.jwks.endpoint.retry.backoff.max.ms = 10000
	sasl.oauthbearer.jwks.endpoint.retry.backoff.ms = 100
	sasl.oauthbearer.jwks.endpoint.url = null
	sasl.oauthbearer.scope.claim.name = scope
	sasl.oauthbearer.sub.claim.name = sub
	sasl.oauthbearer.token.endpoint.url = null
	security.protocol = PLAINTEXT
	security.providers = null
	send.buffer.bytes = 131072
	session.timeout.ms = 45000
	socket.connection.setup.timeout.max.ms = 30000
	socket.connection.setup.timeout.ms = 10000
	ssl.cipher.suites = null
	ssl.enabled.protocols = [TLSv1.2, TLSv1.3]
	ssl.endpoint.identification.algorithm = https
	ssl.engine.factory.class = null
	ssl.key.password = null
	ssl.keymanager.algorithm = SunX509
	ssl.keystore.certificate.chain = null
	ssl.keystore.key = null
	ssl.keystore.location = null
	ssl.keystore.password = null
	ssl.keystore.type = JKS
	ssl.protocol = TLSv1.3
	ssl.provider = null
	ssl.secure.random.implementation = null
	ssl.trustmanager.algorithm = PKIX
	ssl.truststore.certificates = null
	ssl.truststore.location = null
	ssl.truststore.password = null
	ssl.truststore.type = JKS
	value.deserializer = class org.apache.kafka.common.serialization.StringDeserializer

2025-04-11 15:32:46.853 [main] INFO  org.apache.kafka.common.telemetry.internals.KafkaMetricsCollector - initializing Kafka metrics collector
2025-04-11 15:32:46.855 [main] INFO  org.apache.kafka.common.utils.AppInfoParser - Kafka version: 3.7.2
2025-04-11 15:32:46.855 [main] INFO  org.apache.kafka.common.utils.AppInfoParser - Kafka commitId: 79a8f2b5f44f9d5a
2025-04-11 15:32:46.855 [main] INFO  org.apache.kafka.common.utils.AppInfoParser - Kafka startTimeMs: 1744356766855
2025-04-11 15:32:46.855 [main] INFO  org.apache.kafka.clients.consumer.internals.LegacyKafkaConsumer - [Consumer clientId=consumer-tomge-consumer-group-2, groupId=tomge-consumer-group] Subscribed to topic(s): testtopic2
2025-04-11 15:32:46.862 [main] INFO  com.test.testboot.TestbootApplication - Started TestbootApplication in 4.111 seconds (process running for 4.452)
2025-04-11 15:32:46.969 [org.springframework.kafka.KafkaListenerEndpointContainer#1-0-C-1] INFO  org.apache.kafka.clients.Metadata - [Consumer clientId=consumer-tomge-consumer-group-2, groupId=tomge-consumer-group] Cluster ID: y-6F190GRaWny8wgtvr9EA
2025-04-11 15:32:46.969 [org.springframework.kafka.KafkaListenerEndpointContainer#0-0-C-1] INFO  org.apache.kafka.clients.Metadata - [Consumer clientId=consumer-tomge-consumer-group-1, groupId=tomge-consumer-group] Cluster ID: y-6F190GRaWny8wgtvr9EA
2025-04-11 15:32:46.969 [org.springframework.kafka.KafkaListenerEndpointContainer#1-0-C-1] INFO  org.apache.kafka.clients.consumer.internals.ConsumerCoordinator - [Consumer clientId=consumer-tomge-consumer-group-2, groupId=tomge-consumer-group] Discovered group coordinator localhost:9092 (id: 2147483647 rack: null)
2025-04-11 15:32:46.969 [org.springframework.kafka.KafkaListenerEndpointContainer#0-0-C-1] INFO  org.apache.kafka.clients.consumer.internals.ConsumerCoordinator - [Consumer clientId=consumer-tomge-consumer-group-1, groupId=tomge-consumer-group] Discovered group coordinator localhost:9092 (id: 2147483647 rack: null)
2025-04-11 15:32:46.970 [org.springframework.kafka.KafkaListenerEndpointContainer#1-0-C-1] INFO  org.apache.kafka.clients.consumer.internals.ConsumerCoordinator - [Consumer clientId=consumer-tomge-consumer-group-2, groupId=tomge-consumer-group] (Re-)joining group
2025-04-11 15:32:46.970 [org.springframework.kafka.KafkaListenerEndpointContainer#0-0-C-1] INFO  org.apache.kafka.clients.consumer.internals.ConsumerCoordinator - [Consumer clientId=consumer-tomge-consumer-group-1, groupId=tomge-consumer-group] (Re-)joining group
2025-04-11 15:32:46.978 [org.springframework.kafka.KafkaListenerEndpointContainer#0-0-C-1] INFO  org.apache.kafka.clients.consumer.internals.ConsumerCoordinator - [Consumer clientId=consumer-tomge-consumer-group-1, groupId=tomge-consumer-group] Request joining group due to: need to re-join with the given member-id: consumer-tomge-consumer-group-1-54ea19cc-fd5a-492b-82e3-58d8ca1dfc4f
2025-04-11 15:32:46.978 [org.springframework.kafka.KafkaListenerEndpointContainer#1-0-C-1] INFO  org.apache.kafka.clients.consumer.internals.ConsumerCoordinator - [Consumer clientId=consumer-tomge-consumer-group-2, groupId=tomge-consumer-group] Request joining group due to: need to re-join with the given member-id: consumer-tomge-consumer-group-2-72b382d3-849e-4a14-912a-e74499161c16
2025-04-11 15:32:46.978 [org.springframework.kafka.KafkaListenerEndpointContainer#0-0-C-1] INFO  org.apache.kafka.clients.consumer.internals.ConsumerCoordinator - [Consumer clientId=consumer-tomge-consumer-group-1, groupId=tomge-consumer-group] (Re-)joining group
2025-04-11 15:32:46.978 [org.springframework.kafka.KafkaListenerEndpointContainer#1-0-C-1] INFO  org.apache.kafka.clients.consumer.internals.ConsumerCoordinator - [Consumer clientId=consumer-tomge-consumer-group-2, groupId=tomge-consumer-group] (Re-)joining group
2025-04-11 15:32:46.980 [org.springframework.kafka.KafkaListenerEndpointContainer#1-0-C-1] INFO  org.apache.kafka.clients.consumer.internals.ConsumerCoordinator - [Consumer clientId=consumer-tomge-consumer-group-2, groupId=tomge-consumer-group] Successfully joined group with generation Generation{generationId=12, memberId='consumer-tomge-consumer-group-2-72b382d3-849e-4a14-912a-e74499161c16', protocol='range'}
2025-04-11 15:32:46.980 [org.springframework.kafka.KafkaListenerEndpointContainer#0-0-C-1] INFO  org.apache.kafka.clients.consumer.internals.ConsumerCoordinator - [Consumer clientId=consumer-tomge-consumer-group-1, groupId=tomge-consumer-group] Successfully joined group with generation Generation{generationId=12, memberId='consumer-tomge-consumer-group-1-54ea19cc-fd5a-492b-82e3-58d8ca1dfc4f', protocol='range'}
2025-04-11 15:32:46.984 [org.springframework.kafka.KafkaListenerEndpointContainer#1-0-C-1] INFO  org.apache.kafka.clients.consumer.internals.ConsumerCoordinator - [Consumer clientId=consumer-tomge-consumer-group-2, groupId=tomge-consumer-group] Finished assignment for group at generation 12: {consumer-tomge-consumer-group-2-72b382d3-849e-4a14-912a-e74499161c16=Assignment(partitions=[testtopic2-0]), consumer-tomge-consumer-group-1-54ea19cc-fd5a-492b-82e3-58d8ca1dfc4f=Assignment(partitions=[testtopic-0])}
2025-04-11 15:32:46.988 [org.springframework.kafka.KafkaListenerEndpointContainer#0-0-C-1] INFO  org.apache.kafka.clients.consumer.internals.ConsumerCoordinator - [Consumer clientId=consumer-tomge-consumer-group-1, groupId=tomge-consumer-group] Successfully synced group in generation Generation{generationId=12, memberId='consumer-tomge-consumer-group-1-54ea19cc-fd5a-492b-82e3-58d8ca1dfc4f', protocol='range'}
2025-04-11 15:32:46.988 [org.springframework.kafka.KafkaListenerEndpointContainer#0-0-C-1] INFO  org.apache.kafka.clients.consumer.internals.ConsumerCoordinator - [Consumer clientId=consumer-tomge-consumer-group-1, groupId=tomge-consumer-group] Notifying assignor about the new Assignment(partitions=[testtopic-0])
2025-04-11 15:32:46.988 [org.springframework.kafka.KafkaListenerEndpointContainer#1-0-C-1] INFO  org.apache.kafka.clients.consumer.internals.ConsumerCoordinator - [Consumer clientId=consumer-tomge-consumer-group-2, groupId=tomge-consumer-group] Successfully synced group in generation Generation{generationId=12, memberId='consumer-tomge-consumer-group-2-72b382d3-849e-4a14-912a-e74499161c16', protocol='range'}
2025-04-11 15:32:46.988 [org.springframework.kafka.KafkaListenerEndpointContainer#1-0-C-1] INFO  org.apache.kafka.clients.consumer.internals.ConsumerCoordinator - [Consumer clientId=consumer-tomge-consumer-group-2, groupId=tomge-consumer-group] Notifying assignor about the new Assignment(partitions=[testtopic2-0])
2025-04-11 15:32:46.989 [org.springframework.kafka.KafkaListenerEndpointContainer#0-0-C-1] INFO  org.apache.kafka.clients.consumer.internals.ConsumerRebalanceListenerInvoker - [Consumer clientId=consumer-tomge-consumer-group-1, groupId=tomge-consumer-group] Adding newly assigned partitions: testtopic-0
2025-04-11 15:32:46.989 [org.springframework.kafka.KafkaListenerEndpointContainer#1-0-C-1] INFO  org.apache.kafka.clients.consumer.internals.ConsumerRebalanceListenerInvoker - [Consumer clientId=consumer-tomge-consumer-group-2, groupId=tomge-consumer-group] Adding newly assigned partitions: testtopic2-0
2025-04-11 15:32:46.993 [org.springframework.kafka.KafkaListenerEndpointContainer#0-0-C-1] INFO  org.apache.kafka.clients.consumer.internals.ConsumerUtils - Setting offset for partition testtopic-0 to the committed offset FetchPosition{offset=0, offsetEpoch=Optional.empty, currentLeader=LeaderAndEpoch{leader=Optional[localhost:9092 (id: 0 rack: null)], epoch=0}}
2025-04-11 15:32:46.993 [org.springframework.kafka.KafkaListenerEndpointContainer#1-0-C-1] INFO  org.apache.kafka.clients.consumer.internals.ConsumerUtils - Setting offset for partition testtopic2-0 to the committed offset FetchPosition{offset=259, offsetEpoch=Optional.empty, currentLeader=LeaderAndEpoch{leader=Optional[localhost:9092 (id: 0 rack: null)], epoch=0}}
2025-04-11 15:33:31.547 [http-nio-9090-exec-1] INFO  org.apache.catalina.core.ContainerBase.[Tomcat].[localhost].[/] - Initializing Spring DispatcherServlet 'dispatcherServlet'
2025-04-11 15:33:31.902 [http-nio-9090-exec-9] INFO  org.springdoc.api.AbstractOpenApiResource - Init duration for springdoc-openapi is: 124 ms
2025-04-11 15:34:22.082 [http-nio-9090-exec-10] INFO  com.zaxxer.hikari.HikariDataSource - HikariPool-1 - Starting...
2025-04-11 15:34:22.189 [http-nio-9090-exec-10] INFO  com.zaxxer.hikari.pool.HikariPool - HikariPool-1 - Added connection com.mysql.cj.jdbc.ConnectionImpl@661d58a0
2025-04-11 15:34:22.190 [http-nio-9090-exec-10] INFO  com.zaxxer.hikari.HikariDataSource - HikariPool-1 - Start completed.
2025-04-11 15:34:22.254 [http-nio-9090-exec-10] INFO  com.test.testboot.controller.StudentController - [Student [Hash = 1127152755, id=901, name=阿里木江, sex=男, birth=2019, department=计算机系, address=新疆维吾尔自治区博尔塔拉蒙古自治州], Student [Hash = -35875495, id=902, name=赵子枫, sex=女, birth=2018, department=考古系, address=新疆维吾尔自治区塔城地区], Student [Hash = -1791348857, id=903, name=测试333, sex=未知, birth=2025, department=软件工程, address=山东省青岛市], Student [Hash = -710122163, id=904, name=李广昌, sex=男, birth=1999, department=英语系, address=辽宁省皋新市], Student [Hash = -976111675, id=905, name=王翰, sex=男, birth=2004, department=英语系, address=福建省厦门市], Student [Hash = 1995189087, id=906, name=王心凌, sex=女, birth=1998, department=计算机系, address=湖南省衡阳市], Student [Hash = -489008237, id=907, name=埃森江, sex=男, birth=2025, department=计算机系, address=新疆维吾尔自治区伊犁哈萨克自治州], Student [Hash = 1356185963, id=909, name=阿里木江, sex=男, birth=2019, department=计算机系, address=新疆维吾尔自治区博尔塔拉蒙古自治州], Student [Hash = 1658980843, id=910, name=郭靖, sex=男, birth=1500, department=丐帮, address=测试123], Student [Hash = -395878275, id=912, name=郭靖1, sex=男1, birth=15891, department=丐帮1, address=湖北省襄阳市1], Student [Hash = -1022625965, id=913, name=黄蓉, sex=女, birth=1500, department=丐帮, address=湖北省襄阳市], Student [Hash = -993996814, id=914, name=黄蓉, sex=女, birth=1500, department=丐帮, address=湖北省襄阳市], Student [Hash = -906502508, id=915, name=黄蓉1, sex=男, birth=1500, department=丐帮, address=湖北省襄阳市], Student [Hash = 1797350387, id=917, name=郭襄, sex=女, birth=1550, department=丐帮, address=湖北省襄阳市], Student [Hash = 2006713393, id=918, name=123, sex=男, birth=1900, department=123, address=1123321], Student [Hash = 1145122462, id=919, name=321, sex=女, birth=2323, department=123123123, address=31123], Student [Hash = 1314323258, id=920, name=123, sex=女, birth=2020, department=123, address=123123], Student [Hash = -1138348348, id=921, name=123123, sex=女, birth=2222, department=3211, address=123123], Student [Hash = -1247394988, id=922, name=测试333, sex=未知, birth=2025, department=软件工程, address=山东省青岛市]]
2025-04-11 15:41:47.034 [org.springframework.kafka.KafkaListenerEndpointContainer#0-0-C-1] INFO  org.apache.kafka.clients.NetworkClient - [Consumer clientId=consumer-tomge-consumer-group-1, groupId=tomge-consumer-group] Node -1 disconnected.
2025-04-11 15:41:47.039 [org.springframework.kafka.KafkaListenerEndpointContainer#1-0-C-1] INFO  org.apache.kafka.clients.NetworkClient - [Consumer clientId=consumer-tomge-consumer-group-2, groupId=tomge-consumer-group] Node -1 disconnected.
2025-04-11 15:51:47.178 [org.springframework.kafka.KafkaListenerEndpointContainer#0-0-C-1] INFO  org.apache.kafka.clients.NetworkClient - [Consumer clientId=consumer-tomge-consumer-group-1, groupId=tomge-consumer-group] Node -1 disconnected.
2025-04-11 15:51:47.178 [org.springframework.kafka.KafkaListenerEndpointContainer#1-0-C-1] INFO  org.apache.kafka.clients.NetworkClient - [Consumer clientId=consumer-tomge-consumer-group-2, groupId=tomge-consumer-group] Node -1 disconnected.
2025-04-11 15:54:09.793 [http-nio-9090-exec-6] INFO  com.test.testboot.controller.StudentController - {"messageType":"JSON","data":{}}
2025-04-11 15:54:09.803 [http-nio-9090-exec-6] INFO  org.apache.kafka.clients.producer.ProducerConfig - ProducerConfig values: 
	acks = -1
	auto.include.jmx.reporter = true
	batch.size = 16384
	bootstrap.servers = [127.0.0.1:9092]
	buffer.memory = 33554432
	client.dns.lookup = use_all_dns_ips
	client.id = testspringboot-producer-1
	compression.type = none
	connections.max.idle.ms = 540000
	delivery.timeout.ms = 120000
	enable.idempotence = true
	enable.metrics.push = true
	interceptor.classes = []
	key.serializer = class org.apache.kafka.common.serialization.StringSerializer
	linger.ms = 0
	max.block.ms = 60000
	max.in.flight.requests.per.connection = 5
	max.request.size = 1048576
	metadata.max.age.ms = 300000
	metadata.max.idle.ms = 300000
	metric.reporters = []
	metrics.num.samples = 2
	metrics.recording.level = INFO
	metrics.sample.window.ms = 30000
	partitioner.adaptive.partitioning.enable = true
	partitioner.availability.timeout.ms = 0
	partitioner.class = null
	partitioner.ignore.keys = false
	receive.buffer.bytes = 32768
	reconnect.backoff.max.ms = 1000
	reconnect.backoff.ms = 50
	request.timeout.ms = 30000
	retries = 3
	retry.backoff.max.ms = 1000
	retry.backoff.ms = 100
	sasl.client.callback.handler.class = null
	sasl.jaas.config = null
	sasl.kerberos.kinit.cmd = /usr/bin/kinit
	sasl.kerberos.min.time.before.relogin = 60000
	sasl.kerberos.service.name = null
	sasl.kerberos.ticket.renew.jitter = 0.05
	sasl.kerberos.ticket.renew.window.factor = 0.8
	sasl.login.callback.handler.class = null
	sasl.login.class = null
	sasl.login.connect.timeout.ms = null
	sasl.login.read.timeout.ms = null
	sasl.login.refresh.buffer.seconds = 300
	sasl.login.refresh.min.period.seconds = 60
	sasl.login.refresh.window.factor = 0.8
	sasl.login.refresh.window.jitter = 0.05
	sasl.login.retry.backoff.max.ms = 10000
	sasl.login.retry.backoff.ms = 100
	sasl.mechanism = GSSAPI
	sasl.oauthbearer.clock.skew.seconds = 30
	sasl.oauthbearer.expected.audience = null
	sasl.oauthbearer.expected.issuer = null
	sasl.oauthbearer.jwks.endpoint.refresh.ms = 3600000
	sasl.oauthbearer.jwks.endpoint.retry.backoff.max.ms = 10000
	sasl.oauthbearer.jwks.endpoint.retry.backoff.ms = 100
	sasl.oauthbearer.jwks.endpoint.url = null
	sasl.oauthbearer.scope.claim.name = scope
	sasl.oauthbearer.sub.claim.name = sub
	sasl.oauthbearer.token.endpoint.url = null
	security.protocol = PLAINTEXT
	security.providers = null
	send.buffer.bytes = 131072
	socket.connection.setup.timeout.max.ms = 30000
	socket.connection.setup.timeout.ms = 10000
	ssl.cipher.suites = null
	ssl.enabled.protocols = [TLSv1.2, TLSv1.3]
	ssl.endpoint.identification.algorithm = https
	ssl.engine.factory.class = null
	ssl.key.password = null
	ssl.keymanager.algorithm = SunX509
	ssl.keystore.certificate.chain = null
	ssl.keystore.key = null
	ssl.keystore.location = null
	ssl.keystore.password = null
	ssl.keystore.type = JKS
	ssl.protocol = TLSv1.3
	ssl.provider = null
	ssl.secure.random.implementation = null
	ssl.trustmanager.algorithm = PKIX
	ssl.truststore.certificates = null
	ssl.truststore.location = null
	ssl.truststore.password = null
	ssl.truststore.type = JKS
	transaction.timeout.ms = 60000
	transactional.id = null
	value.serializer = class org.apache.kafka.common.serialization.StringSerializer

2025-04-11 15:54:09.804 [http-nio-9090-exec-6] INFO  org.apache.kafka.common.telemetry.internals.KafkaMetricsCollector - initializing Kafka metrics collector
2025-04-11 15:54:09.808 [http-nio-9090-exec-6] INFO  org.apache.kafka.clients.producer.KafkaProducer - [Producer clientId=testspringboot-producer-1] Instantiated an idempotent producer.
2025-04-11 15:54:09.815 [http-nio-9090-exec-6] INFO  org.apache.kafka.common.utils.AppInfoParser - Kafka version: 3.7.2
2025-04-11 15:54:09.815 [http-nio-9090-exec-6] INFO  org.apache.kafka.common.utils.AppInfoParser - Kafka commitId: 79a8f2b5f44f9d5a
2025-04-11 15:54:09.815 [http-nio-9090-exec-6] INFO  org.apache.kafka.common.utils.AppInfoParser - Kafka startTimeMs: 1744358049815
2025-04-11 15:54:09.818 [kafka-producer-network-thread | testspringboot-producer-1] INFO  org.apache.kafka.clients.Metadata - [Producer clientId=testspringboot-producer-1] Cluster ID: y-6F190GRaWny8wgtvr9EA
2025-04-11 15:54:09.934 [kafka-producer-network-thread | testspringboot-producer-1] INFO  org.apache.kafka.clients.producer.internals.TransactionManager - [Producer clientId=testspringboot-producer-1] ProducerId set to 0 with epoch 0
2025-04-11 15:54:09.957 [http-nio-9090-exec-6] INFO  com.test.testboot.kafkaservice.ProducerService - {"messageType":"JSON","data":{}}
2025-04-11 15:54:09.969 [org.springframework.kafka.KafkaListenerEndpointContainer#0-0-C-1] INFO  com.test.testboot.kafkaservice.ConsumerService - {}
2025-04-11 15:54:09.969 [org.springframework.kafka.KafkaListenerEndpointContainer#0-0-C-1] INFO  com.test.testboot.kafkaservice.ConsumerService - {}
2025-04-11 16:00:05.284 [http-nio-9090-exec-4] INFO  com.test.testboot.controller.StudentController - [Student [Hash = -395878275, id=912, name=郭靖1, sex=男1, birth=15891, department=丐帮1, address=湖北省襄阳市1]]
2025-04-11 16:02:08.737 [http-nio-9090-exec-8] INFO  com.test.testboot.controller.StudentController - {"messageType":"JSON","data":{"address":"安徽合肥","sex":"男","name":"jack","birth":"1991","id":999,"department":"计算机专业"}}
2025-04-11 16:02:08.750 [http-nio-9090-exec-8] INFO  com.test.testboot.kafkaservice.ProducerService - {"messageType":"JSON","data":{"address":"安徽合肥","sex":"男","name":"jack","birth":"1991","id":999,"department":"计算机专业"}}
2025-04-11 16:02:08.759 [org.springframework.kafka.KafkaListenerEndpointContainer#0-0-C-1] INFO  com.test.testboot.kafkaservice.ConsumerService - {"address":"安徽合肥","sex":"男","name":"jack","birth":"1991","id":999,"department":"计算机专业"}
2025-04-11 16:02:08.759 [org.springframework.kafka.KafkaListenerEndpointContainer#0-0-C-1] INFO  com.test.testboot.kafkaservice.ConsumerService - {"address":"安徽合肥","sex":"男","name":"jack","birth":"1991","id":999,"department":"计算机专业"}
2025-04-11 16:02:08.930 [org.springframework.kafka.KafkaListenerEndpointContainer#1-0-C-1] INFO  com.test.testboot.kafkaservice.ConsumerService - CanalModel: null
2025-04-11 16:02:09.123 [org.springframework.kafka.KafkaListenerEndpointContainer#1-0-C-1] INFO  com.test.testboot.kafkaservice.ConsumerService - Redis操作INSERT成功 - id: 999, value: {"address":"安徽合肥","sex":"男","name":"jack","birth":"1991","id":"999","department":"计算机专业"}
2025-04-11 16:03:08.768 [org.springframework.kafka.KafkaListenerEndpointContainer#0-0-C-1] INFO  org.apache.kafka.clients.consumer.internals.ConsumerRebalanceListenerInvoker - [Consumer clientId=consumer-tomge-consumer-group-1, groupId=tomge-consumer-group] Revoke previously assigned partitions testtopic-0
2025-04-11 16:03:08.768 [org.springframework.kafka.KafkaListenerEndpointContainer#1-0-C-1] INFO  org.apache.kafka.clients.consumer.internals.ConsumerRebalanceListenerInvoker - [Consumer clientId=consumer-tomge-consumer-group-2, groupId=tomge-consumer-group] Revoke previously assigned partitions testtopic2-0
2025-04-11 16:03:08.768 [org.springframework.kafka.KafkaListenerEndpointContainer#0-0-C-1] INFO  org.apache.kafka.clients.consumer.internals.ConsumerCoordinator - [Consumer clientId=consumer-tomge-consumer-group-1, groupId=tomge-consumer-group] Member consumer-tomge-consumer-group-1-54ea19cc-fd5a-492b-82e3-58d8ca1dfc4f sending LeaveGroup request to coordinator localhost:9092 (id: 2147483647 rack: null) due to the consumer unsubscribed from all topics
2025-04-11 16:03:08.768 [org.springframework.kafka.KafkaListenerEndpointContainer#1-0-C-1] INFO  org.apache.kafka.clients.consumer.internals.ConsumerCoordinator - [Consumer clientId=consumer-tomge-consumer-group-2, groupId=tomge-consumer-group] Member consumer-tomge-consumer-group-2-72b382d3-849e-4a14-912a-e74499161c16 sending LeaveGroup request to coordinator localhost:9092 (id: 2147483647 rack: null) due to the consumer unsubscribed from all topics
2025-04-11 16:03:08.768 [org.springframework.kafka.KafkaListenerEndpointContainer#0-0-C-1] INFO  org.apache.kafka.clients.consumer.internals.ConsumerCoordinator - [Consumer clientId=consumer-tomge-consumer-group-1, groupId=tomge-consumer-group] Resetting generation and member id due to: consumer pro-actively leaving the group
2025-04-11 16:03:08.768 [org.springframework.kafka.KafkaListenerEndpointContainer#1-0-C-1] INFO  org.apache.kafka.clients.consumer.internals.ConsumerCoordinator - [Consumer clientId=consumer-tomge-consumer-group-2, groupId=tomge-consumer-group] Resetting generation and member id due to: consumer pro-actively leaving the group
2025-04-11 16:03:08.769 [org.springframework.kafka.KafkaListenerEndpointContainer#0-0-C-1] INFO  org.apache.kafka.clients.consumer.internals.ConsumerCoordinator - [Consumer clientId=consumer-tomge-consumer-group-1, groupId=tomge-consumer-group] Request joining group due to: consumer pro-actively leaving the group
2025-04-11 16:03:08.769 [org.springframework.kafka.KafkaListenerEndpointContainer#1-0-C-1] INFO  org.apache.kafka.clients.consumer.internals.ConsumerCoordinator - [Consumer clientId=consumer-tomge-consumer-group-2, groupId=tomge-consumer-group] Request joining group due to: consumer pro-actively leaving the group
2025-04-11 16:03:08.769 [org.springframework.kafka.KafkaListenerEndpointContainer#0-0-C-1] INFO  org.apache.kafka.clients.consumer.internals.LegacyKafkaConsumer - [Consumer clientId=consumer-tomge-consumer-group-1, groupId=tomge-consumer-group] Unsubscribed all topics or patterns and assigned partitions
2025-04-11 16:03:08.769 [org.springframework.kafka.KafkaListenerEndpointContainer#1-0-C-1] INFO  org.apache.kafka.clients.consumer.internals.LegacyKafkaConsumer - [Consumer clientId=consumer-tomge-consumer-group-2, groupId=tomge-consumer-group] Unsubscribed all topics or patterns and assigned partitions
2025-04-11 16:03:08.769 [org.springframework.kafka.KafkaListenerEndpointContainer#0-0-C-1] INFO  org.apache.kafka.clients.consumer.internals.ConsumerCoordinator - [Consumer clientId=consumer-tomge-consumer-group-1, groupId=tomge-consumer-group] Resetting generation and member id due to: consumer pro-actively leaving the group
2025-04-11 16:03:08.769 [org.springframework.kafka.KafkaListenerEndpointContainer#1-0-C-1] INFO  org.apache.kafka.clients.consumer.internals.ConsumerCoordinator - [Consumer clientId=consumer-tomge-consumer-group-2, groupId=tomge-consumer-group] Resetting generation and member id due to: consumer pro-actively leaving the group
2025-04-11 16:03:08.770 [org.springframework.kafka.KafkaListenerEndpointContainer#0-0-C-1] INFO  org.apache.kafka.clients.consumer.internals.ConsumerCoordinator - [Consumer clientId=consumer-tomge-consumer-group-1, groupId=tomge-consumer-group] Request joining group due to: consumer pro-actively leaving the group
2025-04-11 16:03:08.770 [org.springframework.kafka.KafkaListenerEndpointContainer#1-0-C-1] INFO  org.apache.kafka.clients.consumer.internals.ConsumerCoordinator - [Consumer clientId=consumer-tomge-consumer-group-2, groupId=tomge-consumer-group] Request joining group due to: consumer pro-actively leaving the group
2025-04-11 16:03:09.092 [org.springframework.kafka.KafkaListenerEndpointContainer#0-0-C-1] INFO  org.apache.kafka.common.metrics.Metrics - Metrics scheduler closed
2025-04-11 16:03:09.093 [org.springframework.kafka.KafkaListenerEndpointContainer#0-0-C-1] INFO  org.apache.kafka.common.metrics.Metrics - Closing reporter org.apache.kafka.common.metrics.JmxReporter
2025-04-11 16:03:09.093 [org.springframework.kafka.KafkaListenerEndpointContainer#0-0-C-1] INFO  org.apache.kafka.common.metrics.Metrics - Closing reporter org.apache.kafka.common.telemetry.internals.ClientTelemetryReporter
2025-04-11 16:03:09.093 [org.springframework.kafka.KafkaListenerEndpointContainer#0-0-C-1] INFO  org.apache.kafka.common.metrics.Metrics - Metrics reporters closed
2025-04-11 16:03:09.095 [org.springframework.kafka.KafkaListenerEndpointContainer#0-0-C-1] INFO  org.apache.kafka.common.utils.AppInfoParser - App info kafka.consumer for consumer-tomge-consumer-group-1 unregistered
2025-04-11 16:03:09.257 [org.springframework.kafka.KafkaListenerEndpointContainer#1-0-C-1] INFO  org.apache.kafka.common.metrics.Metrics - Metrics scheduler closed
2025-04-11 16:03:09.257 [org.springframework.kafka.KafkaListenerEndpointContainer#1-0-C-1] INFO  org.apache.kafka.common.metrics.Metrics - Closing reporter org.apache.kafka.common.metrics.JmxReporter
2025-04-11 16:03:09.257 [org.springframework.kafka.KafkaListenerEndpointContainer#1-0-C-1] INFO  org.apache.kafka.common.metrics.Metrics - Closing reporter org.apache.kafka.common.telemetry.internals.ClientTelemetryReporter
2025-04-11 16:03:09.257 [org.springframework.kafka.KafkaListenerEndpointContainer#1-0-C-1] INFO  org.apache.kafka.common.metrics.Metrics - Metrics reporters closed
2025-04-11 16:03:09.259 [org.springframework.kafka.KafkaListenerEndpointContainer#1-0-C-1] INFO  org.apache.kafka.common.utils.AppInfoParser - App info kafka.consumer for consumer-tomge-consumer-group-2 unregistered
2025-04-11 16:03:12.970 [SpringApplicationShutdownHook] INFO  org.apache.kafka.clients.producer.KafkaProducer - [Producer clientId=testspringboot-producer-1] Closing the Kafka producer with timeoutMillis = 30000 ms.
2025-04-11 16:03:12.971 [kafka-producer-network-thread | testspringboot-producer-1] INFO  org.apache.kafka.clients.NetworkClient - [Producer clientId=testspringboot-producer-1] Node -1 disconnected.
2025-04-11 16:03:12.973 [SpringApplicationShutdownHook] INFO  org.apache.kafka.common.metrics.Metrics - Metrics scheduler closed
2025-04-11 16:03:12.973 [SpringApplicationShutdownHook] INFO  org.apache.kafka.common.metrics.Metrics - Closing reporter org.apache.kafka.common.metrics.JmxReporter
2025-04-11 16:03:12.973 [SpringApplicationShutdownHook] INFO  org.apache.kafka.common.metrics.Metrics - Closing reporter org.apache.kafka.common.telemetry.internals.ClientTelemetryReporter
2025-04-11 16:03:12.973 [SpringApplicationShutdownHook] INFO  org.apache.kafka.common.metrics.Metrics - Metrics reporters closed
2025-04-11 16:03:12.973 [SpringApplicationShutdownHook] INFO  org.apache.kafka.common.utils.AppInfoParser - App info kafka.producer for testspringboot-producer-1 unregistered
2025-04-11 16:03:12.982 [SpringApplicationShutdownHook] INFO  com.zaxxer.hikari.HikariDataSource - HikariPool-1 - Shutdown initiated...
2025-04-11 16:03:12.988 [SpringApplicationShutdownHook] INFO  com.zaxxer.hikari.HikariDataSource - HikariPool-1 - Shutdown completed.
2025-04-11 16:03:16.639 [background-preinit] INFO  org.hibernate.validator.internal.util.Version - HV000001: Hibernate Validator 8.0.2.Final
2025-04-11 16:03:16.650 [main] INFO  com.test.testboot.TestbootApplication - Starting TestbootApplication using Java 23.0.2 with PID 62835 (/Users/zhaoxin/Documents/GitHub/testboot/target/classes started by zhaoxin in /Users/zhaoxin/Documents/GitHub/testboot)
2025-04-11 16:03:16.650 [main] INFO  com.test.testboot.TestbootApplication - No active profile set, falling back to 1 default profile: "default"
2025-04-11 16:03:17.417 [main] INFO  org.apache.coyote.http11.Http11NioProtocol - Initializing ProtocolHandler ["http-nio-9090"]
2025-04-11 16:03:17.418 [main] INFO  org.apache.catalina.core.StandardService - Starting service [Tomcat]
2025-04-11 16:03:17.418 [main] INFO  org.apache.catalina.core.StandardEngine - Starting Servlet engine: [Apache Tomcat/10.1.36]
2025-04-11 16:03:17.447 [main] INFO  org.apache.catalina.core.ContainerBase.[Tomcat].[localhost].[/] - Initializing Spring embedded WebApplicationContext
2025-04-11 16:03:20.194 [main] INFO  org.apache.coyote.http11.Http11NioProtocol - Starting ProtocolHandler ["http-nio-9090"]
2025-04-11 16:03:20.218 [main] INFO  org.apache.kafka.clients.consumer.ConsumerConfig - ConsumerConfig values: 
	allow.auto.create.topics = true
	auto.commit.interval.ms = 5000
	auto.include.jmx.reporter = true
	auto.offset.reset = latest
	bootstrap.servers = [127.0.0.1:9092]
	check.crcs = true
	client.dns.lookup = use_all_dns_ips
	client.id = consumer-tomge-consumer-group-1
	client.rack = 
	connections.max.idle.ms = 540000
	default.api.timeout.ms = 60000
	enable.auto.commit = false
	enable.metrics.push = true
	exclude.internal.topics = true
	fetch.max.bytes = 52428800
	fetch.max.wait.ms = 500
	fetch.min.bytes = 1
	group.id = tomge-consumer-group
	group.instance.id = null
	group.protocol = classic
	group.remote.assignor = null
	heartbeat.interval.ms = 3000
	interceptor.classes = []
	internal.leave.group.on.close = true
	internal.throw.on.fetch.stable.offset.unsupported = false
	isolation.level = read_uncommitted
	key.deserializer = class org.apache.kafka.common.serialization.StringDeserializer
	max.partition.fetch.bytes = 1048576
	max.poll.interval.ms = 300000
	max.poll.records = 500
	metadata.max.age.ms = 300000
	metric.reporters = []
	metrics.num.samples = 2
	metrics.recording.level = INFO
	metrics.sample.window.ms = 30000
	partition.assignment.strategy = [class org.apache.kafka.clients.consumer.RangeAssignor, class org.apache.kafka.clients.consumer.CooperativeStickyAssignor]
	receive.buffer.bytes = 65536
	reconnect.backoff.max.ms = 1000
	reconnect.backoff.ms = 50
	request.timeout.ms = 30000
	retry.backoff.max.ms = 1000
	retry.backoff.ms = 100
	sasl.client.callback.handler.class = null
	sasl.jaas.config = null
	sasl.kerberos.kinit.cmd = /usr/bin/kinit
	sasl.kerberos.min.time.before.relogin = 60000
	sasl.kerberos.service.name = null
	sasl.kerberos.ticket.renew.jitter = 0.05
	sasl.kerberos.ticket.renew.window.factor = 0.8
	sasl.login.callback.handler.class = null
	sasl.login.class = null
	sasl.login.connect.timeout.ms = null
	sasl.login.read.timeout.ms = null
	sasl.login.refresh.buffer.seconds = 300
	sasl.login.refresh.min.period.seconds = 60
	sasl.login.refresh.window.factor = 0.8
	sasl.login.refresh.window.jitter = 0.05
	sasl.login.retry.backoff.max.ms = 10000
	sasl.login.retry.backoff.ms = 100
	sasl.mechanism = GSSAPI
	sasl.oauthbearer.clock.skew.seconds = 30
	sasl.oauthbearer.expected.audience = null
	sasl.oauthbearer.expected.issuer = null
	sasl.oauthbearer.jwks.endpoint.refresh.ms = 3600000
	sasl.oauthbearer.jwks.endpoint.retry.backoff.max.ms = 10000
	sasl.oauthbearer.jwks.endpoint.retry.backoff.ms = 100
	sasl.oauthbearer.jwks.endpoint.url = null
	sasl.oauthbearer.scope.claim.name = scope
	sasl.oauthbearer.sub.claim.name = sub
	sasl.oauthbearer.token.endpoint.url = null
	security.protocol = PLAINTEXT
	security.providers = null
	send.buffer.bytes = 131072
	session.timeout.ms = 45000
	socket.connection.setup.timeout.max.ms = 30000
	socket.connection.setup.timeout.ms = 10000
	ssl.cipher.suites = null
	ssl.enabled.protocols = [TLSv1.2, TLSv1.3]
	ssl.endpoint.identification.algorithm = https
	ssl.engine.factory.class = null
	ssl.key.password = null
	ssl.keymanager.algorithm = SunX509
	ssl.keystore.certificate.chain = null
	ssl.keystore.key = null
	ssl.keystore.location = null
	ssl.keystore.password = null
	ssl.keystore.type = JKS
	ssl.protocol = TLSv1.3
	ssl.provider = null
	ssl.secure.random.implementation = null
	ssl.trustmanager.algorithm = PKIX
	ssl.truststore.certificates = null
	ssl.truststore.location = null
	ssl.truststore.password = null
	ssl.truststore.type = JKS
	value.deserializer = class org.apache.kafka.common.serialization.StringDeserializer

2025-04-11 16:03:20.238 [main] INFO  org.apache.kafka.common.telemetry.internals.KafkaMetricsCollector - initializing Kafka metrics collector
2025-04-11 16:03:20.265 [main] INFO  org.apache.kafka.common.utils.AppInfoParser - Kafka version: 3.7.2
2025-04-11 16:03:20.266 [main] INFO  org.apache.kafka.common.utils.AppInfoParser - Kafka commitId: 79a8f2b5f44f9d5a
2025-04-11 16:03:20.266 [main] INFO  org.apache.kafka.common.utils.AppInfoParser - Kafka startTimeMs: 1744358600265
2025-04-11 16:03:20.267 [main] INFO  org.apache.kafka.clients.consumer.internals.LegacyKafkaConsumer - [Consumer clientId=consumer-tomge-consumer-group-1, groupId=tomge-consumer-group] Subscribed to topic(s): testtopic2
2025-04-11 16:03:20.270 [main] INFO  org.apache.kafka.clients.consumer.ConsumerConfig - ConsumerConfig values: 
	allow.auto.create.topics = true
	auto.commit.interval.ms = 5000
	auto.include.jmx.reporter = true
	auto.offset.reset = latest
	bootstrap.servers = [127.0.0.1:9092]
	check.crcs = true
	client.dns.lookup = use_all_dns_ips
	client.id = consumer-tomge-consumer-group-2
	client.rack = 
	connections.max.idle.ms = 540000
	default.api.timeout.ms = 60000
	enable.auto.commit = false
	enable.metrics.push = true
	exclude.internal.topics = true
	fetch.max.bytes = 52428800
	fetch.max.wait.ms = 500
	fetch.min.bytes = 1
	group.id = tomge-consumer-group
	group.instance.id = null
	group.protocol = classic
	group.remote.assignor = null
	heartbeat.interval.ms = 3000
	interceptor.classes = []
	internal.leave.group.on.close = true
	internal.throw.on.fetch.stable.offset.unsupported = false
	isolation.level = read_uncommitted
	key.deserializer = class org.apache.kafka.common.serialization.StringDeserializer
	max.partition.fetch.bytes = 1048576
	max.poll.interval.ms = 300000
	max.poll.records = 500
	metadata.max.age.ms = 300000
	metric.reporters = []
	metrics.num.samples = 2
	metrics.recording.level = INFO
	metrics.sample.window.ms = 30000
	partition.assignment.strategy = [class org.apache.kafka.clients.consumer.RangeAssignor, class org.apache.kafka.clients.consumer.CooperativeStickyAssignor]
	receive.buffer.bytes = 65536
	reconnect.backoff.max.ms = 1000
	reconnect.backoff.ms = 50
	request.timeout.ms = 30000
	retry.backoff.max.ms = 1000
	retry.backoff.ms = 100
	sasl.client.callback.handler.class = null
	sasl.jaas.config = null
	sasl.kerberos.kinit.cmd = /usr/bin/kinit
	sasl.kerberos.min.time.before.relogin = 60000
	sasl.kerberos.service.name = null
	sasl.kerberos.ticket.renew.jitter = 0.05
	sasl.kerberos.ticket.renew.window.factor = 0.8
	sasl.login.callback.handler.class = null
	sasl.login.class = null
	sasl.login.connect.timeout.ms = null
	sasl.login.read.timeout.ms = null
	sasl.login.refresh.buffer.seconds = 300
	sasl.login.refresh.min.period.seconds = 60
	sasl.login.refresh.window.factor = 0.8
	sasl.login.refresh.window.jitter = 0.05
	sasl.login.retry.backoff.max.ms = 10000
	sasl.login.retry.backoff.ms = 100
	sasl.mechanism = GSSAPI
	sasl.oauthbearer.clock.skew.seconds = 30
	sasl.oauthbearer.expected.audience = null
	sasl.oauthbearer.expected.issuer = null
	sasl.oauthbearer.jwks.endpoint.refresh.ms = 3600000
	sasl.oauthbearer.jwks.endpoint.retry.backoff.max.ms = 10000
	sasl.oauthbearer.jwks.endpoint.retry.backoff.ms = 100
	sasl.oauthbearer.jwks.endpoint.url = null
	sasl.oauthbearer.scope.claim.name = scope
	sasl.oauthbearer.sub.claim.name = sub
	sasl.oauthbearer.token.endpoint.url = null
	security.protocol = PLAINTEXT
	security.providers = null
	send.buffer.bytes = 131072
	session.timeout.ms = 45000
	socket.connection.setup.timeout.max.ms = 30000
	socket.connection.setup.timeout.ms = 10000
	ssl.cipher.suites = null
	ssl.enabled.protocols = [TLSv1.2, TLSv1.3]
	ssl.endpoint.identification.algorithm = https
	ssl.engine.factory.class = null
	ssl.key.password = null
	ssl.keymanager.algorithm = SunX509
	ssl.keystore.certificate.chain = null
	ssl.keystore.key = null
	ssl.keystore.location = null
	ssl.keystore.password = null
	ssl.keystore.type = JKS
	ssl.protocol = TLSv1.3
	ssl.provider = null
	ssl.secure.random.implementation = null
	ssl.trustmanager.algorithm = PKIX
	ssl.truststore.certificates = null
	ssl.truststore.location = null
	ssl.truststore.password = null
	ssl.truststore.type = JKS
	value.deserializer = class org.apache.kafka.common.serialization.StringDeserializer

2025-04-11 16:03:20.270 [main] INFO  org.apache.kafka.common.telemetry.internals.KafkaMetricsCollector - initializing Kafka metrics collector
2025-04-11 16:03:20.273 [main] INFO  org.apache.kafka.common.utils.AppInfoParser - Kafka version: 3.7.2
2025-04-11 16:03:20.273 [main] INFO  org.apache.kafka.common.utils.AppInfoParser - Kafka commitId: 79a8f2b5f44f9d5a
2025-04-11 16:03:20.273 [main] INFO  org.apache.kafka.common.utils.AppInfoParser - Kafka startTimeMs: 1744358600273
2025-04-11 16:03:20.273 [main] INFO  org.apache.kafka.clients.consumer.internals.LegacyKafkaConsumer - [Consumer clientId=consumer-tomge-consumer-group-2, groupId=tomge-consumer-group] Subscribed to topic(s): testtopic
2025-04-11 16:03:20.280 [main] INFO  com.test.testboot.TestbootApplication - Started TestbootApplication in 3.824 seconds (process running for 4.168)
2025-04-11 16:03:20.378 [org.springframework.kafka.KafkaListenerEndpointContainer#1-0-C-1] INFO  org.apache.kafka.clients.Metadata - [Consumer clientId=consumer-tomge-consumer-group-2, groupId=tomge-consumer-group] Cluster ID: y-6F190GRaWny8wgtvr9EA
2025-04-11 16:03:20.378 [org.springframework.kafka.KafkaListenerEndpointContainer#0-0-C-1] INFO  org.apache.kafka.clients.Metadata - [Consumer clientId=consumer-tomge-consumer-group-1, groupId=tomge-consumer-group] Cluster ID: y-6F190GRaWny8wgtvr9EA
2025-04-11 16:03:20.378 [org.springframework.kafka.KafkaListenerEndpointContainer#1-0-C-1] INFO  org.apache.kafka.clients.consumer.internals.ConsumerCoordinator - [Consumer clientId=consumer-tomge-consumer-group-2, groupId=tomge-consumer-group] Discovered group coordinator localhost:9092 (id: 2147483647 rack: null)
2025-04-11 16:03:20.378 [org.springframework.kafka.KafkaListenerEndpointContainer#0-0-C-1] INFO  org.apache.kafka.clients.consumer.internals.ConsumerCoordinator - [Consumer clientId=consumer-tomge-consumer-group-1, groupId=tomge-consumer-group] Discovered group coordinator localhost:9092 (id: 2147483647 rack: null)
2025-04-11 16:03:20.379 [org.springframework.kafka.KafkaListenerEndpointContainer#1-0-C-1] INFO  org.apache.kafka.clients.consumer.internals.ConsumerCoordinator - [Consumer clientId=consumer-tomge-consumer-group-2, groupId=tomge-consumer-group] (Re-)joining group
2025-04-11 16:03:20.379 [org.springframework.kafka.KafkaListenerEndpointContainer#0-0-C-1] INFO  org.apache.kafka.clients.consumer.internals.ConsumerCoordinator - [Consumer clientId=consumer-tomge-consumer-group-1, groupId=tomge-consumer-group] (Re-)joining group
2025-04-11 16:03:20.386 [org.springframework.kafka.KafkaListenerEndpointContainer#1-0-C-1] INFO  org.apache.kafka.clients.consumer.internals.ConsumerCoordinator - [Consumer clientId=consumer-tomge-consumer-group-2, groupId=tomge-consumer-group] Request joining group due to: need to re-join with the given member-id: consumer-tomge-consumer-group-2-ba803190-1e28-4f22-a3dd-219632407324
2025-04-11 16:03:20.386 [org.springframework.kafka.KafkaListenerEndpointContainer#0-0-C-1] INFO  org.apache.kafka.clients.consumer.internals.ConsumerCoordinator - [Consumer clientId=consumer-tomge-consumer-group-1, groupId=tomge-consumer-group] Request joining group due to: need to re-join with the given member-id: consumer-tomge-consumer-group-1-f4feff2e-c3bb-48f6-ba55-debff04c0140
2025-04-11 16:03:20.386 [org.springframework.kafka.KafkaListenerEndpointContainer#1-0-C-1] INFO  org.apache.kafka.clients.consumer.internals.ConsumerCoordinator - [Consumer clientId=consumer-tomge-consumer-group-2, groupId=tomge-consumer-group] (Re-)joining group
2025-04-11 16:03:20.386 [org.springframework.kafka.KafkaListenerEndpointContainer#0-0-C-1] INFO  org.apache.kafka.clients.consumer.internals.ConsumerCoordinator - [Consumer clientId=consumer-tomge-consumer-group-1, groupId=tomge-consumer-group] (Re-)joining group
2025-04-11 16:03:20.388 [org.springframework.kafka.KafkaListenerEndpointContainer#0-0-C-1] INFO  org.apache.kafka.clients.consumer.internals.ConsumerCoordinator - [Consumer clientId=consumer-tomge-consumer-group-1, groupId=tomge-consumer-group] Successfully joined group with generation Generation{generationId=14, memberId='consumer-tomge-consumer-group-1-f4feff2e-c3bb-48f6-ba55-debff04c0140', protocol='range'}
2025-04-11 16:03:20.388 [org.springframework.kafka.KafkaListenerEndpointContainer#1-0-C-1] INFO  org.apache.kafka.clients.consumer.internals.ConsumerCoordinator - [Consumer clientId=consumer-tomge-consumer-group-2, groupId=tomge-consumer-group] Successfully joined group with generation Generation{generationId=14, memberId='consumer-tomge-consumer-group-2-ba803190-1e28-4f22-a3dd-219632407324', protocol='range'}
2025-04-11 16:03:20.391 [org.springframework.kafka.KafkaListenerEndpointContainer#1-0-C-1] INFO  org.apache.kafka.clients.consumer.internals.ConsumerCoordinator - [Consumer clientId=consumer-tomge-consumer-group-2, groupId=tomge-consumer-group] Finished assignment for group at generation 14: {consumer-tomge-consumer-group-1-f4feff2e-c3bb-48f6-ba55-debff04c0140=Assignment(partitions=[testtopic2-0]), consumer-tomge-consumer-group-2-ba803190-1e28-4f22-a3dd-219632407324=Assignment(partitions=[testtopic-0])}
2025-04-11 16:03:20.395 [org.springframework.kafka.KafkaListenerEndpointContainer#0-0-C-1] INFO  org.apache.kafka.clients.consumer.internals.ConsumerCoordinator - [Consumer clientId=consumer-tomge-consumer-group-1, groupId=tomge-consumer-group] Successfully synced group in generation Generation{generationId=14, memberId='consumer-tomge-consumer-group-1-f4feff2e-c3bb-48f6-ba55-debff04c0140', protocol='range'}
2025-04-11 16:03:20.395 [org.springframework.kafka.KafkaListenerEndpointContainer#1-0-C-1] INFO  org.apache.kafka.clients.consumer.internals.ConsumerCoordinator - [Consumer clientId=consumer-tomge-consumer-group-2, groupId=tomge-consumer-group] Successfully synced group in generation Generation{generationId=14, memberId='consumer-tomge-consumer-group-2-ba803190-1e28-4f22-a3dd-219632407324', protocol='range'}
2025-04-11 16:03:20.395 [org.springframework.kafka.KafkaListenerEndpointContainer#0-0-C-1] INFO  org.apache.kafka.clients.consumer.internals.ConsumerCoordinator - [Consumer clientId=consumer-tomge-consumer-group-1, groupId=tomge-consumer-group] Notifying assignor about the new Assignment(partitions=[testtopic2-0])
2025-04-11 16:03:20.395 [org.springframework.kafka.KafkaListenerEndpointContainer#1-0-C-1] INFO  org.apache.kafka.clients.consumer.internals.ConsumerCoordinator - [Consumer clientId=consumer-tomge-consumer-group-2, groupId=tomge-consumer-group] Notifying assignor about the new Assignment(partitions=[testtopic-0])
2025-04-11 16:03:20.396 [org.springframework.kafka.KafkaListenerEndpointContainer#0-0-C-1] INFO  org.apache.kafka.clients.consumer.internals.ConsumerRebalanceListenerInvoker - [Consumer clientId=consumer-tomge-consumer-group-1, groupId=tomge-consumer-group] Adding newly assigned partitions: testtopic2-0
2025-04-11 16:03:20.396 [org.springframework.kafka.KafkaListenerEndpointContainer#1-0-C-1] INFO  org.apache.kafka.clients.consumer.internals.ConsumerRebalanceListenerInvoker - [Consumer clientId=consumer-tomge-consumer-group-2, groupId=tomge-consumer-group] Adding newly assigned partitions: testtopic-0
2025-04-11 16:03:20.403 [org.springframework.kafka.KafkaListenerEndpointContainer#0-0-C-1] INFO  org.apache.kafka.clients.consumer.internals.ConsumerUtils - Setting offset for partition testtopic2-0 to the committed offset FetchPosition{offset=260, offsetEpoch=Optional.empty, currentLeader=LeaderAndEpoch{leader=Optional[localhost:9092 (id: 0 rack: null)], epoch=0}}
2025-04-11 16:03:20.403 [org.springframework.kafka.KafkaListenerEndpointContainer#1-0-C-1] INFO  org.apache.kafka.clients.consumer.internals.ConsumerUtils - Setting offset for partition testtopic-0 to the committed offset FetchPosition{offset=2, offsetEpoch=Optional.empty, currentLeader=LeaderAndEpoch{leader=Optional[localhost:9092 (id: 0 rack: null)], epoch=0}}
2025-04-11 16:03:54.117 [http-nio-9090-exec-1] INFO  org.apache.catalina.core.ContainerBase.[Tomcat].[localhost].[/] - Initializing Spring DispatcherServlet 'dispatcherServlet'
2025-04-11 16:03:54.382 [http-nio-9090-exec-4] INFO  org.springdoc.api.AbstractOpenApiResource - Init duration for springdoc-openapi is: 123 ms
2025-04-11 16:12:20.418 [org.springframework.kafka.KafkaListenerEndpointContainer#1-0-C-1] INFO  org.apache.kafka.clients.NetworkClient - [Consumer clientId=consumer-tomge-consumer-group-2, groupId=tomge-consumer-group] Node -1 disconnected.
2025-04-11 16:12:20.417 [org.springframework.kafka.KafkaListenerEndpointContainer#0-0-C-1] INFO  org.apache.kafka.clients.NetworkClient - [Consumer clientId=consumer-tomge-consumer-group-1, groupId=tomge-consumer-group] Node -1 disconnected.
2025-04-11 16:20:47.546 [org.springframework.kafka.KafkaListenerEndpointContainer#0-0-C-1] INFO  org.apache.kafka.clients.consumer.internals.ConsumerRebalanceListenerInvoker - [Consumer clientId=consumer-tomge-consumer-group-1, groupId=tomge-consumer-group] Revoke previously assigned partitions testtopic2-0
2025-04-11 16:20:47.546 [org.springframework.kafka.KafkaListenerEndpointContainer#1-0-C-1] INFO  org.apache.kafka.clients.consumer.internals.ConsumerRebalanceListenerInvoker - [Consumer clientId=consumer-tomge-consumer-group-2, groupId=tomge-consumer-group] Revoke previously assigned partitions testtopic-0
2025-04-11 16:20:47.548 [org.springframework.kafka.KafkaListenerEndpointContainer#0-0-C-1] INFO  org.apache.kafka.clients.consumer.internals.ConsumerCoordinator - [Consumer clientId=consumer-tomge-consumer-group-1, groupId=tomge-consumer-group] Member consumer-tomge-consumer-group-1-f4feff2e-c3bb-48f6-ba55-debff04c0140 sending LeaveGroup request to coordinator localhost:9092 (id: 2147483647 rack: null) due to the consumer unsubscribed from all topics
2025-04-11 16:20:47.548 [org.springframework.kafka.KafkaListenerEndpointContainer#1-0-C-1] INFO  org.apache.kafka.clients.consumer.internals.ConsumerCoordinator - [Consumer clientId=consumer-tomge-consumer-group-2, groupId=tomge-consumer-group] Member consumer-tomge-consumer-group-2-ba803190-1e28-4f22-a3dd-219632407324 sending LeaveGroup request to coordinator localhost:9092 (id: 2147483647 rack: null) due to the consumer unsubscribed from all topics
2025-04-11 16:20:47.548 [org.springframework.kafka.KafkaListenerEndpointContainer#1-0-C-1] INFO  org.apache.kafka.clients.consumer.internals.ConsumerCoordinator - [Consumer clientId=consumer-tomge-consumer-group-2, groupId=tomge-consumer-group] Resetting generation and member id due to: consumer pro-actively leaving the group
2025-04-11 16:20:47.548 [org.springframework.kafka.KafkaListenerEndpointContainer#0-0-C-1] INFO  org.apache.kafka.clients.consumer.internals.ConsumerCoordinator - [Consumer clientId=consumer-tomge-consumer-group-1, groupId=tomge-consumer-group] Resetting generation and member id due to: consumer pro-actively leaving the group
2025-04-11 16:20:47.548 [org.springframework.kafka.KafkaListenerEndpointContainer#1-0-C-1] INFO  org.apache.kafka.clients.consumer.internals.ConsumerCoordinator - [Consumer clientId=consumer-tomge-consumer-group-2, groupId=tomge-consumer-group] Request joining group due to: consumer pro-actively leaving the group
2025-04-11 16:20:47.548 [org.springframework.kafka.KafkaListenerEndpointContainer#0-0-C-1] INFO  org.apache.kafka.clients.consumer.internals.ConsumerCoordinator - [Consumer clientId=consumer-tomge-consumer-group-1, groupId=tomge-consumer-group] Request joining group due to: consumer pro-actively leaving the group
2025-04-11 16:20:47.548 [org.springframework.kafka.KafkaListenerEndpointContainer#1-0-C-1] INFO  org.apache.kafka.clients.consumer.internals.LegacyKafkaConsumer - [Consumer clientId=consumer-tomge-consumer-group-2, groupId=tomge-consumer-group] Unsubscribed all topics or patterns and assigned partitions
2025-04-11 16:20:47.548 [org.springframework.kafka.KafkaListenerEndpointContainer#0-0-C-1] INFO  org.apache.kafka.clients.consumer.internals.LegacyKafkaConsumer - [Consumer clientId=consumer-tomge-consumer-group-1, groupId=tomge-consumer-group] Unsubscribed all topics or patterns and assigned partitions
2025-04-11 16:20:47.549 [org.springframework.kafka.KafkaListenerEndpointContainer#0-0-C-1] INFO  org.apache.kafka.clients.consumer.internals.ConsumerCoordinator - [Consumer clientId=consumer-tomge-consumer-group-1, groupId=tomge-consumer-group] Resetting generation and member id due to: consumer pro-actively leaving the group
2025-04-11 16:20:47.549 [org.springframework.kafka.KafkaListenerEndpointContainer#1-0-C-1] INFO  org.apache.kafka.clients.consumer.internals.ConsumerCoordinator - [Consumer clientId=consumer-tomge-consumer-group-2, groupId=tomge-consumer-group] Resetting generation and member id due to: consumer pro-actively leaving the group
2025-04-11 16:20:47.549 [org.springframework.kafka.KafkaListenerEndpointContainer#0-0-C-1] INFO  org.apache.kafka.clients.consumer.internals.ConsumerCoordinator - [Consumer clientId=consumer-tomge-consumer-group-1, groupId=tomge-consumer-group] Request joining group due to: consumer pro-actively leaving the group
2025-04-11 16:20:47.549 [org.springframework.kafka.KafkaListenerEndpointContainer#1-0-C-1] INFO  org.apache.kafka.clients.consumer.internals.ConsumerCoordinator - [Consumer clientId=consumer-tomge-consumer-group-2, groupId=tomge-consumer-group] Request joining group due to: consumer pro-actively leaving the group
2025-04-11 16:20:48.022 [org.springframework.kafka.KafkaListenerEndpointContainer#1-0-C-1] INFO  org.apache.kafka.common.metrics.Metrics - Metrics scheduler closed
2025-04-11 16:20:48.022 [org.springframework.kafka.KafkaListenerEndpointContainer#0-0-C-1] INFO  org.apache.kafka.common.metrics.Metrics - Metrics scheduler closed
2025-04-11 16:20:48.022 [org.springframework.kafka.KafkaListenerEndpointContainer#1-0-C-1] INFO  org.apache.kafka.common.metrics.Metrics - Closing reporter org.apache.kafka.common.metrics.JmxReporter
2025-04-11 16:20:48.022 [org.springframework.kafka.KafkaListenerEndpointContainer#0-0-C-1] INFO  org.apache.kafka.common.metrics.Metrics - Closing reporter org.apache.kafka.common.metrics.JmxReporter
2025-04-11 16:20:48.022 [org.springframework.kafka.KafkaListenerEndpointContainer#1-0-C-1] INFO  org.apache.kafka.common.metrics.Metrics - Closing reporter org.apache.kafka.common.telemetry.internals.ClientTelemetryReporter
2025-04-11 16:20:48.022 [org.springframework.kafka.KafkaListenerEndpointContainer#0-0-C-1] INFO  org.apache.kafka.common.metrics.Metrics - Closing reporter org.apache.kafka.common.telemetry.internals.ClientTelemetryReporter
2025-04-11 16:20:48.022 [org.springframework.kafka.KafkaListenerEndpointContainer#1-0-C-1] INFO  org.apache.kafka.common.metrics.Metrics - Metrics reporters closed
2025-04-11 16:20:48.022 [org.springframework.kafka.KafkaListenerEndpointContainer#0-0-C-1] INFO  org.apache.kafka.common.metrics.Metrics - Metrics reporters closed
2025-04-11 16:20:48.024 [org.springframework.kafka.KafkaListenerEndpointContainer#1-0-C-1] INFO  org.apache.kafka.common.utils.AppInfoParser - App info kafka.consumer for consumer-tomge-consumer-group-2 unregistered
2025-04-11 16:20:48.024 [org.springframework.kafka.KafkaListenerEndpointContainer#0-0-C-1] INFO  org.apache.kafka.common.utils.AppInfoParser - App info kafka.consumer for consumer-tomge-consumer-group-1 unregistered
2025-04-11 16:20:55.698 [background-preinit] INFO  org.hibernate.validator.internal.util.Version - HV000001: Hibernate Validator 8.0.2.Final
2025-04-11 16:20:55.710 [main] INFO  com.test.testboot.TestbootApplication - Starting TestbootApplication using Java 23.0.2 with PID 63050 (/Users/zhaoxin/Documents/GitHub/testboot/target/classes started by zhaoxin in /Users/zhaoxin/Documents/GitHub/testboot)
2025-04-11 16:20:55.710 [main] INFO  com.test.testboot.TestbootApplication - No active profile set, falling back to 1 default profile: "default"
2025-04-11 16:20:56.432 [main] INFO  org.apache.coyote.http11.Http11NioProtocol - Initializing ProtocolHandler ["http-nio-9090"]
2025-04-11 16:20:56.433 [main] INFO  org.apache.catalina.core.StandardService - Starting service [Tomcat]
2025-04-11 16:20:56.433 [main] INFO  org.apache.catalina.core.StandardEngine - Starting Servlet engine: [Apache Tomcat/10.1.36]
2025-04-11 16:20:56.461 [main] INFO  org.apache.catalina.core.ContainerBase.[Tomcat].[localhost].[/] - Initializing Spring embedded WebApplicationContext
2025-04-11 16:20:59.432 [main] INFO  org.apache.coyote.http11.Http11NioProtocol - Starting ProtocolHandler ["http-nio-9090"]
2025-04-11 16:20:59.454 [main] INFO  org.apache.kafka.clients.consumer.ConsumerConfig - ConsumerConfig values: 
	allow.auto.create.topics = true
	auto.commit.interval.ms = 5000
	auto.include.jmx.reporter = true
	auto.offset.reset = latest
	bootstrap.servers = [127.0.0.1:9092]
	check.crcs = true
	client.dns.lookup = use_all_dns_ips
	client.id = consumer-tomge-consumer-group-1
	client.rack = 
	connections.max.idle.ms = 540000
	default.api.timeout.ms = 60000
	enable.auto.commit = false
	enable.metrics.push = true
	exclude.internal.topics = true
	fetch.max.bytes = 52428800
	fetch.max.wait.ms = 500
	fetch.min.bytes = 1
	group.id = tomge-consumer-group
	group.instance.id = null
	group.protocol = classic
	group.remote.assignor = null
	heartbeat.interval.ms = 3000
	interceptor.classes = []
	internal.leave.group.on.close = true
	internal.throw.on.fetch.stable.offset.unsupported = false
	isolation.level = read_uncommitted
	key.deserializer = class org.apache.kafka.common.serialization.StringDeserializer
	max.partition.fetch.bytes = 1048576
	max.poll.interval.ms = 300000
	max.poll.records = 500
	metadata.max.age.ms = 300000
	metric.reporters = []
	metrics.num.samples = 2
	metrics.recording.level = INFO
	metrics.sample.window.ms = 30000
	partition.assignment.strategy = [class org.apache.kafka.clients.consumer.RangeAssignor, class org.apache.kafka.clients.consumer.CooperativeStickyAssignor]
	receive.buffer.bytes = 65536
	reconnect.backoff.max.ms = 1000
	reconnect.backoff.ms = 50
	request.timeout.ms = 30000
	retry.backoff.max.ms = 1000
	retry.backoff.ms = 100
	sasl.client.callback.handler.class = null
	sasl.jaas.config = null
	sasl.kerberos.kinit.cmd = /usr/bin/kinit
	sasl.kerberos.min.time.before.relogin = 60000
	sasl.kerberos.service.name = null
	sasl.kerberos.ticket.renew.jitter = 0.05
	sasl.kerberos.ticket.renew.window.factor = 0.8
	sasl.login.callback.handler.class = null
	sasl.login.class = null
	sasl.login.connect.timeout.ms = null
	sasl.login.read.timeout.ms = null
	sasl.login.refresh.buffer.seconds = 300
	sasl.login.refresh.min.period.seconds = 60
	sasl.login.refresh.window.factor = 0.8
	sasl.login.refresh.window.jitter = 0.05
	sasl.login.retry.backoff.max.ms = 10000
	sasl.login.retry.backoff.ms = 100
	sasl.mechanism = GSSAPI
	sasl.oauthbearer.clock.skew.seconds = 30
	sasl.oauthbearer.expected.audience = null
	sasl.oauthbearer.expected.issuer = null
	sasl.oauthbearer.jwks.endpoint.refresh.ms = 3600000
	sasl.oauthbearer.jwks.endpoint.retry.backoff.max.ms = 10000
	sasl.oauthbearer.jwks.endpoint.retry.backoff.ms = 100
	sasl.oauthbearer.jwks.endpoint.url = null
	sasl.oauthbearer.scope.claim.name = scope
	sasl.oauthbearer.sub.claim.name = sub
	sasl.oauthbearer.token.endpoint.url = null
	security.protocol = PLAINTEXT
	security.providers = null
	send.buffer.bytes = 131072
	session.timeout.ms = 45000
	socket.connection.setup.timeout.max.ms = 30000
	socket.connection.setup.timeout.ms = 10000
	ssl.cipher.suites = null
	ssl.enabled.protocols = [TLSv1.2, TLSv1.3]
	ssl.endpoint.identification.algorithm = https
	ssl.engine.factory.class = null
	ssl.key.password = null
	ssl.keymanager.algorithm = SunX509
	ssl.keystore.certificate.chain = null
	ssl.keystore.key = null
	ssl.keystore.location = null
	ssl.keystore.password = null
	ssl.keystore.type = JKS
	ssl.protocol = TLSv1.3
	ssl.provider = null
	ssl.secure.random.implementation = null
	ssl.trustmanager.algorithm = PKIX
	ssl.truststore.certificates = null
	ssl.truststore.location = null
	ssl.truststore.password = null
	ssl.truststore.type = JKS
	value.deserializer = class org.apache.kafka.common.serialization.StringDeserializer

2025-04-11 16:20:59.473 [main] INFO  org.apache.kafka.common.telemetry.internals.KafkaMetricsCollector - initializing Kafka metrics collector
2025-04-11 16:20:59.500 [main] INFO  org.apache.kafka.common.utils.AppInfoParser - Kafka version: 3.7.2
2025-04-11 16:20:59.500 [main] INFO  org.apache.kafka.common.utils.AppInfoParser - Kafka commitId: 79a8f2b5f44f9d5a
2025-04-11 16:20:59.500 [main] INFO  org.apache.kafka.common.utils.AppInfoParser - Kafka startTimeMs: 1744359659500
2025-04-11 16:20:59.502 [main] INFO  org.apache.kafka.clients.consumer.internals.LegacyKafkaConsumer - [Consumer clientId=consumer-tomge-consumer-group-1, groupId=tomge-consumer-group] Subscribed to topic(s): testtopic
2025-04-11 16:20:59.505 [main] INFO  org.apache.kafka.clients.consumer.ConsumerConfig - ConsumerConfig values: 
	allow.auto.create.topics = true
	auto.commit.interval.ms = 5000
	auto.include.jmx.reporter = true
	auto.offset.reset = latest
	bootstrap.servers = [127.0.0.1:9092]
	check.crcs = true
	client.dns.lookup = use_all_dns_ips
	client.id = consumer-tomge-consumer-group-2
	client.rack = 
	connections.max.idle.ms = 540000
	default.api.timeout.ms = 60000
	enable.auto.commit = false
	enable.metrics.push = true
	exclude.internal.topics = true
	fetch.max.bytes = 52428800
	fetch.max.wait.ms = 500
	fetch.min.bytes = 1
	group.id = tomge-consumer-group
	group.instance.id = null
	group.protocol = classic
	group.remote.assignor = null
	heartbeat.interval.ms = 3000
	interceptor.classes = []
	internal.leave.group.on.close = true
	internal.throw.on.fetch.stable.offset.unsupported = false
	isolation.level = read_uncommitted
	key.deserializer = class org.apache.kafka.common.serialization.StringDeserializer
	max.partition.fetch.bytes = 1048576
	max.poll.interval.ms = 300000
	max.poll.records = 500
	metadata.max.age.ms = 300000
	metric.reporters = []
	metrics.num.samples = 2
	metrics.recording.level = INFO
	metrics.sample.window.ms = 30000
	partition.assignment.strategy = [class org.apache.kafka.clients.consumer.RangeAssignor, class org.apache.kafka.clients.consumer.CooperativeStickyAssignor]
	receive.buffer.bytes = 65536
	reconnect.backoff.max.ms = 1000
	reconnect.backoff.ms = 50
	request.timeout.ms = 30000
	retry.backoff.max.ms = 1000
	retry.backoff.ms = 100
	sasl.client.callback.handler.class = null
	sasl.jaas.config = null
	sasl.kerberos.kinit.cmd = /usr/bin/kinit
	sasl.kerberos.min.time.before.relogin = 60000
	sasl.kerberos.service.name = null
	sasl.kerberos.ticket.renew.jitter = 0.05
	sasl.kerberos.ticket.renew.window.factor = 0.8
	sasl.login.callback.handler.class = null
	sasl.login.class = null
	sasl.login.connect.timeout.ms = null
	sasl.login.read.timeout.ms = null
	sasl.login.refresh.buffer.seconds = 300
	sasl.login.refresh.min.period.seconds = 60
	sasl.login.refresh.window.factor = 0.8
	sasl.login.refresh.window.jitter = 0.05
	sasl.login.retry.backoff.max.ms = 10000
	sasl.login.retry.backoff.ms = 100
	sasl.mechanism = GSSAPI
	sasl.oauthbearer.clock.skew.seconds = 30
	sasl.oauthbearer.expected.audience = null
	sasl.oauthbearer.expected.issuer = null
	sasl.oauthbearer.jwks.endpoint.refresh.ms = 3600000
	sasl.oauthbearer.jwks.endpoint.retry.backoff.max.ms = 10000
	sasl.oauthbearer.jwks.endpoint.retry.backoff.ms = 100
	sasl.oauthbearer.jwks.endpoint.url = null
	sasl.oauthbearer.scope.claim.name = scope
	sasl.oauthbearer.sub.claim.name = sub
	sasl.oauthbearer.token.endpoint.url = null
	security.protocol = PLAINTEXT
	security.providers = null
	send.buffer.bytes = 131072
	session.timeout.ms = 45000
	socket.connection.setup.timeout.max.ms = 30000
	socket.connection.setup.timeout.ms = 10000
	ssl.cipher.suites = null
	ssl.enabled.protocols = [TLSv1.2, TLSv1.3]
	ssl.endpoint.identification.algorithm = https
	ssl.engine.factory.class = null
	ssl.key.password = null
	ssl.keymanager.algorithm = SunX509
	ssl.keystore.certificate.chain = null
	ssl.keystore.key = null
	ssl.keystore.location = null
	ssl.keystore.password = null
	ssl.keystore.type = JKS
	ssl.protocol = TLSv1.3
	ssl.provider = null
	ssl.secure.random.implementation = null
	ssl.trustmanager.algorithm = PKIX
	ssl.truststore.certificates = null
	ssl.truststore.location = null
	ssl.truststore.password = null
	ssl.truststore.type = JKS
	value.deserializer = class org.apache.kafka.common.serialization.StringDeserializer

2025-04-11 16:20:59.505 [main] INFO  org.apache.kafka.common.telemetry.internals.KafkaMetricsCollector - initializing Kafka metrics collector
2025-04-11 16:20:59.507 [main] INFO  org.apache.kafka.common.utils.AppInfoParser - Kafka version: 3.7.2
2025-04-11 16:20:59.507 [main] INFO  org.apache.kafka.common.utils.AppInfoParser - Kafka commitId: 79a8f2b5f44f9d5a
2025-04-11 16:20:59.507 [main] INFO  org.apache.kafka.common.utils.AppInfoParser - Kafka startTimeMs: 1744359659507
2025-04-11 16:20:59.508 [main] INFO  org.apache.kafka.clients.consumer.internals.LegacyKafkaConsumer - [Consumer clientId=consumer-tomge-consumer-group-2, groupId=tomge-consumer-group] Subscribed to topic(s): testtopic2
2025-04-11 16:20:59.514 [main] INFO  com.test.testboot.TestbootApplication - Started TestbootApplication in 3.986 seconds (process running for 4.306)
2025-04-11 16:20:59.613 [org.springframework.kafka.KafkaListenerEndpointContainer#0-0-C-1] INFO  org.apache.kafka.clients.Metadata - [Consumer clientId=consumer-tomge-consumer-group-1, groupId=tomge-consumer-group] Cluster ID: y-6F190GRaWny8wgtvr9EA
2025-04-11 16:20:59.613 [org.springframework.kafka.KafkaListenerEndpointContainer#1-0-C-1] INFO  org.apache.kafka.clients.Metadata - [Consumer clientId=consumer-tomge-consumer-group-2, groupId=tomge-consumer-group] Cluster ID: y-6F190GRaWny8wgtvr9EA
2025-04-11 16:20:59.613 [org.springframework.kafka.KafkaListenerEndpointContainer#1-0-C-1] INFO  org.apache.kafka.clients.consumer.internals.ConsumerCoordinator - [Consumer clientId=consumer-tomge-consumer-group-2, groupId=tomge-consumer-group] Discovered group coordinator localhost:9092 (id: 2147483647 rack: null)
2025-04-11 16:20:59.613 [org.springframework.kafka.KafkaListenerEndpointContainer#0-0-C-1] INFO  org.apache.kafka.clients.consumer.internals.ConsumerCoordinator - [Consumer clientId=consumer-tomge-consumer-group-1, groupId=tomge-consumer-group] Discovered group coordinator localhost:9092 (id: 2147483647 rack: null)
2025-04-11 16:20:59.614 [org.springframework.kafka.KafkaListenerEndpointContainer#1-0-C-1] INFO  org.apache.kafka.clients.consumer.internals.ConsumerCoordinator - [Consumer clientId=consumer-tomge-consumer-group-2, groupId=tomge-consumer-group] (Re-)joining group
2025-04-11 16:20:59.614 [org.springframework.kafka.KafkaListenerEndpointContainer#0-0-C-1] INFO  org.apache.kafka.clients.consumer.internals.ConsumerCoordinator - [Consumer clientId=consumer-tomge-consumer-group-1, groupId=tomge-consumer-group] (Re-)joining group
2025-04-11 16:20:59.622 [org.springframework.kafka.KafkaListenerEndpointContainer#0-0-C-1] INFO  org.apache.kafka.clients.consumer.internals.ConsumerCoordinator - [Consumer clientId=consumer-tomge-consumer-group-1, groupId=tomge-consumer-group] Request joining group due to: need to re-join with the given member-id: consumer-tomge-consumer-group-1-ab574c62-4843-4a87-a273-e27f83d19aac
2025-04-11 16:20:59.622 [org.springframework.kafka.KafkaListenerEndpointContainer#1-0-C-1] INFO  org.apache.kafka.clients.consumer.internals.ConsumerCoordinator - [Consumer clientId=consumer-tomge-consumer-group-2, groupId=tomge-consumer-group] Request joining group due to: need to re-join with the given member-id: consumer-tomge-consumer-group-2-56e579d0-3197-48ae-8114-f2acc52483fa
2025-04-11 16:20:59.623 [org.springframework.kafka.KafkaListenerEndpointContainer#0-0-C-1] INFO  org.apache.kafka.clients.consumer.internals.ConsumerCoordinator - [Consumer clientId=consumer-tomge-consumer-group-1, groupId=tomge-consumer-group] (Re-)joining group
2025-04-11 16:20:59.623 [org.springframework.kafka.KafkaListenerEndpointContainer#1-0-C-1] INFO  org.apache.kafka.clients.consumer.internals.ConsumerCoordinator - [Consumer clientId=consumer-tomge-consumer-group-2, groupId=tomge-consumer-group] (Re-)joining group
2025-04-11 16:20:59.624 [org.springframework.kafka.KafkaListenerEndpointContainer#1-0-C-1] INFO  org.apache.kafka.clients.consumer.internals.ConsumerCoordinator - [Consumer clientId=consumer-tomge-consumer-group-2, groupId=tomge-consumer-group] Successfully joined group with generation Generation{generationId=16, memberId='consumer-tomge-consumer-group-2-56e579d0-3197-48ae-8114-f2acc52483fa', protocol='range'}
2025-04-11 16:20:59.624 [org.springframework.kafka.KafkaListenerEndpointContainer#0-0-C-1] INFO  org.apache.kafka.clients.consumer.internals.ConsumerCoordinator - [Consumer clientId=consumer-tomge-consumer-group-1, groupId=tomge-consumer-group] Successfully joined group with generation Generation{generationId=16, memberId='consumer-tomge-consumer-group-1-ab574c62-4843-4a87-a273-e27f83d19aac', protocol='range'}
2025-04-11 16:20:59.627 [org.springframework.kafka.KafkaListenerEndpointContainer#1-0-C-1] INFO  org.apache.kafka.clients.consumer.internals.ConsumerCoordinator - [Consumer clientId=consumer-tomge-consumer-group-2, groupId=tomge-consumer-group] Finished assignment for group at generation 16: {consumer-tomge-consumer-group-2-56e579d0-3197-48ae-8114-f2acc52483fa=Assignment(partitions=[testtopic2-0]), consumer-tomge-consumer-group-1-ab574c62-4843-4a87-a273-e27f83d19aac=Assignment(partitions=[testtopic-0])}
2025-04-11 16:20:59.631 [org.springframework.kafka.KafkaListenerEndpointContainer#0-0-C-1] INFO  org.apache.kafka.clients.consumer.internals.ConsumerCoordinator - [Consumer clientId=consumer-tomge-consumer-group-1, groupId=tomge-consumer-group] Successfully synced group in generation Generation{generationId=16, memberId='consumer-tomge-consumer-group-1-ab574c62-4843-4a87-a273-e27f83d19aac', protocol='range'}
2025-04-11 16:20:59.631 [org.springframework.kafka.KafkaListenerEndpointContainer#1-0-C-1] INFO  org.apache.kafka.clients.consumer.internals.ConsumerCoordinator - [Consumer clientId=consumer-tomge-consumer-group-2, groupId=tomge-consumer-group] Successfully synced group in generation Generation{generationId=16, memberId='consumer-tomge-consumer-group-2-56e579d0-3197-48ae-8114-f2acc52483fa', protocol='range'}
2025-04-11 16:20:59.631 [org.springframework.kafka.KafkaListenerEndpointContainer#0-0-C-1] INFO  org.apache.kafka.clients.consumer.internals.ConsumerCoordinator - [Consumer clientId=consumer-tomge-consumer-group-1, groupId=tomge-consumer-group] Notifying assignor about the new Assignment(partitions=[testtopic-0])
2025-04-11 16:20:59.631 [org.springframework.kafka.KafkaListenerEndpointContainer#1-0-C-1] INFO  org.apache.kafka.clients.consumer.internals.ConsumerCoordinator - [Consumer clientId=consumer-tomge-consumer-group-2, groupId=tomge-consumer-group] Notifying assignor about the new Assignment(partitions=[testtopic2-0])
2025-04-11 16:20:59.631 [org.springframework.kafka.KafkaListenerEndpointContainer#0-0-C-1] INFO  org.apache.kafka.clients.consumer.internals.ConsumerRebalanceListenerInvoker - [Consumer clientId=consumer-tomge-consumer-group-1, groupId=tomge-consumer-group] Adding newly assigned partitions: testtopic-0
2025-04-11 16:20:59.631 [org.springframework.kafka.KafkaListenerEndpointContainer#1-0-C-1] INFO  org.apache.kafka.clients.consumer.internals.ConsumerRebalanceListenerInvoker - [Consumer clientId=consumer-tomge-consumer-group-2, groupId=tomge-consumer-group] Adding newly assigned partitions: testtopic2-0
2025-04-11 16:20:59.635 [org.springframework.kafka.KafkaListenerEndpointContainer#0-0-C-1] INFO  org.apache.kafka.clients.consumer.internals.ConsumerUtils - Setting offset for partition testtopic-0 to the committed offset FetchPosition{offset=2, offsetEpoch=Optional.empty, currentLeader=LeaderAndEpoch{leader=Optional[localhost:9092 (id: 0 rack: null)], epoch=0}}
2025-04-11 16:20:59.635 [org.springframework.kafka.KafkaListenerEndpointContainer#1-0-C-1] INFO  org.apache.kafka.clients.consumer.internals.ConsumerUtils - Setting offset for partition testtopic2-0 to the committed offset FetchPosition{offset=260, offsetEpoch=Optional.empty, currentLeader=LeaderAndEpoch{leader=Optional[localhost:9092 (id: 0 rack: null)], epoch=0}}
2025-04-11 16:21:08.706 [http-nio-9090-exec-1] INFO  org.apache.catalina.core.ContainerBase.[Tomcat].[localhost].[/] - Initializing Spring DispatcherServlet 'dispatcherServlet'
2025-04-11 16:21:08.993 [http-nio-9090-exec-4] INFO  org.springdoc.api.AbstractOpenApiResource - Init duration for springdoc-openapi is: 147 ms
2025-04-11 16:29:59.664 [org.springframework.kafka.KafkaListenerEndpointContainer#0-0-C-1] INFO  org.apache.kafka.clients.NetworkClient - [Consumer clientId=consumer-tomge-consumer-group-1, groupId=tomge-consumer-group] Node -1 disconnected.
2025-04-11 16:29:59.669 [org.springframework.kafka.KafkaListenerEndpointContainer#1-0-C-1] INFO  org.apache.kafka.clients.NetworkClient - [Consumer clientId=consumer-tomge-consumer-group-2, groupId=tomge-consumer-group] Node -1 disconnected.
2025-04-11 16:39:59.811 [org.springframework.kafka.KafkaListenerEndpointContainer#1-0-C-1] INFO  org.apache.kafka.clients.NetworkClient - [Consumer clientId=consumer-tomge-consumer-group-2, groupId=tomge-consumer-group] Node -1 disconnected.
2025-04-11 16:39:59.811 [org.springframework.kafka.KafkaListenerEndpointContainer#0-0-C-1] INFO  org.apache.kafka.clients.NetworkClient - [Consumer clientId=consumer-tomge-consumer-group-1, groupId=tomge-consumer-group] Node -1 disconnected.
2025-04-11 16:40:34.540 [org.springframework.kafka.KafkaListenerEndpointContainer#0-0-C-1] INFO  org.apache.kafka.clients.consumer.internals.ConsumerRebalanceListenerInvoker - [Consumer clientId=consumer-tomge-consumer-group-1, groupId=tomge-consumer-group] Revoke previously assigned partitions testtopic-0
2025-04-11 16:40:34.540 [org.springframework.kafka.KafkaListenerEndpointContainer#1-0-C-1] INFO  org.apache.kafka.clients.consumer.internals.ConsumerRebalanceListenerInvoker - [Consumer clientId=consumer-tomge-consumer-group-2, groupId=tomge-consumer-group] Revoke previously assigned partitions testtopic2-0
2025-04-11 16:40:34.541 [org.springframework.kafka.KafkaListenerEndpointContainer#0-0-C-1] INFO  org.apache.kafka.clients.consumer.internals.ConsumerCoordinator - [Consumer clientId=consumer-tomge-consumer-group-1, groupId=tomge-consumer-group] Member consumer-tomge-consumer-group-1-ab574c62-4843-4a87-a273-e27f83d19aac sending LeaveGroup request to coordinator localhost:9092 (id: 2147483647 rack: null) due to the consumer unsubscribed from all topics
2025-04-11 16:40:34.541 [org.springframework.kafka.KafkaListenerEndpointContainer#1-0-C-1] INFO  org.apache.kafka.clients.consumer.internals.ConsumerCoordinator - [Consumer clientId=consumer-tomge-consumer-group-2, groupId=tomge-consumer-group] Member consumer-tomge-consumer-group-2-56e579d0-3197-48ae-8114-f2acc52483fa sending LeaveGroup request to coordinator localhost:9092 (id: 2147483647 rack: null) due to the consumer unsubscribed from all topics
2025-04-11 16:40:34.541 [org.springframework.kafka.KafkaListenerEndpointContainer#0-0-C-1] INFO  org.apache.kafka.clients.consumer.internals.ConsumerCoordinator - [Consumer clientId=consumer-tomge-consumer-group-1, groupId=tomge-consumer-group] Resetting generation and member id due to: consumer pro-actively leaving the group
2025-04-11 16:40:34.541 [org.springframework.kafka.KafkaListenerEndpointContainer#1-0-C-1] INFO  org.apache.kafka.clients.consumer.internals.ConsumerCoordinator - [Consumer clientId=consumer-tomge-consumer-group-2, groupId=tomge-consumer-group] Resetting generation and member id due to: consumer pro-actively leaving the group
2025-04-11 16:40:34.541 [org.springframework.kafka.KafkaListenerEndpointContainer#0-0-C-1] INFO  org.apache.kafka.clients.consumer.internals.ConsumerCoordinator - [Consumer clientId=consumer-tomge-consumer-group-1, groupId=tomge-consumer-group] Request joining group due to: consumer pro-actively leaving the group
2025-04-11 16:40:34.541 [org.springframework.kafka.KafkaListenerEndpointContainer#1-0-C-1] INFO  org.apache.kafka.clients.consumer.internals.ConsumerCoordinator - [Consumer clientId=consumer-tomge-consumer-group-2, groupId=tomge-consumer-group] Request joining group due to: consumer pro-actively leaving the group
2025-04-11 16:40:34.541 [org.springframework.kafka.KafkaListenerEndpointContainer#0-0-C-1] INFO  org.apache.kafka.clients.consumer.internals.LegacyKafkaConsumer - [Consumer clientId=consumer-tomge-consumer-group-1, groupId=tomge-consumer-group] Unsubscribed all topics or patterns and assigned partitions
2025-04-11 16:40:34.541 [org.springframework.kafka.KafkaListenerEndpointContainer#1-0-C-1] INFO  org.apache.kafka.clients.consumer.internals.LegacyKafkaConsumer - [Consumer clientId=consumer-tomge-consumer-group-2, groupId=tomge-consumer-group] Unsubscribed all topics or patterns and assigned partitions
2025-04-11 16:40:34.543 [org.springframework.kafka.KafkaListenerEndpointContainer#1-0-C-1] INFO  org.apache.kafka.clients.consumer.internals.ConsumerCoordinator - [Consumer clientId=consumer-tomge-consumer-group-2, groupId=tomge-consumer-group] Resetting generation and member id due to: consumer pro-actively leaving the group
2025-04-11 16:40:34.543 [org.springframework.kafka.KafkaListenerEndpointContainer#0-0-C-1] INFO  org.apache.kafka.clients.consumer.internals.ConsumerCoordinator - [Consumer clientId=consumer-tomge-consumer-group-1, groupId=tomge-consumer-group] Resetting generation and member id due to: consumer pro-actively leaving the group
2025-04-11 16:40:34.543 [org.springframework.kafka.KafkaListenerEndpointContainer#1-0-C-1] INFO  org.apache.kafka.clients.consumer.internals.ConsumerCoordinator - [Consumer clientId=consumer-tomge-consumer-group-2, groupId=tomge-consumer-group] Request joining group due to: consumer pro-actively leaving the group
2025-04-11 16:40:34.543 [org.springframework.kafka.KafkaListenerEndpointContainer#0-0-C-1] INFO  org.apache.kafka.clients.consumer.internals.ConsumerCoordinator - [Consumer clientId=consumer-tomge-consumer-group-1, groupId=tomge-consumer-group] Request joining group due to: consumer pro-actively leaving the group
2025-04-11 16:40:34.689 [org.springframework.kafka.KafkaListenerEndpointContainer#1-0-C-1] INFO  org.apache.kafka.common.metrics.Metrics - Metrics scheduler closed
2025-04-11 16:40:34.689 [org.springframework.kafka.KafkaListenerEndpointContainer#0-0-C-1] INFO  org.apache.kafka.common.metrics.Metrics - Metrics scheduler closed
2025-04-11 16:40:34.690 [org.springframework.kafka.KafkaListenerEndpointContainer#1-0-C-1] INFO  org.apache.kafka.common.metrics.Metrics - Closing reporter org.apache.kafka.common.metrics.JmxReporter
2025-04-11 16:40:34.690 [org.springframework.kafka.KafkaListenerEndpointContainer#0-0-C-1] INFO  org.apache.kafka.common.metrics.Metrics - Closing reporter org.apache.kafka.common.metrics.JmxReporter
2025-04-11 16:40:34.690 [org.springframework.kafka.KafkaListenerEndpointContainer#1-0-C-1] INFO  org.apache.kafka.common.metrics.Metrics - Closing reporter org.apache.kafka.common.telemetry.internals.ClientTelemetryReporter
2025-04-11 16:40:34.690 [org.springframework.kafka.KafkaListenerEndpointContainer#0-0-C-1] INFO  org.apache.kafka.common.metrics.Metrics - Closing reporter org.apache.kafka.common.telemetry.internals.ClientTelemetryReporter
2025-04-11 16:40:34.690 [org.springframework.kafka.KafkaListenerEndpointContainer#0-0-C-1] INFO  org.apache.kafka.common.metrics.Metrics - Metrics reporters closed
2025-04-11 16:40:34.690 [org.springframework.kafka.KafkaListenerEndpointContainer#1-0-C-1] INFO  org.apache.kafka.common.metrics.Metrics - Metrics reporters closed
2025-04-11 16:40:34.693 [org.springframework.kafka.KafkaListenerEndpointContainer#0-0-C-1] INFO  org.apache.kafka.common.utils.AppInfoParser - App info kafka.consumer for consumer-tomge-consumer-group-1 unregistered
2025-04-11 16:40:34.693 [org.springframework.kafka.KafkaListenerEndpointContainer#1-0-C-1] INFO  org.apache.kafka.common.utils.AppInfoParser - App info kafka.consumer for consumer-tomge-consumer-group-2 unregistered
2025-04-11 16:41:10.803 [background-preinit] INFO  org.hibernate.validator.internal.util.Version - HV000001: Hibernate Validator 8.0.2.Final
2025-04-11 16:41:10.815 [main] INFO  com.test.testboot.TestbootApplication - Starting TestbootApplication using Java 23.0.2 with PID 63216 (/Users/zhaoxin/Documents/GitHub/testboot/target/classes started by zhaoxin in /Users/zhaoxin/Documents/GitHub/testboot)
2025-04-11 16:41:10.816 [main] INFO  com.test.testboot.TestbootApplication - No active profile set, falling back to 1 default profile: "default"
2025-04-11 16:41:11.582 [main] INFO  org.apache.coyote.http11.Http11NioProtocol - Initializing ProtocolHandler ["http-nio-9090"]
2025-04-11 16:41:11.583 [main] INFO  org.apache.catalina.core.StandardService - Starting service [Tomcat]
2025-04-11 16:41:11.583 [main] INFO  org.apache.catalina.core.StandardEngine - Starting Servlet engine: [Apache Tomcat/10.1.36]
2025-04-11 16:41:11.606 [main] INFO  org.apache.catalina.core.ContainerBase.[Tomcat].[localhost].[/] - Initializing Spring embedded WebApplicationContext
2025-04-11 16:41:14.408 [main] INFO  org.apache.coyote.http11.Http11NioProtocol - Starting ProtocolHandler ["http-nio-9090"]
2025-04-11 16:41:14.431 [main] INFO  org.apache.kafka.clients.consumer.ConsumerConfig - ConsumerConfig values: 
	allow.auto.create.topics = true
	auto.commit.interval.ms = 5000
	auto.include.jmx.reporter = true
	auto.offset.reset = latest
	bootstrap.servers = [127.0.0.1:9092]
	check.crcs = true
	client.dns.lookup = use_all_dns_ips
	client.id = consumer-tomge-consumer-group-1
	client.rack = 
	connections.max.idle.ms = 540000
	default.api.timeout.ms = 60000
	enable.auto.commit = false
	enable.metrics.push = true
	exclude.internal.topics = true
	fetch.max.bytes = 52428800
	fetch.max.wait.ms = 500
	fetch.min.bytes = 1
	group.id = tomge-consumer-group
	group.instance.id = null
	group.protocol = classic
	group.remote.assignor = null
	heartbeat.interval.ms = 3000
	interceptor.classes = []
	internal.leave.group.on.close = true
	internal.throw.on.fetch.stable.offset.unsupported = false
	isolation.level = read_uncommitted
	key.deserializer = class org.apache.kafka.common.serialization.StringDeserializer
	max.partition.fetch.bytes = 1048576
	max.poll.interval.ms = 300000
	max.poll.records = 500
	metadata.max.age.ms = 300000
	metric.reporters = []
	metrics.num.samples = 2
	metrics.recording.level = INFO
	metrics.sample.window.ms = 30000
	partition.assignment.strategy = [class org.apache.kafka.clients.consumer.RangeAssignor, class org.apache.kafka.clients.consumer.CooperativeStickyAssignor]
	receive.buffer.bytes = 65536
	reconnect.backoff.max.ms = 1000
	reconnect.backoff.ms = 50
	request.timeout.ms = 30000
	retry.backoff.max.ms = 1000
	retry.backoff.ms = 100
	sasl.client.callback.handler.class = null
	sasl.jaas.config = null
	sasl.kerberos.kinit.cmd = /usr/bin/kinit
	sasl.kerberos.min.time.before.relogin = 60000
	sasl.kerberos.service.name = null
	sasl.kerberos.ticket.renew.jitter = 0.05
	sasl.kerberos.ticket.renew.window.factor = 0.8
	sasl.login.callback.handler.class = null
	sasl.login.class = null
	sasl.login.connect.timeout.ms = null
	sasl.login.read.timeout.ms = null
	sasl.login.refresh.buffer.seconds = 300
	sasl.login.refresh.min.period.seconds = 60
	sasl.login.refresh.window.factor = 0.8
	sasl.login.refresh.window.jitter = 0.05
	sasl.login.retry.backoff.max.ms = 10000
	sasl.login.retry.backoff.ms = 100
	sasl.mechanism = GSSAPI
	sasl.oauthbearer.clock.skew.seconds = 30
	sasl.oauthbearer.expected.audience = null
	sasl.oauthbearer.expected.issuer = null
	sasl.oauthbearer.jwks.endpoint.refresh.ms = 3600000
	sasl.oauthbearer.jwks.endpoint.retry.backoff.max.ms = 10000
	sasl.oauthbearer.jwks.endpoint.retry.backoff.ms = 100
	sasl.oauthbearer.jwks.endpoint.url = null
	sasl.oauthbearer.scope.claim.name = scope
	sasl.oauthbearer.sub.claim.name = sub
	sasl.oauthbearer.token.endpoint.url = null
	security.protocol = PLAINTEXT
	security.providers = null
	send.buffer.bytes = 131072
	session.timeout.ms = 45000
	socket.connection.setup.timeout.max.ms = 30000
	socket.connection.setup.timeout.ms = 10000
	ssl.cipher.suites = null
	ssl.enabled.protocols = [TLSv1.2, TLSv1.3]
	ssl.endpoint.identification.algorithm = https
	ssl.engine.factory.class = null
	ssl.key.password = null
	ssl.keymanager.algorithm = SunX509
	ssl.keystore.certificate.chain = null
	ssl.keystore.key = null
	ssl.keystore.location = null
	ssl.keystore.password = null
	ssl.keystore.type = JKS
	ssl.protocol = TLSv1.3
	ssl.provider = null
	ssl.secure.random.implementation = null
	ssl.trustmanager.algorithm = PKIX
	ssl.truststore.certificates = null
	ssl.truststore.location = null
	ssl.truststore.password = null
	ssl.truststore.type = JKS
	value.deserializer = class org.apache.kafka.common.serialization.StringDeserializer

2025-04-11 16:41:14.451 [main] INFO  org.apache.kafka.common.telemetry.internals.KafkaMetricsCollector - initializing Kafka metrics collector
2025-04-11 16:41:14.480 [main] INFO  org.apache.kafka.common.utils.AppInfoParser - Kafka version: 3.7.2
2025-04-11 16:41:14.480 [main] INFO  org.apache.kafka.common.utils.AppInfoParser - Kafka commitId: 79a8f2b5f44f9d5a
2025-04-11 16:41:14.480 [main] INFO  org.apache.kafka.common.utils.AppInfoParser - Kafka startTimeMs: 1744360874479
2025-04-11 16:41:14.481 [main] INFO  org.apache.kafka.clients.consumer.internals.LegacyKafkaConsumer - [Consumer clientId=consumer-tomge-consumer-group-1, groupId=tomge-consumer-group] Subscribed to topic(s): testtopic2
2025-04-11 16:41:14.484 [main] INFO  org.apache.kafka.clients.consumer.ConsumerConfig - ConsumerConfig values: 
	allow.auto.create.topics = true
	auto.commit.interval.ms = 5000
	auto.include.jmx.reporter = true
	auto.offset.reset = latest
	bootstrap.servers = [127.0.0.1:9092]
	check.crcs = true
	client.dns.lookup = use_all_dns_ips
	client.id = consumer-tomge-consumer-group-2
	client.rack = 
	connections.max.idle.ms = 540000
	default.api.timeout.ms = 60000
	enable.auto.commit = false
	enable.metrics.push = true
	exclude.internal.topics = true
	fetch.max.bytes = 52428800
	fetch.max.wait.ms = 500
	fetch.min.bytes = 1
	group.id = tomge-consumer-group
	group.instance.id = null
	group.protocol = classic
	group.remote.assignor = null
	heartbeat.interval.ms = 3000
	interceptor.classes = []
	internal.leave.group.on.close = true
	internal.throw.on.fetch.stable.offset.unsupported = false
	isolation.level = read_uncommitted
	key.deserializer = class org.apache.kafka.common.serialization.StringDeserializer
	max.partition.fetch.bytes = 1048576
	max.poll.interval.ms = 300000
	max.poll.records = 500
	metadata.max.age.ms = 300000
	metric.reporters = []
	metrics.num.samples = 2
	metrics.recording.level = INFO
	metrics.sample.window.ms = 30000
	partition.assignment.strategy = [class org.apache.kafka.clients.consumer.RangeAssignor, class org.apache.kafka.clients.consumer.CooperativeStickyAssignor]
	receive.buffer.bytes = 65536
	reconnect.backoff.max.ms = 1000
	reconnect.backoff.ms = 50
	request.timeout.ms = 30000
	retry.backoff.max.ms = 1000
	retry.backoff.ms = 100
	sasl.client.callback.handler.class = null
	sasl.jaas.config = null
	sasl.kerberos.kinit.cmd = /usr/bin/kinit
	sasl.kerberos.min.time.before.relogin = 60000
	sasl.kerberos.service.name = null
	sasl.kerberos.ticket.renew.jitter = 0.05
	sasl.kerberos.ticket.renew.window.factor = 0.8
	sasl.login.callback.handler.class = null
	sasl.login.class = null
	sasl.login.connect.timeout.ms = null
	sasl.login.read.timeout.ms = null
	sasl.login.refresh.buffer.seconds = 300
	sasl.login.refresh.min.period.seconds = 60
	sasl.login.refresh.window.factor = 0.8
	sasl.login.refresh.window.jitter = 0.05
	sasl.login.retry.backoff.max.ms = 10000
	sasl.login.retry.backoff.ms = 100
	sasl.mechanism = GSSAPI
	sasl.oauthbearer.clock.skew.seconds = 30
	sasl.oauthbearer.expected.audience = null
	sasl.oauthbearer.expected.issuer = null
	sasl.oauthbearer.jwks.endpoint.refresh.ms = 3600000
	sasl.oauthbearer.jwks.endpoint.retry.backoff.max.ms = 10000
	sasl.oauthbearer.jwks.endpoint.retry.backoff.ms = 100
	sasl.oauthbearer.jwks.endpoint.url = null
	sasl.oauthbearer.scope.claim.name = scope
	sasl.oauthbearer.sub.claim.name = sub
	sasl.oauthbearer.token.endpoint.url = null
	security.protocol = PLAINTEXT
	security.providers = null
	send.buffer.bytes = 131072
	session.timeout.ms = 45000
	socket.connection.setup.timeout.max.ms = 30000
	socket.connection.setup.timeout.ms = 10000
	ssl.cipher.suites = null
	ssl.enabled.protocols = [TLSv1.2, TLSv1.3]
	ssl.endpoint.identification.algorithm = https
	ssl.engine.factory.class = null
	ssl.key.password = null
	ssl.keymanager.algorithm = SunX509
	ssl.keystore.certificate.chain = null
	ssl.keystore.key = null
	ssl.keystore.location = null
	ssl.keystore.password = null
	ssl.keystore.type = JKS
	ssl.protocol = TLSv1.3
	ssl.provider = null
	ssl.secure.random.implementation = null
	ssl.trustmanager.algorithm = PKIX
	ssl.truststore.certificates = null
	ssl.truststore.location = null
	ssl.truststore.password = null
	ssl.truststore.type = JKS
	value.deserializer = class org.apache.kafka.common.serialization.StringDeserializer

2025-04-11 16:41:14.484 [main] INFO  org.apache.kafka.common.telemetry.internals.KafkaMetricsCollector - initializing Kafka metrics collector
2025-04-11 16:41:14.487 [main] INFO  org.apache.kafka.common.utils.AppInfoParser - Kafka version: 3.7.2
2025-04-11 16:41:14.487 [main] INFO  org.apache.kafka.common.utils.AppInfoParser - Kafka commitId: 79a8f2b5f44f9d5a
2025-04-11 16:41:14.487 [main] INFO  org.apache.kafka.common.utils.AppInfoParser - Kafka startTimeMs: 1744360874487
2025-04-11 16:41:14.487 [main] INFO  org.apache.kafka.clients.consumer.internals.LegacyKafkaConsumer - [Consumer clientId=consumer-tomge-consumer-group-2, groupId=tomge-consumer-group] Subscribed to topic(s): testtopic
2025-04-11 16:41:14.494 [main] INFO  com.test.testboot.TestbootApplication - Started TestbootApplication in 3.878 seconds (process running for 4.221)
2025-04-11 16:41:14.599 [org.springframework.kafka.KafkaListenerEndpointContainer#0-0-C-1] INFO  org.apache.kafka.clients.Metadata - [Consumer clientId=consumer-tomge-consumer-group-1, groupId=tomge-consumer-group] Cluster ID: y-6F190GRaWny8wgtvr9EA
2025-04-11 16:41:14.599 [org.springframework.kafka.KafkaListenerEndpointContainer#1-0-C-1] INFO  org.apache.kafka.clients.Metadata - [Consumer clientId=consumer-tomge-consumer-group-2, groupId=tomge-consumer-group] Cluster ID: y-6F190GRaWny8wgtvr9EA
2025-04-11 16:41:14.599 [org.springframework.kafka.KafkaListenerEndpointContainer#1-0-C-1] INFO  org.apache.kafka.clients.consumer.internals.ConsumerCoordinator - [Consumer clientId=consumer-tomge-consumer-group-2, groupId=tomge-consumer-group] Discovered group coordinator localhost:9092 (id: 2147483647 rack: null)
2025-04-11 16:41:14.599 [org.springframework.kafka.KafkaListenerEndpointContainer#0-0-C-1] INFO  org.apache.kafka.clients.consumer.internals.ConsumerCoordinator - [Consumer clientId=consumer-tomge-consumer-group-1, groupId=tomge-consumer-group] Discovered group coordinator localhost:9092 (id: 2147483647 rack: null)
2025-04-11 16:41:14.600 [org.springframework.kafka.KafkaListenerEndpointContainer#0-0-C-1] INFO  org.apache.kafka.clients.consumer.internals.ConsumerCoordinator - [Consumer clientId=consumer-tomge-consumer-group-1, groupId=tomge-consumer-group] (Re-)joining group
2025-04-11 16:41:14.600 [org.springframework.kafka.KafkaListenerEndpointContainer#1-0-C-1] INFO  org.apache.kafka.clients.consumer.internals.ConsumerCoordinator - [Consumer clientId=consumer-tomge-consumer-group-2, groupId=tomge-consumer-group] (Re-)joining group
2025-04-11 16:41:14.607 [org.springframework.kafka.KafkaListenerEndpointContainer#0-0-C-1] INFO  org.apache.kafka.clients.consumer.internals.ConsumerCoordinator - [Consumer clientId=consumer-tomge-consumer-group-1, groupId=tomge-consumer-group] Request joining group due to: need to re-join with the given member-id: consumer-tomge-consumer-group-1-16aa87b3-db89-4b2e-89e6-6ead3152891b
2025-04-11 16:41:14.607 [org.springframework.kafka.KafkaListenerEndpointContainer#0-0-C-1] INFO  org.apache.kafka.clients.consumer.internals.ConsumerCoordinator - [Consumer clientId=consumer-tomge-consumer-group-1, groupId=tomge-consumer-group] (Re-)joining group
2025-04-11 16:41:14.607 [org.springframework.kafka.KafkaListenerEndpointContainer#1-0-C-1] INFO  org.apache.kafka.clients.consumer.internals.ConsumerCoordinator - [Consumer clientId=consumer-tomge-consumer-group-2, groupId=tomge-consumer-group] Request joining group due to: need to re-join with the given member-id: consumer-tomge-consumer-group-2-c0a7356c-123e-460e-8cb5-619bc8f06fa9
2025-04-11 16:41:14.608 [org.springframework.kafka.KafkaListenerEndpointContainer#1-0-C-1] INFO  org.apache.kafka.clients.consumer.internals.ConsumerCoordinator - [Consumer clientId=consumer-tomge-consumer-group-2, groupId=tomge-consumer-group] (Re-)joining group
2025-04-11 16:41:14.609 [org.springframework.kafka.KafkaListenerEndpointContainer#1-0-C-1] INFO  org.apache.kafka.clients.consumer.internals.ConsumerCoordinator - [Consumer clientId=consumer-tomge-consumer-group-2, groupId=tomge-consumer-group] Successfully joined group with generation Generation{generationId=18, memberId='consumer-tomge-consumer-group-2-c0a7356c-123e-460e-8cb5-619bc8f06fa9', protocol='range'}
2025-04-11 16:41:14.609 [org.springframework.kafka.KafkaListenerEndpointContainer#0-0-C-1] INFO  org.apache.kafka.clients.consumer.internals.ConsumerCoordinator - [Consumer clientId=consumer-tomge-consumer-group-1, groupId=tomge-consumer-group] Successfully joined group with generation Generation{generationId=18, memberId='consumer-tomge-consumer-group-1-16aa87b3-db89-4b2e-89e6-6ead3152891b', protocol='range'}
2025-04-11 16:41:14.613 [org.springframework.kafka.KafkaListenerEndpointContainer#0-0-C-1] INFO  org.apache.kafka.clients.consumer.internals.ConsumerCoordinator - [Consumer clientId=consumer-tomge-consumer-group-1, groupId=tomge-consumer-group] Finished assignment for group at generation 18: {consumer-tomge-consumer-group-2-c0a7356c-123e-460e-8cb5-619bc8f06fa9=Assignment(partitions=[testtopic-0]), consumer-tomge-consumer-group-1-16aa87b3-db89-4b2e-89e6-6ead3152891b=Assignment(partitions=[testtopic2-0])}
2025-04-11 16:41:14.617 [org.springframework.kafka.KafkaListenerEndpointContainer#0-0-C-1] INFO  org.apache.kafka.clients.consumer.internals.ConsumerCoordinator - [Consumer clientId=consumer-tomge-consumer-group-1, groupId=tomge-consumer-group] Successfully synced group in generation Generation{generationId=18, memberId='consumer-tomge-consumer-group-1-16aa87b3-db89-4b2e-89e6-6ead3152891b', protocol='range'}
2025-04-11 16:41:14.617 [org.springframework.kafka.KafkaListenerEndpointContainer#1-0-C-1] INFO  org.apache.kafka.clients.consumer.internals.ConsumerCoordinator - [Consumer clientId=consumer-tomge-consumer-group-2, groupId=tomge-consumer-group] Successfully synced group in generation Generation{generationId=18, memberId='consumer-tomge-consumer-group-2-c0a7356c-123e-460e-8cb5-619bc8f06fa9', protocol='range'}
2025-04-11 16:41:14.617 [org.springframework.kafka.KafkaListenerEndpointContainer#0-0-C-1] INFO  org.apache.kafka.clients.consumer.internals.ConsumerCoordinator - [Consumer clientId=consumer-tomge-consumer-group-1, groupId=tomge-consumer-group] Notifying assignor about the new Assignment(partitions=[testtopic2-0])
2025-04-11 16:41:14.617 [org.springframework.kafka.KafkaListenerEndpointContainer#1-0-C-1] INFO  org.apache.kafka.clients.consumer.internals.ConsumerCoordinator - [Consumer clientId=consumer-tomge-consumer-group-2, groupId=tomge-consumer-group] Notifying assignor about the new Assignment(partitions=[testtopic-0])
2025-04-11 16:41:14.618 [org.springframework.kafka.KafkaListenerEndpointContainer#0-0-C-1] INFO  org.apache.kafka.clients.consumer.internals.ConsumerRebalanceListenerInvoker - [Consumer clientId=consumer-tomge-consumer-group-1, groupId=tomge-consumer-group] Adding newly assigned partitions: testtopic2-0
2025-04-11 16:41:14.618 [org.springframework.kafka.KafkaListenerEndpointContainer#1-0-C-1] INFO  org.apache.kafka.clients.consumer.internals.ConsumerRebalanceListenerInvoker - [Consumer clientId=consumer-tomge-consumer-group-2, groupId=tomge-consumer-group] Adding newly assigned partitions: testtopic-0
2025-04-11 16:41:14.622 [org.springframework.kafka.KafkaListenerEndpointContainer#1-0-C-1] INFO  org.apache.kafka.clients.consumer.internals.ConsumerUtils - Setting offset for partition testtopic-0 to the committed offset FetchPosition{offset=2, offsetEpoch=Optional.empty, currentLeader=LeaderAndEpoch{leader=Optional[localhost:9092 (id: 0 rack: null)], epoch=0}}
2025-04-11 16:41:14.622 [org.springframework.kafka.KafkaListenerEndpointContainer#0-0-C-1] INFO  org.apache.kafka.clients.consumer.internals.ConsumerUtils - Setting offset for partition testtopic2-0 to the committed offset FetchPosition{offset=260, offsetEpoch=Optional.empty, currentLeader=LeaderAndEpoch{leader=Optional[localhost:9092 (id: 0 rack: null)], epoch=0}}
2025-04-11 16:41:23.348 [http-nio-9090-exec-1] INFO  org.apache.catalina.core.ContainerBase.[Tomcat].[localhost].[/] - Initializing Spring DispatcherServlet 'dispatcherServlet'
2025-04-11 16:41:23.629 [http-nio-9090-exec-4] INFO  org.springdoc.api.AbstractOpenApiResource - Init duration for springdoc-openapi is: 140 ms
2025-04-11 16:50:14.631 [org.springframework.kafka.KafkaListenerEndpointContainer#1-0-C-1] INFO  org.apache.kafka.clients.NetworkClient - [Consumer clientId=consumer-tomge-consumer-group-2, groupId=tomge-consumer-group] Node -1 disconnected.
2025-04-11 16:50:14.631 [org.springframework.kafka.KafkaListenerEndpointContainer#0-0-C-1] INFO  org.apache.kafka.clients.NetworkClient - [Consumer clientId=consumer-tomge-consumer-group-1, groupId=tomge-consumer-group] Node -1 disconnected.
2025-04-11 16:54:39.043 [org.springframework.kafka.KafkaListenerEndpointContainer#1-0-C-1] INFO  org.apache.kafka.clients.consumer.internals.ConsumerRebalanceListenerInvoker - [Consumer clientId=consumer-tomge-consumer-group-2, groupId=tomge-consumer-group] Revoke previously assigned partitions testtopic-0
2025-04-11 16:54:39.043 [org.springframework.kafka.KafkaListenerEndpointContainer#0-0-C-1] INFO  org.apache.kafka.clients.consumer.internals.ConsumerRebalanceListenerInvoker - [Consumer clientId=consumer-tomge-consumer-group-1, groupId=tomge-consumer-group] Revoke previously assigned partitions testtopic2-0
2025-04-11 16:54:39.044 [org.springframework.kafka.KafkaListenerEndpointContainer#0-0-C-1] INFO  org.apache.kafka.clients.consumer.internals.ConsumerCoordinator - [Consumer clientId=consumer-tomge-consumer-group-1, groupId=tomge-consumer-group] Member consumer-tomge-consumer-group-1-16aa87b3-db89-4b2e-89e6-6ead3152891b sending LeaveGroup request to coordinator localhost:9092 (id: 2147483647 rack: null) due to the consumer unsubscribed from all topics
2025-04-11 16:54:39.044 [org.springframework.kafka.KafkaListenerEndpointContainer#1-0-C-1] INFO  org.apache.kafka.clients.consumer.internals.ConsumerCoordinator - [Consumer clientId=consumer-tomge-consumer-group-2, groupId=tomge-consumer-group] Member consumer-tomge-consumer-group-2-c0a7356c-123e-460e-8cb5-619bc8f06fa9 sending LeaveGroup request to coordinator localhost:9092 (id: 2147483647 rack: null) due to the consumer unsubscribed from all topics
2025-04-11 16:54:39.045 [org.springframework.kafka.KafkaListenerEndpointContainer#1-0-C-1] INFO  org.apache.kafka.clients.consumer.internals.ConsumerCoordinator - [Consumer clientId=consumer-tomge-consumer-group-2, groupId=tomge-consumer-group] Resetting generation and member id due to: consumer pro-actively leaving the group
2025-04-11 16:54:39.045 [org.springframework.kafka.KafkaListenerEndpointContainer#0-0-C-1] INFO  org.apache.kafka.clients.consumer.internals.ConsumerCoordinator - [Consumer clientId=consumer-tomge-consumer-group-1, groupId=tomge-consumer-group] Resetting generation and member id due to: consumer pro-actively leaving the group
2025-04-11 16:54:39.045 [org.springframework.kafka.KafkaListenerEndpointContainer#1-0-C-1] INFO  org.apache.kafka.clients.consumer.internals.ConsumerCoordinator - [Consumer clientId=consumer-tomge-consumer-group-2, groupId=tomge-consumer-group] Request joining group due to: consumer pro-actively leaving the group
2025-04-11 16:54:39.045 [org.springframework.kafka.KafkaListenerEndpointContainer#0-0-C-1] INFO  org.apache.kafka.clients.consumer.internals.ConsumerCoordinator - [Consumer clientId=consumer-tomge-consumer-group-1, groupId=tomge-consumer-group] Request joining group due to: consumer pro-actively leaving the group
2025-04-11 16:54:39.045 [org.springframework.kafka.KafkaListenerEndpointContainer#1-0-C-1] INFO  org.apache.kafka.clients.consumer.internals.LegacyKafkaConsumer - [Consumer clientId=consumer-tomge-consumer-group-2, groupId=tomge-consumer-group] Unsubscribed all topics or patterns and assigned partitions
2025-04-11 16:54:39.045 [org.springframework.kafka.KafkaListenerEndpointContainer#0-0-C-1] INFO  org.apache.kafka.clients.consumer.internals.LegacyKafkaConsumer - [Consumer clientId=consumer-tomge-consumer-group-1, groupId=tomge-consumer-group] Unsubscribed all topics or patterns and assigned partitions
2025-04-11 16:54:39.046 [org.springframework.kafka.KafkaListenerEndpointContainer#1-0-C-1] INFO  org.apache.kafka.clients.consumer.internals.ConsumerCoordinator - [Consumer clientId=consumer-tomge-consumer-group-2, groupId=tomge-consumer-group] Resetting generation and member id due to: consumer pro-actively leaving the group
2025-04-11 16:54:39.046 [org.springframework.kafka.KafkaListenerEndpointContainer#0-0-C-1] INFO  org.apache.kafka.clients.consumer.internals.ConsumerCoordinator - [Consumer clientId=consumer-tomge-consumer-group-1, groupId=tomge-consumer-group] Resetting generation and member id due to: consumer pro-actively leaving the group
2025-04-11 16:54:39.046 [org.springframework.kafka.KafkaListenerEndpointContainer#1-0-C-1] INFO  org.apache.kafka.clients.consumer.internals.ConsumerCoordinator - [Consumer clientId=consumer-tomge-consumer-group-2, groupId=tomge-consumer-group] Request joining group due to: consumer pro-actively leaving the group
2025-04-11 16:54:39.046 [org.springframework.kafka.KafkaListenerEndpointContainer#0-0-C-1] INFO  org.apache.kafka.clients.consumer.internals.ConsumerCoordinator - [Consumer clientId=consumer-tomge-consumer-group-1, groupId=tomge-consumer-group] Request joining group due to: consumer pro-actively leaving the group
2025-04-11 16:54:39.272 [org.springframework.kafka.KafkaListenerEndpointContainer#0-0-C-1] INFO  org.apache.kafka.common.metrics.Metrics - Metrics scheduler closed
2025-04-11 16:54:39.272 [org.springframework.kafka.KafkaListenerEndpointContainer#1-0-C-1] INFO  org.apache.kafka.common.metrics.Metrics - Metrics scheduler closed
2025-04-11 16:54:39.272 [org.springframework.kafka.KafkaListenerEndpointContainer#0-0-C-1] INFO  org.apache.kafka.common.metrics.Metrics - Closing reporter org.apache.kafka.common.metrics.JmxReporter
2025-04-11 16:54:39.273 [org.springframework.kafka.KafkaListenerEndpointContainer#1-0-C-1] INFO  org.apache.kafka.common.metrics.Metrics - Closing reporter org.apache.kafka.common.metrics.JmxReporter
2025-04-11 16:54:39.273 [org.springframework.kafka.KafkaListenerEndpointContainer#0-0-C-1] INFO  org.apache.kafka.common.metrics.Metrics - Closing reporter org.apache.kafka.common.telemetry.internals.ClientTelemetryReporter
2025-04-11 16:54:39.273 [org.springframework.kafka.KafkaListenerEndpointContainer#1-0-C-1] INFO  org.apache.kafka.common.metrics.Metrics - Closing reporter org.apache.kafka.common.telemetry.internals.ClientTelemetryReporter
2025-04-11 16:54:39.273 [org.springframework.kafka.KafkaListenerEndpointContainer#0-0-C-1] INFO  org.apache.kafka.common.metrics.Metrics - Metrics reporters closed
2025-04-11 16:54:39.273 [org.springframework.kafka.KafkaListenerEndpointContainer#1-0-C-1] INFO  org.apache.kafka.common.metrics.Metrics - Metrics reporters closed
2025-04-11 16:54:39.277 [org.springframework.kafka.KafkaListenerEndpointContainer#1-0-C-1] INFO  org.apache.kafka.common.utils.AppInfoParser - App info kafka.consumer for consumer-tomge-consumer-group-2 unregistered
2025-04-11 16:54:39.277 [org.springframework.kafka.KafkaListenerEndpointContainer#0-0-C-1] INFO  org.apache.kafka.common.utils.AppInfoParser - App info kafka.consumer for consumer-tomge-consumer-group-1 unregistered
2025-04-11 16:54:47.941 [background-preinit] INFO  org.hibernate.validator.internal.util.Version - HV000001: Hibernate Validator 8.0.2.Final
2025-04-11 16:54:47.953 [main] INFO  com.test.testboot.TestbootApplication - Starting TestbootApplication using Java 23.0.2 with PID 63373 (/Users/zhaoxin/Documents/GitHub/testboot/target/classes started by zhaoxin in /Users/zhaoxin/Documents/GitHub/testboot)
2025-04-11 16:54:47.953 [main] INFO  com.test.testboot.TestbootApplication - No active profile set, falling back to 1 default profile: "default"
2025-04-11 16:54:48.665 [main] INFO  org.apache.coyote.http11.Http11NioProtocol - Initializing ProtocolHandler ["http-nio-9090"]
2025-04-11 16:54:48.666 [main] INFO  org.apache.catalina.core.StandardService - Starting service [Tomcat]
2025-04-11 16:54:48.666 [main] INFO  org.apache.catalina.core.StandardEngine - Starting Servlet engine: [Apache Tomcat/10.1.36]
2025-04-11 16:54:48.689 [main] INFO  org.apache.catalina.core.ContainerBase.[Tomcat].[localhost].[/] - Initializing Spring embedded WebApplicationContext
2025-04-11 16:54:51.864 [main] INFO  org.apache.coyote.http11.Http11NioProtocol - Starting ProtocolHandler ["http-nio-9090"]
2025-04-11 16:54:51.886 [main] INFO  org.apache.kafka.clients.consumer.ConsumerConfig - ConsumerConfig values: 
	allow.auto.create.topics = true
	auto.commit.interval.ms = 5000
	auto.include.jmx.reporter = true
	auto.offset.reset = latest
	bootstrap.servers = [127.0.0.1:9092]
	check.crcs = true
	client.dns.lookup = use_all_dns_ips
	client.id = consumer-tomge-consumer-group-1
	client.rack = 
	connections.max.idle.ms = 540000
	default.api.timeout.ms = 60000
	enable.auto.commit = false
	enable.metrics.push = true
	exclude.internal.topics = true
	fetch.max.bytes = 52428800
	fetch.max.wait.ms = 500
	fetch.min.bytes = 1
	group.id = tomge-consumer-group
	group.instance.id = null
	group.protocol = classic
	group.remote.assignor = null
	heartbeat.interval.ms = 3000
	interceptor.classes = []
	internal.leave.group.on.close = true
	internal.throw.on.fetch.stable.offset.unsupported = false
	isolation.level = read_uncommitted
	key.deserializer = class org.apache.kafka.common.serialization.StringDeserializer
	max.partition.fetch.bytes = 1048576
	max.poll.interval.ms = 300000
	max.poll.records = 500
	metadata.max.age.ms = 300000
	metric.reporters = []
	metrics.num.samples = 2
	metrics.recording.level = INFO
	metrics.sample.window.ms = 30000
	partition.assignment.strategy = [class org.apache.kafka.clients.consumer.RangeAssignor, class org.apache.kafka.clients.consumer.CooperativeStickyAssignor]
	receive.buffer.bytes = 65536
	reconnect.backoff.max.ms = 1000
	reconnect.backoff.ms = 50
	request.timeout.ms = 30000
	retry.backoff.max.ms = 1000
	retry.backoff.ms = 100
	sasl.client.callback.handler.class = null
	sasl.jaas.config = null
	sasl.kerberos.kinit.cmd = /usr/bin/kinit
	sasl.kerberos.min.time.before.relogin = 60000
	sasl.kerberos.service.name = null
	sasl.kerberos.ticket.renew.jitter = 0.05
	sasl.kerberos.ticket.renew.window.factor = 0.8
	sasl.login.callback.handler.class = null
	sasl.login.class = null
	sasl.login.connect.timeout.ms = null
	sasl.login.read.timeout.ms = null
	sasl.login.refresh.buffer.seconds = 300
	sasl.login.refresh.min.period.seconds = 60
	sasl.login.refresh.window.factor = 0.8
	sasl.login.refresh.window.jitter = 0.05
	sasl.login.retry.backoff.max.ms = 10000
	sasl.login.retry.backoff.ms = 100
	sasl.mechanism = GSSAPI
	sasl.oauthbearer.clock.skew.seconds = 30
	sasl.oauthbearer.expected.audience = null
	sasl.oauthbearer.expected.issuer = null
	sasl.oauthbearer.jwks.endpoint.refresh.ms = 3600000
	sasl.oauthbearer.jwks.endpoint.retry.backoff.max.ms = 10000
	sasl.oauthbearer.jwks.endpoint.retry.backoff.ms = 100
	sasl.oauthbearer.jwks.endpoint.url = null
	sasl.oauthbearer.scope.claim.name = scope
	sasl.oauthbearer.sub.claim.name = sub
	sasl.oauthbearer.token.endpoint.url = null
	security.protocol = PLAINTEXT
	security.providers = null
	send.buffer.bytes = 131072
	session.timeout.ms = 45000
	socket.connection.setup.timeout.max.ms = 30000
	socket.connection.setup.timeout.ms = 10000
	ssl.cipher.suites = null
	ssl.enabled.protocols = [TLSv1.2, TLSv1.3]
	ssl.endpoint.identification.algorithm = https
	ssl.engine.factory.class = null
	ssl.key.password = null
	ssl.keymanager.algorithm = SunX509
	ssl.keystore.certificate.chain = null
	ssl.keystore.key = null
	ssl.keystore.location = null
	ssl.keystore.password = null
	ssl.keystore.type = JKS
	ssl.protocol = TLSv1.3
	ssl.provider = null
	ssl.secure.random.implementation = null
	ssl.trustmanager.algorithm = PKIX
	ssl.truststore.certificates = null
	ssl.truststore.location = null
	ssl.truststore.password = null
	ssl.truststore.type = JKS
	value.deserializer = class org.apache.kafka.common.serialization.StringDeserializer

2025-04-11 16:54:51.905 [main] INFO  org.apache.kafka.common.telemetry.internals.KafkaMetricsCollector - initializing Kafka metrics collector
2025-04-11 16:54:51.932 [main] INFO  org.apache.kafka.common.utils.AppInfoParser - Kafka version: 3.7.2
2025-04-11 16:54:51.932 [main] INFO  org.apache.kafka.common.utils.AppInfoParser - Kafka commitId: 79a8f2b5f44f9d5a
2025-04-11 16:54:51.932 [main] INFO  org.apache.kafka.common.utils.AppInfoParser - Kafka startTimeMs: 1744361691931
2025-04-11 16:54:51.933 [main] INFO  org.apache.kafka.clients.consumer.internals.LegacyKafkaConsumer - [Consumer clientId=consumer-tomge-consumer-group-1, groupId=tomge-consumer-group] Subscribed to topic(s): testtopic
2025-04-11 16:54:51.936 [main] INFO  org.apache.kafka.clients.consumer.ConsumerConfig - ConsumerConfig values: 
	allow.auto.create.topics = true
	auto.commit.interval.ms = 5000
	auto.include.jmx.reporter = true
	auto.offset.reset = latest
	bootstrap.servers = [127.0.0.1:9092]
	check.crcs = true
	client.dns.lookup = use_all_dns_ips
	client.id = consumer-tomge-consumer-group-2
	client.rack = 
	connections.max.idle.ms = 540000
	default.api.timeout.ms = 60000
	enable.auto.commit = false
	enable.metrics.push = true
	exclude.internal.topics = true
	fetch.max.bytes = 52428800
	fetch.max.wait.ms = 500
	fetch.min.bytes = 1
	group.id = tomge-consumer-group
	group.instance.id = null
	group.protocol = classic
	group.remote.assignor = null
	heartbeat.interval.ms = 3000
	interceptor.classes = []
	internal.leave.group.on.close = true
	internal.throw.on.fetch.stable.offset.unsupported = false
	isolation.level = read_uncommitted
	key.deserializer = class org.apache.kafka.common.serialization.StringDeserializer
	max.partition.fetch.bytes = 1048576
	max.poll.interval.ms = 300000
	max.poll.records = 500
	metadata.max.age.ms = 300000
	metric.reporters = []
	metrics.num.samples = 2
	metrics.recording.level = INFO
	metrics.sample.window.ms = 30000
	partition.assignment.strategy = [class org.apache.kafka.clients.consumer.RangeAssignor, class org.apache.kafka.clients.consumer.CooperativeStickyAssignor]
	receive.buffer.bytes = 65536
	reconnect.backoff.max.ms = 1000
	reconnect.backoff.ms = 50
	request.timeout.ms = 30000
	retry.backoff.max.ms = 1000
	retry.backoff.ms = 100
	sasl.client.callback.handler.class = null
	sasl.jaas.config = null
	sasl.kerberos.kinit.cmd = /usr/bin/kinit
	sasl.kerberos.min.time.before.relogin = 60000
	sasl.kerberos.service.name = null
	sasl.kerberos.ticket.renew.jitter = 0.05
	sasl.kerberos.ticket.renew.window.factor = 0.8
	sasl.login.callback.handler.class = null
	sasl.login.class = null
	sasl.login.connect.timeout.ms = null
	sasl.login.read.timeout.ms = null
	sasl.login.refresh.buffer.seconds = 300
	sasl.login.refresh.min.period.seconds = 60
	sasl.login.refresh.window.factor = 0.8
	sasl.login.refresh.window.jitter = 0.05
	sasl.login.retry.backoff.max.ms = 10000
	sasl.login.retry.backoff.ms = 100
	sasl.mechanism = GSSAPI
	sasl.oauthbearer.clock.skew.seconds = 30
	sasl.oauthbearer.expected.audience = null
	sasl.oauthbearer.expected.issuer = null
	sasl.oauthbearer.jwks.endpoint.refresh.ms = 3600000
	sasl.oauthbearer.jwks.endpoint.retry.backoff.max.ms = 10000
	sasl.oauthbearer.jwks.endpoint.retry.backoff.ms = 100
	sasl.oauthbearer.jwks.endpoint.url = null
	sasl.oauthbearer.scope.claim.name = scope
	sasl.oauthbearer.sub.claim.name = sub
	sasl.oauthbearer.token.endpoint.url = null
	security.protocol = PLAINTEXT
	security.providers = null
	send.buffer.bytes = 131072
	session.timeout.ms = 45000
	socket.connection.setup.timeout.max.ms = 30000
	socket.connection.setup.timeout.ms = 10000
	ssl.cipher.suites = null
	ssl.enabled.protocols = [TLSv1.2, TLSv1.3]
	ssl.endpoint.identification.algorithm = https
	ssl.engine.factory.class = null
	ssl.key.password = null
	ssl.keymanager.algorithm = SunX509
	ssl.keystore.certificate.chain = null
	ssl.keystore.key = null
	ssl.keystore.location = null
	ssl.keystore.password = null
	ssl.keystore.type = JKS
	ssl.protocol = TLSv1.3
	ssl.provider = null
	ssl.secure.random.implementation = null
	ssl.trustmanager.algorithm = PKIX
	ssl.truststore.certificates = null
	ssl.truststore.location = null
	ssl.truststore.password = null
	ssl.truststore.type = JKS
	value.deserializer = class org.apache.kafka.common.serialization.StringDeserializer

2025-04-11 16:54:51.936 [main] INFO  org.apache.kafka.common.telemetry.internals.KafkaMetricsCollector - initializing Kafka metrics collector
2025-04-11 16:54:51.938 [main] INFO  org.apache.kafka.common.utils.AppInfoParser - Kafka version: 3.7.2
2025-04-11 16:54:51.938 [main] INFO  org.apache.kafka.common.utils.AppInfoParser - Kafka commitId: 79a8f2b5f44f9d5a
2025-04-11 16:54:51.939 [main] INFO  org.apache.kafka.common.utils.AppInfoParser - Kafka startTimeMs: 1744361691938
2025-04-11 16:54:51.939 [main] INFO  org.apache.kafka.clients.consumer.internals.LegacyKafkaConsumer - [Consumer clientId=consumer-tomge-consumer-group-2, groupId=tomge-consumer-group] Subscribed to topic(s): testtopic2
2025-04-11 16:54:51.945 [main] INFO  com.test.testboot.TestbootApplication - Started TestbootApplication in 4.177 seconds (process running for 4.496)
2025-04-11 16:54:52.046 [org.springframework.kafka.KafkaListenerEndpointContainer#1-0-C-1] INFO  org.apache.kafka.clients.Metadata - [Consumer clientId=consumer-tomge-consumer-group-2, groupId=tomge-consumer-group] Cluster ID: y-6F190GRaWny8wgtvr9EA
2025-04-11 16:54:52.046 [org.springframework.kafka.KafkaListenerEndpointContainer#0-0-C-1] INFO  org.apache.kafka.clients.Metadata - [Consumer clientId=consumer-tomge-consumer-group-1, groupId=tomge-consumer-group] Cluster ID: y-6F190GRaWny8wgtvr9EA
2025-04-11 16:54:52.047 [org.springframework.kafka.KafkaListenerEndpointContainer#0-0-C-1] INFO  org.apache.kafka.clients.consumer.internals.ConsumerCoordinator - [Consumer clientId=consumer-tomge-consumer-group-1, groupId=tomge-consumer-group] Discovered group coordinator localhost:9092 (id: 2147483647 rack: null)
2025-04-11 16:54:52.047 [org.springframework.kafka.KafkaListenerEndpointContainer#1-0-C-1] INFO  org.apache.kafka.clients.consumer.internals.ConsumerCoordinator - [Consumer clientId=consumer-tomge-consumer-group-2, groupId=tomge-consumer-group] Discovered group coordinator localhost:9092 (id: 2147483647 rack: null)
2025-04-11 16:54:52.047 [org.springframework.kafka.KafkaListenerEndpointContainer#1-0-C-1] INFO  org.apache.kafka.clients.consumer.internals.ConsumerCoordinator - [Consumer clientId=consumer-tomge-consumer-group-2, groupId=tomge-consumer-group] (Re-)joining group
2025-04-11 16:54:52.048 [org.springframework.kafka.KafkaListenerEndpointContainer#0-0-C-1] INFO  org.apache.kafka.clients.consumer.internals.ConsumerCoordinator - [Consumer clientId=consumer-tomge-consumer-group-1, groupId=tomge-consumer-group] (Re-)joining group
2025-04-11 16:54:52.056 [org.springframework.kafka.KafkaListenerEndpointContainer#0-0-C-1] INFO  org.apache.kafka.clients.consumer.internals.ConsumerCoordinator - [Consumer clientId=consumer-tomge-consumer-group-1, groupId=tomge-consumer-group] Request joining group due to: need to re-join with the given member-id: consumer-tomge-consumer-group-1-b0cda3b9-4c44-4d10-92f1-d19a21915ccf
2025-04-11 16:54:52.056 [org.springframework.kafka.KafkaListenerEndpointContainer#1-0-C-1] INFO  org.apache.kafka.clients.consumer.internals.ConsumerCoordinator - [Consumer clientId=consumer-tomge-consumer-group-2, groupId=tomge-consumer-group] Request joining group due to: need to re-join with the given member-id: consumer-tomge-consumer-group-2-2d34d572-7864-455d-81b0-e92f0149ae8d
2025-04-11 16:54:52.056 [org.springframework.kafka.KafkaListenerEndpointContainer#0-0-C-1] INFO  org.apache.kafka.clients.consumer.internals.ConsumerCoordinator - [Consumer clientId=consumer-tomge-consumer-group-1, groupId=tomge-consumer-group] (Re-)joining group
2025-04-11 16:54:52.057 [org.springframework.kafka.KafkaListenerEndpointContainer#1-0-C-1] INFO  org.apache.kafka.clients.consumer.internals.ConsumerCoordinator - [Consumer clientId=consumer-tomge-consumer-group-2, groupId=tomge-consumer-group] (Re-)joining group
2025-04-11 16:54:52.059 [org.springframework.kafka.KafkaListenerEndpointContainer#1-0-C-1] INFO  org.apache.kafka.clients.consumer.internals.ConsumerCoordinator - [Consumer clientId=consumer-tomge-consumer-group-2, groupId=tomge-consumer-group] Successfully joined group with generation Generation{generationId=20, memberId='consumer-tomge-consumer-group-2-2d34d572-7864-455d-81b0-e92f0149ae8d', protocol='range'}
2025-04-11 16:54:52.059 [org.springframework.kafka.KafkaListenerEndpointContainer#0-0-C-1] INFO  org.apache.kafka.clients.consumer.internals.ConsumerCoordinator - [Consumer clientId=consumer-tomge-consumer-group-1, groupId=tomge-consumer-group] Successfully joined group with generation Generation{generationId=20, memberId='consumer-tomge-consumer-group-1-b0cda3b9-4c44-4d10-92f1-d19a21915ccf', protocol='range'}
2025-04-11 16:54:52.062 [org.springframework.kafka.KafkaListenerEndpointContainer#0-0-C-1] INFO  org.apache.kafka.clients.consumer.internals.ConsumerCoordinator - [Consumer clientId=consumer-tomge-consumer-group-1, groupId=tomge-consumer-group] Finished assignment for group at generation 20: {consumer-tomge-consumer-group-1-b0cda3b9-4c44-4d10-92f1-d19a21915ccf=Assignment(partitions=[testtopic-0]), consumer-tomge-consumer-group-2-2d34d572-7864-455d-81b0-e92f0149ae8d=Assignment(partitions=[testtopic2-0])}
2025-04-11 16:54:52.066 [org.springframework.kafka.KafkaListenerEndpointContainer#1-0-C-1] INFO  org.apache.kafka.clients.consumer.internals.ConsumerCoordinator - [Consumer clientId=consumer-tomge-consumer-group-2, groupId=tomge-consumer-group] Successfully synced group in generation Generation{generationId=20, memberId='consumer-tomge-consumer-group-2-2d34d572-7864-455d-81b0-e92f0149ae8d', protocol='range'}
2025-04-11 16:54:52.066 [org.springframework.kafka.KafkaListenerEndpointContainer#0-0-C-1] INFO  org.apache.kafka.clients.consumer.internals.ConsumerCoordinator - [Consumer clientId=consumer-tomge-consumer-group-1, groupId=tomge-consumer-group] Successfully synced group in generation Generation{generationId=20, memberId='consumer-tomge-consumer-group-1-b0cda3b9-4c44-4d10-92f1-d19a21915ccf', protocol='range'}
2025-04-11 16:54:52.066 [org.springframework.kafka.KafkaListenerEndpointContainer#1-0-C-1] INFO  org.apache.kafka.clients.consumer.internals.ConsumerCoordinator - [Consumer clientId=consumer-tomge-consumer-group-2, groupId=tomge-consumer-group] Notifying assignor about the new Assignment(partitions=[testtopic2-0])
2025-04-11 16:54:52.066 [org.springframework.kafka.KafkaListenerEndpointContainer#0-0-C-1] INFO  org.apache.kafka.clients.consumer.internals.ConsumerCoordinator - [Consumer clientId=consumer-tomge-consumer-group-1, groupId=tomge-consumer-group] Notifying assignor about the new Assignment(partitions=[testtopic-0])
2025-04-11 16:54:52.067 [org.springframework.kafka.KafkaListenerEndpointContainer#0-0-C-1] INFO  org.apache.kafka.clients.consumer.internals.ConsumerRebalanceListenerInvoker - [Consumer clientId=consumer-tomge-consumer-group-1, groupId=tomge-consumer-group] Adding newly assigned partitions: testtopic-0
2025-04-11 16:54:52.067 [org.springframework.kafka.KafkaListenerEndpointContainer#1-0-C-1] INFO  org.apache.kafka.clients.consumer.internals.ConsumerRebalanceListenerInvoker - [Consumer clientId=consumer-tomge-consumer-group-2, groupId=tomge-consumer-group] Adding newly assigned partitions: testtopic2-0
2025-04-11 16:54:52.071 [org.springframework.kafka.KafkaListenerEndpointContainer#1-0-C-1] INFO  org.apache.kafka.clients.consumer.internals.ConsumerUtils - Setting offset for partition testtopic2-0 to the committed offset FetchPosition{offset=260, offsetEpoch=Optional.empty, currentLeader=LeaderAndEpoch{leader=Optional[localhost:9092 (id: 0 rack: null)], epoch=0}}
2025-04-11 16:54:52.071 [org.springframework.kafka.KafkaListenerEndpointContainer#0-0-C-1] INFO  org.apache.kafka.clients.consumer.internals.ConsumerUtils - Setting offset for partition testtopic-0 to the committed offset FetchPosition{offset=2, offsetEpoch=Optional.empty, currentLeader=LeaderAndEpoch{leader=Optional[localhost:9092 (id: 0 rack: null)], epoch=0}}
2025-04-11 16:54:56.547 [http-nio-9090-exec-1] INFO  org.apache.catalina.core.ContainerBase.[Tomcat].[localhost].[/] - Initializing Spring DispatcherServlet 'dispatcherServlet'
2025-04-11 16:54:56.833 [http-nio-9090-exec-4] INFO  org.springdoc.api.AbstractOpenApiResource - Init duration for springdoc-openapi is: 138 ms
2025-04-11 16:55:30.306 [http-nio-9090-exec-5] INFO  com.zaxxer.hikari.HikariDataSource - HikariPool-1 - Starting...
2025-04-11 16:55:30.408 [http-nio-9090-exec-5] INFO  com.zaxxer.hikari.pool.HikariPool - HikariPool-1 - Added connection com.mysql.cj.jdbc.ConnectionImpl@1dc3213e
2025-04-11 16:55:30.409 [http-nio-9090-exec-5] INFO  com.zaxxer.hikari.HikariDataSource - HikariPool-1 - Start completed.
2025-04-11 16:55:30.554 [org.springframework.kafka.KafkaListenerEndpointContainer#1-0-C-1] INFO  com.test.testboot.kafkaservice.ConsumerService - CanalModel: null
2025-04-11 16:55:30.780 [org.springframework.kafka.KafkaListenerEndpointContainer#1-0-C-1] INFO  com.test.testboot.kafkaservice.ConsumerService - DELETE 操作成功 - id: 912
2025-04-11 17:03:52.076 [org.springframework.kafka.KafkaListenerEndpointContainer#0-0-C-1] INFO  org.apache.kafka.clients.NetworkClient - [Consumer clientId=consumer-tomge-consumer-group-1, groupId=tomge-consumer-group] Node -1 disconnected.
2025-04-11 17:03:52.231 [org.springframework.kafka.KafkaListenerEndpointContainer#1-0-C-1] INFO  org.apache.kafka.clients.NetworkClient - [Consumer clientId=consumer-tomge-consumer-group-2, groupId=tomge-consumer-group] Node -1 disconnected.
2025-04-11 17:03:59.403 [org.springframework.kafka.KafkaListenerEndpointContainer#0-0-C-1] INFO  org.apache.kafka.clients.consumer.internals.ConsumerRebalanceListenerInvoker - [Consumer clientId=consumer-tomge-consumer-group-1, groupId=tomge-consumer-group] Revoke previously assigned partitions testtopic-0
2025-04-11 17:03:59.403 [org.springframework.kafka.KafkaListenerEndpointContainer#1-0-C-1] INFO  org.apache.kafka.clients.consumer.internals.ConsumerRebalanceListenerInvoker - [Consumer clientId=consumer-tomge-consumer-group-2, groupId=tomge-consumer-group] Revoke previously assigned partitions testtopic2-0
2025-04-11 17:03:59.403 [org.springframework.kafka.KafkaListenerEndpointContainer#0-0-C-1] INFO  org.apache.kafka.clients.consumer.internals.ConsumerCoordinator - [Consumer clientId=consumer-tomge-consumer-group-1, groupId=tomge-consumer-group] Member consumer-tomge-consumer-group-1-b0cda3b9-4c44-4d10-92f1-d19a21915ccf sending LeaveGroup request to coordinator localhost:9092 (id: 2147483647 rack: null) due to the consumer unsubscribed from all topics
2025-04-11 17:03:59.403 [org.springframework.kafka.KafkaListenerEndpointContainer#1-0-C-1] INFO  org.apache.kafka.clients.consumer.internals.ConsumerCoordinator - [Consumer clientId=consumer-tomge-consumer-group-2, groupId=tomge-consumer-group] Member consumer-tomge-consumer-group-2-2d34d572-7864-455d-81b0-e92f0149ae8d sending LeaveGroup request to coordinator localhost:9092 (id: 2147483647 rack: null) due to the consumer unsubscribed from all topics
2025-04-11 17:03:59.404 [org.springframework.kafka.KafkaListenerEndpointContainer#0-0-C-1] INFO  org.apache.kafka.clients.consumer.internals.ConsumerCoordinator - [Consumer clientId=consumer-tomge-consumer-group-1, groupId=tomge-consumer-group] Resetting generation and member id due to: consumer pro-actively leaving the group
2025-04-11 17:03:59.404 [org.springframework.kafka.KafkaListenerEndpointContainer#1-0-C-1] INFO  org.apache.kafka.clients.consumer.internals.ConsumerCoordinator - [Consumer clientId=consumer-tomge-consumer-group-2, groupId=tomge-consumer-group] Resetting generation and member id due to: consumer pro-actively leaving the group
2025-04-11 17:03:59.404 [org.springframework.kafka.KafkaListenerEndpointContainer#0-0-C-1] INFO  org.apache.kafka.clients.consumer.internals.ConsumerCoordinator - [Consumer clientId=consumer-tomge-consumer-group-1, groupId=tomge-consumer-group] Request joining group due to: consumer pro-actively leaving the group
2025-04-11 17:03:59.404 [org.springframework.kafka.KafkaListenerEndpointContainer#1-0-C-1] INFO  org.apache.kafka.clients.consumer.internals.ConsumerCoordinator - [Consumer clientId=consumer-tomge-consumer-group-2, groupId=tomge-consumer-group] Request joining group due to: consumer pro-actively leaving the group
2025-04-11 17:03:59.404 [org.springframework.kafka.KafkaListenerEndpointContainer#0-0-C-1] INFO  org.apache.kafka.clients.consumer.internals.LegacyKafkaConsumer - [Consumer clientId=consumer-tomge-consumer-group-1, groupId=tomge-consumer-group] Unsubscribed all topics or patterns and assigned partitions
2025-04-11 17:03:59.404 [org.springframework.kafka.KafkaListenerEndpointContainer#1-0-C-1] INFO  org.apache.kafka.clients.consumer.internals.LegacyKafkaConsumer - [Consumer clientId=consumer-tomge-consumer-group-2, groupId=tomge-consumer-group] Unsubscribed all topics or patterns and assigned partitions
2025-04-11 17:03:59.405 [org.springframework.kafka.KafkaListenerEndpointContainer#1-0-C-1] INFO  org.apache.kafka.clients.consumer.internals.ConsumerCoordinator - [Consumer clientId=consumer-tomge-consumer-group-2, groupId=tomge-consumer-group] Resetting generation and member id due to: consumer pro-actively leaving the group
2025-04-11 17:03:59.405 [org.springframework.kafka.KafkaListenerEndpointContainer#0-0-C-1] INFO  org.apache.kafka.clients.consumer.internals.ConsumerCoordinator - [Consumer clientId=consumer-tomge-consumer-group-1, groupId=tomge-consumer-group] Resetting generation and member id due to: consumer pro-actively leaving the group
2025-04-11 17:03:59.405 [org.springframework.kafka.KafkaListenerEndpointContainer#1-0-C-1] INFO  org.apache.kafka.clients.consumer.internals.ConsumerCoordinator - [Consumer clientId=consumer-tomge-consumer-group-2, groupId=tomge-consumer-group] Request joining group due to: consumer pro-actively leaving the group
2025-04-11 17:03:59.405 [org.springframework.kafka.KafkaListenerEndpointContainer#0-0-C-1] INFO  org.apache.kafka.clients.consumer.internals.ConsumerCoordinator - [Consumer clientId=consumer-tomge-consumer-group-1, groupId=tomge-consumer-group] Request joining group due to: consumer pro-actively leaving the group
2025-04-11 17:03:59.772 [org.springframework.kafka.KafkaListenerEndpointContainer#0-0-C-1] INFO  org.apache.kafka.common.metrics.Metrics - Metrics scheduler closed
2025-04-11 17:03:59.772 [org.springframework.kafka.KafkaListenerEndpointContainer#1-0-C-1] INFO  org.apache.kafka.common.metrics.Metrics - Metrics scheduler closed
2025-04-11 17:03:59.772 [org.springframework.kafka.KafkaListenerEndpointContainer#0-0-C-1] INFO  org.apache.kafka.common.metrics.Metrics - Closing reporter org.apache.kafka.common.metrics.JmxReporter
2025-04-11 17:03:59.772 [org.springframework.kafka.KafkaListenerEndpointContainer#1-0-C-1] INFO  org.apache.kafka.common.metrics.Metrics - Closing reporter org.apache.kafka.common.metrics.JmxReporter
2025-04-11 17:03:59.772 [org.springframework.kafka.KafkaListenerEndpointContainer#0-0-C-1] INFO  org.apache.kafka.common.metrics.Metrics - Closing reporter org.apache.kafka.common.telemetry.internals.ClientTelemetryReporter
2025-04-11 17:03:59.772 [org.springframework.kafka.KafkaListenerEndpointContainer#1-0-C-1] INFO  org.apache.kafka.common.metrics.Metrics - Closing reporter org.apache.kafka.common.telemetry.internals.ClientTelemetryReporter
2025-04-11 17:03:59.772 [org.springframework.kafka.KafkaListenerEndpointContainer#1-0-C-1] INFO  org.apache.kafka.common.metrics.Metrics - Metrics reporters closed
2025-04-11 17:03:59.772 [org.springframework.kafka.KafkaListenerEndpointContainer#0-0-C-1] INFO  org.apache.kafka.common.metrics.Metrics - Metrics reporters closed
2025-04-11 17:03:59.774 [org.springframework.kafka.KafkaListenerEndpointContainer#0-0-C-1] INFO  org.apache.kafka.common.utils.AppInfoParser - App info kafka.consumer for consumer-tomge-consumer-group-1 unregistered
2025-04-11 17:03:59.774 [org.springframework.kafka.KafkaListenerEndpointContainer#1-0-C-1] INFO  org.apache.kafka.common.utils.AppInfoParser - App info kafka.consumer for consumer-tomge-consumer-group-2 unregistered
2025-04-11 17:04:03.496 [SpringApplicationShutdownHook] INFO  com.zaxxer.hikari.HikariDataSource - HikariPool-1 - Shutdown initiated...
2025-04-11 17:04:03.501 [SpringApplicationShutdownHook] INFO  com.zaxxer.hikari.HikariDataSource - HikariPool-1 - Shutdown completed.
2025-04-11 17:04:06.552 [background-preinit] INFO  org.hibernate.validator.internal.util.Version - HV000001: Hibernate Validator 8.0.2.Final
2025-04-11 17:04:06.563 [main] INFO  com.test.testboot.TestbootApplication - Starting TestbootApplication using Java 23.0.2 with PID 63500 (/Users/zhaoxin/Documents/GitHub/testboot/target/classes started by zhaoxin in /Users/zhaoxin/Documents/GitHub/testboot)
2025-04-11 17:04:06.563 [main] INFO  com.test.testboot.TestbootApplication - No active profile set, falling back to 1 default profile: "default"
2025-04-11 17:04:07.301 [main] INFO  org.apache.coyote.http11.Http11NioProtocol - Initializing ProtocolHandler ["http-nio-9090"]
2025-04-11 17:04:07.302 [main] INFO  org.apache.catalina.core.StandardService - Starting service [Tomcat]
2025-04-11 17:04:07.302 [main] INFO  org.apache.catalina.core.StandardEngine - Starting Servlet engine: [Apache Tomcat/10.1.36]
2025-04-11 17:04:07.325 [main] INFO  org.apache.catalina.core.ContainerBase.[Tomcat].[localhost].[/] - Initializing Spring embedded WebApplicationContext
2025-04-11 17:04:10.188 [main] INFO  org.apache.coyote.http11.Http11NioProtocol - Starting ProtocolHandler ["http-nio-9090"]
2025-04-11 17:04:10.209 [main] INFO  org.apache.kafka.clients.consumer.ConsumerConfig - ConsumerConfig values: 
	allow.auto.create.topics = true
	auto.commit.interval.ms = 5000
	auto.include.jmx.reporter = true
	auto.offset.reset = latest
	bootstrap.servers = [127.0.0.1:9092]
	check.crcs = true
	client.dns.lookup = use_all_dns_ips
	client.id = consumer-tomge-consumer-group-1
	client.rack = 
	connections.max.idle.ms = 540000
	default.api.timeout.ms = 60000
	enable.auto.commit = false
	enable.metrics.push = true
	exclude.internal.topics = true
	fetch.max.bytes = 52428800
	fetch.max.wait.ms = 500
	fetch.min.bytes = 1
	group.id = tomge-consumer-group
	group.instance.id = null
	group.protocol = classic
	group.remote.assignor = null
	heartbeat.interval.ms = 3000
	interceptor.classes = []
	internal.leave.group.on.close = true
	internal.throw.on.fetch.stable.offset.unsupported = false
	isolation.level = read_uncommitted
	key.deserializer = class org.apache.kafka.common.serialization.StringDeserializer
	max.partition.fetch.bytes = 1048576
	max.poll.interval.ms = 300000
	max.poll.records = 500
	metadata.max.age.ms = 300000
	metric.reporters = []
	metrics.num.samples = 2
	metrics.recording.level = INFO
	metrics.sample.window.ms = 30000
	partition.assignment.strategy = [class org.apache.kafka.clients.consumer.RangeAssignor, class org.apache.kafka.clients.consumer.CooperativeStickyAssignor]
	receive.buffer.bytes = 65536
	reconnect.backoff.max.ms = 1000
	reconnect.backoff.ms = 50
	request.timeout.ms = 30000
	retry.backoff.max.ms = 1000
	retry.backoff.ms = 100
	sasl.client.callback.handler.class = null
	sasl.jaas.config = null
	sasl.kerberos.kinit.cmd = /usr/bin/kinit
	sasl.kerberos.min.time.before.relogin = 60000
	sasl.kerberos.service.name = null
	sasl.kerberos.ticket.renew.jitter = 0.05
	sasl.kerberos.ticket.renew.window.factor = 0.8
	sasl.login.callback.handler.class = null
	sasl.login.class = null
	sasl.login.connect.timeout.ms = null
	sasl.login.read.timeout.ms = null
	sasl.login.refresh.buffer.seconds = 300
	sasl.login.refresh.min.period.seconds = 60
	sasl.login.refresh.window.factor = 0.8
	sasl.login.refresh.window.jitter = 0.05
	sasl.login.retry.backoff.max.ms = 10000
	sasl.login.retry.backoff.ms = 100
	sasl.mechanism = GSSAPI
	sasl.oauthbearer.clock.skew.seconds = 30
	sasl.oauthbearer.expected.audience = null
	sasl.oauthbearer.expected.issuer = null
	sasl.oauthbearer.jwks.endpoint.refresh.ms = 3600000
	sasl.oauthbearer.jwks.endpoint.retry.backoff.max.ms = 10000
	sasl.oauthbearer.jwks.endpoint.retry.backoff.ms = 100
	sasl.oauthbearer.jwks.endpoint.url = null
	sasl.oauthbearer.scope.claim.name = scope
	sasl.oauthbearer.sub.claim.name = sub
	sasl.oauthbearer.token.endpoint.url = null
	security.protocol = PLAINTEXT
	security.providers = null
	send.buffer.bytes = 131072
	session.timeout.ms = 45000
	socket.connection.setup.timeout.max.ms = 30000
	socket.connection.setup.timeout.ms = 10000
	ssl.cipher.suites = null
	ssl.enabled.protocols = [TLSv1.2, TLSv1.3]
	ssl.endpoint.identification.algorithm = https
	ssl.engine.factory.class = null
	ssl.key.password = null
	ssl.keymanager.algorithm = SunX509
	ssl.keystore.certificate.chain = null
	ssl.keystore.key = null
	ssl.keystore.location = null
	ssl.keystore.password = null
	ssl.keystore.type = JKS
	ssl.protocol = TLSv1.3
	ssl.provider = null
	ssl.secure.random.implementation = null
	ssl.trustmanager.algorithm = PKIX
	ssl.truststore.certificates = null
	ssl.truststore.location = null
	ssl.truststore.password = null
	ssl.truststore.type = JKS
	value.deserializer = class org.apache.kafka.common.serialization.StringDeserializer

2025-04-11 17:04:10.234 [main] INFO  org.apache.kafka.common.telemetry.internals.KafkaMetricsCollector - initializing Kafka metrics collector
2025-04-11 17:04:10.263 [main] INFO  org.apache.kafka.common.utils.AppInfoParser - Kafka version: 3.7.2
2025-04-11 17:04:10.263 [main] INFO  org.apache.kafka.common.utils.AppInfoParser - Kafka commitId: 79a8f2b5f44f9d5a
2025-04-11 17:04:10.263 [main] INFO  org.apache.kafka.common.utils.AppInfoParser - Kafka startTimeMs: 1744362250262
2025-04-11 17:04:10.264 [main] INFO  org.apache.kafka.clients.consumer.internals.LegacyKafkaConsumer - [Consumer clientId=consumer-tomge-consumer-group-1, groupId=tomge-consumer-group] Subscribed to topic(s): testtopic2
2025-04-11 17:04:10.267 [main] INFO  org.apache.kafka.clients.consumer.ConsumerConfig - ConsumerConfig values: 
	allow.auto.create.topics = true
	auto.commit.interval.ms = 5000
	auto.include.jmx.reporter = true
	auto.offset.reset = latest
	bootstrap.servers = [127.0.0.1:9092]
	check.crcs = true
	client.dns.lookup = use_all_dns_ips
	client.id = consumer-tomge-consumer-group-2
	client.rack = 
	connections.max.idle.ms = 540000
	default.api.timeout.ms = 60000
	enable.auto.commit = false
	enable.metrics.push = true
	exclude.internal.topics = true
	fetch.max.bytes = 52428800
	fetch.max.wait.ms = 500
	fetch.min.bytes = 1
	group.id = tomge-consumer-group
	group.instance.id = null
	group.protocol = classic
	group.remote.assignor = null
	heartbeat.interval.ms = 3000
	interceptor.classes = []
	internal.leave.group.on.close = true
	internal.throw.on.fetch.stable.offset.unsupported = false
	isolation.level = read_uncommitted
	key.deserializer = class org.apache.kafka.common.serialization.StringDeserializer
	max.partition.fetch.bytes = 1048576
	max.poll.interval.ms = 300000
	max.poll.records = 500
	metadata.max.age.ms = 300000
	metric.reporters = []
	metrics.num.samples = 2
	metrics.recording.level = INFO
	metrics.sample.window.ms = 30000
	partition.assignment.strategy = [class org.apache.kafka.clients.consumer.RangeAssignor, class org.apache.kafka.clients.consumer.CooperativeStickyAssignor]
	receive.buffer.bytes = 65536
	reconnect.backoff.max.ms = 1000
	reconnect.backoff.ms = 50
	request.timeout.ms = 30000
	retry.backoff.max.ms = 1000
	retry.backoff.ms = 100
	sasl.client.callback.handler.class = null
	sasl.jaas.config = null
	sasl.kerberos.kinit.cmd = /usr/bin/kinit
	sasl.kerberos.min.time.before.relogin = 60000
	sasl.kerberos.service.name = null
	sasl.kerberos.ticket.renew.jitter = 0.05
	sasl.kerberos.ticket.renew.window.factor = 0.8
	sasl.login.callback.handler.class = null
	sasl.login.class = null
	sasl.login.connect.timeout.ms = null
	sasl.login.read.timeout.ms = null
	sasl.login.refresh.buffer.seconds = 300
	sasl.login.refresh.min.period.seconds = 60
	sasl.login.refresh.window.factor = 0.8
	sasl.login.refresh.window.jitter = 0.05
	sasl.login.retry.backoff.max.ms = 10000
	sasl.login.retry.backoff.ms = 100
	sasl.mechanism = GSSAPI
	sasl.oauthbearer.clock.skew.seconds = 30
	sasl.oauthbearer.expected.audience = null
	sasl.oauthbearer.expected.issuer = null
	sasl.oauthbearer.jwks.endpoint.refresh.ms = 3600000
	sasl.oauthbearer.jwks.endpoint.retry.backoff.max.ms = 10000
	sasl.oauthbearer.jwks.endpoint.retry.backoff.ms = 100
	sasl.oauthbearer.jwks.endpoint.url = null
	sasl.oauthbearer.scope.claim.name = scope
	sasl.oauthbearer.sub.claim.name = sub
	sasl.oauthbearer.token.endpoint.url = null
	security.protocol = PLAINTEXT
	security.providers = null
	send.buffer.bytes = 131072
	session.timeout.ms = 45000
	socket.connection.setup.timeout.max.ms = 30000
	socket.connection.setup.timeout.ms = 10000
	ssl.cipher.suites = null
	ssl.enabled.protocols = [TLSv1.2, TLSv1.3]
	ssl.endpoint.identification.algorithm = https
	ssl.engine.factory.class = null
	ssl.key.password = null
	ssl.keymanager.algorithm = SunX509
	ssl.keystore.certificate.chain = null
	ssl.keystore.key = null
	ssl.keystore.location = null
	ssl.keystore.password = null
	ssl.keystore.type = JKS
	ssl.protocol = TLSv1.3
	ssl.provider = null
	ssl.secure.random.implementation = null
	ssl.trustmanager.algorithm = PKIX
	ssl.truststore.certificates = null
	ssl.truststore.location = null
	ssl.truststore.password = null
	ssl.truststore.type = JKS
	value.deserializer = class org.apache.kafka.common.serialization.StringDeserializer

2025-04-11 17:04:10.267 [main] INFO  org.apache.kafka.common.telemetry.internals.KafkaMetricsCollector - initializing Kafka metrics collector
2025-04-11 17:04:10.270 [main] INFO  org.apache.kafka.common.utils.AppInfoParser - Kafka version: 3.7.2
2025-04-11 17:04:10.270 [main] INFO  org.apache.kafka.common.utils.AppInfoParser - Kafka commitId: 79a8f2b5f44f9d5a
2025-04-11 17:04:10.270 [main] INFO  org.apache.kafka.common.utils.AppInfoParser - Kafka startTimeMs: 1744362250270
2025-04-11 17:04:10.270 [main] INFO  org.apache.kafka.clients.consumer.internals.LegacyKafkaConsumer - [Consumer clientId=consumer-tomge-consumer-group-2, groupId=tomge-consumer-group] Subscribed to topic(s): testtopic
2025-04-11 17:04:10.277 [main] INFO  com.test.testboot.TestbootApplication - Started TestbootApplication in 3.912 seconds (process running for 4.232)
2025-04-11 17:04:10.377 [org.springframework.kafka.KafkaListenerEndpointContainer#1-0-C-1] INFO  org.apache.kafka.clients.Metadata - [Consumer clientId=consumer-tomge-consumer-group-2, groupId=tomge-consumer-group] Cluster ID: y-6F190GRaWny8wgtvr9EA
2025-04-11 17:04:10.377 [org.springframework.kafka.KafkaListenerEndpointContainer#0-0-C-1] INFO  org.apache.kafka.clients.Metadata - [Consumer clientId=consumer-tomge-consumer-group-1, groupId=tomge-consumer-group] Cluster ID: y-6F190GRaWny8wgtvr9EA
2025-04-11 17:04:10.377 [org.springframework.kafka.KafkaListenerEndpointContainer#1-0-C-1] INFO  org.apache.kafka.clients.consumer.internals.ConsumerCoordinator - [Consumer clientId=consumer-tomge-consumer-group-2, groupId=tomge-consumer-group] Discovered group coordinator localhost:9092 (id: 2147483647 rack: null)
2025-04-11 17:04:10.377 [org.springframework.kafka.KafkaListenerEndpointContainer#0-0-C-1] INFO  org.apache.kafka.clients.consumer.internals.ConsumerCoordinator - [Consumer clientId=consumer-tomge-consumer-group-1, groupId=tomge-consumer-group] Discovered group coordinator localhost:9092 (id: 2147483647 rack: null)
2025-04-11 17:04:10.378 [org.springframework.kafka.KafkaListenerEndpointContainer#0-0-C-1] INFO  org.apache.kafka.clients.consumer.internals.ConsumerCoordinator - [Consumer clientId=consumer-tomge-consumer-group-1, groupId=tomge-consumer-group] (Re-)joining group
2025-04-11 17:04:10.378 [org.springframework.kafka.KafkaListenerEndpointContainer#1-0-C-1] INFO  org.apache.kafka.clients.consumer.internals.ConsumerCoordinator - [Consumer clientId=consumer-tomge-consumer-group-2, groupId=tomge-consumer-group] (Re-)joining group
2025-04-11 17:04:10.384 [org.springframework.kafka.KafkaListenerEndpointContainer#1-0-C-1] INFO  org.apache.kafka.clients.consumer.internals.ConsumerCoordinator - [Consumer clientId=consumer-tomge-consumer-group-2, groupId=tomge-consumer-group] Request joining group due to: need to re-join with the given member-id: consumer-tomge-consumer-group-2-3731babd-776c-42f6-a8bc-0332323a7f72
2025-04-11 17:04:10.384 [org.springframework.kafka.KafkaListenerEndpointContainer#0-0-C-1] INFO  org.apache.kafka.clients.consumer.internals.ConsumerCoordinator - [Consumer clientId=consumer-tomge-consumer-group-1, groupId=tomge-consumer-group] Request joining group due to: need to re-join with the given member-id: consumer-tomge-consumer-group-1-661f39d7-f2f8-48a3-b355-9712f62c83ef
2025-04-11 17:04:10.384 [org.springframework.kafka.KafkaListenerEndpointContainer#1-0-C-1] INFO  org.apache.kafka.clients.consumer.internals.ConsumerCoordinator - [Consumer clientId=consumer-tomge-consumer-group-2, groupId=tomge-consumer-group] (Re-)joining group
2025-04-11 17:04:10.384 [org.springframework.kafka.KafkaListenerEndpointContainer#0-0-C-1] INFO  org.apache.kafka.clients.consumer.internals.ConsumerCoordinator - [Consumer clientId=consumer-tomge-consumer-group-1, groupId=tomge-consumer-group] (Re-)joining group
2025-04-11 17:04:10.386 [org.springframework.kafka.KafkaListenerEndpointContainer#0-0-C-1] INFO  org.apache.kafka.clients.consumer.internals.ConsumerCoordinator - [Consumer clientId=consumer-tomge-consumer-group-1, groupId=tomge-consumer-group] Successfully joined group with generation Generation{generationId=22, memberId='consumer-tomge-consumer-group-1-661f39d7-f2f8-48a3-b355-9712f62c83ef', protocol='range'}
2025-04-11 17:04:10.386 [org.springframework.kafka.KafkaListenerEndpointContainer#1-0-C-1] INFO  org.apache.kafka.clients.consumer.internals.ConsumerCoordinator - [Consumer clientId=consumer-tomge-consumer-group-2, groupId=tomge-consumer-group] Successfully joined group with generation Generation{generationId=22, memberId='consumer-tomge-consumer-group-2-3731babd-776c-42f6-a8bc-0332323a7f72', protocol='range'}
2025-04-11 17:04:10.389 [org.springframework.kafka.KafkaListenerEndpointContainer#1-0-C-1] INFO  org.apache.kafka.clients.consumer.internals.ConsumerCoordinator - [Consumer clientId=consumer-tomge-consumer-group-2, groupId=tomge-consumer-group] Finished assignment for group at generation 22: {consumer-tomge-consumer-group-1-661f39d7-f2f8-48a3-b355-9712f62c83ef=Assignment(partitions=[testtopic2-0]), consumer-tomge-consumer-group-2-3731babd-776c-42f6-a8bc-0332323a7f72=Assignment(partitions=[testtopic-0])}
2025-04-11 17:04:10.392 [org.springframework.kafka.KafkaListenerEndpointContainer#0-0-C-1] INFO  org.apache.kafka.clients.consumer.internals.ConsumerCoordinator - [Consumer clientId=consumer-tomge-consumer-group-1, groupId=tomge-consumer-group] Successfully synced group in generation Generation{generationId=22, memberId='consumer-tomge-consumer-group-1-661f39d7-f2f8-48a3-b355-9712f62c83ef', protocol='range'}
2025-04-11 17:04:10.392 [org.springframework.kafka.KafkaListenerEndpointContainer#1-0-C-1] INFO  org.apache.kafka.clients.consumer.internals.ConsumerCoordinator - [Consumer clientId=consumer-tomge-consumer-group-2, groupId=tomge-consumer-group] Successfully synced group in generation Generation{generationId=22, memberId='consumer-tomge-consumer-group-2-3731babd-776c-42f6-a8bc-0332323a7f72', protocol='range'}
2025-04-11 17:04:10.392 [org.springframework.kafka.KafkaListenerEndpointContainer#0-0-C-1] INFO  org.apache.kafka.clients.consumer.internals.ConsumerCoordinator - [Consumer clientId=consumer-tomge-consumer-group-1, groupId=tomge-consumer-group] Notifying assignor about the new Assignment(partitions=[testtopic2-0])
2025-04-11 17:04:10.392 [org.springframework.kafka.KafkaListenerEndpointContainer#1-0-C-1] INFO  org.apache.kafka.clients.consumer.internals.ConsumerCoordinator - [Consumer clientId=consumer-tomge-consumer-group-2, groupId=tomge-consumer-group] Notifying assignor about the new Assignment(partitions=[testtopic-0])
2025-04-11 17:04:10.393 [org.springframework.kafka.KafkaListenerEndpointContainer#0-0-C-1] INFO  org.apache.kafka.clients.consumer.internals.ConsumerRebalanceListenerInvoker - [Consumer clientId=consumer-tomge-consumer-group-1, groupId=tomge-consumer-group] Adding newly assigned partitions: testtopic2-0
2025-04-11 17:04:10.393 [org.springframework.kafka.KafkaListenerEndpointContainer#1-0-C-1] INFO  org.apache.kafka.clients.consumer.internals.ConsumerRebalanceListenerInvoker - [Consumer clientId=consumer-tomge-consumer-group-2, groupId=tomge-consumer-group] Adding newly assigned partitions: testtopic-0
2025-04-11 17:04:10.397 [org.springframework.kafka.KafkaListenerEndpointContainer#1-0-C-1] INFO  org.apache.kafka.clients.consumer.internals.ConsumerUtils - Setting offset for partition testtopic-0 to the committed offset FetchPosition{offset=2, offsetEpoch=Optional.empty, currentLeader=LeaderAndEpoch{leader=Optional[localhost:9092 (id: 0 rack: null)], epoch=0}}
2025-04-11 17:04:10.397 [org.springframework.kafka.KafkaListenerEndpointContainer#0-0-C-1] INFO  org.apache.kafka.clients.consumer.internals.ConsumerUtils - Setting offset for partition testtopic2-0 to the committed offset FetchPosition{offset=261, offsetEpoch=Optional.empty, currentLeader=LeaderAndEpoch{leader=Optional[localhost:9092 (id: 0 rack: null)], epoch=0}}
2025-04-11 17:05:00.768 [http-nio-9090-exec-1] INFO  org.apache.catalina.core.ContainerBase.[Tomcat].[localhost].[/] - Initializing Spring DispatcherServlet 'dispatcherServlet'
2025-04-11 17:05:01.051 [http-nio-9090-exec-4] INFO  org.springdoc.api.AbstractOpenApiResource - Init duration for springdoc-openapi is: 139 ms
2025-04-11 17:05:45.019 [http-nio-9090-exec-5] INFO  com.zaxxer.hikari.HikariDataSource - HikariPool-1 - Starting...
2025-04-11 17:05:45.112 [http-nio-9090-exec-5] INFO  com.zaxxer.hikari.pool.HikariPool - HikariPool-1 - Added connection com.mysql.cj.jdbc.ConnectionImpl@5f4ce790
2025-04-11 17:05:45.113 [http-nio-9090-exec-5] INFO  com.zaxxer.hikari.HikariDataSource - HikariPool-1 - Start completed.
2025-04-11 17:05:45.277 [org.springframework.kafka.KafkaListenerEndpointContainer#0-0-C-1] INFO  com.test.testboot.kafkaservice.ConsumerService - CanalModel: null
2025-04-11 17:05:45.515 [org.springframework.kafka.KafkaListenerEndpointContainer#0-0-C-1] INFO  com.test.testboot.kafkaservice.ConsumerService - Redis操作Delect成功 - id: 910
2025-04-11 17:05:45.517 [org.springframework.kafka.KafkaListenerEndpointContainer#0-0-C-1] INFO  com.test.testboot.kafkaservice.ConsumerService - Redis操作Update成功 - id: 910, value: {"address":"安徽合肥","sex":"男","name":"jack","birth":"1991","id":"910","department":"计算机专业"}
2025-04-11 17:06:09.344 [http-nio-9090-exec-7] INFO  com.test.testboot.controller.StudentController - {"messageType":"AVRO","data":{"id":910}}
2025-04-11 17:06:09.356 [http-nio-9090-exec-7] INFO  org.apache.kafka.clients.producer.ProducerConfig - ProducerConfig values: 
	acks = -1
	auto.include.jmx.reporter = true
	batch.size = 16384
	bootstrap.servers = [127.0.0.1:9092]
	buffer.memory = 33554432
	client.dns.lookup = use_all_dns_ips
	client.id = testspringboot-producer-1
	compression.type = none
	connections.max.idle.ms = 540000
	delivery.timeout.ms = 120000
	enable.idempotence = true
	enable.metrics.push = true
	interceptor.classes = []
	key.serializer = class org.apache.kafka.common.serialization.StringSerializer
	linger.ms = 0
	max.block.ms = 60000
	max.in.flight.requests.per.connection = 5
	max.request.size = 1048576
	metadata.max.age.ms = 300000
	metadata.max.idle.ms = 300000
	metric.reporters = []
	metrics.num.samples = 2
	metrics.recording.level = INFO
	metrics.sample.window.ms = 30000
	partitioner.adaptive.partitioning.enable = true
	partitioner.availability.timeout.ms = 0
	partitioner.class = null
	partitioner.ignore.keys = false
	receive.buffer.bytes = 32768
	reconnect.backoff.max.ms = 1000
	reconnect.backoff.ms = 50
	request.timeout.ms = 30000
	retries = 3
	retry.backoff.max.ms = 1000
	retry.backoff.ms = 100
	sasl.client.callback.handler.class = null
	sasl.jaas.config = null
	sasl.kerberos.kinit.cmd = /usr/bin/kinit
	sasl.kerberos.min.time.before.relogin = 60000
	sasl.kerberos.service.name = null
	sasl.kerberos.ticket.renew.jitter = 0.05
	sasl.kerberos.ticket.renew.window.factor = 0.8
	sasl.login.callback.handler.class = null
	sasl.login.class = null
	sasl.login.connect.timeout.ms = null
	sasl.login.read.timeout.ms = null
	sasl.login.refresh.buffer.seconds = 300
	sasl.login.refresh.min.period.seconds = 60
	sasl.login.refresh.window.factor = 0.8
	sasl.login.refresh.window.jitter = 0.05
	sasl.login.retry.backoff.max.ms = 10000
	sasl.login.retry.backoff.ms = 100
	sasl.mechanism = GSSAPI
	sasl.oauthbearer.clock.skew.seconds = 30
	sasl.oauthbearer.expected.audience = null
	sasl.oauthbearer.expected.issuer = null
	sasl.oauthbearer.jwks.endpoint.refresh.ms = 3600000
	sasl.oauthbearer.jwks.endpoint.retry.backoff.max.ms = 10000
	sasl.oauthbearer.jwks.endpoint.retry.backoff.ms = 100
	sasl.oauthbearer.jwks.endpoint.url = null
	sasl.oauthbearer.scope.claim.name = scope
	sasl.oauthbearer.sub.claim.name = sub
	sasl.oauthbearer.token.endpoint.url = null
	security.protocol = PLAINTEXT
	security.providers = null
	send.buffer.bytes = 131072
	socket.connection.setup.timeout.max.ms = 30000
	socket.connection.setup.timeout.ms = 10000
	ssl.cipher.suites = null
	ssl.enabled.protocols = [TLSv1.2, TLSv1.3]
	ssl.endpoint.identification.algorithm = https
	ssl.engine.factory.class = null
	ssl.key.password = null
	ssl.keymanager.algorithm = SunX509
	ssl.keystore.certificate.chain = null
	ssl.keystore.key = null
	ssl.keystore.location = null
	ssl.keystore.password = null
	ssl.keystore.type = JKS
	ssl.protocol = TLSv1.3
	ssl.provider = null
	ssl.secure.random.implementation = null
	ssl.trustmanager.algorithm = PKIX
	ssl.truststore.certificates = null
	ssl.truststore.location = null
	ssl.truststore.password = null
	ssl.truststore.type = JKS
	transaction.timeout.ms = 60000
	transactional.id = null
	value.serializer = class org.apache.kafka.common.serialization.StringSerializer

2025-04-11 17:06:09.358 [http-nio-9090-exec-7] INFO  org.apache.kafka.common.telemetry.internals.KafkaMetricsCollector - initializing Kafka metrics collector
2025-04-11 17:06:09.369 [http-nio-9090-exec-7] INFO  org.apache.kafka.clients.producer.KafkaProducer - [Producer clientId=testspringboot-producer-1] Instantiated an idempotent producer.
2025-04-11 17:06:09.377 [http-nio-9090-exec-7] INFO  org.apache.kafka.common.utils.AppInfoParser - Kafka version: 3.7.2
2025-04-11 17:06:09.377 [http-nio-9090-exec-7] INFO  org.apache.kafka.common.utils.AppInfoParser - Kafka commitId: 79a8f2b5f44f9d5a
2025-04-11 17:06:09.377 [http-nio-9090-exec-7] INFO  org.apache.kafka.common.utils.AppInfoParser - Kafka startTimeMs: 1744362369377
2025-04-11 17:06:09.381 [kafka-producer-network-thread | testspringboot-producer-1] INFO  org.apache.kafka.clients.Metadata - [Producer clientId=testspringboot-producer-1] Cluster ID: y-6F190GRaWny8wgtvr9EA
2025-04-11 17:06:09.382 [kafka-producer-network-thread | testspringboot-producer-1] INFO  org.apache.kafka.clients.producer.internals.TransactionManager - [Producer clientId=testspringboot-producer-1] ProducerId set to 1 with epoch 0
2025-04-11 17:06:09.397 [http-nio-9090-exec-7] INFO  com.test.testboot.kafkaservice.ProducerService - {"messageType":"AVRO","data":{"id":910}}
2025-04-11 17:06:09.399 [org.springframework.kafka.KafkaListenerEndpointContainer#1-0-C-1] INFO  com.test.testboot.kafkaservice.ConsumerService - {"id":910}
2025-04-11 17:06:09.399 [org.springframework.kafka.KafkaListenerEndpointContainer#1-0-C-1] INFO  com.test.testboot.kafkaservice.ConsumerService - {"id":910}
2025-04-11 17:06:51.430 [http-nio-9090-exec-8] INFO  com.test.testboot.service.impl.StudentServiceImpl - 判断缓存是否存在true
2025-04-11 17:06:51.440 [http-nio-9090-exec-8] ERROR org.apache.catalina.core.ContainerBase.[Tomcat].[localhost].[/].[dispatcherServlet] - Servlet.service() for servlet [dispatcherServlet] in context with path [] threw exception [Request processing failed: java.lang.NullPointerException: Cannot invoke "java.util.List.toString()" because "list" is null] with root cause
java.lang.NullPointerException: Cannot invoke "java.util.List.toString()" because "list" is null
	at com.test.testboot.controller.StudentController.findById(StudentController.java:149)
	at java.base/jdk.internal.reflect.DirectMethodHandleAccessor.invoke(DirectMethodHandleAccessor.java:103)
	at java.base/java.lang.reflect.Method.invoke(Method.java:580)
	at org.springframework.web.method.support.InvocableHandlerMethod.doInvoke(InvocableHandlerMethod.java:255)
	at org.springframework.web.method.support.InvocableHandlerMethod.invokeForRequest(InvocableHandlerMethod.java:188)
	at org.springframework.web.servlet.mvc.method.annotation.ServletInvocableHandlerMethod.invokeAndHandle(ServletInvocableHandlerMethod.java:118)
	at org.springframework.web.servlet.mvc.method.annotation.RequestMappingHandlerAdapter.invokeHandlerMethod(RequestMappingHandlerAdapter.java:926)
	at org.springframework.web.servlet.mvc.method.annotation.RequestMappingHandlerAdapter.handleInternal(RequestMappingHandlerAdapter.java:831)
	at org.springframework.web.servlet.mvc.method.AbstractHandlerMethodAdapter.handle(AbstractHandlerMethodAdapter.java:87)
	at org.springframework.web.servlet.DispatcherServlet.doDispatch(DispatcherServlet.java:1089)
	at org.springframework.web.servlet.DispatcherServlet.doService(DispatcherServlet.java:979)
	at org.springframework.web.servlet.FrameworkServlet.processRequest(FrameworkServlet.java:1014)
	at org.springframework.web.servlet.FrameworkServlet.doGet(FrameworkServlet.java:903)
	at jakarta.servlet.http.HttpServlet.service(HttpServlet.java:564)
	at org.springframework.web.servlet.FrameworkServlet.service(FrameworkServlet.java:885)
	at jakarta.servlet.http.HttpServlet.service(HttpServlet.java:658)
	at org.apache.catalina.core.ApplicationFilterChain.internalDoFilter(ApplicationFilterChain.java:195)
	at org.apache.catalina.core.ApplicationFilterChain.doFilter(ApplicationFilterChain.java:140)
	at org.apache.tomcat.websocket.server.WsFilter.doFilter(WsFilter.java:51)
	at org.apache.catalina.core.ApplicationFilterChain.internalDoFilter(ApplicationFilterChain.java:164)
	at org.apache.catalina.core.ApplicationFilterChain.doFilter(ApplicationFilterChain.java:140)
	at org.springframework.web.filter.RequestContextFilter.doFilterInternal(RequestContextFilter.java:100)
	at org.springframework.web.filter.OncePerRequestFilter.doFilter(OncePerRequestFilter.java:116)
	at org.apache.catalina.core.ApplicationFilterChain.internalDoFilter(ApplicationFilterChain.java:164)
	at org.apache.catalina.core.ApplicationFilterChain.doFilter(ApplicationFilterChain.java:140)
	at org.springframework.web.filter.FormContentFilter.doFilterInternal(FormContentFilter.java:93)
	at org.springframework.web.filter.OncePerRequestFilter.doFilter(OncePerRequestFilter.java:116)
	at org.apache.catalina.core.ApplicationFilterChain.internalDoFilter(ApplicationFilterChain.java:164)
	at org.apache.catalina.core.ApplicationFilterChain.doFilter(ApplicationFilterChain.java:140)
	at org.springframework.web.filter.CharacterEncodingFilter.doFilterInternal(CharacterEncodingFilter.java:201)
	at org.springframework.web.filter.OncePerRequestFilter.doFilter(OncePerRequestFilter.java:116)
	at org.apache.catalina.core.ApplicationFilterChain.internalDoFilter(ApplicationFilterChain.java:164)
	at org.apache.catalina.core.ApplicationFilterChain.doFilter(ApplicationFilterChain.java:140)
	at org.apache.catalina.core.StandardWrapperValve.invoke(StandardWrapperValve.java:167)
	at org.apache.catalina.core.StandardContextValve.invoke(StandardContextValve.java:90)
	at org.apache.catalina.authenticator.AuthenticatorBase.invoke(AuthenticatorBase.java:483)
	at org.apache.catalina.core.StandardHostValve.invoke(StandardHostValve.java:115)
	at org.apache.catalina.valves.ErrorReportValve.invoke(ErrorReportValve.java:93)
	at org.apache.catalina.core.StandardEngineValve.invoke(StandardEngineValve.java:74)
	at org.apache.catalina.connector.CoyoteAdapter.service(CoyoteAdapter.java:344)
	at org.apache.coyote.http11.Http11Processor.service(Http11Processor.java:397)
	at org.apache.coyote.AbstractProcessorLight.process(AbstractProcessorLight.java:63)
	at org.apache.coyote.AbstractProtocol$ConnectionHandler.process(AbstractProtocol.java:905)
	at org.apache.tomcat.util.net.NioEndpoint$SocketProcessor.doRun(NioEndpoint.java:1743)
	at org.apache.tomcat.util.net.SocketProcessorBase.run(SocketProcessorBase.java:52)
	at org.apache.tomcat.util.threads.ThreadPoolExecutor.runWorker(ThreadPoolExecutor.java:1190)
	at org.apache.tomcat.util.threads.ThreadPoolExecutor$Worker.run(ThreadPoolExecutor.java:659)
	at org.apache.tomcat.util.threads.TaskThread$WrappingRunnable.run(TaskThread.java:63)
	at java.base/java.lang.Thread.run(Thread.java:1575)
2025-04-11 17:10:10.390 [org.springframework.kafka.KafkaListenerEndpointContainer#1-0-C-1] INFO  org.apache.kafka.clients.consumer.internals.ConsumerRebalanceListenerInvoker - [Consumer clientId=consumer-tomge-consumer-group-2, groupId=tomge-consumer-group] Revoke previously assigned partitions testtopic-0
2025-04-11 17:10:10.390 [org.springframework.kafka.KafkaListenerEndpointContainer#0-0-C-1] INFO  org.apache.kafka.clients.consumer.internals.ConsumerRebalanceListenerInvoker - [Consumer clientId=consumer-tomge-consumer-group-1, groupId=tomge-consumer-group] Revoke previously assigned partitions testtopic2-0
2025-04-11 17:10:10.391 [org.springframework.kafka.KafkaListenerEndpointContainer#1-0-C-1] INFO  org.apache.kafka.clients.consumer.internals.ConsumerCoordinator - [Consumer clientId=consumer-tomge-consumer-group-2, groupId=tomge-consumer-group] Member consumer-tomge-consumer-group-2-3731babd-776c-42f6-a8bc-0332323a7f72 sending LeaveGroup request to coordinator localhost:9092 (id: 2147483647 rack: null) due to the consumer unsubscribed from all topics
2025-04-11 17:10:10.391 [org.springframework.kafka.KafkaListenerEndpointContainer#0-0-C-1] INFO  org.apache.kafka.clients.consumer.internals.ConsumerCoordinator - [Consumer clientId=consumer-tomge-consumer-group-1, groupId=tomge-consumer-group] Member consumer-tomge-consumer-group-1-661f39d7-f2f8-48a3-b355-9712f62c83ef sending LeaveGroup request to coordinator localhost:9092 (id: 2147483647 rack: null) due to the consumer unsubscribed from all topics
2025-04-11 17:10:10.391 [org.springframework.kafka.KafkaListenerEndpointContainer#1-0-C-1] INFO  org.apache.kafka.clients.consumer.internals.ConsumerCoordinator - [Consumer clientId=consumer-tomge-consumer-group-2, groupId=tomge-consumer-group] Resetting generation and member id due to: consumer pro-actively leaving the group
2025-04-11 17:10:10.391 [org.springframework.kafka.KafkaListenerEndpointContainer#0-0-C-1] INFO  org.apache.kafka.clients.consumer.internals.ConsumerCoordinator - [Consumer clientId=consumer-tomge-consumer-group-1, groupId=tomge-consumer-group] Resetting generation and member id due to: consumer pro-actively leaving the group
2025-04-11 17:10:10.391 [org.springframework.kafka.KafkaListenerEndpointContainer#1-0-C-1] INFO  org.apache.kafka.clients.consumer.internals.ConsumerCoordinator - [Consumer clientId=consumer-tomge-consumer-group-2, groupId=tomge-consumer-group] Request joining group due to: consumer pro-actively leaving the group
2025-04-11 17:10:10.391 [org.springframework.kafka.KafkaListenerEndpointContainer#0-0-C-1] INFO  org.apache.kafka.clients.consumer.internals.ConsumerCoordinator - [Consumer clientId=consumer-tomge-consumer-group-1, groupId=tomge-consumer-group] Request joining group due to: consumer pro-actively leaving the group
2025-04-11 17:10:10.391 [org.springframework.kafka.KafkaListenerEndpointContainer#1-0-C-1] INFO  org.apache.kafka.clients.consumer.internals.LegacyKafkaConsumer - [Consumer clientId=consumer-tomge-consumer-group-2, groupId=tomge-consumer-group] Unsubscribed all topics or patterns and assigned partitions
2025-04-11 17:10:10.391 [org.springframework.kafka.KafkaListenerEndpointContainer#0-0-C-1] INFO  org.apache.kafka.clients.consumer.internals.LegacyKafkaConsumer - [Consumer clientId=consumer-tomge-consumer-group-1, groupId=tomge-consumer-group] Unsubscribed all topics or patterns and assigned partitions
2025-04-11 17:10:10.392 [org.springframework.kafka.KafkaListenerEndpointContainer#1-0-C-1] INFO  org.apache.kafka.clients.consumer.internals.ConsumerCoordinator - [Consumer clientId=consumer-tomge-consumer-group-2, groupId=tomge-consumer-group] Resetting generation and member id due to: consumer pro-actively leaving the group
2025-04-11 17:10:10.392 [org.springframework.kafka.KafkaListenerEndpointContainer#0-0-C-1] INFO  org.apache.kafka.clients.consumer.internals.ConsumerCoordinator - [Consumer clientId=consumer-tomge-consumer-group-1, groupId=tomge-consumer-group] Resetting generation and member id due to: consumer pro-actively leaving the group
2025-04-11 17:10:10.392 [org.springframework.kafka.KafkaListenerEndpointContainer#1-0-C-1] INFO  org.apache.kafka.clients.consumer.internals.ConsumerCoordinator - [Consumer clientId=consumer-tomge-consumer-group-2, groupId=tomge-consumer-group] Request joining group due to: consumer pro-actively leaving the group
2025-04-11 17:10:10.392 [org.springframework.kafka.KafkaListenerEndpointContainer#0-0-C-1] INFO  org.apache.kafka.clients.consumer.internals.ConsumerCoordinator - [Consumer clientId=consumer-tomge-consumer-group-1, groupId=tomge-consumer-group] Request joining group due to: consumer pro-actively leaving the group
2025-04-11 17:10:10.813 [org.springframework.kafka.KafkaListenerEndpointContainer#1-0-C-1] INFO  org.apache.kafka.common.metrics.Metrics - Metrics scheduler closed
2025-04-11 17:10:10.813 [org.springframework.kafka.KafkaListenerEndpointContainer#0-0-C-1] INFO  org.apache.kafka.common.metrics.Metrics - Metrics scheduler closed
2025-04-11 17:10:10.813 [org.springframework.kafka.KafkaListenerEndpointContainer#1-0-C-1] INFO  org.apache.kafka.common.metrics.Metrics - Closing reporter org.apache.kafka.common.metrics.JmxReporter
2025-04-11 17:10:10.813 [org.springframework.kafka.KafkaListenerEndpointContainer#0-0-C-1] INFO  org.apache.kafka.common.metrics.Metrics - Closing reporter org.apache.kafka.common.metrics.JmxReporter
2025-04-11 17:10:10.813 [org.springframework.kafka.KafkaListenerEndpointContainer#1-0-C-1] INFO  org.apache.kafka.common.metrics.Metrics - Closing reporter org.apache.kafka.common.telemetry.internals.ClientTelemetryReporter
2025-04-11 17:10:10.813 [org.springframework.kafka.KafkaListenerEndpointContainer#0-0-C-1] INFO  org.apache.kafka.common.metrics.Metrics - Closing reporter org.apache.kafka.common.telemetry.internals.ClientTelemetryReporter
2025-04-11 17:10:10.813 [org.springframework.kafka.KafkaListenerEndpointContainer#1-0-C-1] INFO  org.apache.kafka.common.metrics.Metrics - Metrics reporters closed
2025-04-11 17:10:10.813 [org.springframework.kafka.KafkaListenerEndpointContainer#0-0-C-1] INFO  org.apache.kafka.common.metrics.Metrics - Metrics reporters closed
2025-04-11 17:10:10.816 [org.springframework.kafka.KafkaListenerEndpointContainer#0-0-C-1] INFO  org.apache.kafka.common.utils.AppInfoParser - App info kafka.consumer for consumer-tomge-consumer-group-1 unregistered
2025-04-11 17:10:10.816 [org.springframework.kafka.KafkaListenerEndpointContainer#1-0-C-1] INFO  org.apache.kafka.common.utils.AppInfoParser - App info kafka.consumer for consumer-tomge-consumer-group-2 unregistered
2025-04-11 17:10:14.535 [SpringApplicationShutdownHook] INFO  org.apache.kafka.clients.producer.KafkaProducer - [Producer clientId=testspringboot-producer-1] Closing the Kafka producer with timeoutMillis = 30000 ms.
2025-04-11 17:10:14.538 [SpringApplicationShutdownHook] INFO  org.apache.kafka.common.metrics.Metrics - Metrics scheduler closed
2025-04-11 17:10:14.538 [SpringApplicationShutdownHook] INFO  org.apache.kafka.common.metrics.Metrics - Closing reporter org.apache.kafka.common.metrics.JmxReporter
2025-04-11 17:10:14.538 [SpringApplicationShutdownHook] INFO  org.apache.kafka.common.metrics.Metrics - Closing reporter org.apache.kafka.common.telemetry.internals.ClientTelemetryReporter
2025-04-11 17:10:14.538 [SpringApplicationShutdownHook] INFO  org.apache.kafka.common.metrics.Metrics - Metrics reporters closed
2025-04-11 17:10:14.539 [SpringApplicationShutdownHook] INFO  org.apache.kafka.common.utils.AppInfoParser - App info kafka.producer for testspringboot-producer-1 unregistered
2025-04-11 17:10:14.548 [SpringApplicationShutdownHook] INFO  com.zaxxer.hikari.HikariDataSource - HikariPool-1 - Shutdown initiated...
2025-04-11 17:10:14.553 [SpringApplicationShutdownHook] INFO  com.zaxxer.hikari.HikariDataSource - HikariPool-1 - Shutdown completed.
2025-04-11 17:10:18.764 [background-preinit] INFO  org.hibernate.validator.internal.util.Version - HV000001: Hibernate Validator 8.0.2.Final
2025-04-11 17:10:18.776 [main] INFO  com.test.testboot.TestbootApplication - Starting TestbootApplication using Java 23.0.2 with PID 63575 (/Users/zhaoxin/Documents/GitHub/testboot/target/classes started by zhaoxin in /Users/zhaoxin/Documents/GitHub/testboot)
2025-04-11 17:10:18.776 [main] INFO  com.test.testboot.TestbootApplication - No active profile set, falling back to 1 default profile: "default"
2025-04-11 17:10:19.498 [main] INFO  org.apache.coyote.http11.Http11NioProtocol - Initializing ProtocolHandler ["http-nio-9090"]
2025-04-11 17:10:19.498 [main] INFO  org.apache.catalina.core.StandardService - Starting service [Tomcat]
2025-04-11 17:10:19.498 [main] INFO  org.apache.catalina.core.StandardEngine - Starting Servlet engine: [Apache Tomcat/10.1.36]
2025-04-11 17:10:19.520 [main] INFO  org.apache.catalina.core.ContainerBase.[Tomcat].[localhost].[/] - Initializing Spring embedded WebApplicationContext
2025-04-11 17:10:23.390 [main] INFO  org.apache.coyote.http11.Http11NioProtocol - Starting ProtocolHandler ["http-nio-9090"]
2025-04-11 17:10:23.409 [main] INFO  org.apache.kafka.clients.consumer.ConsumerConfig - ConsumerConfig values: 
	allow.auto.create.topics = true
	auto.commit.interval.ms = 5000
	auto.include.jmx.reporter = true
	auto.offset.reset = latest
	bootstrap.servers = [127.0.0.1:9092]
	check.crcs = true
	client.dns.lookup = use_all_dns_ips
	client.id = consumer-tomge-consumer-group-1
	client.rack = 
	connections.max.idle.ms = 540000
	default.api.timeout.ms = 60000
	enable.auto.commit = false
	enable.metrics.push = true
	exclude.internal.topics = true
	fetch.max.bytes = 52428800
	fetch.max.wait.ms = 500
	fetch.min.bytes = 1
	group.id = tomge-consumer-group
	group.instance.id = null
	group.protocol = classic
	group.remote.assignor = null
	heartbeat.interval.ms = 3000
	interceptor.classes = []
	internal.leave.group.on.close = true
	internal.throw.on.fetch.stable.offset.unsupported = false
	isolation.level = read_uncommitted
	key.deserializer = class org.apache.kafka.common.serialization.StringDeserializer
	max.partition.fetch.bytes = 1048576
	max.poll.interval.ms = 300000
	max.poll.records = 500
	metadata.max.age.ms = 300000
	metric.reporters = []
	metrics.num.samples = 2
	metrics.recording.level = INFO
	metrics.sample.window.ms = 30000
	partition.assignment.strategy = [class org.apache.kafka.clients.consumer.RangeAssignor, class org.apache.kafka.clients.consumer.CooperativeStickyAssignor]
	receive.buffer.bytes = 65536
	reconnect.backoff.max.ms = 1000
	reconnect.backoff.ms = 50
	request.timeout.ms = 30000
	retry.backoff.max.ms = 1000
	retry.backoff.ms = 100
	sasl.client.callback.handler.class = null
	sasl.jaas.config = null
	sasl.kerberos.kinit.cmd = /usr/bin/kinit
	sasl.kerberos.min.time.before.relogin = 60000
	sasl.kerberos.service.name = null
	sasl.kerberos.ticket.renew.jitter = 0.05
	sasl.kerberos.ticket.renew.window.factor = 0.8
	sasl.login.callback.handler.class = null
	sasl.login.class = null
	sasl.login.connect.timeout.ms = null
	sasl.login.read.timeout.ms = null
	sasl.login.refresh.buffer.seconds = 300
	sasl.login.refresh.min.period.seconds = 60
	sasl.login.refresh.window.factor = 0.8
	sasl.login.refresh.window.jitter = 0.05
	sasl.login.retry.backoff.max.ms = 10000
	sasl.login.retry.backoff.ms = 100
	sasl.mechanism = GSSAPI
	sasl.oauthbearer.clock.skew.seconds = 30
	sasl.oauthbearer.expected.audience = null
	sasl.oauthbearer.expected.issuer = null
	sasl.oauthbearer.jwks.endpoint.refresh.ms = 3600000
	sasl.oauthbearer.jwks.endpoint.retry.backoff.max.ms = 10000
	sasl.oauthbearer.jwks.endpoint.retry.backoff.ms = 100
	sasl.oauthbearer.jwks.endpoint.url = null
	sasl.oauthbearer.scope.claim.name = scope
	sasl.oauthbearer.sub.claim.name = sub
	sasl.oauthbearer.token.endpoint.url = null
	security.protocol = PLAINTEXT
	security.providers = null
	send.buffer.bytes = 131072
	session.timeout.ms = 45000
	socket.connection.setup.timeout.max.ms = 30000
	socket.connection.setup.timeout.ms = 10000
	ssl.cipher.suites = null
	ssl.enabled.protocols = [TLSv1.2, TLSv1.3]
	ssl.endpoint.identification.algorithm = https
	ssl.engine.factory.class = null
	ssl.key.password = null
	ssl.keymanager.algorithm = SunX509
	ssl.keystore.certificate.chain = null
	ssl.keystore.key = null
	ssl.keystore.location = null
	ssl.keystore.password = null
	ssl.keystore.type = JKS
	ssl.protocol = TLSv1.3
	ssl.provider = null
	ssl.secure.random.implementation = null
	ssl.trustmanager.algorithm = PKIX
	ssl.truststore.certificates = null
	ssl.truststore.location = null
	ssl.truststore.password = null
	ssl.truststore.type = JKS
	value.deserializer = class org.apache.kafka.common.serialization.StringDeserializer

2025-04-11 17:10:23.430 [main] INFO  org.apache.kafka.common.telemetry.internals.KafkaMetricsCollector - initializing Kafka metrics collector
2025-04-11 17:10:23.458 [main] INFO  org.apache.kafka.common.utils.AppInfoParser - Kafka version: 3.7.2
2025-04-11 17:10:23.458 [main] INFO  org.apache.kafka.common.utils.AppInfoParser - Kafka commitId: 79a8f2b5f44f9d5a
2025-04-11 17:10:23.458 [main] INFO  org.apache.kafka.common.utils.AppInfoParser - Kafka startTimeMs: 1744362623458
2025-04-11 17:10:23.459 [main] INFO  org.apache.kafka.clients.consumer.internals.LegacyKafkaConsumer - [Consumer clientId=consumer-tomge-consumer-group-1, groupId=tomge-consumer-group] Subscribed to topic(s): testtopic
2025-04-11 17:10:23.462 [main] INFO  org.apache.kafka.clients.consumer.ConsumerConfig - ConsumerConfig values: 
	allow.auto.create.topics = true
	auto.commit.interval.ms = 5000
	auto.include.jmx.reporter = true
	auto.offset.reset = latest
	bootstrap.servers = [127.0.0.1:9092]
	check.crcs = true
	client.dns.lookup = use_all_dns_ips
	client.id = consumer-tomge-consumer-group-2
	client.rack = 
	connections.max.idle.ms = 540000
	default.api.timeout.ms = 60000
	enable.auto.commit = false
	enable.metrics.push = true
	exclude.internal.topics = true
	fetch.max.bytes = 52428800
	fetch.max.wait.ms = 500
	fetch.min.bytes = 1
	group.id = tomge-consumer-group
	group.instance.id = null
	group.protocol = classic
	group.remote.assignor = null
	heartbeat.interval.ms = 3000
	interceptor.classes = []
	internal.leave.group.on.close = true
	internal.throw.on.fetch.stable.offset.unsupported = false
	isolation.level = read_uncommitted
	key.deserializer = class org.apache.kafka.common.serialization.StringDeserializer
	max.partition.fetch.bytes = 1048576
	max.poll.interval.ms = 300000
	max.poll.records = 500
	metadata.max.age.ms = 300000
	metric.reporters = []
	metrics.num.samples = 2
	metrics.recording.level = INFO
	metrics.sample.window.ms = 30000
	partition.assignment.strategy = [class org.apache.kafka.clients.consumer.RangeAssignor, class org.apache.kafka.clients.consumer.CooperativeStickyAssignor]
	receive.buffer.bytes = 65536
	reconnect.backoff.max.ms = 1000
	reconnect.backoff.ms = 50
	request.timeout.ms = 30000
	retry.backoff.max.ms = 1000
	retry.backoff.ms = 100
	sasl.client.callback.handler.class = null
	sasl.jaas.config = null
	sasl.kerberos.kinit.cmd = /usr/bin/kinit
	sasl.kerberos.min.time.before.relogin = 60000
	sasl.kerberos.service.name = null
	sasl.kerberos.ticket.renew.jitter = 0.05
	sasl.kerberos.ticket.renew.window.factor = 0.8
	sasl.login.callback.handler.class = null
	sasl.login.class = null
	sasl.login.connect.timeout.ms = null
	sasl.login.read.timeout.ms = null
	sasl.login.refresh.buffer.seconds = 300
	sasl.login.refresh.min.period.seconds = 60
	sasl.login.refresh.window.factor = 0.8
	sasl.login.refresh.window.jitter = 0.05
	sasl.login.retry.backoff.max.ms = 10000
	sasl.login.retry.backoff.ms = 100
	sasl.mechanism = GSSAPI
	sasl.oauthbearer.clock.skew.seconds = 30
	sasl.oauthbearer.expected.audience = null
	sasl.oauthbearer.expected.issuer = null
	sasl.oauthbearer.jwks.endpoint.refresh.ms = 3600000
	sasl.oauthbearer.jwks.endpoint.retry.backoff.max.ms = 10000
	sasl.oauthbearer.jwks.endpoint.retry.backoff.ms = 100
	sasl.oauthbearer.jwks.endpoint.url = null
	sasl.oauthbearer.scope.claim.name = scope
	sasl.oauthbearer.sub.claim.name = sub
	sasl.oauthbearer.token.endpoint.url = null
	security.protocol = PLAINTEXT
	security.providers = null
	send.buffer.bytes = 131072
	session.timeout.ms = 45000
	socket.connection.setup.timeout.max.ms = 30000
	socket.connection.setup.timeout.ms = 10000
	ssl.cipher.suites = null
	ssl.enabled.protocols = [TLSv1.2, TLSv1.3]
	ssl.endpoint.identification.algorithm = https
	ssl.engine.factory.class = null
	ssl.key.password = null
	ssl.keymanager.algorithm = SunX509
	ssl.keystore.certificate.chain = null
	ssl.keystore.key = null
	ssl.keystore.location = null
	ssl.keystore.password = null
	ssl.keystore.type = JKS
	ssl.protocol = TLSv1.3
	ssl.provider = null
	ssl.secure.random.implementation = null
	ssl.trustmanager.algorithm = PKIX
	ssl.truststore.certificates = null
	ssl.truststore.location = null
	ssl.truststore.password = null
	ssl.truststore.type = JKS
	value.deserializer = class org.apache.kafka.common.serialization.StringDeserializer

2025-04-11 17:10:23.462 [main] INFO  org.apache.kafka.common.telemetry.internals.KafkaMetricsCollector - initializing Kafka metrics collector
2025-04-11 17:10:23.465 [main] INFO  org.apache.kafka.common.utils.AppInfoParser - Kafka version: 3.7.2
2025-04-11 17:10:23.465 [main] INFO  org.apache.kafka.common.utils.AppInfoParser - Kafka commitId: 79a8f2b5f44f9d5a
2025-04-11 17:10:23.465 [main] INFO  org.apache.kafka.common.utils.AppInfoParser - Kafka startTimeMs: 1744362623465
2025-04-11 17:10:23.465 [main] INFO  org.apache.kafka.clients.consumer.internals.LegacyKafkaConsumer - [Consumer clientId=consumer-tomge-consumer-group-2, groupId=tomge-consumer-group] Subscribed to topic(s): testtopic2
2025-04-11 17:10:23.472 [main] INFO  com.test.testboot.TestbootApplication - Started TestbootApplication in 4.886 seconds (process running for 5.221)
2025-04-11 17:10:23.569 [org.springframework.kafka.KafkaListenerEndpointContainer#0-0-C-1] INFO  org.apache.kafka.clients.Metadata - [Consumer clientId=consumer-tomge-consumer-group-1, groupId=tomge-consumer-group] Cluster ID: y-6F190GRaWny8wgtvr9EA
2025-04-11 17:10:23.569 [org.springframework.kafka.KafkaListenerEndpointContainer#1-0-C-1] INFO  org.apache.kafka.clients.Metadata - [Consumer clientId=consumer-tomge-consumer-group-2, groupId=tomge-consumer-group] Cluster ID: y-6F190GRaWny8wgtvr9EA
2025-04-11 17:10:23.569 [org.springframework.kafka.KafkaListenerEndpointContainer#1-0-C-1] INFO  org.apache.kafka.clients.consumer.internals.ConsumerCoordinator - [Consumer clientId=consumer-tomge-consumer-group-2, groupId=tomge-consumer-group] Discovered group coordinator localhost:9092 (id: 2147483647 rack: null)
2025-04-11 17:10:23.569 [org.springframework.kafka.KafkaListenerEndpointContainer#0-0-C-1] INFO  org.apache.kafka.clients.consumer.internals.ConsumerCoordinator - [Consumer clientId=consumer-tomge-consumer-group-1, groupId=tomge-consumer-group] Discovered group coordinator localhost:9092 (id: 2147483647 rack: null)
2025-04-11 17:10:23.570 [org.springframework.kafka.KafkaListenerEndpointContainer#1-0-C-1] INFO  org.apache.kafka.clients.consumer.internals.ConsumerCoordinator - [Consumer clientId=consumer-tomge-consumer-group-2, groupId=tomge-consumer-group] (Re-)joining group
2025-04-11 17:10:23.570 [org.springframework.kafka.KafkaListenerEndpointContainer#0-0-C-1] INFO  org.apache.kafka.clients.consumer.internals.ConsumerCoordinator - [Consumer clientId=consumer-tomge-consumer-group-1, groupId=tomge-consumer-group] (Re-)joining group
2025-04-11 17:10:23.576 [org.springframework.kafka.KafkaListenerEndpointContainer#0-0-C-1] INFO  org.apache.kafka.clients.consumer.internals.ConsumerCoordinator - [Consumer clientId=consumer-tomge-consumer-group-1, groupId=tomge-consumer-group] Request joining group due to: need to re-join with the given member-id: consumer-tomge-consumer-group-1-b7b9ece6-be21-4496-ad63-b8a95dcee7f7
2025-04-11 17:10:23.576 [org.springframework.kafka.KafkaListenerEndpointContainer#1-0-C-1] INFO  org.apache.kafka.clients.consumer.internals.ConsumerCoordinator - [Consumer clientId=consumer-tomge-consumer-group-2, groupId=tomge-consumer-group] Request joining group due to: need to re-join with the given member-id: consumer-tomge-consumer-group-2-062074ce-4646-4211-b88f-9750a53251f6
2025-04-11 17:10:23.576 [org.springframework.kafka.KafkaListenerEndpointContainer#0-0-C-1] INFO  org.apache.kafka.clients.consumer.internals.ConsumerCoordinator - [Consumer clientId=consumer-tomge-consumer-group-1, groupId=tomge-consumer-group] (Re-)joining group
2025-04-11 17:10:23.576 [org.springframework.kafka.KafkaListenerEndpointContainer#1-0-C-1] INFO  org.apache.kafka.clients.consumer.internals.ConsumerCoordinator - [Consumer clientId=consumer-tomge-consumer-group-2, groupId=tomge-consumer-group] (Re-)joining group
2025-04-11 17:10:23.577 [org.springframework.kafka.KafkaListenerEndpointContainer#0-0-C-1] INFO  org.apache.kafka.clients.consumer.internals.ConsumerCoordinator - [Consumer clientId=consumer-tomge-consumer-group-1, groupId=tomge-consumer-group] Successfully joined group with generation Generation{generationId=24, memberId='consumer-tomge-consumer-group-1-b7b9ece6-be21-4496-ad63-b8a95dcee7f7', protocol='range'}
2025-04-11 17:10:23.577 [org.springframework.kafka.KafkaListenerEndpointContainer#1-0-C-1] INFO  org.apache.kafka.clients.consumer.internals.ConsumerCoordinator - [Consumer clientId=consumer-tomge-consumer-group-2, groupId=tomge-consumer-group] Successfully joined group with generation Generation{generationId=24, memberId='consumer-tomge-consumer-group-2-062074ce-4646-4211-b88f-9750a53251f6', protocol='range'}
2025-04-11 17:10:23.580 [org.springframework.kafka.KafkaListenerEndpointContainer#0-0-C-1] INFO  org.apache.kafka.clients.consumer.internals.ConsumerCoordinator - [Consumer clientId=consumer-tomge-consumer-group-1, groupId=tomge-consumer-group] Finished assignment for group at generation 24: {consumer-tomge-consumer-group-1-b7b9ece6-be21-4496-ad63-b8a95dcee7f7=Assignment(partitions=[testtopic-0]), consumer-tomge-consumer-group-2-062074ce-4646-4211-b88f-9750a53251f6=Assignment(partitions=[testtopic2-0])}
2025-04-11 17:10:23.583 [org.springframework.kafka.KafkaListenerEndpointContainer#1-0-C-1] INFO  org.apache.kafka.clients.consumer.internals.ConsumerCoordinator - [Consumer clientId=consumer-tomge-consumer-group-2, groupId=tomge-consumer-group] Successfully synced group in generation Generation{generationId=24, memberId='consumer-tomge-consumer-group-2-062074ce-4646-4211-b88f-9750a53251f6', protocol='range'}
2025-04-11 17:10:23.583 [org.springframework.kafka.KafkaListenerEndpointContainer#0-0-C-1] INFO  org.apache.kafka.clients.consumer.internals.ConsumerCoordinator - [Consumer clientId=consumer-tomge-consumer-group-1, groupId=tomge-consumer-group] Successfully synced group in generation Generation{generationId=24, memberId='consumer-tomge-consumer-group-1-b7b9ece6-be21-4496-ad63-b8a95dcee7f7', protocol='range'}
2025-04-11 17:10:23.583 [org.springframework.kafka.KafkaListenerEndpointContainer#0-0-C-1] INFO  org.apache.kafka.clients.consumer.internals.ConsumerCoordinator - [Consumer clientId=consumer-tomge-consumer-group-1, groupId=tomge-consumer-group] Notifying assignor about the new Assignment(partitions=[testtopic-0])
2025-04-11 17:10:23.583 [org.springframework.kafka.KafkaListenerEndpointContainer#1-0-C-1] INFO  org.apache.kafka.clients.consumer.internals.ConsumerCoordinator - [Consumer clientId=consumer-tomge-consumer-group-2, groupId=tomge-consumer-group] Notifying assignor about the new Assignment(partitions=[testtopic2-0])
2025-04-11 17:10:23.584 [org.springframework.kafka.KafkaListenerEndpointContainer#1-0-C-1] INFO  org.apache.kafka.clients.consumer.internals.ConsumerRebalanceListenerInvoker - [Consumer clientId=consumer-tomge-consumer-group-2, groupId=tomge-consumer-group] Adding newly assigned partitions: testtopic2-0
2025-04-11 17:10:23.584 [org.springframework.kafka.KafkaListenerEndpointContainer#0-0-C-1] INFO  org.apache.kafka.clients.consumer.internals.ConsumerRebalanceListenerInvoker - [Consumer clientId=consumer-tomge-consumer-group-1, groupId=tomge-consumer-group] Adding newly assigned partitions: testtopic-0
2025-04-11 17:10:23.587 [org.springframework.kafka.KafkaListenerEndpointContainer#1-0-C-1] INFO  org.apache.kafka.clients.consumer.internals.ConsumerUtils - Setting offset for partition testtopic2-0 to the committed offset FetchPosition{offset=262, offsetEpoch=Optional.empty, currentLeader=LeaderAndEpoch{leader=Optional[localhost:9092 (id: 0 rack: null)], epoch=0}}
2025-04-11 17:10:23.587 [org.springframework.kafka.KafkaListenerEndpointContainer#0-0-C-1] INFO  org.apache.kafka.clients.consumer.internals.ConsumerUtils - Setting offset for partition testtopic-0 to the committed offset FetchPosition{offset=3, offsetEpoch=Optional.empty, currentLeader=LeaderAndEpoch{leader=Optional[localhost:9092 (id: 0 rack: null)], epoch=0}}
2025-04-11 17:10:23.671 [http-nio-9090-exec-1] INFO  org.apache.catalina.core.ContainerBase.[Tomcat].[localhost].[/] - Initializing Spring DispatcherServlet 'dispatcherServlet'
2025-04-11 17:10:23.954 [http-nio-9090-exec-4] INFO  org.springdoc.api.AbstractOpenApiResource - Init duration for springdoc-openapi is: 143 ms
2025-04-11 17:10:30.594 [http-nio-9090-exec-5] INFO  com.zaxxer.hikari.HikariDataSource - HikariPool-1 - Starting...
2025-04-11 17:10:30.693 [http-nio-9090-exec-5] INFO  com.zaxxer.hikari.pool.HikariPool - HikariPool-1 - Added connection com.mysql.cj.jdbc.ConnectionImpl@153362c4
2025-04-11 17:10:30.694 [http-nio-9090-exec-5] INFO  com.zaxxer.hikari.HikariDataSource - HikariPool-1 - Start completed.
2025-04-11 17:10:30.852 [http-nio-9090-exec-5] INFO  com.test.testboot.service.impl.StudentServiceImpl - 判断缓存是否存在true
2025-04-11 17:10:30.862 [http-nio-9090-exec-5] ERROR org.apache.catalina.core.ContainerBase.[Tomcat].[localhost].[/].[dispatcherServlet] - Servlet.service() for servlet [dispatcherServlet] in context with path [] threw exception [Request processing failed: java.lang.NullPointerException: Cannot invoke "java.util.List.isEmpty()" because "list" is null] with root cause
java.lang.NullPointerException: Cannot invoke "java.util.List.isEmpty()" because "list" is null
	at com.test.testboot.controller.StudentController.findById(StudentController.java:149)
	at java.base/jdk.internal.reflect.DirectMethodHandleAccessor.invoke(DirectMethodHandleAccessor.java:103)
	at java.base/java.lang.reflect.Method.invoke(Method.java:580)
	at org.springframework.web.method.support.InvocableHandlerMethod.doInvoke(InvocableHandlerMethod.java:255)
	at org.springframework.web.method.support.InvocableHandlerMethod.invokeForRequest(InvocableHandlerMethod.java:188)
	at org.springframework.web.servlet.mvc.method.annotation.ServletInvocableHandlerMethod.invokeAndHandle(ServletInvocableHandlerMethod.java:118)
	at org.springframework.web.servlet.mvc.method.annotation.RequestMappingHandlerAdapter.invokeHandlerMethod(RequestMappingHandlerAdapter.java:926)
	at org.springframework.web.servlet.mvc.method.annotation.RequestMappingHandlerAdapter.handleInternal(RequestMappingHandlerAdapter.java:831)
	at org.springframework.web.servlet.mvc.method.AbstractHandlerMethodAdapter.handle(AbstractHandlerMethodAdapter.java:87)
	at org.springframework.web.servlet.DispatcherServlet.doDispatch(DispatcherServlet.java:1089)
	at org.springframework.web.servlet.DispatcherServlet.doService(DispatcherServlet.java:979)
	at org.springframework.web.servlet.FrameworkServlet.processRequest(FrameworkServlet.java:1014)
	at org.springframework.web.servlet.FrameworkServlet.doGet(FrameworkServlet.java:903)
	at jakarta.servlet.http.HttpServlet.service(HttpServlet.java:564)
	at org.springframework.web.servlet.FrameworkServlet.service(FrameworkServlet.java:885)
	at jakarta.servlet.http.HttpServlet.service(HttpServlet.java:658)
	at org.apache.catalina.core.ApplicationFilterChain.internalDoFilter(ApplicationFilterChain.java:195)
	at org.apache.catalina.core.ApplicationFilterChain.doFilter(ApplicationFilterChain.java:140)
	at org.apache.tomcat.websocket.server.WsFilter.doFilter(WsFilter.java:51)
	at org.apache.catalina.core.ApplicationFilterChain.internalDoFilter(ApplicationFilterChain.java:164)
	at org.apache.catalina.core.ApplicationFilterChain.doFilter(ApplicationFilterChain.java:140)
	at org.springframework.web.filter.RequestContextFilter.doFilterInternal(RequestContextFilter.java:100)
	at org.springframework.web.filter.OncePerRequestFilter.doFilter(OncePerRequestFilter.java:116)
	at org.apache.catalina.core.ApplicationFilterChain.internalDoFilter(ApplicationFilterChain.java:164)
	at org.apache.catalina.core.ApplicationFilterChain.doFilter(ApplicationFilterChain.java:140)
	at org.springframework.web.filter.FormContentFilter.doFilterInternal(FormContentFilter.java:93)
	at org.springframework.web.filter.OncePerRequestFilter.doFilter(OncePerRequestFilter.java:116)
	at org.apache.catalina.core.ApplicationFilterChain.internalDoFilter(ApplicationFilterChain.java:164)
	at org.apache.catalina.core.ApplicationFilterChain.doFilter(ApplicationFilterChain.java:140)
	at org.springframework.web.filter.CharacterEncodingFilter.doFilterInternal(CharacterEncodingFilter.java:201)
	at org.springframework.web.filter.OncePerRequestFilter.doFilter(OncePerRequestFilter.java:116)
	at org.apache.catalina.core.ApplicationFilterChain.internalDoFilter(ApplicationFilterChain.java:164)
	at org.apache.catalina.core.ApplicationFilterChain.doFilter(ApplicationFilterChain.java:140)
	at org.apache.catalina.core.StandardWrapperValve.invoke(StandardWrapperValve.java:167)
	at org.apache.catalina.core.StandardContextValve.invoke(StandardContextValve.java:90)
	at org.apache.catalina.authenticator.AuthenticatorBase.invoke(AuthenticatorBase.java:483)
	at org.apache.catalina.core.StandardHostValve.invoke(StandardHostValve.java:115)
	at org.apache.catalina.valves.ErrorReportValve.invoke(ErrorReportValve.java:93)
	at org.apache.catalina.core.StandardEngineValve.invoke(StandardEngineValve.java:74)
	at org.apache.catalina.connector.CoyoteAdapter.service(CoyoteAdapter.java:344)
	at org.apache.coyote.http11.Http11Processor.service(Http11Processor.java:397)
	at org.apache.coyote.AbstractProcessorLight.process(AbstractProcessorLight.java:63)
	at org.apache.coyote.AbstractProtocol$ConnectionHandler.process(AbstractProtocol.java:905)
	at org.apache.tomcat.util.net.NioEndpoint$SocketProcessor.doRun(NioEndpoint.java:1743)
	at org.apache.tomcat.util.net.SocketProcessorBase.run(SocketProcessorBase.java:52)
	at org.apache.tomcat.util.threads.ThreadPoolExecutor.runWorker(ThreadPoolExecutor.java:1190)
	at org.apache.tomcat.util.threads.ThreadPoolExecutor$Worker.run(ThreadPoolExecutor.java:659)
	at org.apache.tomcat.util.threads.TaskThread$WrappingRunnable.run(TaskThread.java:63)
	at java.base/java.lang.Thread.run(Thread.java:1575)
2025-04-11 17:11:19.050 [org.springframework.kafka.KafkaListenerEndpointContainer#0-0-C-1] INFO  org.apache.kafka.clients.consumer.internals.ConsumerRebalanceListenerInvoker - [Consumer clientId=consumer-tomge-consumer-group-1, groupId=tomge-consumer-group] Revoke previously assigned partitions testtopic-0
2025-04-11 17:11:19.050 [org.springframework.kafka.KafkaListenerEndpointContainer#1-0-C-1] INFO  org.apache.kafka.clients.consumer.internals.ConsumerRebalanceListenerInvoker - [Consumer clientId=consumer-tomge-consumer-group-2, groupId=tomge-consumer-group] Revoke previously assigned partitions testtopic2-0
2025-04-11 17:11:19.052 [org.springframework.kafka.KafkaListenerEndpointContainer#1-0-C-1] INFO  org.apache.kafka.clients.consumer.internals.ConsumerCoordinator - [Consumer clientId=consumer-tomge-consumer-group-2, groupId=tomge-consumer-group] Member consumer-tomge-consumer-group-2-062074ce-4646-4211-b88f-9750a53251f6 sending LeaveGroup request to coordinator localhost:9092 (id: 2147483647 rack: null) due to the consumer unsubscribed from all topics
2025-04-11 17:11:19.052 [org.springframework.kafka.KafkaListenerEndpointContainer#0-0-C-1] INFO  org.apache.kafka.clients.consumer.internals.ConsumerCoordinator - [Consumer clientId=consumer-tomge-consumer-group-1, groupId=tomge-consumer-group] Member consumer-tomge-consumer-group-1-b7b9ece6-be21-4496-ad63-b8a95dcee7f7 sending LeaveGroup request to coordinator localhost:9092 (id: 2147483647 rack: null) due to the consumer unsubscribed from all topics
2025-04-11 17:11:19.053 [org.springframework.kafka.KafkaListenerEndpointContainer#0-0-C-1] INFO  org.apache.kafka.clients.consumer.internals.ConsumerCoordinator - [Consumer clientId=consumer-tomge-consumer-group-1, groupId=tomge-consumer-group] Resetting generation and member id due to: consumer pro-actively leaving the group
2025-04-11 17:11:19.053 [org.springframework.kafka.KafkaListenerEndpointContainer#1-0-C-1] INFO  org.apache.kafka.clients.consumer.internals.ConsumerCoordinator - [Consumer clientId=consumer-tomge-consumer-group-2, groupId=tomge-consumer-group] Resetting generation and member id due to: consumer pro-actively leaving the group
2025-04-11 17:11:19.053 [org.springframework.kafka.KafkaListenerEndpointContainer#0-0-C-1] INFO  org.apache.kafka.clients.consumer.internals.ConsumerCoordinator - [Consumer clientId=consumer-tomge-consumer-group-1, groupId=tomge-consumer-group] Request joining group due to: consumer pro-actively leaving the group
2025-04-11 17:11:19.053 [org.springframework.kafka.KafkaListenerEndpointContainer#1-0-C-1] INFO  org.apache.kafka.clients.consumer.internals.ConsumerCoordinator - [Consumer clientId=consumer-tomge-consumer-group-2, groupId=tomge-consumer-group] Request joining group due to: consumer pro-actively leaving the group
2025-04-11 17:11:19.053 [org.springframework.kafka.KafkaListenerEndpointContainer#0-0-C-1] INFO  org.apache.kafka.clients.consumer.internals.LegacyKafkaConsumer - [Consumer clientId=consumer-tomge-consumer-group-1, groupId=tomge-consumer-group] Unsubscribed all topics or patterns and assigned partitions
2025-04-11 17:11:19.053 [org.springframework.kafka.KafkaListenerEndpointContainer#1-0-C-1] INFO  org.apache.kafka.clients.consumer.internals.LegacyKafkaConsumer - [Consumer clientId=consumer-tomge-consumer-group-2, groupId=tomge-consumer-group] Unsubscribed all topics or patterns and assigned partitions
2025-04-11 17:11:19.054 [org.springframework.kafka.KafkaListenerEndpointContainer#1-0-C-1] INFO  org.apache.kafka.clients.consumer.internals.ConsumerCoordinator - [Consumer clientId=consumer-tomge-consumer-group-2, groupId=tomge-consumer-group] Resetting generation and member id due to: consumer pro-actively leaving the group
2025-04-11 17:11:19.054 [org.springframework.kafka.KafkaListenerEndpointContainer#0-0-C-1] INFO  org.apache.kafka.clients.consumer.internals.ConsumerCoordinator - [Consumer clientId=consumer-tomge-consumer-group-1, groupId=tomge-consumer-group] Resetting generation and member id due to: consumer pro-actively leaving the group
2025-04-11 17:11:19.054 [org.springframework.kafka.KafkaListenerEndpointContainer#1-0-C-1] INFO  org.apache.kafka.clients.consumer.internals.ConsumerCoordinator - [Consumer clientId=consumer-tomge-consumer-group-2, groupId=tomge-consumer-group] Request joining group due to: consumer pro-actively leaving the group
2025-04-11 17:11:19.054 [org.springframework.kafka.KafkaListenerEndpointContainer#0-0-C-1] INFO  org.apache.kafka.clients.consumer.internals.ConsumerCoordinator - [Consumer clientId=consumer-tomge-consumer-group-1, groupId=tomge-consumer-group] Request joining group due to: consumer pro-actively leaving the group
2025-04-11 17:11:19.492 [org.springframework.kafka.KafkaListenerEndpointContainer#1-0-C-1] INFO  org.apache.kafka.common.metrics.Metrics - Metrics scheduler closed
2025-04-11 17:11:19.492 [org.springframework.kafka.KafkaListenerEndpointContainer#0-0-C-1] INFO  org.apache.kafka.common.metrics.Metrics - Metrics scheduler closed
2025-04-11 17:11:19.492 [org.springframework.kafka.KafkaListenerEndpointContainer#1-0-C-1] INFO  org.apache.kafka.common.metrics.Metrics - Closing reporter org.apache.kafka.common.metrics.JmxReporter
2025-04-11 17:11:19.493 [org.springframework.kafka.KafkaListenerEndpointContainer#0-0-C-1] INFO  org.apache.kafka.common.metrics.Metrics - Closing reporter org.apache.kafka.common.metrics.JmxReporter
2025-04-11 17:11:19.493 [org.springframework.kafka.KafkaListenerEndpointContainer#1-0-C-1] INFO  org.apache.kafka.common.metrics.Metrics - Closing reporter org.apache.kafka.common.telemetry.internals.ClientTelemetryReporter
2025-04-11 17:11:19.493 [org.springframework.kafka.KafkaListenerEndpointContainer#0-0-C-1] INFO  org.apache.kafka.common.metrics.Metrics - Closing reporter org.apache.kafka.common.telemetry.internals.ClientTelemetryReporter
2025-04-11 17:11:19.493 [org.springframework.kafka.KafkaListenerEndpointContainer#1-0-C-1] INFO  org.apache.kafka.common.metrics.Metrics - Metrics reporters closed
2025-04-11 17:11:19.493 [org.springframework.kafka.KafkaListenerEndpointContainer#0-0-C-1] INFO  org.apache.kafka.common.metrics.Metrics - Metrics reporters closed
2025-04-11 17:11:19.497 [org.springframework.kafka.KafkaListenerEndpointContainer#1-0-C-1] INFO  org.apache.kafka.common.utils.AppInfoParser - App info kafka.consumer for consumer-tomge-consumer-group-2 unregistered
2025-04-11 17:11:19.497 [org.springframework.kafka.KafkaListenerEndpointContainer#0-0-C-1] INFO  org.apache.kafka.common.utils.AppInfoParser - App info kafka.consumer for consumer-tomge-consumer-group-1 unregistered
2025-04-11 17:11:23.214 [SpringApplicationShutdownHook] INFO  com.zaxxer.hikari.HikariDataSource - HikariPool-1 - Shutdown initiated...
2025-04-11 17:11:23.219 [SpringApplicationShutdownHook] INFO  com.zaxxer.hikari.HikariDataSource - HikariPool-1 - Shutdown completed.
2025-04-11 17:11:26.306 [background-preinit] INFO  org.hibernate.validator.internal.util.Version - HV000001: Hibernate Validator 8.0.2.Final
2025-04-11 17:11:26.319 [main] INFO  com.test.testboot.TestbootApplication - Starting TestbootApplication using Java 23.0.2 with PID 63601 (/Users/zhaoxin/Documents/GitHub/testboot/target/classes started by zhaoxin in /Users/zhaoxin/Documents/GitHub/testboot)
2025-04-11 17:11:26.319 [main] INFO  com.test.testboot.TestbootApplication - No active profile set, falling back to 1 default profile: "default"
2025-04-11 17:11:27.074 [main] INFO  org.apache.coyote.http11.Http11NioProtocol - Initializing ProtocolHandler ["http-nio-9090"]
2025-04-11 17:11:27.074 [main] INFO  org.apache.catalina.core.StandardService - Starting service [Tomcat]
2025-04-11 17:11:27.074 [main] INFO  org.apache.catalina.core.StandardEngine - Starting Servlet engine: [Apache Tomcat/10.1.36]
2025-04-11 17:11:27.103 [main] INFO  org.apache.catalina.core.ContainerBase.[Tomcat].[localhost].[/] - Initializing Spring embedded WebApplicationContext
2025-04-11 17:11:30.857 [main] INFO  org.apache.coyote.http11.Http11NioProtocol - Starting ProtocolHandler ["http-nio-9090"]
2025-04-11 17:11:30.877 [main] INFO  org.apache.kafka.clients.consumer.ConsumerConfig - ConsumerConfig values: 
	allow.auto.create.topics = true
	auto.commit.interval.ms = 5000
	auto.include.jmx.reporter = true
	auto.offset.reset = latest
	bootstrap.servers = [127.0.0.1:9092]
	check.crcs = true
	client.dns.lookup = use_all_dns_ips
	client.id = consumer-tomge-consumer-group-1
	client.rack = 
	connections.max.idle.ms = 540000
	default.api.timeout.ms = 60000
	enable.auto.commit = false
	enable.metrics.push = true
	exclude.internal.topics = true
	fetch.max.bytes = 52428800
	fetch.max.wait.ms = 500
	fetch.min.bytes = 1
	group.id = tomge-consumer-group
	group.instance.id = null
	group.protocol = classic
	group.remote.assignor = null
	heartbeat.interval.ms = 3000
	interceptor.classes = []
	internal.leave.group.on.close = true
	internal.throw.on.fetch.stable.offset.unsupported = false
	isolation.level = read_uncommitted
	key.deserializer = class org.apache.kafka.common.serialization.StringDeserializer
	max.partition.fetch.bytes = 1048576
	max.poll.interval.ms = 300000
	max.poll.records = 500
	metadata.max.age.ms = 300000
	metric.reporters = []
	metrics.num.samples = 2
	metrics.recording.level = INFO
	metrics.sample.window.ms = 30000
	partition.assignment.strategy = [class org.apache.kafka.clients.consumer.RangeAssignor, class org.apache.kafka.clients.consumer.CooperativeStickyAssignor]
	receive.buffer.bytes = 65536
	reconnect.backoff.max.ms = 1000
	reconnect.backoff.ms = 50
	request.timeout.ms = 30000
	retry.backoff.max.ms = 1000
	retry.backoff.ms = 100
	sasl.client.callback.handler.class = null
	sasl.jaas.config = null
	sasl.kerberos.kinit.cmd = /usr/bin/kinit
	sasl.kerberos.min.time.before.relogin = 60000
	sasl.kerberos.service.name = null
	sasl.kerberos.ticket.renew.jitter = 0.05
	sasl.kerberos.ticket.renew.window.factor = 0.8
	sasl.login.callback.handler.class = null
	sasl.login.class = null
	sasl.login.connect.timeout.ms = null
	sasl.login.read.timeout.ms = null
	sasl.login.refresh.buffer.seconds = 300
	sasl.login.refresh.min.period.seconds = 60
	sasl.login.refresh.window.factor = 0.8
	sasl.login.refresh.window.jitter = 0.05
	sasl.login.retry.backoff.max.ms = 10000
	sasl.login.retry.backoff.ms = 100
	sasl.mechanism = GSSAPI
	sasl.oauthbearer.clock.skew.seconds = 30
	sasl.oauthbearer.expected.audience = null
	sasl.oauthbearer.expected.issuer = null
	sasl.oauthbearer.jwks.endpoint.refresh.ms = 3600000
	sasl.oauthbearer.jwks.endpoint.retry.backoff.max.ms = 10000
	sasl.oauthbearer.jwks.endpoint.retry.backoff.ms = 100
	sasl.oauthbearer.jwks.endpoint.url = null
	sasl.oauthbearer.scope.claim.name = scope
	sasl.oauthbearer.sub.claim.name = sub
	sasl.oauthbearer.token.endpoint.url = null
	security.protocol = PLAINTEXT
	security.providers = null
	send.buffer.bytes = 131072
	session.timeout.ms = 45000
	socket.connection.setup.timeout.max.ms = 30000
	socket.connection.setup.timeout.ms = 10000
	ssl.cipher.suites = null
	ssl.enabled.protocols = [TLSv1.2, TLSv1.3]
	ssl.endpoint.identification.algorithm = https
	ssl.engine.factory.class = null
	ssl.key.password = null
	ssl.keymanager.algorithm = SunX509
	ssl.keystore.certificate.chain = null
	ssl.keystore.key = null
	ssl.keystore.location = null
	ssl.keystore.password = null
	ssl.keystore.type = JKS
	ssl.protocol = TLSv1.3
	ssl.provider = null
	ssl.secure.random.implementation = null
	ssl.trustmanager.algorithm = PKIX
	ssl.truststore.certificates = null
	ssl.truststore.location = null
	ssl.truststore.password = null
	ssl.truststore.type = JKS
	value.deserializer = class org.apache.kafka.common.serialization.StringDeserializer

2025-04-11 17:11:30.895 [main] INFO  org.apache.kafka.common.telemetry.internals.KafkaMetricsCollector - initializing Kafka metrics collector
2025-04-11 17:11:30.922 [main] INFO  org.apache.kafka.common.utils.AppInfoParser - Kafka version: 3.7.2
2025-04-11 17:11:30.922 [main] INFO  org.apache.kafka.common.utils.AppInfoParser - Kafka commitId: 79a8f2b5f44f9d5a
2025-04-11 17:11:30.923 [main] INFO  org.apache.kafka.common.utils.AppInfoParser - Kafka startTimeMs: 1744362690922
2025-04-11 17:11:30.924 [main] INFO  org.apache.kafka.clients.consumer.internals.LegacyKafkaConsumer - [Consumer clientId=consumer-tomge-consumer-group-1, groupId=tomge-consumer-group] Subscribed to topic(s): testtopic
2025-04-11 17:11:30.927 [main] INFO  org.apache.kafka.clients.consumer.ConsumerConfig - ConsumerConfig values: 
	allow.auto.create.topics = true
	auto.commit.interval.ms = 5000
	auto.include.jmx.reporter = true
	auto.offset.reset = latest
	bootstrap.servers = [127.0.0.1:9092]
	check.crcs = true
	client.dns.lookup = use_all_dns_ips
	client.id = consumer-tomge-consumer-group-2
	client.rack = 
	connections.max.idle.ms = 540000
	default.api.timeout.ms = 60000
	enable.auto.commit = false
	enable.metrics.push = true
	exclude.internal.topics = true
	fetch.max.bytes = 52428800
	fetch.max.wait.ms = 500
	fetch.min.bytes = 1
	group.id = tomge-consumer-group
	group.instance.id = null
	group.protocol = classic
	group.remote.assignor = null
	heartbeat.interval.ms = 3000
	interceptor.classes = []
	internal.leave.group.on.close = true
	internal.throw.on.fetch.stable.offset.unsupported = false
	isolation.level = read_uncommitted
	key.deserializer = class org.apache.kafka.common.serialization.StringDeserializer
	max.partition.fetch.bytes = 1048576
	max.poll.interval.ms = 300000
	max.poll.records = 500
	metadata.max.age.ms = 300000
	metric.reporters = []
	metrics.num.samples = 2
	metrics.recording.level = INFO
	metrics.sample.window.ms = 30000
	partition.assignment.strategy = [class org.apache.kafka.clients.consumer.RangeAssignor, class org.apache.kafka.clients.consumer.CooperativeStickyAssignor]
	receive.buffer.bytes = 65536
	reconnect.backoff.max.ms = 1000
	reconnect.backoff.ms = 50
	request.timeout.ms = 30000
	retry.backoff.max.ms = 1000
	retry.backoff.ms = 100
	sasl.client.callback.handler.class = null
	sasl.jaas.config = null
	sasl.kerberos.kinit.cmd = /usr/bin/kinit
	sasl.kerberos.min.time.before.relogin = 60000
	sasl.kerberos.service.name = null
	sasl.kerberos.ticket.renew.jitter = 0.05
	sasl.kerberos.ticket.renew.window.factor = 0.8
	sasl.login.callback.handler.class = null
	sasl.login.class = null
	sasl.login.connect.timeout.ms = null
	sasl.login.read.timeout.ms = null
	sasl.login.refresh.buffer.seconds = 300
	sasl.login.refresh.min.period.seconds = 60
	sasl.login.refresh.window.factor = 0.8
	sasl.login.refresh.window.jitter = 0.05
	sasl.login.retry.backoff.max.ms = 10000
	sasl.login.retry.backoff.ms = 100
	sasl.mechanism = GSSAPI
	sasl.oauthbearer.clock.skew.seconds = 30
	sasl.oauthbearer.expected.audience = null
	sasl.oauthbearer.expected.issuer = null
	sasl.oauthbearer.jwks.endpoint.refresh.ms = 3600000
	sasl.oauthbearer.jwks.endpoint.retry.backoff.max.ms = 10000
	sasl.oauthbearer.jwks.endpoint.retry.backoff.ms = 100
	sasl.oauthbearer.jwks.endpoint.url = null
	sasl.oauthbearer.scope.claim.name = scope
	sasl.oauthbearer.sub.claim.name = sub
	sasl.oauthbearer.token.endpoint.url = null
	security.protocol = PLAINTEXT
	security.providers = null
	send.buffer.bytes = 131072
	session.timeout.ms = 45000
	socket.connection.setup.timeout.max.ms = 30000
	socket.connection.setup.timeout.ms = 10000
	ssl.cipher.suites = null
	ssl.enabled.protocols = [TLSv1.2, TLSv1.3]
	ssl.endpoint.identification.algorithm = https
	ssl.engine.factory.class = null
	ssl.key.password = null
	ssl.keymanager.algorithm = SunX509
	ssl.keystore.certificate.chain = null
	ssl.keystore.key = null
	ssl.keystore.location = null
	ssl.keystore.password = null
	ssl.keystore.type = JKS
	ssl.protocol = TLSv1.3
	ssl.provider = null
	ssl.secure.random.implementation = null
	ssl.trustmanager.algorithm = PKIX
	ssl.truststore.certificates = null
	ssl.truststore.location = null
	ssl.truststore.password = null
	ssl.truststore.type = JKS
	value.deserializer = class org.apache.kafka.common.serialization.StringDeserializer

2025-04-11 17:11:30.927 [main] INFO  org.apache.kafka.common.telemetry.internals.KafkaMetricsCollector - initializing Kafka metrics collector
2025-04-11 17:11:30.929 [main] INFO  org.apache.kafka.common.utils.AppInfoParser - Kafka version: 3.7.2
2025-04-11 17:11:30.929 [main] INFO  org.apache.kafka.common.utils.AppInfoParser - Kafka commitId: 79a8f2b5f44f9d5a
2025-04-11 17:11:30.929 [main] INFO  org.apache.kafka.common.utils.AppInfoParser - Kafka startTimeMs: 1744362690929
2025-04-11 17:11:30.930 [main] INFO  org.apache.kafka.clients.consumer.internals.LegacyKafkaConsumer - [Consumer clientId=consumer-tomge-consumer-group-2, groupId=tomge-consumer-group] Subscribed to topic(s): testtopic2
2025-04-11 17:11:30.936 [main] INFO  com.test.testboot.TestbootApplication - Started TestbootApplication in 4.819 seconds (process running for 5.163)
2025-04-11 17:11:31.037 [org.springframework.kafka.KafkaListenerEndpointContainer#1-0-C-1] INFO  org.apache.kafka.clients.Metadata - [Consumer clientId=consumer-tomge-consumer-group-2, groupId=tomge-consumer-group] Cluster ID: y-6F190GRaWny8wgtvr9EA
2025-04-11 17:11:31.037 [org.springframework.kafka.KafkaListenerEndpointContainer#0-0-C-1] INFO  org.apache.kafka.clients.Metadata - [Consumer clientId=consumer-tomge-consumer-group-1, groupId=tomge-consumer-group] Cluster ID: y-6F190GRaWny8wgtvr9EA
2025-04-11 17:11:31.037 [org.springframework.kafka.KafkaListenerEndpointContainer#1-0-C-1] INFO  org.apache.kafka.clients.consumer.internals.ConsumerCoordinator - [Consumer clientId=consumer-tomge-consumer-group-2, groupId=tomge-consumer-group] Discovered group coordinator localhost:9092 (id: 2147483647 rack: null)
2025-04-11 17:11:31.037 [org.springframework.kafka.KafkaListenerEndpointContainer#0-0-C-1] INFO  org.apache.kafka.clients.consumer.internals.ConsumerCoordinator - [Consumer clientId=consumer-tomge-consumer-group-1, groupId=tomge-consumer-group] Discovered group coordinator localhost:9092 (id: 2147483647 rack: null)
2025-04-11 17:11:31.038 [org.springframework.kafka.KafkaListenerEndpointContainer#1-0-C-1] INFO  org.apache.kafka.clients.consumer.internals.ConsumerCoordinator - [Consumer clientId=consumer-tomge-consumer-group-2, groupId=tomge-consumer-group] (Re-)joining group
2025-04-11 17:11:31.038 [org.springframework.kafka.KafkaListenerEndpointContainer#0-0-C-1] INFO  org.apache.kafka.clients.consumer.internals.ConsumerCoordinator - [Consumer clientId=consumer-tomge-consumer-group-1, groupId=tomge-consumer-group] (Re-)joining group
2025-04-11 17:11:31.044 [org.springframework.kafka.KafkaListenerEndpointContainer#1-0-C-1] INFO  org.apache.kafka.clients.consumer.internals.ConsumerCoordinator - [Consumer clientId=consumer-tomge-consumer-group-2, groupId=tomge-consumer-group] Request joining group due to: need to re-join with the given member-id: consumer-tomge-consumer-group-2-d0a8842b-7edb-4004-84b0-8cc864743a77
2025-04-11 17:11:31.044 [org.springframework.kafka.KafkaListenerEndpointContainer#0-0-C-1] INFO  org.apache.kafka.clients.consumer.internals.ConsumerCoordinator - [Consumer clientId=consumer-tomge-consumer-group-1, groupId=tomge-consumer-group] Request joining group due to: need to re-join with the given member-id: consumer-tomge-consumer-group-1-e1b6f160-9610-4f27-ba8d-3390d5c8dec4
2025-04-11 17:11:31.044 [org.springframework.kafka.KafkaListenerEndpointContainer#1-0-C-1] INFO  org.apache.kafka.clients.consumer.internals.ConsumerCoordinator - [Consumer clientId=consumer-tomge-consumer-group-2, groupId=tomge-consumer-group] (Re-)joining group
2025-04-11 17:11:31.044 [org.springframework.kafka.KafkaListenerEndpointContainer#0-0-C-1] INFO  org.apache.kafka.clients.consumer.internals.ConsumerCoordinator - [Consumer clientId=consumer-tomge-consumer-group-1, groupId=tomge-consumer-group] (Re-)joining group
2025-04-11 17:11:31.046 [org.springframework.kafka.KafkaListenerEndpointContainer#1-0-C-1] INFO  org.apache.kafka.clients.consumer.internals.ConsumerCoordinator - [Consumer clientId=consumer-tomge-consumer-group-2, groupId=tomge-consumer-group] Successfully joined group with generation Generation{generationId=26, memberId='consumer-tomge-consumer-group-2-d0a8842b-7edb-4004-84b0-8cc864743a77', protocol='range'}
2025-04-11 17:11:31.046 [org.springframework.kafka.KafkaListenerEndpointContainer#0-0-C-1] INFO  org.apache.kafka.clients.consumer.internals.ConsumerCoordinator - [Consumer clientId=consumer-tomge-consumer-group-1, groupId=tomge-consumer-group] Successfully joined group with generation Generation{generationId=26, memberId='consumer-tomge-consumer-group-1-e1b6f160-9610-4f27-ba8d-3390d5c8dec4', protocol='range'}
2025-04-11 17:11:31.049 [org.springframework.kafka.KafkaListenerEndpointContainer#1-0-C-1] INFO  org.apache.kafka.clients.consumer.internals.ConsumerCoordinator - [Consumer clientId=consumer-tomge-consumer-group-2, groupId=tomge-consumer-group] Finished assignment for group at generation 26: {consumer-tomge-consumer-group-2-d0a8842b-7edb-4004-84b0-8cc864743a77=Assignment(partitions=[testtopic2-0]), consumer-tomge-consumer-group-1-e1b6f160-9610-4f27-ba8d-3390d5c8dec4=Assignment(partitions=[testtopic-0])}
2025-04-11 17:11:31.052 [org.springframework.kafka.KafkaListenerEndpointContainer#0-0-C-1] INFO  org.apache.kafka.clients.consumer.internals.ConsumerCoordinator - [Consumer clientId=consumer-tomge-consumer-group-1, groupId=tomge-consumer-group] Successfully synced group in generation Generation{generationId=26, memberId='consumer-tomge-consumer-group-1-e1b6f160-9610-4f27-ba8d-3390d5c8dec4', protocol='range'}
2025-04-11 17:11:31.052 [org.springframework.kafka.KafkaListenerEndpointContainer#1-0-C-1] INFO  org.apache.kafka.clients.consumer.internals.ConsumerCoordinator - [Consumer clientId=consumer-tomge-consumer-group-2, groupId=tomge-consumer-group] Successfully synced group in generation Generation{generationId=26, memberId='consumer-tomge-consumer-group-2-d0a8842b-7edb-4004-84b0-8cc864743a77', protocol='range'}
2025-04-11 17:11:31.053 [org.springframework.kafka.KafkaListenerEndpointContainer#0-0-C-1] INFO  org.apache.kafka.clients.consumer.internals.ConsumerCoordinator - [Consumer clientId=consumer-tomge-consumer-group-1, groupId=tomge-consumer-group] Notifying assignor about the new Assignment(partitions=[testtopic-0])
2025-04-11 17:11:31.053 [org.springframework.kafka.KafkaListenerEndpointContainer#1-0-C-1] INFO  org.apache.kafka.clients.consumer.internals.ConsumerCoordinator - [Consumer clientId=consumer-tomge-consumer-group-2, groupId=tomge-consumer-group] Notifying assignor about the new Assignment(partitions=[testtopic2-0])
2025-04-11 17:11:31.053 [org.springframework.kafka.KafkaListenerEndpointContainer#0-0-C-1] INFO  org.apache.kafka.clients.consumer.internals.ConsumerRebalanceListenerInvoker - [Consumer clientId=consumer-tomge-consumer-group-1, groupId=tomge-consumer-group] Adding newly assigned partitions: testtopic-0
2025-04-11 17:11:31.053 [org.springframework.kafka.KafkaListenerEndpointContainer#1-0-C-1] INFO  org.apache.kafka.clients.consumer.internals.ConsumerRebalanceListenerInvoker - [Consumer clientId=consumer-tomge-consumer-group-2, groupId=tomge-consumer-group] Adding newly assigned partitions: testtopic2-0
2025-04-11 17:11:31.057 [org.springframework.kafka.KafkaListenerEndpointContainer#0-0-C-1] INFO  org.apache.kafka.clients.consumer.internals.ConsumerUtils - Setting offset for partition testtopic-0 to the committed offset FetchPosition{offset=3, offsetEpoch=Optional.empty, currentLeader=LeaderAndEpoch{leader=Optional[localhost:9092 (id: 0 rack: null)], epoch=0}}
2025-04-11 17:11:31.057 [org.springframework.kafka.KafkaListenerEndpointContainer#1-0-C-1] INFO  org.apache.kafka.clients.consumer.internals.ConsumerUtils - Setting offset for partition testtopic2-0 to the committed offset FetchPosition{offset=262, offsetEpoch=Optional.empty, currentLeader=LeaderAndEpoch{leader=Optional[localhost:9092 (id: 0 rack: null)], epoch=0}}
2025-04-11 17:11:39.930 [http-nio-9090-exec-1] INFO  org.apache.catalina.core.ContainerBase.[Tomcat].[localhost].[/] - Initializing Spring DispatcherServlet 'dispatcherServlet'
2025-04-11 17:11:40.165 [http-nio-9090-exec-4] INFO  org.springdoc.api.AbstractOpenApiResource - Init duration for springdoc-openapi is: 138 ms
2025-04-11 17:11:46.714 [http-nio-9090-exec-5] INFO  com.zaxxer.hikari.HikariDataSource - HikariPool-1 - Starting...
2025-04-11 17:11:46.813 [http-nio-9090-exec-5] INFO  com.zaxxer.hikari.pool.HikariPool - HikariPool-1 - Added connection com.mysql.cj.jdbc.ConnectionImpl@2fd3323b
2025-04-11 17:11:46.814 [http-nio-9090-exec-5] INFO  com.zaxxer.hikari.HikariDataSource - HikariPool-1 - Start completed.
2025-04-11 17:11:46.972 [http-nio-9090-exec-5] INFO  com.test.testboot.service.impl.StudentServiceImpl - 判断缓存是否存在true
2025-04-11 17:11:46.982 [http-nio-9090-exec-5] ERROR org.apache.catalina.core.ContainerBase.[Tomcat].[localhost].[/].[dispatcherServlet] - Servlet.service() for servlet [dispatcherServlet] in context with path [] threw exception [Request processing failed: java.lang.NullPointerException: Cannot invoke "java.util.List.size()" because "list" is null] with root cause
java.lang.NullPointerException: Cannot invoke "java.util.List.size()" because "list" is null
	at com.test.testboot.controller.StudentController.findById(StudentController.java:149)
	at java.base/jdk.internal.reflect.DirectMethodHandleAccessor.invoke(DirectMethodHandleAccessor.java:103)
	at java.base/java.lang.reflect.Method.invoke(Method.java:580)
	at org.springframework.web.method.support.InvocableHandlerMethod.doInvoke(InvocableHandlerMethod.java:255)
	at org.springframework.web.method.support.InvocableHandlerMethod.invokeForRequest(InvocableHandlerMethod.java:188)
	at org.springframework.web.servlet.mvc.method.annotation.ServletInvocableHandlerMethod.invokeAndHandle(ServletInvocableHandlerMethod.java:118)
	at org.springframework.web.servlet.mvc.method.annotation.RequestMappingHandlerAdapter.invokeHandlerMethod(RequestMappingHandlerAdapter.java:926)
	at org.springframework.web.servlet.mvc.method.annotation.RequestMappingHandlerAdapter.handleInternal(RequestMappingHandlerAdapter.java:831)
	at org.springframework.web.servlet.mvc.method.AbstractHandlerMethodAdapter.handle(AbstractHandlerMethodAdapter.java:87)
	at org.springframework.web.servlet.DispatcherServlet.doDispatch(DispatcherServlet.java:1089)
	at org.springframework.web.servlet.DispatcherServlet.doService(DispatcherServlet.java:979)
	at org.springframework.web.servlet.FrameworkServlet.processRequest(FrameworkServlet.java:1014)
	at org.springframework.web.servlet.FrameworkServlet.doGet(FrameworkServlet.java:903)
	at jakarta.servlet.http.HttpServlet.service(HttpServlet.java:564)
	at org.springframework.web.servlet.FrameworkServlet.service(FrameworkServlet.java:885)
	at jakarta.servlet.http.HttpServlet.service(HttpServlet.java:658)
	at org.apache.catalina.core.ApplicationFilterChain.internalDoFilter(ApplicationFilterChain.java:195)
	at org.apache.catalina.core.ApplicationFilterChain.doFilter(ApplicationFilterChain.java:140)
	at org.apache.tomcat.websocket.server.WsFilter.doFilter(WsFilter.java:51)
	at org.apache.catalina.core.ApplicationFilterChain.internalDoFilter(ApplicationFilterChain.java:164)
	at org.apache.catalina.core.ApplicationFilterChain.doFilter(ApplicationFilterChain.java:140)
	at org.springframework.web.filter.RequestContextFilter.doFilterInternal(RequestContextFilter.java:100)
	at org.springframework.web.filter.OncePerRequestFilter.doFilter(OncePerRequestFilter.java:116)
	at org.apache.catalina.core.ApplicationFilterChain.internalDoFilter(ApplicationFilterChain.java:164)
	at org.apache.catalina.core.ApplicationFilterChain.doFilter(ApplicationFilterChain.java:140)
	at org.springframework.web.filter.FormContentFilter.doFilterInternal(FormContentFilter.java:93)
	at org.springframework.web.filter.OncePerRequestFilter.doFilter(OncePerRequestFilter.java:116)
	at org.apache.catalina.core.ApplicationFilterChain.internalDoFilter(ApplicationFilterChain.java:164)
	at org.apache.catalina.core.ApplicationFilterChain.doFilter(ApplicationFilterChain.java:140)
	at org.springframework.web.filter.CharacterEncodingFilter.doFilterInternal(CharacterEncodingFilter.java:201)
	at org.springframework.web.filter.OncePerRequestFilter.doFilter(OncePerRequestFilter.java:116)
	at org.apache.catalina.core.ApplicationFilterChain.internalDoFilter(ApplicationFilterChain.java:164)
	at org.apache.catalina.core.ApplicationFilterChain.doFilter(ApplicationFilterChain.java:140)
	at org.apache.catalina.core.StandardWrapperValve.invoke(StandardWrapperValve.java:167)
	at org.apache.catalina.core.StandardContextValve.invoke(StandardContextValve.java:90)
	at org.apache.catalina.authenticator.AuthenticatorBase.invoke(AuthenticatorBase.java:483)
	at org.apache.catalina.core.StandardHostValve.invoke(StandardHostValve.java:115)
	at org.apache.catalina.valves.ErrorReportValve.invoke(ErrorReportValve.java:93)
	at org.apache.catalina.core.StandardEngineValve.invoke(StandardEngineValve.java:74)
	at org.apache.catalina.connector.CoyoteAdapter.service(CoyoteAdapter.java:344)
	at org.apache.coyote.http11.Http11Processor.service(Http11Processor.java:397)
	at org.apache.coyote.AbstractProcessorLight.process(AbstractProcessorLight.java:63)
	at org.apache.coyote.AbstractProtocol$ConnectionHandler.process(AbstractProtocol.java:905)
	at org.apache.tomcat.util.net.NioEndpoint$SocketProcessor.doRun(NioEndpoint.java:1743)
	at org.apache.tomcat.util.net.SocketProcessorBase.run(SocketProcessorBase.java:52)
	at org.apache.tomcat.util.threads.ThreadPoolExecutor.runWorker(ThreadPoolExecutor.java:1190)
	at org.apache.tomcat.util.threads.ThreadPoolExecutor$Worker.run(ThreadPoolExecutor.java:659)
	at org.apache.tomcat.util.threads.TaskThread$WrappingRunnable.run(TaskThread.java:63)
	at java.base/java.lang.Thread.run(Thread.java:1575)
2025-04-11 17:20:31.124 [org.springframework.kafka.KafkaListenerEndpointContainer#0-0-C-1] INFO  org.apache.kafka.clients.NetworkClient - [Consumer clientId=consumer-tomge-consumer-group-1, groupId=tomge-consumer-group] Node -1 disconnected.
2025-04-11 17:20:31.124 [org.springframework.kafka.KafkaListenerEndpointContainer#1-0-C-1] INFO  org.apache.kafka.clients.NetworkClient - [Consumer clientId=consumer-tomge-consumer-group-2, groupId=tomge-consumer-group] Node -1 disconnected.
2025-04-11 17:30:31.133 [org.springframework.kafka.KafkaListenerEndpointContainer#0-0-C-1] INFO  org.apache.kafka.clients.NetworkClient - [Consumer clientId=consumer-tomge-consumer-group-1, groupId=tomge-consumer-group] Node -1 disconnected.
2025-04-11 17:30:31.133 [org.springframework.kafka.KafkaListenerEndpointContainer#1-0-C-1] INFO  org.apache.kafka.clients.NetworkClient - [Consumer clientId=consumer-tomge-consumer-group-2, groupId=tomge-consumer-group] Node -1 disconnected.
2025-04-11 17:58:49.516 [kafka-coordinator-heartbeat-thread | tomge-consumer-group] INFO  org.apache.kafka.clients.consumer.internals.ConsumerCoordinator - [Consumer clientId=consumer-tomge-consumer-group-1, groupId=tomge-consumer-group] Group coordinator localhost:9092 (id: 2147483647 rack: null) is unavailable or invalid due to cause: session timed out without receiving a heartbeat response. isDisconnected: false. Rediscovery will be attempted.
2025-04-11 17:58:49.515 [kafka-coordinator-heartbeat-thread | tomge-consumer-group] INFO  org.apache.kafka.clients.consumer.internals.ConsumerCoordinator - [Consumer clientId=consumer-tomge-consumer-group-2, groupId=tomge-consumer-group] Group coordinator localhost:9092 (id: 2147483647 rack: null) is unavailable or invalid due to cause: session timed out without receiving a heartbeat response. isDisconnected: false. Rediscovery will be attempted.
2025-04-11 17:58:49.574 [kafka-coordinator-heartbeat-thread | tomge-consumer-group] INFO  org.apache.kafka.clients.consumer.internals.ConsumerCoordinator - [Consumer clientId=consumer-tomge-consumer-group-1, groupId=tomge-consumer-group] Requesting disconnect from last known coordinator localhost:9092 (id: 2147483647 rack: null)
2025-04-11 17:58:49.576 [kafka-coordinator-heartbeat-thread | tomge-consumer-group] INFO  org.apache.kafka.clients.consumer.internals.ConsumerCoordinator - [Consumer clientId=consumer-tomge-consumer-group-2, groupId=tomge-consumer-group] Requesting disconnect from last known coordinator localhost:9092 (id: 2147483647 rack: null)
2025-04-11 17:58:49.591 [kafka-coordinator-heartbeat-thread | tomge-consumer-group] INFO  org.apache.kafka.clients.NetworkClient - [Consumer clientId=consumer-tomge-consumer-group-2, groupId=tomge-consumer-group] Client requested disconnect from node 2147483647
2025-04-11 17:58:49.591 [org.springframework.kafka.KafkaListenerEndpointContainer#0-0-C-1] INFO  org.apache.kafka.clients.NetworkClient - [Consumer clientId=consumer-tomge-consumer-group-1, groupId=tomge-consumer-group] Client requested disconnect from node 2147483647
2025-04-11 17:58:49.640 [org.springframework.kafka.KafkaListenerEndpointContainer#1-0-C-1] INFO  org.apache.kafka.clients.consumer.internals.ConsumerCoordinator - [Consumer clientId=consumer-tomge-consumer-group-2, groupId=tomge-consumer-group] Discovered group coordinator localhost:9092 (id: 2147483647 rack: null)
2025-04-11 17:58:49.640 [org.springframework.kafka.KafkaListenerEndpointContainer#0-0-C-1] INFO  org.apache.kafka.clients.consumer.internals.ConsumerCoordinator - [Consumer clientId=consumer-tomge-consumer-group-1, groupId=tomge-consumer-group] Discovered group coordinator localhost:9092 (id: 2147483647 rack: null)
2025-04-11 17:58:49.641 [org.springframework.kafka.KafkaListenerEndpointContainer#1-0-C-1] INFO  org.apache.kafka.clients.consumer.internals.ConsumerCoordinator - [Consumer clientId=consumer-tomge-consumer-group-2, groupId=tomge-consumer-group] Group coordinator localhost:9092 (id: 2147483647 rack: null) is unavailable or invalid due to cause: coordinator unavailable. isDisconnected: false. Rediscovery will be attempted.
2025-04-11 17:58:49.641 [org.springframework.kafka.KafkaListenerEndpointContainer#1-0-C-1] INFO  org.apache.kafka.clients.consumer.internals.ConsumerCoordinator - [Consumer clientId=consumer-tomge-consumer-group-2, groupId=tomge-consumer-group] Requesting disconnect from last known coordinator localhost:9092 (id: 2147483647 rack: null)
2025-04-11 17:58:49.641 [org.springframework.kafka.KafkaListenerEndpointContainer#0-0-C-1] INFO  org.apache.kafka.clients.consumer.internals.ConsumerCoordinator - [Consumer clientId=consumer-tomge-consumer-group-1, groupId=tomge-consumer-group] Group coordinator localhost:9092 (id: 2147483647 rack: null) is unavailable or invalid due to cause: coordinator unavailable. isDisconnected: false. Rediscovery will be attempted.
2025-04-11 17:58:49.641 [org.springframework.kafka.KafkaListenerEndpointContainer#0-0-C-1] INFO  org.apache.kafka.clients.consumer.internals.ConsumerCoordinator - [Consumer clientId=consumer-tomge-consumer-group-1, groupId=tomge-consumer-group] Requesting disconnect from last known coordinator localhost:9092 (id: 2147483647 rack: null)
2025-04-11 17:58:49.749 [org.springframework.kafka.KafkaListenerEndpointContainer#0-0-C-1] INFO  org.apache.kafka.clients.consumer.internals.ConsumerCoordinator - [Consumer clientId=consumer-tomge-consumer-group-1, groupId=tomge-consumer-group] Discovered group coordinator localhost:9092 (id: 2147483647 rack: null)
2025-04-11 17:58:49.760 [org.springframework.kafka.KafkaListenerEndpointContainer#1-0-C-1] INFO  org.apache.kafka.clients.consumer.internals.ConsumerCoordinator - [Consumer clientId=consumer-tomge-consumer-group-2, groupId=tomge-consumer-group] Discovered group coordinator localhost:9092 (id: 2147483647 rack: null)
2025-04-11 17:58:54.145 [HikariPool-1 housekeeper] WARN  com.zaxxer.hikari.pool.HikariPool - HikariPool-1 - Thread starvation or clock leap detected (housekeeper delta=2m6s679ms).
2025-04-11 18:55:29.952 [org.springframework.kafka.KafkaListenerEndpointContainer#1-0-C-1] INFO  org.apache.kafka.clients.NetworkClient - [Consumer clientId=consumer-tomge-consumer-group-2, groupId=tomge-consumer-group] Disconnecting from node 0 due to request timeout.
2025-04-11 18:55:29.952 [org.springframework.kafka.KafkaListenerEndpointContainer#0-0-C-1] INFO  org.apache.kafka.clients.NetworkClient - [Consumer clientId=consumer-tomge-consumer-group-1, groupId=tomge-consumer-group] Disconnecting from node 0 due to request timeout.
2025-04-11 18:55:30.052 [org.springframework.kafka.KafkaListenerEndpointContainer#1-0-C-1] INFO  org.apache.kafka.clients.NetworkClient - [Consumer clientId=consumer-tomge-consumer-group-2, groupId=tomge-consumer-group] Cancelled in-flight FETCH request with correlation id 11990 due to node 0 being disconnected (elapsed time since creation: 995358ms, elapsed time since send: 995358ms, request timeout: 30000ms)
2025-04-11 18:55:30.052 [org.springframework.kafka.KafkaListenerEndpointContainer#0-0-C-1] INFO  org.apache.kafka.clients.NetworkClient - [Consumer clientId=consumer-tomge-consumer-group-1, groupId=tomge-consumer-group] Cancelled in-flight FETCH request with correlation id 11989 due to node 0 being disconnected (elapsed time since creation: 995358ms, elapsed time since send: 995358ms, request timeout: 30000ms)
2025-04-11 18:55:30.053 [org.springframework.kafka.KafkaListenerEndpointContainer#0-0-C-1] INFO  org.apache.kafka.clients.FetchSessionHandler - [Consumer clientId=consumer-tomge-consumer-group-1, groupId=tomge-consumer-group] Error sending fetch request (sessionId=1679011212, epoch=10225) to node 0:
org.apache.kafka.common.errors.DisconnectException: null
2025-04-11 18:55:30.053 [kafka-coordinator-heartbeat-thread | tomge-consumer-group] INFO  org.apache.kafka.clients.consumer.internals.ConsumerCoordinator - [Consumer clientId=consumer-tomge-consumer-group-2, groupId=tomge-consumer-group] Group coordinator localhost:9092 (id: 2147483647 rack: null) is unavailable or invalid due to cause: session timed out without receiving a heartbeat response. isDisconnected: false. Rediscovery will be attempted.
2025-04-11 18:55:30.053 [org.springframework.kafka.KafkaListenerEndpointContainer#1-0-C-1] INFO  org.apache.kafka.clients.FetchSessionHandler - [Consumer clientId=consumer-tomge-consumer-group-2, groupId=tomge-consumer-group] Error sending fetch request (sessionId=1510059149, epoch=10225) to node 0:
org.apache.kafka.common.errors.DisconnectException: null
2025-04-11 18:55:30.053 [kafka-coordinator-heartbeat-thread | tomge-consumer-group] INFO  org.apache.kafka.clients.consumer.internals.ConsumerCoordinator - [Consumer clientId=consumer-tomge-consumer-group-1, groupId=tomge-consumer-group] Group coordinator localhost:9092 (id: 2147483647 rack: null) is unavailable or invalid due to cause: session timed out without receiving a heartbeat response. isDisconnected: false. Rediscovery will be attempted.
2025-04-11 18:55:30.053 [kafka-coordinator-heartbeat-thread | tomge-consumer-group] INFO  org.apache.kafka.clients.consumer.internals.ConsumerCoordinator - [Consumer clientId=consumer-tomge-consumer-group-2, groupId=tomge-consumer-group] Requesting disconnect from last known coordinator localhost:9092 (id: 2147483647 rack: null)
2025-04-11 18:55:30.054 [kafka-coordinator-heartbeat-thread | tomge-consumer-group] INFO  org.apache.kafka.clients.consumer.internals.ConsumerCoordinator - [Consumer clientId=consumer-tomge-consumer-group-1, groupId=tomge-consumer-group] Requesting disconnect from last known coordinator localhost:9092 (id: 2147483647 rack: null)
2025-04-11 18:55:30.054 [kafka-coordinator-heartbeat-thread | tomge-consumer-group] INFO  org.apache.kafka.clients.NetworkClient - [Consumer clientId=consumer-tomge-consumer-group-2, groupId=tomge-consumer-group] Client requested disconnect from node 2147483647
2025-04-11 18:55:30.054 [kafka-coordinator-heartbeat-thread | tomge-consumer-group] INFO  org.apache.kafka.clients.NetworkClient - [Consumer clientId=consumer-tomge-consumer-group-1, groupId=tomge-consumer-group] Client requested disconnect from node 2147483647
2025-04-11 18:55:30.076 [org.springframework.kafka.KafkaListenerEndpointContainer#0-0-C-1] INFO  org.apache.kafka.clients.consumer.internals.ConsumerCoordinator - [Consumer clientId=consumer-tomge-consumer-group-1, groupId=tomge-consumer-group] Discovered group coordinator localhost:9092 (id: 2147483647 rack: null)
2025-04-11 18:55:30.076 [org.springframework.kafka.KafkaListenerEndpointContainer#0-0-C-1] INFO  org.apache.kafka.clients.consumer.internals.ConsumerCoordinator - [Consumer clientId=consumer-tomge-consumer-group-1, groupId=tomge-consumer-group] Group coordinator localhost:9092 (id: 2147483647 rack: null) is unavailable or invalid due to cause: coordinator unavailable. isDisconnected: false. Rediscovery will be attempted.
2025-04-11 18:55:30.076 [org.springframework.kafka.KafkaListenerEndpointContainer#0-0-C-1] INFO  org.apache.kafka.clients.consumer.internals.ConsumerCoordinator - [Consumer clientId=consumer-tomge-consumer-group-1, groupId=tomge-consumer-group] Requesting disconnect from last known coordinator localhost:9092 (id: 2147483647 rack: null)
2025-04-11 18:55:30.077 [org.springframework.kafka.KafkaListenerEndpointContainer#1-0-C-1] INFO  org.apache.kafka.clients.consumer.internals.ConsumerCoordinator - [Consumer clientId=consumer-tomge-consumer-group-2, groupId=tomge-consumer-group] Discovered group coordinator localhost:9092 (id: 2147483647 rack: null)
2025-04-11 18:55:30.077 [org.springframework.kafka.KafkaListenerEndpointContainer#1-0-C-1] INFO  org.apache.kafka.clients.consumer.internals.ConsumerCoordinator - [Consumer clientId=consumer-tomge-consumer-group-2, groupId=tomge-consumer-group] Group coordinator localhost:9092 (id: 2147483647 rack: null) is unavailable or invalid due to cause: coordinator unavailable. isDisconnected: false. Rediscovery will be attempted.
2025-04-11 18:55:30.077 [org.springframework.kafka.KafkaListenerEndpointContainer#1-0-C-1] INFO  org.apache.kafka.clients.consumer.internals.ConsumerCoordinator - [Consumer clientId=consumer-tomge-consumer-group-2, groupId=tomge-consumer-group] Requesting disconnect from last known coordinator localhost:9092 (id: 2147483647 rack: null)
2025-04-11 18:55:30.171 [org.springframework.kafka.KafkaListenerEndpointContainer#0-0-C-1] INFO  org.apache.kafka.clients.consumer.internals.ConsumerCoordinator - [Consumer clientId=consumer-tomge-consumer-group-1, groupId=tomge-consumer-group] Discovered group coordinator localhost:9092 (id: 2147483647 rack: null)
2025-04-11 18:55:30.183 [org.springframework.kafka.KafkaListenerEndpointContainer#1-0-C-1] INFO  org.apache.kafka.clients.consumer.internals.ConsumerCoordinator - [Consumer clientId=consumer-tomge-consumer-group-2, groupId=tomge-consumer-group] Discovered group coordinator localhost:9092 (id: 2147483647 rack: null)
2025-04-11 19:12:49.946 [kafka-coordinator-heartbeat-thread | tomge-consumer-group] INFO  org.apache.kafka.clients.consumer.internals.ConsumerCoordinator - [Consumer clientId=consumer-tomge-consumer-group-2, groupId=tomge-consumer-group] Group coordinator localhost:9092 (id: 2147483647 rack: null) is unavailable or invalid due to cause: session timed out without receiving a heartbeat response. isDisconnected: false. Rediscovery will be attempted.
2025-04-11 19:12:49.946 [kafka-coordinator-heartbeat-thread | tomge-consumer-group] INFO  org.apache.kafka.clients.consumer.internals.ConsumerCoordinator - [Consumer clientId=consumer-tomge-consumer-group-2, groupId=tomge-consumer-group] Requesting disconnect from last known coordinator localhost:9092 (id: 2147483647 rack: null)
2025-04-11 19:12:49.946 [kafka-coordinator-heartbeat-thread | tomge-consumer-group] INFO  org.apache.kafka.clients.consumer.internals.ConsumerCoordinator - [Consumer clientId=consumer-tomge-consumer-group-1, groupId=tomge-consumer-group] Group coordinator localhost:9092 (id: 2147483647 rack: null) is unavailable or invalid due to cause: session timed out without receiving a heartbeat response. isDisconnected: false. Rediscovery will be attempted.
2025-04-11 19:12:49.946 [kafka-coordinator-heartbeat-thread | tomge-consumer-group] INFO  org.apache.kafka.clients.NetworkClient - [Consumer clientId=consumer-tomge-consumer-group-2, groupId=tomge-consumer-group] Client requested disconnect from node 2147483647
2025-04-11 19:12:49.947 [kafka-coordinator-heartbeat-thread | tomge-consumer-group] INFO  org.apache.kafka.clients.consumer.internals.ConsumerCoordinator - [Consumer clientId=consumer-tomge-consumer-group-1, groupId=tomge-consumer-group] Requesting disconnect from last known coordinator localhost:9092 (id: 2147483647 rack: null)
2025-04-11 19:12:49.947 [kafka-coordinator-heartbeat-thread | tomge-consumer-group] INFO  org.apache.kafka.clients.NetworkClient - [Consumer clientId=consumer-tomge-consumer-group-1, groupId=tomge-consumer-group] Client requested disconnect from node 2147483647
2025-04-11 19:12:49.948 [org.springframework.kafka.KafkaListenerEndpointContainer#1-0-C-1] INFO  org.apache.kafka.clients.consumer.internals.ConsumerCoordinator - [Consumer clientId=consumer-tomge-consumer-group-2, groupId=tomge-consumer-group] Discovered group coordinator localhost:9092 (id: 2147483647 rack: null)
2025-04-11 19:12:49.948 [org.springframework.kafka.KafkaListenerEndpointContainer#0-0-C-1] INFO  org.apache.kafka.clients.consumer.internals.ConsumerCoordinator - [Consumer clientId=consumer-tomge-consumer-group-1, groupId=tomge-consumer-group] Discovered group coordinator localhost:9092 (id: 2147483647 rack: null)
2025-04-11 19:12:49.948 [org.springframework.kafka.KafkaListenerEndpointContainer#1-0-C-1] INFO  org.apache.kafka.clients.consumer.internals.ConsumerCoordinator - [Consumer clientId=consumer-tomge-consumer-group-2, groupId=tomge-consumer-group] Group coordinator localhost:9092 (id: 2147483647 rack: null) is unavailable or invalid due to cause: coordinator unavailable. isDisconnected: false. Rediscovery will be attempted.
2025-04-11 19:12:49.948 [org.springframework.kafka.KafkaListenerEndpointContainer#0-0-C-1] INFO  org.apache.kafka.clients.consumer.internals.ConsumerCoordinator - [Consumer clientId=consumer-tomge-consumer-group-1, groupId=tomge-consumer-group] Group coordinator localhost:9092 (id: 2147483647 rack: null) is unavailable or invalid due to cause: coordinator unavailable. isDisconnected: false. Rediscovery will be attempted.
2025-04-11 19:12:49.948 [org.springframework.kafka.KafkaListenerEndpointContainer#1-0-C-1] INFO  org.apache.kafka.clients.consumer.internals.ConsumerCoordinator - [Consumer clientId=consumer-tomge-consumer-group-2, groupId=tomge-consumer-group] Requesting disconnect from last known coordinator localhost:9092 (id: 2147483647 rack: null)
2025-04-11 19:12:49.948 [org.springframework.kafka.KafkaListenerEndpointContainer#0-0-C-1] INFO  org.apache.kafka.clients.consumer.internals.ConsumerCoordinator - [Consumer clientId=consumer-tomge-consumer-group-1, groupId=tomge-consumer-group] Requesting disconnect from last known coordinator localhost:9092 (id: 2147483647 rack: null)
2025-04-11 19:12:50.040 [org.springframework.kafka.KafkaListenerEndpointContainer#0-0-C-1] INFO  org.apache.kafka.clients.consumer.internals.ConsumerCoordinator - [Consumer clientId=consumer-tomge-consumer-group-1, groupId=tomge-consumer-group] Discovered group coordinator localhost:9092 (id: 2147483647 rack: null)
2025-04-11 19:12:50.051 [org.springframework.kafka.KafkaListenerEndpointContainer#1-0-C-1] INFO  org.apache.kafka.clients.consumer.internals.ConsumerCoordinator - [Consumer clientId=consumer-tomge-consumer-group-2, groupId=tomge-consumer-group] Discovered group coordinator localhost:9092 (id: 2147483647 rack: null)
2025-04-11 19:29:19.172 [kafka-coordinator-heartbeat-thread | tomge-consumer-group] INFO  org.apache.kafka.clients.consumer.internals.ConsumerCoordinator - [Consumer clientId=consumer-tomge-consumer-group-1, groupId=tomge-consumer-group] Group coordinator localhost:9092 (id: 2147483647 rack: null) is unavailable or invalid due to cause: session timed out without receiving a heartbeat response. isDisconnected: false. Rediscovery will be attempted.
2025-04-11 19:29:19.172 [kafka-coordinator-heartbeat-thread | tomge-consumer-group] INFO  org.apache.kafka.clients.consumer.internals.ConsumerCoordinator - [Consumer clientId=consumer-tomge-consumer-group-1, groupId=tomge-consumer-group] Requesting disconnect from last known coordinator localhost:9092 (id: 2147483647 rack: null)
2025-04-11 19:29:19.172 [kafka-coordinator-heartbeat-thread | tomge-consumer-group] INFO  org.apache.kafka.clients.consumer.internals.ConsumerCoordinator - [Consumer clientId=consumer-tomge-consumer-group-2, groupId=tomge-consumer-group] Group coordinator localhost:9092 (id: 2147483647 rack: null) is unavailable or invalid due to cause: session timed out without receiving a heartbeat response. isDisconnected: false. Rediscovery will be attempted.
2025-04-11 19:29:19.172 [kafka-coordinator-heartbeat-thread | tomge-consumer-group] INFO  org.apache.kafka.clients.NetworkClient - [Consumer clientId=consumer-tomge-consumer-group-1, groupId=tomge-consumer-group] Client requested disconnect from node 2147483647
2025-04-11 19:29:19.172 [kafka-coordinator-heartbeat-thread | tomge-consumer-group] INFO  org.apache.kafka.clients.consumer.internals.ConsumerCoordinator - [Consumer clientId=consumer-tomge-consumer-group-2, groupId=tomge-consumer-group] Requesting disconnect from last known coordinator localhost:9092 (id: 2147483647 rack: null)
2025-04-11 19:29:19.173 [kafka-coordinator-heartbeat-thread | tomge-consumer-group] INFO  org.apache.kafka.clients.NetworkClient - [Consumer clientId=consumer-tomge-consumer-group-2, groupId=tomge-consumer-group] Client requested disconnect from node 2147483647
2025-04-11 19:29:19.174 [org.springframework.kafka.KafkaListenerEndpointContainer#1-0-C-1] INFO  org.apache.kafka.clients.consumer.internals.ConsumerCoordinator - [Consumer clientId=consumer-tomge-consumer-group-2, groupId=tomge-consumer-group] Discovered group coordinator localhost:9092 (id: 2147483647 rack: null)
2025-04-11 19:29:19.174 [org.springframework.kafka.KafkaListenerEndpointContainer#0-0-C-1] INFO  org.apache.kafka.clients.consumer.internals.ConsumerCoordinator - [Consumer clientId=consumer-tomge-consumer-group-1, groupId=tomge-consumer-group] Discovered group coordinator localhost:9092 (id: 2147483647 rack: null)
2025-04-11 19:29:19.174 [org.springframework.kafka.KafkaListenerEndpointContainer#1-0-C-1] INFO  org.apache.kafka.clients.consumer.internals.ConsumerCoordinator - [Consumer clientId=consumer-tomge-consumer-group-2, groupId=tomge-consumer-group] Group coordinator localhost:9092 (id: 2147483647 rack: null) is unavailable or invalid due to cause: coordinator unavailable. isDisconnected: false. Rediscovery will be attempted.
2025-04-11 19:29:19.174 [org.springframework.kafka.KafkaListenerEndpointContainer#1-0-C-1] INFO  org.apache.kafka.clients.consumer.internals.ConsumerCoordinator - [Consumer clientId=consumer-tomge-consumer-group-2, groupId=tomge-consumer-group] Requesting disconnect from last known coordinator localhost:9092 (id: 2147483647 rack: null)
2025-04-11 19:29:19.174 [org.springframework.kafka.KafkaListenerEndpointContainer#0-0-C-1] INFO  org.apache.kafka.clients.consumer.internals.ConsumerCoordinator - [Consumer clientId=consumer-tomge-consumer-group-1, groupId=tomge-consumer-group] Group coordinator localhost:9092 (id: 2147483647 rack: null) is unavailable or invalid due to cause: coordinator unavailable. isDisconnected: false. Rediscovery will be attempted.
2025-04-11 19:29:19.174 [org.springframework.kafka.KafkaListenerEndpointContainer#0-0-C-1] INFO  org.apache.kafka.clients.consumer.internals.ConsumerCoordinator - [Consumer clientId=consumer-tomge-consumer-group-1, groupId=tomge-consumer-group] Requesting disconnect from last known coordinator localhost:9092 (id: 2147483647 rack: null)
2025-04-11 19:29:19.278 [org.springframework.kafka.KafkaListenerEndpointContainer#0-0-C-1] INFO  org.apache.kafka.clients.consumer.internals.ConsumerCoordinator - [Consumer clientId=consumer-tomge-consumer-group-1, groupId=tomge-consumer-group] Discovered group coordinator localhost:9092 (id: 2147483647 rack: null)
2025-04-11 19:29:19.286 [org.springframework.kafka.KafkaListenerEndpointContainer#1-0-C-1] INFO  org.apache.kafka.clients.consumer.internals.ConsumerCoordinator - [Consumer clientId=consumer-tomge-consumer-group-2, groupId=tomge-consumer-group] Discovered group coordinator localhost:9092 (id: 2147483647 rack: null)
2025-04-11 19:44:55.934 [org.springframework.kafka.KafkaListenerEndpointContainer#0-0-C-1] INFO  org.apache.kafka.clients.NetworkClient - [Consumer clientId=consumer-tomge-consumer-group-1, groupId=tomge-consumer-group] Disconnecting from node 0 due to request timeout.
2025-04-11 19:44:55.934 [org.springframework.kafka.KafkaListenerEndpointContainer#1-0-C-1] INFO  org.apache.kafka.clients.NetworkClient - [Consumer clientId=consumer-tomge-consumer-group-2, groupId=tomge-consumer-group] Disconnecting from node 0 due to request timeout.
2025-04-11 19:44:55.934 [org.springframework.kafka.KafkaListenerEndpointContainer#0-0-C-1] INFO  org.apache.kafka.clients.NetworkClient - [Consumer clientId=consumer-tomge-consumer-group-1, groupId=tomge-consumer-group] Cancelled in-flight FETCH request with correlation id 12047 due to node 0 being disconnected (elapsed time since creation: 932122ms, elapsed time since send: 932122ms, request timeout: 30000ms)
2025-04-11 19:44:55.935 [org.springframework.kafka.KafkaListenerEndpointContainer#1-0-C-1] INFO  org.apache.kafka.clients.NetworkClient - [Consumer clientId=consumer-tomge-consumer-group-2, groupId=tomge-consumer-group] Cancelled in-flight FETCH request with correlation id 12048 due to node 0 being disconnected (elapsed time since creation: 932122ms, elapsed time since send: 932122ms, request timeout: 30000ms)
2025-04-11 19:44:55.935 [org.springframework.kafka.KafkaListenerEndpointContainer#0-0-C-1] INFO  org.apache.kafka.clients.FetchSessionHandler - [Consumer clientId=consumer-tomge-consumer-group-1, groupId=tomge-consumer-group] Error sending fetch request (sessionId=1880898976, epoch=34) to node 0:
org.apache.kafka.common.errors.DisconnectException: null
2025-04-11 19:44:55.935 [org.springframework.kafka.KafkaListenerEndpointContainer#1-0-C-1] INFO  org.apache.kafka.clients.FetchSessionHandler - [Consumer clientId=consumer-tomge-consumer-group-2, groupId=tomge-consumer-group] Error sending fetch request (sessionId=39949151, epoch=34) to node 0:
org.apache.kafka.common.errors.DisconnectException: null
2025-04-11 19:44:55.935 [kafka-coordinator-heartbeat-thread | tomge-consumer-group] INFO  org.apache.kafka.clients.consumer.internals.ConsumerCoordinator - [Consumer clientId=consumer-tomge-consumer-group-1, groupId=tomge-consumer-group] Group coordinator localhost:9092 (id: 2147483647 rack: null) is unavailable or invalid due to cause: session timed out without receiving a heartbeat response. isDisconnected: false. Rediscovery will be attempted.
2025-04-11 19:44:55.935 [kafka-coordinator-heartbeat-thread | tomge-consumer-group] INFO  org.apache.kafka.clients.consumer.internals.ConsumerCoordinator - [Consumer clientId=consumer-tomge-consumer-group-2, groupId=tomge-consumer-group] Group coordinator localhost:9092 (id: 2147483647 rack: null) is unavailable or invalid due to cause: session timed out without receiving a heartbeat response. isDisconnected: false. Rediscovery will be attempted.
2025-04-11 19:44:55.935 [kafka-coordinator-heartbeat-thread | tomge-consumer-group] INFO  org.apache.kafka.clients.consumer.internals.ConsumerCoordinator - [Consumer clientId=consumer-tomge-consumer-group-1, groupId=tomge-consumer-group] Requesting disconnect from last known coordinator localhost:9092 (id: 2147483647 rack: null)
2025-04-11 19:44:55.935 [kafka-coordinator-heartbeat-thread | tomge-consumer-group] INFO  org.apache.kafka.clients.consumer.internals.ConsumerCoordinator - [Consumer clientId=consumer-tomge-consumer-group-2, groupId=tomge-consumer-group] Requesting disconnect from last known coordinator localhost:9092 (id: 2147483647 rack: null)
2025-04-11 19:44:55.935 [kafka-coordinator-heartbeat-thread | tomge-consumer-group] INFO  org.apache.kafka.clients.NetworkClient - [Consumer clientId=consumer-tomge-consumer-group-1, groupId=tomge-consumer-group] Client requested disconnect from node 2147483647
2025-04-11 19:44:55.935 [kafka-coordinator-heartbeat-thread | tomge-consumer-group] INFO  org.apache.kafka.clients.NetworkClient - [Consumer clientId=consumer-tomge-consumer-group-2, groupId=tomge-consumer-group] Client requested disconnect from node 2147483647
2025-04-11 19:44:56.058 [org.springframework.kafka.KafkaListenerEndpointContainer#0-0-C-1] INFO  org.apache.kafka.clients.consumer.internals.ConsumerCoordinator - [Consumer clientId=consumer-tomge-consumer-group-1, groupId=tomge-consumer-group] Discovered group coordinator localhost:9092 (id: 2147483647 rack: null)
2025-04-11 19:44:56.060 [org.springframework.kafka.KafkaListenerEndpointContainer#1-0-C-1] INFO  org.apache.kafka.clients.consumer.internals.ConsumerCoordinator - [Consumer clientId=consumer-tomge-consumer-group-2, groupId=tomge-consumer-group] Discovered group coordinator localhost:9092 (id: 2147483647 rack: null)
2025-04-11 19:51:14.184 [kafka-coordinator-heartbeat-thread | tomge-consumer-group] INFO  org.apache.kafka.clients.consumer.internals.ConsumerCoordinator - [Consumer clientId=consumer-tomge-consumer-group-2, groupId=tomge-consumer-group] Group coordinator localhost:9092 (id: 2147483647 rack: null) is unavailable or invalid due to cause: session timed out without receiving a heartbeat response. isDisconnected: false. Rediscovery will be attempted.
2025-04-11 19:51:14.185 [kafka-coordinator-heartbeat-thread | tomge-consumer-group] INFO  org.apache.kafka.clients.consumer.internals.ConsumerCoordinator - [Consumer clientId=consumer-tomge-consumer-group-1, groupId=tomge-consumer-group] Group coordinator localhost:9092 (id: 2147483647 rack: null) is unavailable or invalid due to cause: session timed out without receiving a heartbeat response. isDisconnected: false. Rediscovery will be attempted.
2025-04-11 19:51:14.185 [kafka-coordinator-heartbeat-thread | tomge-consumer-group] INFO  org.apache.kafka.clients.consumer.internals.ConsumerCoordinator - [Consumer clientId=consumer-tomge-consumer-group-2, groupId=tomge-consumer-group] Requesting disconnect from last known coordinator localhost:9092 (id: 2147483647 rack: null)
2025-04-11 19:51:14.185 [kafka-coordinator-heartbeat-thread | tomge-consumer-group] INFO  org.apache.kafka.clients.consumer.internals.ConsumerCoordinator - [Consumer clientId=consumer-tomge-consumer-group-1, groupId=tomge-consumer-group] Requesting disconnect from last known coordinator localhost:9092 (id: 2147483647 rack: null)
2025-04-11 19:51:14.185 [kafka-coordinator-heartbeat-thread | tomge-consumer-group] INFO  org.apache.kafka.clients.NetworkClient - [Consumer clientId=consumer-tomge-consumer-group-2, groupId=tomge-consumer-group] Client requested disconnect from node 2147483647
2025-04-11 19:51:14.185 [kafka-coordinator-heartbeat-thread | tomge-consumer-group] INFO  org.apache.kafka.clients.NetworkClient - [Consumer clientId=consumer-tomge-consumer-group-1, groupId=tomge-consumer-group] Client requested disconnect from node 2147483647
2025-04-11 19:51:14.186 [org.springframework.kafka.KafkaListenerEndpointContainer#1-0-C-1] INFO  org.apache.kafka.clients.consumer.internals.ConsumerCoordinator - [Consumer clientId=consumer-tomge-consumer-group-2, groupId=tomge-consumer-group] Discovered group coordinator localhost:9092 (id: 2147483647 rack: null)
2025-04-11 19:51:14.186 [org.springframework.kafka.KafkaListenerEndpointContainer#0-0-C-1] INFO  org.apache.kafka.clients.consumer.internals.ConsumerCoordinator - [Consumer clientId=consumer-tomge-consumer-group-1, groupId=tomge-consumer-group] Discovered group coordinator localhost:9092 (id: 2147483647 rack: null)
2025-04-11 19:51:14.186 [org.springframework.kafka.KafkaListenerEndpointContainer#1-0-C-1] INFO  org.apache.kafka.clients.consumer.internals.ConsumerCoordinator - [Consumer clientId=consumer-tomge-consumer-group-2, groupId=tomge-consumer-group] Group coordinator localhost:9092 (id: 2147483647 rack: null) is unavailable or invalid due to cause: coordinator unavailable. isDisconnected: false. Rediscovery will be attempted.
2025-04-11 19:51:14.186 [org.springframework.kafka.KafkaListenerEndpointContainer#0-0-C-1] INFO  org.apache.kafka.clients.consumer.internals.ConsumerCoordinator - [Consumer clientId=consumer-tomge-consumer-group-1, groupId=tomge-consumer-group] Group coordinator localhost:9092 (id: 2147483647 rack: null) is unavailable or invalid due to cause: coordinator unavailable. isDisconnected: false. Rediscovery will be attempted.
2025-04-11 19:51:14.186 [org.springframework.kafka.KafkaListenerEndpointContainer#1-0-C-1] INFO  org.apache.kafka.clients.consumer.internals.ConsumerCoordinator - [Consumer clientId=consumer-tomge-consumer-group-2, groupId=tomge-consumer-group] Requesting disconnect from last known coordinator localhost:9092 (id: 2147483647 rack: null)
2025-04-11 19:51:14.186 [org.springframework.kafka.KafkaListenerEndpointContainer#0-0-C-1] INFO  org.apache.kafka.clients.consumer.internals.ConsumerCoordinator - [Consumer clientId=consumer-tomge-consumer-group-1, groupId=tomge-consumer-group] Requesting disconnect from last known coordinator localhost:9092 (id: 2147483647 rack: null)
2025-04-11 19:51:14.272 [org.springframework.kafka.KafkaListenerEndpointContainer#1-0-C-1] INFO  org.apache.kafka.clients.consumer.internals.ConsumerCoordinator - [Consumer clientId=consumer-tomge-consumer-group-2, groupId=tomge-consumer-group] Discovered group coordinator localhost:9092 (id: 2147483647 rack: null)
2025-04-11 19:51:14.277 [org.springframework.kafka.KafkaListenerEndpointContainer#0-0-C-1] INFO  org.apache.kafka.clients.consumer.internals.ConsumerCoordinator - [Consumer clientId=consumer-tomge-consumer-group-1, groupId=tomge-consumer-group] Discovered group coordinator localhost:9092 (id: 2147483647 rack: null)
2025-04-11 19:51:20.003 [HikariPool-1 housekeeper] WARN  com.zaxxer.hikari.pool.HikariPool - HikariPool-1 - Thread starvation or clock leap detected (housekeeper delta=1h12m25s561ms).
2025-04-11 19:54:38.665 [kafka-coordinator-heartbeat-thread | tomge-consumer-group] INFO  org.apache.kafka.clients.consumer.internals.ConsumerCoordinator - [Consumer clientId=consumer-tomge-consumer-group-1, groupId=tomge-consumer-group] Group coordinator localhost:9092 (id: 2147483647 rack: null) is unavailable or invalid due to cause: session timed out without receiving a heartbeat response. isDisconnected: false. Rediscovery will be attempted.
2025-04-11 19:54:38.665 [kafka-coordinator-heartbeat-thread | tomge-consumer-group] INFO  org.apache.kafka.clients.consumer.internals.ConsumerCoordinator - [Consumer clientId=consumer-tomge-consumer-group-2, groupId=tomge-consumer-group] Group coordinator localhost:9092 (id: 2147483647 rack: null) is unavailable or invalid due to cause: session timed out without receiving a heartbeat response. isDisconnected: false. Rediscovery will be attempted.
2025-04-11 19:54:38.666 [kafka-coordinator-heartbeat-thread | tomge-consumer-group] INFO  org.apache.kafka.clients.consumer.internals.ConsumerCoordinator - [Consumer clientId=consumer-tomge-consumer-group-1, groupId=tomge-consumer-group] Requesting disconnect from last known coordinator localhost:9092 (id: 2147483647 rack: null)
2025-04-11 19:54:38.666 [kafka-coordinator-heartbeat-thread | tomge-consumer-group] INFO  org.apache.kafka.clients.consumer.internals.ConsumerCoordinator - [Consumer clientId=consumer-tomge-consumer-group-2, groupId=tomge-consumer-group] Requesting disconnect from last known coordinator localhost:9092 (id: 2147483647 rack: null)
2025-04-11 19:54:38.666 [kafka-coordinator-heartbeat-thread | tomge-consumer-group] INFO  org.apache.kafka.clients.NetworkClient - [Consumer clientId=consumer-tomge-consumer-group-1, groupId=tomge-consumer-group] Client requested disconnect from node 2147483647
2025-04-11 19:54:38.666 [kafka-coordinator-heartbeat-thread | tomge-consumer-group] INFO  org.apache.kafka.clients.NetworkClient - [Consumer clientId=consumer-tomge-consumer-group-2, groupId=tomge-consumer-group] Client requested disconnect from node 2147483647
2025-04-11 19:54:38.668 [org.springframework.kafka.KafkaListenerEndpointContainer#0-0-C-1] INFO  org.apache.kafka.clients.consumer.internals.ConsumerCoordinator - [Consumer clientId=consumer-tomge-consumer-group-1, groupId=tomge-consumer-group] Discovered group coordinator localhost:9092 (id: 2147483647 rack: null)
2025-04-11 19:54:38.668 [org.springframework.kafka.KafkaListenerEndpointContainer#1-0-C-1] INFO  org.apache.kafka.clients.consumer.internals.ConsumerCoordinator - [Consumer clientId=consumer-tomge-consumer-group-2, groupId=tomge-consumer-group] Discovered group coordinator localhost:9092 (id: 2147483647 rack: null)
2025-04-11 19:54:38.669 [org.springframework.kafka.KafkaListenerEndpointContainer#0-0-C-1] INFO  org.apache.kafka.clients.consumer.internals.ConsumerCoordinator - [Consumer clientId=consumer-tomge-consumer-group-1, groupId=tomge-consumer-group] Group coordinator localhost:9092 (id: 2147483647 rack: null) is unavailable or invalid due to cause: coordinator unavailable. isDisconnected: false. Rediscovery will be attempted.
2025-04-11 19:54:38.669 [org.springframework.kafka.KafkaListenerEndpointContainer#1-0-C-1] INFO  org.apache.kafka.clients.consumer.internals.ConsumerCoordinator - [Consumer clientId=consumer-tomge-consumer-group-2, groupId=tomge-consumer-group] Group coordinator localhost:9092 (id: 2147483647 rack: null) is unavailable or invalid due to cause: coordinator unavailable. isDisconnected: false. Rediscovery will be attempted.
2025-04-11 19:54:38.669 [org.springframework.kafka.KafkaListenerEndpointContainer#0-0-C-1] INFO  org.apache.kafka.clients.consumer.internals.ConsumerCoordinator - [Consumer clientId=consumer-tomge-consumer-group-1, groupId=tomge-consumer-group] Requesting disconnect from last known coordinator localhost:9092 (id: 2147483647 rack: null)
2025-04-11 19:54:38.669 [org.springframework.kafka.KafkaListenerEndpointContainer#1-0-C-1] INFO  org.apache.kafka.clients.consumer.internals.ConsumerCoordinator - [Consumer clientId=consumer-tomge-consumer-group-2, groupId=tomge-consumer-group] Requesting disconnect from last known coordinator localhost:9092 (id: 2147483647 rack: null)
2025-04-11 19:54:38.751 [org.springframework.kafka.KafkaListenerEndpointContainer#0-0-C-1] INFO  org.apache.kafka.clients.consumer.internals.ConsumerCoordinator - [Consumer clientId=consumer-tomge-consumer-group-1, groupId=tomge-consumer-group] Discovered group coordinator localhost:9092 (id: 2147483647 rack: null)
2025-04-11 19:54:38.776 [org.springframework.kafka.KafkaListenerEndpointContainer#1-0-C-1] INFO  org.apache.kafka.clients.consumer.internals.ConsumerCoordinator - [Consumer clientId=consumer-tomge-consumer-group-2, groupId=tomge-consumer-group] Discovered group coordinator localhost:9092 (id: 2147483647 rack: null)
2025-04-11 19:54:41.635 [HikariPool-1 housekeeper] WARN  com.zaxxer.hikari.pool.HikariPool - HikariPool-1 - Thread starvation or clock leap detected (housekeeper delta=3m21s632ms).
2025-04-11 20:10:05.086 [kafka-coordinator-heartbeat-thread | tomge-consumer-group] INFO  org.apache.kafka.clients.consumer.internals.ConsumerCoordinator - [Consumer clientId=consumer-tomge-consumer-group-1, groupId=tomge-consumer-group] Group coordinator localhost:9092 (id: 2147483647 rack: null) is unavailable or invalid due to cause: session timed out without receiving a heartbeat response. isDisconnected: false. Rediscovery will be attempted.
2025-04-11 20:10:05.086 [kafka-coordinator-heartbeat-thread | tomge-consumer-group] INFO  org.apache.kafka.clients.consumer.internals.ConsumerCoordinator - [Consumer clientId=consumer-tomge-consumer-group-1, groupId=tomge-consumer-group] Requesting disconnect from last known coordinator localhost:9092 (id: 2147483647 rack: null)
2025-04-11 20:10:05.086 [kafka-coordinator-heartbeat-thread | tomge-consumer-group] INFO  org.apache.kafka.clients.NetworkClient - [Consumer clientId=consumer-tomge-consumer-group-1, groupId=tomge-consumer-group] Client requested disconnect from node 2147483647
2025-04-11 20:10:05.088 [org.springframework.kafka.KafkaListenerEndpointContainer#0-0-C-1] INFO  org.apache.kafka.clients.consumer.internals.ConsumerCoordinator - [Consumer clientId=consumer-tomge-consumer-group-1, groupId=tomge-consumer-group] Discovered group coordinator localhost:9092 (id: 2147483647 rack: null)
2025-04-11 20:10:05.088 [org.springframework.kafka.KafkaListenerEndpointContainer#0-0-C-1] INFO  org.apache.kafka.clients.consumer.internals.ConsumerCoordinator - [Consumer clientId=consumer-tomge-consumer-group-1, groupId=tomge-consumer-group] Group coordinator localhost:9092 (id: 2147483647 rack: null) is unavailable or invalid due to cause: coordinator unavailable. isDisconnected: false. Rediscovery will be attempted.
2025-04-11 20:10:05.088 [org.springframework.kafka.KafkaListenerEndpointContainer#0-0-C-1] INFO  org.apache.kafka.clients.consumer.internals.ConsumerCoordinator - [Consumer clientId=consumer-tomge-consumer-group-1, groupId=tomge-consumer-group] Requesting disconnect from last known coordinator localhost:9092 (id: 2147483647 rack: null)
2025-04-11 20:10:05.114 [kafka-coordinator-heartbeat-thread | tomge-consumer-group] INFO  org.apache.kafka.clients.consumer.internals.ConsumerCoordinator - [Consumer clientId=consumer-tomge-consumer-group-2, groupId=tomge-consumer-group] Group coordinator localhost:9092 (id: 2147483647 rack: null) is unavailable or invalid due to cause: session timed out without receiving a heartbeat response. isDisconnected: false. Rediscovery will be attempted.
2025-04-11 20:10:05.114 [kafka-coordinator-heartbeat-thread | tomge-consumer-group] INFO  org.apache.kafka.clients.consumer.internals.ConsumerCoordinator - [Consumer clientId=consumer-tomge-consumer-group-2, groupId=tomge-consumer-group] Requesting disconnect from last known coordinator localhost:9092 (id: 2147483647 rack: null)
2025-04-11 20:10:05.114 [kafka-coordinator-heartbeat-thread | tomge-consumer-group] INFO  org.apache.kafka.clients.NetworkClient - [Consumer clientId=consumer-tomge-consumer-group-2, groupId=tomge-consumer-group] Client requested disconnect from node 2147483647
2025-04-11 20:10:05.115 [org.springframework.kafka.KafkaListenerEndpointContainer#1-0-C-1] INFO  org.apache.kafka.clients.consumer.internals.ConsumerCoordinator - [Consumer clientId=consumer-tomge-consumer-group-2, groupId=tomge-consumer-group] Discovered group coordinator localhost:9092 (id: 2147483647 rack: null)
2025-04-11 20:10:05.115 [org.springframework.kafka.KafkaListenerEndpointContainer#1-0-C-1] INFO  org.apache.kafka.clients.consumer.internals.ConsumerCoordinator - [Consumer clientId=consumer-tomge-consumer-group-2, groupId=tomge-consumer-group] Group coordinator localhost:9092 (id: 2147483647 rack: null) is unavailable or invalid due to cause: coordinator unavailable. isDisconnected: false. Rediscovery will be attempted.
2025-04-11 20:10:05.115 [org.springframework.kafka.KafkaListenerEndpointContainer#1-0-C-1] INFO  org.apache.kafka.clients.consumer.internals.ConsumerCoordinator - [Consumer clientId=consumer-tomge-consumer-group-2, groupId=tomge-consumer-group] Requesting disconnect from last known coordinator localhost:9092 (id: 2147483647 rack: null)
2025-04-11 20:10:05.191 [org.springframework.kafka.KafkaListenerEndpointContainer#0-0-C-1] INFO  org.apache.kafka.clients.consumer.internals.ConsumerCoordinator - [Consumer clientId=consumer-tomge-consumer-group-1, groupId=tomge-consumer-group] Discovered group coordinator localhost:9092 (id: 2147483647 rack: null)
2025-04-11 20:10:05.234 [org.springframework.kafka.KafkaListenerEndpointContainer#1-0-C-1] INFO  org.apache.kafka.clients.consumer.internals.ConsumerCoordinator - [Consumer clientId=consumer-tomge-consumer-group-2, groupId=tomge-consumer-group] Discovered group coordinator localhost:9092 (id: 2147483647 rack: null)
2025-04-11 20:27:33.926 [org.springframework.kafka.KafkaListenerEndpointContainer#0-0-C-1] INFO  org.apache.kafka.clients.NetworkClient - [Consumer clientId=consumer-tomge-consumer-group-1, groupId=tomge-consumer-group] Disconnecting from node 0 due to request timeout.
2025-04-11 20:27:33.927 [org.springframework.kafka.KafkaListenerEndpointContainer#0-0-C-1] INFO  org.apache.kafka.clients.NetworkClient - [Consumer clientId=consumer-tomge-consumer-group-1, groupId=tomge-consumer-group] Cancelled in-flight FETCH request with correlation id 12184 due to node 0 being disconnected (elapsed time since creation: 1044198ms, elapsed time since send: 1044198ms, request timeout: 30000ms)
2025-04-11 20:27:33.927 [org.springframework.kafka.KafkaListenerEndpointContainer#0-0-C-1] INFO  org.apache.kafka.clients.FetchSessionHandler - [Consumer clientId=consumer-tomge-consumer-group-1, groupId=tomge-consumer-group] Error sending fetch request (sessionId=549384722, epoch=98) to node 0:
org.apache.kafka.common.errors.DisconnectException: null
2025-04-11 20:27:33.926 [org.springframework.kafka.KafkaListenerEndpointContainer#1-0-C-1] INFO  org.apache.kafka.clients.NetworkClient - [Consumer clientId=consumer-tomge-consumer-group-2, groupId=tomge-consumer-group] Disconnecting from node 0 due to request timeout.
2025-04-11 20:27:33.928 [org.springframework.kafka.KafkaListenerEndpointContainer#1-0-C-1] INFO  org.apache.kafka.clients.NetworkClient - [Consumer clientId=consumer-tomge-consumer-group-2, groupId=tomge-consumer-group] Cancelled in-flight FETCH request with correlation id 12185 due to node 0 being disconnected (elapsed time since creation: 1044160ms, elapsed time since send: 1044160ms, request timeout: 30000ms)
2025-04-11 20:27:33.928 [kafka-coordinator-heartbeat-thread | tomge-consumer-group] INFO  org.apache.kafka.clients.consumer.internals.ConsumerCoordinator - [Consumer clientId=consumer-tomge-consumer-group-1, groupId=tomge-consumer-group] Group coordinator localhost:9092 (id: 2147483647 rack: null) is unavailable or invalid due to cause: session timed out without receiving a heartbeat response. isDisconnected: false. Rediscovery will be attempted.
2025-04-11 20:27:33.928 [org.springframework.kafka.KafkaListenerEndpointContainer#1-0-C-1] INFO  org.apache.kafka.clients.FetchSessionHandler - [Consumer clientId=consumer-tomge-consumer-group-2, groupId=tomge-consumer-group] Error sending fetch request (sessionId=450143381, epoch=98) to node 0:
org.apache.kafka.common.errors.DisconnectException: null
2025-04-11 20:27:33.928 [kafka-coordinator-heartbeat-thread | tomge-consumer-group] INFO  org.apache.kafka.clients.consumer.internals.ConsumerCoordinator - [Consumer clientId=consumer-tomge-consumer-group-1, groupId=tomge-consumer-group] Requesting disconnect from last known coordinator localhost:9092 (id: 2147483647 rack: null)
2025-04-11 20:27:33.928 [kafka-coordinator-heartbeat-thread | tomge-consumer-group] INFO  org.apache.kafka.clients.NetworkClient - [Consumer clientId=consumer-tomge-consumer-group-1, groupId=tomge-consumer-group] Client requested disconnect from node 2147483647
2025-04-11 20:27:33.928 [kafka-coordinator-heartbeat-thread | tomge-consumer-group] INFO  org.apache.kafka.clients.consumer.internals.ConsumerCoordinator - [Consumer clientId=consumer-tomge-consumer-group-2, groupId=tomge-consumer-group] Group coordinator localhost:9092 (id: 2147483647 rack: null) is unavailable or invalid due to cause: session timed out without receiving a heartbeat response. isDisconnected: false. Rediscovery will be attempted.
2025-04-11 20:27:33.928 [kafka-coordinator-heartbeat-thread | tomge-consumer-group] INFO  org.apache.kafka.clients.consumer.internals.ConsumerCoordinator - [Consumer clientId=consumer-tomge-consumer-group-2, groupId=tomge-consumer-group] Requesting disconnect from last known coordinator localhost:9092 (id: 2147483647 rack: null)
2025-04-11 20:27:33.928 [kafka-coordinator-heartbeat-thread | tomge-consumer-group] INFO  org.apache.kafka.clients.NetworkClient - [Consumer clientId=consumer-tomge-consumer-group-2, groupId=tomge-consumer-group] Client requested disconnect from node 2147483647
2025-04-11 20:27:34.052 [org.springframework.kafka.KafkaListenerEndpointContainer#0-0-C-1] INFO  org.apache.kafka.clients.consumer.internals.ConsumerCoordinator - [Consumer clientId=consumer-tomge-consumer-group-1, groupId=tomge-consumer-group] Discovered group coordinator localhost:9092 (id: 2147483647 rack: null)
2025-04-11 20:27:34.056 [org.springframework.kafka.KafkaListenerEndpointContainer#1-0-C-1] INFO  org.apache.kafka.clients.consumer.internals.ConsumerCoordinator - [Consumer clientId=consumer-tomge-consumer-group-2, groupId=tomge-consumer-group] Discovered group coordinator localhost:9092 (id: 2147483647 rack: null)
2025-04-11 20:39:48.930 [kafka-coordinator-heartbeat-thread | tomge-consumer-group] INFO  org.apache.kafka.clients.consumer.internals.ConsumerCoordinator - [Consumer clientId=consumer-tomge-consumer-group-1, groupId=tomge-consumer-group] Group coordinator localhost:9092 (id: 2147483647 rack: null) is unavailable or invalid due to cause: session timed out without receiving a heartbeat response. isDisconnected: false. Rediscovery will be attempted.
2025-04-11 20:39:48.931 [kafka-coordinator-heartbeat-thread | tomge-consumer-group] INFO  org.apache.kafka.clients.consumer.internals.ConsumerCoordinator - [Consumer clientId=consumer-tomge-consumer-group-2, groupId=tomge-consumer-group] Group coordinator localhost:9092 (id: 2147483647 rack: null) is unavailable or invalid due to cause: session timed out without receiving a heartbeat response. isDisconnected: false. Rediscovery will be attempted.
2025-04-11 20:39:49.030 [kafka-coordinator-heartbeat-thread | tomge-consumer-group] INFO  org.apache.kafka.clients.consumer.internals.ConsumerCoordinator - [Consumer clientId=consumer-tomge-consumer-group-1, groupId=tomge-consumer-group] Requesting disconnect from last known coordinator localhost:9092 (id: 2147483647 rack: null)
2025-04-11 20:39:49.032 [kafka-coordinator-heartbeat-thread | tomge-consumer-group] INFO  org.apache.kafka.clients.consumer.internals.ConsumerCoordinator - [Consumer clientId=consumer-tomge-consumer-group-2, groupId=tomge-consumer-group] Requesting disconnect from last known coordinator localhost:9092 (id: 2147483647 rack: null)
2025-04-11 20:39:49.032 [kafka-coordinator-heartbeat-thread | tomge-consumer-group] INFO  org.apache.kafka.clients.NetworkClient - [Consumer clientId=consumer-tomge-consumer-group-1, groupId=tomge-consumer-group] Client requested disconnect from node 2147483647
2025-04-11 20:39:49.032 [kafka-coordinator-heartbeat-thread | tomge-consumer-group] INFO  org.apache.kafka.clients.NetworkClient - [Consumer clientId=consumer-tomge-consumer-group-2, groupId=tomge-consumer-group] Client requested disconnect from node 2147483647
2025-04-11 20:39:49.039 [org.springframework.kafka.KafkaListenerEndpointContainer#1-0-C-1] INFO  org.apache.kafka.clients.consumer.internals.ConsumerCoordinator - [Consumer clientId=consumer-tomge-consumer-group-2, groupId=tomge-consumer-group] Discovered group coordinator localhost:9092 (id: 2147483647 rack: null)
2025-04-11 20:39:49.039 [org.springframework.kafka.KafkaListenerEndpointContainer#0-0-C-1] INFO  org.apache.kafka.clients.consumer.internals.ConsumerCoordinator - [Consumer clientId=consumer-tomge-consumer-group-1, groupId=tomge-consumer-group] Discovered group coordinator localhost:9092 (id: 2147483647 rack: null)
2025-04-11 20:39:49.039 [org.springframework.kafka.KafkaListenerEndpointContainer#1-0-C-1] INFO  org.apache.kafka.clients.consumer.internals.ConsumerCoordinator - [Consumer clientId=consumer-tomge-consumer-group-2, groupId=tomge-consumer-group] Group coordinator localhost:9092 (id: 2147483647 rack: null) is unavailable or invalid due to cause: coordinator unavailable. isDisconnected: false. Rediscovery will be attempted.
2025-04-11 20:39:49.039 [org.springframework.kafka.KafkaListenerEndpointContainer#0-0-C-1] INFO  org.apache.kafka.clients.consumer.internals.ConsumerCoordinator - [Consumer clientId=consumer-tomge-consumer-group-1, groupId=tomge-consumer-group] Group coordinator localhost:9092 (id: 2147483647 rack: null) is unavailable or invalid due to cause: coordinator unavailable. isDisconnected: false. Rediscovery will be attempted.
2025-04-11 20:39:49.039 [org.springframework.kafka.KafkaListenerEndpointContainer#1-0-C-1] INFO  org.apache.kafka.clients.consumer.internals.ConsumerCoordinator - [Consumer clientId=consumer-tomge-consumer-group-2, groupId=tomge-consumer-group] Requesting disconnect from last known coordinator localhost:9092 (id: 2147483647 rack: null)
2025-04-11 20:39:49.039 [org.springframework.kafka.KafkaListenerEndpointContainer#0-0-C-1] INFO  org.apache.kafka.clients.consumer.internals.ConsumerCoordinator - [Consumer clientId=consumer-tomge-consumer-group-1, groupId=tomge-consumer-group] Requesting disconnect from last known coordinator localhost:9092 (id: 2147483647 rack: null)
2025-04-11 20:39:49.138 [org.springframework.kafka.KafkaListenerEndpointContainer#1-0-C-1] INFO  org.apache.kafka.clients.consumer.internals.ConsumerCoordinator - [Consumer clientId=consumer-tomge-consumer-group-2, groupId=tomge-consumer-group] Discovered group coordinator localhost:9092 (id: 2147483647 rack: null)
2025-04-11 20:39:49.147 [org.springframework.kafka.KafkaListenerEndpointContainer#0-0-C-1] INFO  org.apache.kafka.clients.consumer.internals.ConsumerCoordinator - [Consumer clientId=consumer-tomge-consumer-group-1, groupId=tomge-consumer-group] Discovered group coordinator localhost:9092 (id: 2147483647 rack: null)
2025-04-11 20:55:01.107 [kafka-coordinator-heartbeat-thread | tomge-consumer-group] INFO  org.apache.kafka.clients.consumer.internals.ConsumerCoordinator - [Consumer clientId=consumer-tomge-consumer-group-2, groupId=tomge-consumer-group] Group coordinator localhost:9092 (id: 2147483647 rack: null) is unavailable or invalid due to cause: session timed out without receiving a heartbeat response. isDisconnected: false. Rediscovery will be attempted.
2025-04-11 20:55:01.107 [kafka-coordinator-heartbeat-thread | tomge-consumer-group] INFO  org.apache.kafka.clients.consumer.internals.ConsumerCoordinator - [Consumer clientId=consumer-tomge-consumer-group-1, groupId=tomge-consumer-group] Group coordinator localhost:9092 (id: 2147483647 rack: null) is unavailable or invalid due to cause: session timed out without receiving a heartbeat response. isDisconnected: false. Rediscovery will be attempted.
2025-04-11 20:55:01.107 [kafka-coordinator-heartbeat-thread | tomge-consumer-group] INFO  org.apache.kafka.clients.consumer.internals.ConsumerCoordinator - [Consumer clientId=consumer-tomge-consumer-group-2, groupId=tomge-consumer-group] Requesting disconnect from last known coordinator localhost:9092 (id: 2147483647 rack: null)
2025-04-11 20:55:01.107 [kafka-coordinator-heartbeat-thread | tomge-consumer-group] INFO  org.apache.kafka.clients.consumer.internals.ConsumerCoordinator - [Consumer clientId=consumer-tomge-consumer-group-1, groupId=tomge-consumer-group] Requesting disconnect from last known coordinator localhost:9092 (id: 2147483647 rack: null)
2025-04-11 20:55:01.107 [kafka-coordinator-heartbeat-thread | tomge-consumer-group] INFO  org.apache.kafka.clients.NetworkClient - [Consumer clientId=consumer-tomge-consumer-group-2, groupId=tomge-consumer-group] Client requested disconnect from node 2147483647
2025-04-11 20:55:01.107 [kafka-coordinator-heartbeat-thread | tomge-consumer-group] INFO  org.apache.kafka.clients.NetworkClient - [Consumer clientId=consumer-tomge-consumer-group-1, groupId=tomge-consumer-group] Client requested disconnect from node 2147483647
2025-04-11 20:55:01.109 [org.springframework.kafka.KafkaListenerEndpointContainer#0-0-C-1] INFO  org.apache.kafka.clients.consumer.internals.ConsumerCoordinator - [Consumer clientId=consumer-tomge-consumer-group-1, groupId=tomge-consumer-group] Discovered group coordinator localhost:9092 (id: 2147483647 rack: null)
2025-04-11 20:55:01.109 [org.springframework.kafka.KafkaListenerEndpointContainer#1-0-C-1] INFO  org.apache.kafka.clients.consumer.internals.ConsumerCoordinator - [Consumer clientId=consumer-tomge-consumer-group-2, groupId=tomge-consumer-group] Discovered group coordinator localhost:9092 (id: 2147483647 rack: null)
2025-04-11 20:55:01.110 [org.springframework.kafka.KafkaListenerEndpointContainer#0-0-C-1] INFO  org.apache.kafka.clients.consumer.internals.ConsumerCoordinator - [Consumer clientId=consumer-tomge-consumer-group-1, groupId=tomge-consumer-group] Group coordinator localhost:9092 (id: 2147483647 rack: null) is unavailable or invalid due to cause: coordinator unavailable. isDisconnected: false. Rediscovery will be attempted.
2025-04-11 20:55:01.110 [org.springframework.kafka.KafkaListenerEndpointContainer#1-0-C-1] INFO  org.apache.kafka.clients.consumer.internals.ConsumerCoordinator - [Consumer clientId=consumer-tomge-consumer-group-2, groupId=tomge-consumer-group] Group coordinator localhost:9092 (id: 2147483647 rack: null) is unavailable or invalid due to cause: coordinator unavailable. isDisconnected: false. Rediscovery will be attempted.
2025-04-11 20:55:01.110 [org.springframework.kafka.KafkaListenerEndpointContainer#0-0-C-1] INFO  org.apache.kafka.clients.consumer.internals.ConsumerCoordinator - [Consumer clientId=consumer-tomge-consumer-group-1, groupId=tomge-consumer-group] Requesting disconnect from last known coordinator localhost:9092 (id: 2147483647 rack: null)
2025-04-11 20:55:01.110 [org.springframework.kafka.KafkaListenerEndpointContainer#1-0-C-1] INFO  org.apache.kafka.clients.consumer.internals.ConsumerCoordinator - [Consumer clientId=consumer-tomge-consumer-group-2, groupId=tomge-consumer-group] Requesting disconnect from last known coordinator localhost:9092 (id: 2147483647 rack: null)
2025-04-11 20:55:01.211 [org.springframework.kafka.KafkaListenerEndpointContainer#1-0-C-1] INFO  org.apache.kafka.clients.consumer.internals.ConsumerCoordinator - [Consumer clientId=consumer-tomge-consumer-group-2, groupId=tomge-consumer-group] Discovered group coordinator localhost:9092 (id: 2147483647 rack: null)
2025-04-11 20:55:01.214 [org.springframework.kafka.KafkaListenerEndpointContainer#0-0-C-1] INFO  org.apache.kafka.clients.consumer.internals.ConsumerCoordinator - [Consumer clientId=consumer-tomge-consumer-group-1, groupId=tomge-consumer-group] Discovered group coordinator localhost:9092 (id: 2147483647 rack: null)
2025-04-11 20:55:48.409 [org.springframework.kafka.KafkaListenerEndpointContainer#1-0-C-1] INFO  org.apache.kafka.clients.NetworkClient - [Consumer clientId=consumer-tomge-consumer-group-2, groupId=tomge-consumer-group] Disconnecting from node 0 due to request timeout.
2025-04-11 20:55:48.409 [org.springframework.kafka.KafkaListenerEndpointContainer#0-0-C-1] INFO  org.apache.kafka.clients.NetworkClient - [Consumer clientId=consumer-tomge-consumer-group-1, groupId=tomge-consumer-group] Disconnecting from node 0 due to request timeout.
2025-04-11 20:55:48.409 [org.springframework.kafka.KafkaListenerEndpointContainer#1-0-C-1] INFO  org.apache.kafka.clients.NetworkClient - [Consumer clientId=consumer-tomge-consumer-group-2, groupId=tomge-consumer-group] Cancelled in-flight FETCH request with correlation id 12242 due to node 0 being disconnected (elapsed time since creation: 42667ms, elapsed time since send: 42667ms, request timeout: 30000ms)
2025-04-11 20:55:48.409 [org.springframework.kafka.KafkaListenerEndpointContainer#0-0-C-1] INFO  org.apache.kafka.clients.NetworkClient - [Consumer clientId=consumer-tomge-consumer-group-1, groupId=tomge-consumer-group] Cancelled in-flight FETCH request with correlation id 12241 due to node 0 being disconnected (elapsed time since creation: 42666ms, elapsed time since send: 42666ms, request timeout: 30000ms)
2025-04-11 20:55:48.409 [org.springframework.kafka.KafkaListenerEndpointContainer#1-0-C-1] INFO  org.apache.kafka.clients.FetchSessionHandler - [Consumer clientId=consumer-tomge-consumer-group-2, groupId=tomge-consumer-group] Error sending fetch request (sessionId=1089416510, epoch=34) to node 0:
org.apache.kafka.common.errors.DisconnectException: null
2025-04-11 20:55:48.409 [org.springframework.kafka.KafkaListenerEndpointContainer#0-0-C-1] INFO  org.apache.kafka.clients.FetchSessionHandler - [Consumer clientId=consumer-tomge-consumer-group-1, groupId=tomge-consumer-group] Error sending fetch request (sessionId=899135811, epoch=34) to node 0:
org.apache.kafka.common.errors.DisconnectException: null
2025-04-11 20:55:51.052 [HikariPool-1 housekeeper] WARN  com.zaxxer.hikari.pool.HikariPool - HikariPool-1 - Thread starvation or clock leap detected (housekeeper delta=1h1m9s417ms).
2025-04-11 20:56:50.183 [kafka-coordinator-heartbeat-thread | tomge-consumer-group] INFO  org.apache.kafka.clients.consumer.internals.ConsumerCoordinator - [Consumer clientId=consumer-tomge-consumer-group-1, groupId=tomge-consumer-group] Group coordinator localhost:9092 (id: 2147483647 rack: null) is unavailable or invalid due to cause: session timed out without receiving a heartbeat response. isDisconnected: false. Rediscovery will be attempted.
2025-04-11 20:56:50.183 [kafka-coordinator-heartbeat-thread | tomge-consumer-group] INFO  org.apache.kafka.clients.consumer.internals.ConsumerCoordinator - [Consumer clientId=consumer-tomge-consumer-group-1, groupId=tomge-consumer-group] Requesting disconnect from last known coordinator localhost:9092 (id: 2147483647 rack: null)
2025-04-11 20:56:50.183 [kafka-coordinator-heartbeat-thread | tomge-consumer-group] INFO  org.apache.kafka.clients.NetworkClient - [Consumer clientId=consumer-tomge-consumer-group-1, groupId=tomge-consumer-group] Client requested disconnect from node 2147483647
2025-04-11 20:56:50.184 [org.springframework.kafka.KafkaListenerEndpointContainer#0-0-C-1] INFO  org.apache.kafka.clients.consumer.internals.ConsumerCoordinator - [Consumer clientId=consumer-tomge-consumer-group-1, groupId=tomge-consumer-group] Discovered group coordinator localhost:9092 (id: 2147483647 rack: null)
2025-04-11 20:56:50.185 [org.springframework.kafka.KafkaListenerEndpointContainer#0-0-C-1] INFO  org.apache.kafka.clients.consumer.internals.ConsumerCoordinator - [Consumer clientId=consumer-tomge-consumer-group-1, groupId=tomge-consumer-group] Group coordinator localhost:9092 (id: 2147483647 rack: null) is unavailable or invalid due to cause: coordinator unavailable. isDisconnected: false. Rediscovery will be attempted.
2025-04-11 20:56:50.185 [org.springframework.kafka.KafkaListenerEndpointContainer#0-0-C-1] INFO  org.apache.kafka.clients.consumer.internals.ConsumerCoordinator - [Consumer clientId=consumer-tomge-consumer-group-1, groupId=tomge-consumer-group] Requesting disconnect from last known coordinator localhost:9092 (id: 2147483647 rack: null)
2025-04-11 20:56:50.234 [kafka-coordinator-heartbeat-thread | tomge-consumer-group] INFO  org.apache.kafka.clients.consumer.internals.ConsumerCoordinator - [Consumer clientId=consumer-tomge-consumer-group-2, groupId=tomge-consumer-group] Group coordinator localhost:9092 (id: 2147483647 rack: null) is unavailable or invalid due to cause: session timed out without receiving a heartbeat response. isDisconnected: false. Rediscovery will be attempted.
2025-04-11 20:56:50.235 [kafka-coordinator-heartbeat-thread | tomge-consumer-group] INFO  org.apache.kafka.clients.consumer.internals.ConsumerCoordinator - [Consumer clientId=consumer-tomge-consumer-group-2, groupId=tomge-consumer-group] Requesting disconnect from last known coordinator localhost:9092 (id: 2147483647 rack: null)
2025-04-11 20:56:50.235 [kafka-coordinator-heartbeat-thread | tomge-consumer-group] INFO  org.apache.kafka.clients.NetworkClient - [Consumer clientId=consumer-tomge-consumer-group-2, groupId=tomge-consumer-group] Client requested disconnect from node 2147483647
2025-04-11 20:56:50.236 [org.springframework.kafka.KafkaListenerEndpointContainer#1-0-C-1] INFO  org.apache.kafka.clients.consumer.internals.ConsumerCoordinator - [Consumer clientId=consumer-tomge-consumer-group-2, groupId=tomge-consumer-group] Discovered group coordinator localhost:9092 (id: 2147483647 rack: null)
2025-04-11 20:56:50.237 [org.springframework.kafka.KafkaListenerEndpointContainer#1-0-C-1] INFO  org.apache.kafka.clients.consumer.internals.ConsumerCoordinator - [Consumer clientId=consumer-tomge-consumer-group-2, groupId=tomge-consumer-group] Group coordinator localhost:9092 (id: 2147483647 rack: null) is unavailable or invalid due to cause: coordinator unavailable. isDisconnected: false. Rediscovery will be attempted.
2025-04-11 20:56:50.237 [org.springframework.kafka.KafkaListenerEndpointContainer#1-0-C-1] INFO  org.apache.kafka.clients.consumer.internals.ConsumerCoordinator - [Consumer clientId=consumer-tomge-consumer-group-2, groupId=tomge-consumer-group] Requesting disconnect from last known coordinator localhost:9092 (id: 2147483647 rack: null)
2025-04-11 20:56:50.293 [org.springframework.kafka.KafkaListenerEndpointContainer#0-0-C-1] INFO  org.apache.kafka.clients.consumer.internals.ConsumerCoordinator - [Consumer clientId=consumer-tomge-consumer-group-1, groupId=tomge-consumer-group] Discovered group coordinator localhost:9092 (id: 2147483647 rack: null)
2025-04-11 20:56:50.331 [org.springframework.kafka.KafkaListenerEndpointContainer#1-0-C-1] INFO  org.apache.kafka.clients.consumer.internals.ConsumerCoordinator - [Consumer clientId=consumer-tomge-consumer-group-2, groupId=tomge-consumer-group] Discovered group coordinator localhost:9092 (id: 2147483647 rack: null)
2025-04-11 20:57:46.335 [kafka-coordinator-heartbeat-thread | tomge-consumer-group] INFO  org.apache.kafka.clients.consumer.internals.ConsumerCoordinator - [Consumer clientId=consumer-tomge-consumer-group-1, groupId=tomge-consumer-group] Group coordinator localhost:9092 (id: 2147483647 rack: null) is unavailable or invalid due to cause: session timed out without receiving a heartbeat response. isDisconnected: false. Rediscovery will be attempted.
2025-04-11 20:57:46.335 [kafka-coordinator-heartbeat-thread | tomge-consumer-group] INFO  org.apache.kafka.clients.consumer.internals.ConsumerCoordinator - [Consumer clientId=consumer-tomge-consumer-group-1, groupId=tomge-consumer-group] Requesting disconnect from last known coordinator localhost:9092 (id: 2147483647 rack: null)
2025-04-11 20:57:46.336 [kafka-coordinator-heartbeat-thread | tomge-consumer-group] INFO  org.apache.kafka.clients.NetworkClient - [Consumer clientId=consumer-tomge-consumer-group-1, groupId=tomge-consumer-group] Client requested disconnect from node 2147483647
2025-04-11 20:57:46.338 [org.springframework.kafka.KafkaListenerEndpointContainer#0-0-C-1] INFO  org.apache.kafka.clients.consumer.internals.ConsumerCoordinator - [Consumer clientId=consumer-tomge-consumer-group-1, groupId=tomge-consumer-group] Discovered group coordinator localhost:9092 (id: 2147483647 rack: null)
2025-04-11 20:57:46.338 [org.springframework.kafka.KafkaListenerEndpointContainer#0-0-C-1] INFO  org.apache.kafka.clients.consumer.internals.ConsumerCoordinator - [Consumer clientId=consumer-tomge-consumer-group-1, groupId=tomge-consumer-group] Group coordinator localhost:9092 (id: 2147483647 rack: null) is unavailable or invalid due to cause: coordinator unavailable. isDisconnected: false. Rediscovery will be attempted.
2025-04-11 20:57:46.338 [org.springframework.kafka.KafkaListenerEndpointContainer#0-0-C-1] INFO  org.apache.kafka.clients.consumer.internals.ConsumerCoordinator - [Consumer clientId=consumer-tomge-consumer-group-1, groupId=tomge-consumer-group] Requesting disconnect from last known coordinator localhost:9092 (id: 2147483647 rack: null)
2025-04-11 20:57:46.371 [kafka-coordinator-heartbeat-thread | tomge-consumer-group] INFO  org.apache.kafka.clients.consumer.internals.ConsumerCoordinator - [Consumer clientId=consumer-tomge-consumer-group-2, groupId=tomge-consumer-group] Group coordinator localhost:9092 (id: 2147483647 rack: null) is unavailable or invalid due to cause: session timed out without receiving a heartbeat response. isDisconnected: false. Rediscovery will be attempted.
2025-04-11 20:57:46.371 [kafka-coordinator-heartbeat-thread | tomge-consumer-group] INFO  org.apache.kafka.clients.consumer.internals.ConsumerCoordinator - [Consumer clientId=consumer-tomge-consumer-group-2, groupId=tomge-consumer-group] Requesting disconnect from last known coordinator localhost:9092 (id: 2147483647 rack: null)
2025-04-11 20:57:46.371 [kafka-coordinator-heartbeat-thread | tomge-consumer-group] INFO  org.apache.kafka.clients.NetworkClient - [Consumer clientId=consumer-tomge-consumer-group-2, groupId=tomge-consumer-group] Client requested disconnect from node 2147483647
2025-04-11 20:57:46.373 [org.springframework.kafka.KafkaListenerEndpointContainer#1-0-C-1] INFO  org.apache.kafka.clients.consumer.internals.ConsumerCoordinator - [Consumer clientId=consumer-tomge-consumer-group-2, groupId=tomge-consumer-group] Discovered group coordinator localhost:9092 (id: 2147483647 rack: null)
2025-04-11 20:57:46.373 [org.springframework.kafka.KafkaListenerEndpointContainer#1-0-C-1] INFO  org.apache.kafka.clients.consumer.internals.ConsumerCoordinator - [Consumer clientId=consumer-tomge-consumer-group-2, groupId=tomge-consumer-group] Group coordinator localhost:9092 (id: 2147483647 rack: null) is unavailable or invalid due to cause: coordinator unavailable. isDisconnected: false. Rediscovery will be attempted.
2025-04-11 20:57:46.373 [org.springframework.kafka.KafkaListenerEndpointContainer#1-0-C-1] INFO  org.apache.kafka.clients.consumer.internals.ConsumerCoordinator - [Consumer clientId=consumer-tomge-consumer-group-2, groupId=tomge-consumer-group] Requesting disconnect from last known coordinator localhost:9092 (id: 2147483647 rack: null)
2025-04-11 20:57:46.424 [org.springframework.kafka.KafkaListenerEndpointContainer#0-0-C-1] INFO  org.apache.kafka.clients.consumer.internals.ConsumerCoordinator - [Consumer clientId=consumer-tomge-consumer-group-1, groupId=tomge-consumer-group] Discovered group coordinator localhost:9092 (id: 2147483647 rack: null)
2025-04-11 20:57:46.500 [org.springframework.kafka.KafkaListenerEndpointContainer#1-0-C-1] INFO  org.apache.kafka.clients.consumer.internals.ConsumerCoordinator - [Consumer clientId=consumer-tomge-consumer-group-2, groupId=tomge-consumer-group] Discovered group coordinator localhost:9092 (id: 2147483647 rack: null)
2025-04-11 20:59:27.960 [kafka-coordinator-heartbeat-thread | tomge-consumer-group] INFO  org.apache.kafka.clients.consumer.internals.ConsumerCoordinator - [Consumer clientId=consumer-tomge-consumer-group-1, groupId=tomge-consumer-group] Group coordinator localhost:9092 (id: 2147483647 rack: null) is unavailable or invalid due to cause: session timed out without receiving a heartbeat response. isDisconnected: false. Rediscovery will be attempted.
2025-04-11 20:59:27.960 [kafka-coordinator-heartbeat-thread | tomge-consumer-group] INFO  org.apache.kafka.clients.consumer.internals.ConsumerCoordinator - [Consumer clientId=consumer-tomge-consumer-group-2, groupId=tomge-consumer-group] Group coordinator localhost:9092 (id: 2147483647 rack: null) is unavailable or invalid due to cause: session timed out without receiving a heartbeat response. isDisconnected: false. Rediscovery will be attempted.
2025-04-11 20:59:27.961 [kafka-coordinator-heartbeat-thread | tomge-consumer-group] INFO  org.apache.kafka.clients.consumer.internals.ConsumerCoordinator - [Consumer clientId=consumer-tomge-consumer-group-1, groupId=tomge-consumer-group] Requesting disconnect from last known coordinator localhost:9092 (id: 2147483647 rack: null)
2025-04-11 20:59:27.961 [kafka-coordinator-heartbeat-thread | tomge-consumer-group] INFO  org.apache.kafka.clients.consumer.internals.ConsumerCoordinator - [Consumer clientId=consumer-tomge-consumer-group-2, groupId=tomge-consumer-group] Requesting disconnect from last known coordinator localhost:9092 (id: 2147483647 rack: null)
2025-04-11 20:59:27.961 [kafka-coordinator-heartbeat-thread | tomge-consumer-group] INFO  org.apache.kafka.clients.NetworkClient - [Consumer clientId=consumer-tomge-consumer-group-1, groupId=tomge-consumer-group] Client requested disconnect from node 2147483647
2025-04-11 20:59:27.961 [kafka-coordinator-heartbeat-thread | tomge-consumer-group] INFO  org.apache.kafka.clients.NetworkClient - [Consumer clientId=consumer-tomge-consumer-group-2, groupId=tomge-consumer-group] Client requested disconnect from node 2147483647
2025-04-11 20:59:27.962 [org.springframework.kafka.KafkaListenerEndpointContainer#0-0-C-1] INFO  org.apache.kafka.clients.consumer.internals.ConsumerCoordinator - [Consumer clientId=consumer-tomge-consumer-group-1, groupId=tomge-consumer-group] Discovered group coordinator localhost:9092 (id: 2147483647 rack: null)
2025-04-11 20:59:27.962 [org.springframework.kafka.KafkaListenerEndpointContainer#1-0-C-1] INFO  org.apache.kafka.clients.consumer.internals.ConsumerCoordinator - [Consumer clientId=consumer-tomge-consumer-group-2, groupId=tomge-consumer-group] Discovered group coordinator localhost:9092 (id: 2147483647 rack: null)
2025-04-11 20:59:27.962 [org.springframework.kafka.KafkaListenerEndpointContainer#0-0-C-1] INFO  org.apache.kafka.clients.consumer.internals.ConsumerCoordinator - [Consumer clientId=consumer-tomge-consumer-group-1, groupId=tomge-consumer-group] Group coordinator localhost:9092 (id: 2147483647 rack: null) is unavailable or invalid due to cause: coordinator unavailable. isDisconnected: false. Rediscovery will be attempted.
2025-04-11 20:59:27.962 [org.springframework.kafka.KafkaListenerEndpointContainer#1-0-C-1] INFO  org.apache.kafka.clients.consumer.internals.ConsumerCoordinator - [Consumer clientId=consumer-tomge-consumer-group-2, groupId=tomge-consumer-group] Group coordinator localhost:9092 (id: 2147483647 rack: null) is unavailable or invalid due to cause: coordinator unavailable. isDisconnected: false. Rediscovery will be attempted.
2025-04-11 20:59:27.962 [org.springframework.kafka.KafkaListenerEndpointContainer#0-0-C-1] INFO  org.apache.kafka.clients.consumer.internals.ConsumerCoordinator - [Consumer clientId=consumer-tomge-consumer-group-1, groupId=tomge-consumer-group] Requesting disconnect from last known coordinator localhost:9092 (id: 2147483647 rack: null)
2025-04-11 20:59:27.962 [org.springframework.kafka.KafkaListenerEndpointContainer#1-0-C-1] INFO  org.apache.kafka.clients.consumer.internals.ConsumerCoordinator - [Consumer clientId=consumer-tomge-consumer-group-2, groupId=tomge-consumer-group] Requesting disconnect from last known coordinator localhost:9092 (id: 2147483647 rack: null)
2025-04-11 20:59:28.062 [org.springframework.kafka.KafkaListenerEndpointContainer#1-0-C-1] INFO  org.apache.kafka.clients.consumer.internals.ConsumerCoordinator - [Consumer clientId=consumer-tomge-consumer-group-2, groupId=tomge-consumer-group] Discovered group coordinator localhost:9092 (id: 2147483647 rack: null)
2025-04-11 20:59:28.071 [org.springframework.kafka.KafkaListenerEndpointContainer#0-0-C-1] INFO  org.apache.kafka.clients.consumer.internals.ConsumerCoordinator - [Consumer clientId=consumer-tomge-consumer-group-1, groupId=tomge-consumer-group] Discovered group coordinator localhost:9092 (id: 2147483647 rack: null)
2025-04-11 20:59:32.045 [HikariPool-1 housekeeper] WARN  com.zaxxer.hikari.pool.HikariPool - HikariPool-1 - Thread starvation or clock leap detected (housekeeper delta=3m40s993ms).
2025-04-11 21:15:22.989 [kafka-coordinator-heartbeat-thread | tomge-consumer-group] INFO  org.apache.kafka.clients.consumer.internals.ConsumerCoordinator - [Consumer clientId=consumer-tomge-consumer-group-2, groupId=tomge-consumer-group] Group coordinator localhost:9092 (id: 2147483647 rack: null) is unavailable or invalid due to cause: session timed out without receiving a heartbeat response. isDisconnected: false. Rediscovery will be attempted.
2025-04-11 21:15:22.989 [kafka-coordinator-heartbeat-thread | tomge-consumer-group] INFO  org.apache.kafka.clients.consumer.internals.ConsumerCoordinator - [Consumer clientId=consumer-tomge-consumer-group-1, groupId=tomge-consumer-group] Group coordinator localhost:9092 (id: 2147483647 rack: null) is unavailable or invalid due to cause: session timed out without receiving a heartbeat response. isDisconnected: false. Rediscovery will be attempted.
2025-04-11 21:15:22.990 [kafka-coordinator-heartbeat-thread | tomge-consumer-group] INFO  org.apache.kafka.clients.consumer.internals.ConsumerCoordinator - [Consumer clientId=consumer-tomge-consumer-group-1, groupId=tomge-consumer-group] Requesting disconnect from last known coordinator localhost:9092 (id: 2147483647 rack: null)
2025-04-11 21:15:22.990 [kafka-coordinator-heartbeat-thread | tomge-consumer-group] INFO  org.apache.kafka.clients.consumer.internals.ConsumerCoordinator - [Consumer clientId=consumer-tomge-consumer-group-2, groupId=tomge-consumer-group] Requesting disconnect from last known coordinator localhost:9092 (id: 2147483647 rack: null)
2025-04-11 21:15:22.990 [kafka-coordinator-heartbeat-thread | tomge-consumer-group] INFO  org.apache.kafka.clients.NetworkClient - [Consumer clientId=consumer-tomge-consumer-group-1, groupId=tomge-consumer-group] Client requested disconnect from node 2147483647
2025-04-11 21:15:22.990 [kafka-coordinator-heartbeat-thread | tomge-consumer-group] INFO  org.apache.kafka.clients.NetworkClient - [Consumer clientId=consumer-tomge-consumer-group-2, groupId=tomge-consumer-group] Client requested disconnect from node 2147483647
2025-04-11 21:15:22.992 [org.springframework.kafka.KafkaListenerEndpointContainer#0-0-C-1] INFO  org.apache.kafka.clients.consumer.internals.ConsumerCoordinator - [Consumer clientId=consumer-tomge-consumer-group-1, groupId=tomge-consumer-group] Discovered group coordinator localhost:9092 (id: 2147483647 rack: null)
2025-04-11 21:15:22.992 [org.springframework.kafka.KafkaListenerEndpointContainer#1-0-C-1] INFO  org.apache.kafka.clients.consumer.internals.ConsumerCoordinator - [Consumer clientId=consumer-tomge-consumer-group-2, groupId=tomge-consumer-group] Discovered group coordinator localhost:9092 (id: 2147483647 rack: null)
2025-04-11 21:15:22.993 [org.springframework.kafka.KafkaListenerEndpointContainer#0-0-C-1] INFO  org.apache.kafka.clients.consumer.internals.ConsumerCoordinator - [Consumer clientId=consumer-tomge-consumer-group-1, groupId=tomge-consumer-group] Group coordinator localhost:9092 (id: 2147483647 rack: null) is unavailable or invalid due to cause: coordinator unavailable. isDisconnected: false. Rediscovery will be attempted.
2025-04-11 21:15:22.993 [org.springframework.kafka.KafkaListenerEndpointContainer#1-0-C-1] INFO  org.apache.kafka.clients.consumer.internals.ConsumerCoordinator - [Consumer clientId=consumer-tomge-consumer-group-2, groupId=tomge-consumer-group] Group coordinator localhost:9092 (id: 2147483647 rack: null) is unavailable or invalid due to cause: coordinator unavailable. isDisconnected: false. Rediscovery will be attempted.
2025-04-11 21:15:22.993 [org.springframework.kafka.KafkaListenerEndpointContainer#0-0-C-1] INFO  org.apache.kafka.clients.consumer.internals.ConsumerCoordinator - [Consumer clientId=consumer-tomge-consumer-group-1, groupId=tomge-consumer-group] Requesting disconnect from last known coordinator localhost:9092 (id: 2147483647 rack: null)
2025-04-11 21:15:22.993 [org.springframework.kafka.KafkaListenerEndpointContainer#1-0-C-1] INFO  org.apache.kafka.clients.consumer.internals.ConsumerCoordinator - [Consumer clientId=consumer-tomge-consumer-group-2, groupId=tomge-consumer-group] Requesting disconnect from last known coordinator localhost:9092 (id: 2147483647 rack: null)
2025-04-11 21:15:23.087 [org.springframework.kafka.KafkaListenerEndpointContainer#1-0-C-1] INFO  org.apache.kafka.clients.consumer.internals.ConsumerCoordinator - [Consumer clientId=consumer-tomge-consumer-group-2, groupId=tomge-consumer-group] Discovered group coordinator localhost:9092 (id: 2147483647 rack: null)
2025-04-11 21:15:23.113 [org.springframework.kafka.KafkaListenerEndpointContainer#0-0-C-1] INFO  org.apache.kafka.clients.consumer.internals.ConsumerCoordinator - [Consumer clientId=consumer-tomge-consumer-group-1, groupId=tomge-consumer-group] Discovered group coordinator localhost:9092 (id: 2147483647 rack: null)
2025-04-11 21:33:14.928 [kafka-coordinator-heartbeat-thread | tomge-consumer-group] INFO  org.apache.kafka.clients.consumer.internals.ConsumerCoordinator - [Consumer clientId=consumer-tomge-consumer-group-1, groupId=tomge-consumer-group] Group coordinator localhost:9092 (id: 2147483647 rack: null) is unavailable or invalid due to cause: session timed out without receiving a heartbeat response. isDisconnected: false. Rediscovery will be attempted.
2025-04-11 21:33:14.928 [kafka-coordinator-heartbeat-thread | tomge-consumer-group] INFO  org.apache.kafka.clients.consumer.internals.ConsumerCoordinator - [Consumer clientId=consumer-tomge-consumer-group-2, groupId=tomge-consumer-group] Group coordinator localhost:9092 (id: 2147483647 rack: null) is unavailable or invalid due to cause: session timed out without receiving a heartbeat response. isDisconnected: false. Rediscovery will be attempted.
2025-04-11 21:33:14.928 [kafka-coordinator-heartbeat-thread | tomge-consumer-group] INFO  org.apache.kafka.clients.consumer.internals.ConsumerCoordinator - [Consumer clientId=consumer-tomge-consumer-group-1, groupId=tomge-consumer-group] Requesting disconnect from last known coordinator localhost:9092 (id: 2147483647 rack: null)
2025-04-11 21:33:14.928 [kafka-coordinator-heartbeat-thread | tomge-consumer-group] INFO  org.apache.kafka.clients.consumer.internals.ConsumerCoordinator - [Consumer clientId=consumer-tomge-consumer-group-2, groupId=tomge-consumer-group] Requesting disconnect from last known coordinator localhost:9092 (id: 2147483647 rack: null)
2025-04-11 21:33:14.928 [kafka-coordinator-heartbeat-thread | tomge-consumer-group] INFO  org.apache.kafka.clients.NetworkClient - [Consumer clientId=consumer-tomge-consumer-group-1, groupId=tomge-consumer-group] Client requested disconnect from node 2147483647
2025-04-11 21:33:14.928 [kafka-coordinator-heartbeat-thread | tomge-consumer-group] INFO  org.apache.kafka.clients.NetworkClient - [Consumer clientId=consumer-tomge-consumer-group-2, groupId=tomge-consumer-group] Client requested disconnect from node 2147483647
2025-04-11 21:33:14.929 [org.springframework.kafka.KafkaListenerEndpointContainer#1-0-C-1] INFO  org.apache.kafka.clients.consumer.internals.ConsumerCoordinator - [Consumer clientId=consumer-tomge-consumer-group-2, groupId=tomge-consumer-group] Discovered group coordinator localhost:9092 (id: 2147483647 rack: null)
2025-04-11 21:33:14.929 [org.springframework.kafka.KafkaListenerEndpointContainer#0-0-C-1] INFO  org.apache.kafka.clients.consumer.internals.ConsumerCoordinator - [Consumer clientId=consumer-tomge-consumer-group-1, groupId=tomge-consumer-group] Discovered group coordinator localhost:9092 (id: 2147483647 rack: null)
2025-04-11 21:33:14.929 [org.springframework.kafka.KafkaListenerEndpointContainer#1-0-C-1] INFO  org.apache.kafka.clients.consumer.internals.ConsumerCoordinator - [Consumer clientId=consumer-tomge-consumer-group-2, groupId=tomge-consumer-group] Group coordinator localhost:9092 (id: 2147483647 rack: null) is unavailable or invalid due to cause: coordinator unavailable. isDisconnected: false. Rediscovery will be attempted.
2025-04-11 21:33:14.929 [org.springframework.kafka.KafkaListenerEndpointContainer#0-0-C-1] INFO  org.apache.kafka.clients.consumer.internals.ConsumerCoordinator - [Consumer clientId=consumer-tomge-consumer-group-1, groupId=tomge-consumer-group] Group coordinator localhost:9092 (id: 2147483647 rack: null) is unavailable or invalid due to cause: coordinator unavailable. isDisconnected: false. Rediscovery will be attempted.
2025-04-11 21:33:14.929 [org.springframework.kafka.KafkaListenerEndpointContainer#1-0-C-1] INFO  org.apache.kafka.clients.consumer.internals.ConsumerCoordinator - [Consumer clientId=consumer-tomge-consumer-group-2, groupId=tomge-consumer-group] Requesting disconnect from last known coordinator localhost:9092 (id: 2147483647 rack: null)
2025-04-11 21:33:14.929 [org.springframework.kafka.KafkaListenerEndpointContainer#0-0-C-1] INFO  org.apache.kafka.clients.consumer.internals.ConsumerCoordinator - [Consumer clientId=consumer-tomge-consumer-group-1, groupId=tomge-consumer-group] Requesting disconnect from last known coordinator localhost:9092 (id: 2147483647 rack: null)
2025-04-11 21:33:15.035 [org.springframework.kafka.KafkaListenerEndpointContainer#1-0-C-1] INFO  org.apache.kafka.clients.consumer.internals.ConsumerCoordinator - [Consumer clientId=consumer-tomge-consumer-group-2, groupId=tomge-consumer-group] Discovered group coordinator localhost:9092 (id: 2147483647 rack: null)
2025-04-11 21:33:15.035 [org.springframework.kafka.KafkaListenerEndpointContainer#0-0-C-1] INFO  org.apache.kafka.clients.consumer.internals.ConsumerCoordinator - [Consumer clientId=consumer-tomge-consumer-group-1, groupId=tomge-consumer-group] Discovered group coordinator localhost:9092 (id: 2147483647 rack: null)
2025-04-11 21:36:49.270 [kafka-coordinator-heartbeat-thread | tomge-consumer-group] INFO  org.apache.kafka.clients.consumer.internals.ConsumerCoordinator - [Consumer clientId=consumer-tomge-consumer-group-1, groupId=tomge-consumer-group] Group coordinator localhost:9092 (id: 2147483647 rack: null) is unavailable or invalid due to cause: session timed out without receiving a heartbeat response. isDisconnected: false. Rediscovery will be attempted.
2025-04-11 21:36:49.270 [kafka-coordinator-heartbeat-thread | tomge-consumer-group] INFO  org.apache.kafka.clients.consumer.internals.ConsumerCoordinator - [Consumer clientId=consumer-tomge-consumer-group-2, groupId=tomge-consumer-group] Group coordinator localhost:9092 (id: 2147483647 rack: null) is unavailable or invalid due to cause: session timed out without receiving a heartbeat response. isDisconnected: false. Rediscovery will be attempted.
2025-04-11 21:36:49.272 [kafka-coordinator-heartbeat-thread | tomge-consumer-group] INFO  org.apache.kafka.clients.consumer.internals.ConsumerCoordinator - [Consumer clientId=consumer-tomge-consumer-group-1, groupId=tomge-consumer-group] Requesting disconnect from last known coordinator localhost:9092 (id: 2147483647 rack: null)
2025-04-11 21:36:49.272 [kafka-coordinator-heartbeat-thread | tomge-consumer-group] INFO  org.apache.kafka.clients.NetworkClient - [Consumer clientId=consumer-tomge-consumer-group-1, groupId=tomge-consumer-group] Client requested disconnect from node 2147483647
2025-04-11 21:36:49.272 [kafka-coordinator-heartbeat-thread | tomge-consumer-group] INFO  org.apache.kafka.clients.consumer.internals.ConsumerCoordinator - [Consumer clientId=consumer-tomge-consumer-group-2, groupId=tomge-consumer-group] Requesting disconnect from last known coordinator localhost:9092 (id: 2147483647 rack: null)
2025-04-11 21:36:49.272 [kafka-coordinator-heartbeat-thread | tomge-consumer-group] INFO  org.apache.kafka.clients.NetworkClient - [Consumer clientId=consumer-tomge-consumer-group-2, groupId=tomge-consumer-group] Client requested disconnect from node 2147483647
2025-04-11 21:36:49.274 [org.springframework.kafka.KafkaListenerEndpointContainer#0-0-C-1] INFO  org.apache.kafka.clients.consumer.internals.ConsumerCoordinator - [Consumer clientId=consumer-tomge-consumer-group-1, groupId=tomge-consumer-group] Discovered group coordinator localhost:9092 (id: 2147483647 rack: null)
2025-04-11 21:36:49.274 [org.springframework.kafka.KafkaListenerEndpointContainer#1-0-C-1] INFO  org.apache.kafka.clients.consumer.internals.ConsumerCoordinator - [Consumer clientId=consumer-tomge-consumer-group-2, groupId=tomge-consumer-group] Discovered group coordinator localhost:9092 (id: 2147483647 rack: null)
2025-04-11 21:36:49.274 [org.springframework.kafka.KafkaListenerEndpointContainer#0-0-C-1] INFO  org.apache.kafka.clients.consumer.internals.ConsumerCoordinator - [Consumer clientId=consumer-tomge-consumer-group-1, groupId=tomge-consumer-group] Group coordinator localhost:9092 (id: 2147483647 rack: null) is unavailable or invalid due to cause: coordinator unavailable. isDisconnected: false. Rediscovery will be attempted.
2025-04-11 21:36:49.274 [org.springframework.kafka.KafkaListenerEndpointContainer#1-0-C-1] INFO  org.apache.kafka.clients.consumer.internals.ConsumerCoordinator - [Consumer clientId=consumer-tomge-consumer-group-2, groupId=tomge-consumer-group] Group coordinator localhost:9092 (id: 2147483647 rack: null) is unavailable or invalid due to cause: coordinator unavailable. isDisconnected: false. Rediscovery will be attempted.
2025-04-11 21:36:49.274 [org.springframework.kafka.KafkaListenerEndpointContainer#1-0-C-1] INFO  org.apache.kafka.clients.consumer.internals.ConsumerCoordinator - [Consumer clientId=consumer-tomge-consumer-group-2, groupId=tomge-consumer-group] Requesting disconnect from last known coordinator localhost:9092 (id: 2147483647 rack: null)
2025-04-11 21:36:49.274 [org.springframework.kafka.KafkaListenerEndpointContainer#0-0-C-1] INFO  org.apache.kafka.clients.consumer.internals.ConsumerCoordinator - [Consumer clientId=consumer-tomge-consumer-group-1, groupId=tomge-consumer-group] Requesting disconnect from last known coordinator localhost:9092 (id: 2147483647 rack: null)
2025-04-11 21:36:49.383 [org.springframework.kafka.KafkaListenerEndpointContainer#0-0-C-1] INFO  org.apache.kafka.clients.consumer.internals.ConsumerCoordinator - [Consumer clientId=consumer-tomge-consumer-group-1, groupId=tomge-consumer-group] Discovered group coordinator localhost:9092 (id: 2147483647 rack: null)
2025-04-11 21:36:49.399 [org.springframework.kafka.KafkaListenerEndpointContainer#1-0-C-1] INFO  org.apache.kafka.clients.consumer.internals.ConsumerCoordinator - [Consumer clientId=consumer-tomge-consumer-group-2, groupId=tomge-consumer-group] Discovered group coordinator localhost:9092 (id: 2147483647 rack: null)
2025-04-11 21:53:23.931 [kafka-coordinator-heartbeat-thread | tomge-consumer-group] INFO  org.apache.kafka.clients.consumer.internals.ConsumerCoordinator - [Consumer clientId=consumer-tomge-consumer-group-1, groupId=tomge-consumer-group] Group coordinator localhost:9092 (id: 2147483647 rack: null) is unavailable or invalid due to cause: session timed out without receiving a heartbeat response. isDisconnected: false. Rediscovery will be attempted.
2025-04-11 21:53:23.931 [kafka-coordinator-heartbeat-thread | tomge-consumer-group] INFO  org.apache.kafka.clients.consumer.internals.ConsumerCoordinator - [Consumer clientId=consumer-tomge-consumer-group-1, groupId=tomge-consumer-group] Requesting disconnect from last known coordinator localhost:9092 (id: 2147483647 rack: null)
2025-04-11 21:53:23.931 [kafka-coordinator-heartbeat-thread | tomge-consumer-group] INFO  org.apache.kafka.clients.consumer.internals.ConsumerCoordinator - [Consumer clientId=consumer-tomge-consumer-group-2, groupId=tomge-consumer-group] Group coordinator localhost:9092 (id: 2147483647 rack: null) is unavailable or invalid due to cause: session timed out without receiving a heartbeat response. isDisconnected: false. Rediscovery will be attempted.
2025-04-11 21:53:23.931 [kafka-coordinator-heartbeat-thread | tomge-consumer-group] INFO  org.apache.kafka.clients.NetworkClient - [Consumer clientId=consumer-tomge-consumer-group-1, groupId=tomge-consumer-group] Client requested disconnect from node 2147483647
2025-04-11 21:53:23.931 [kafka-coordinator-heartbeat-thread | tomge-consumer-group] INFO  org.apache.kafka.clients.consumer.internals.ConsumerCoordinator - [Consumer clientId=consumer-tomge-consumer-group-2, groupId=tomge-consumer-group] Requesting disconnect from last known coordinator localhost:9092 (id: 2147483647 rack: null)
2025-04-11 21:53:23.931 [kafka-coordinator-heartbeat-thread | tomge-consumer-group] INFO  org.apache.kafka.clients.NetworkClient - [Consumer clientId=consumer-tomge-consumer-group-2, groupId=tomge-consumer-group] Client requested disconnect from node 2147483647
2025-04-11 21:53:23.932 [org.springframework.kafka.KafkaListenerEndpointContainer#0-0-C-1] INFO  org.apache.kafka.clients.consumer.internals.ConsumerCoordinator - [Consumer clientId=consumer-tomge-consumer-group-1, groupId=tomge-consumer-group] Discovered group coordinator localhost:9092 (id: 2147483647 rack: null)
2025-04-11 21:53:23.932 [org.springframework.kafka.KafkaListenerEndpointContainer#1-0-C-1] INFO  org.apache.kafka.clients.consumer.internals.ConsumerCoordinator - [Consumer clientId=consumer-tomge-consumer-group-2, groupId=tomge-consumer-group] Discovered group coordinator localhost:9092 (id: 2147483647 rack: null)
2025-04-11 21:53:23.932 [org.springframework.kafka.KafkaListenerEndpointContainer#0-0-C-1] INFO  org.apache.kafka.clients.consumer.internals.ConsumerCoordinator - [Consumer clientId=consumer-tomge-consumer-group-1, groupId=tomge-consumer-group] Group coordinator localhost:9092 (id: 2147483647 rack: null) is unavailable or invalid due to cause: coordinator unavailable. isDisconnected: false. Rediscovery will be attempted.
2025-04-11 21:53:23.932 [org.springframework.kafka.KafkaListenerEndpointContainer#1-0-C-1] INFO  org.apache.kafka.clients.consumer.internals.ConsumerCoordinator - [Consumer clientId=consumer-tomge-consumer-group-2, groupId=tomge-consumer-group] Group coordinator localhost:9092 (id: 2147483647 rack: null) is unavailable or invalid due to cause: coordinator unavailable. isDisconnected: false. Rediscovery will be attempted.
2025-04-11 21:53:23.932 [org.springframework.kafka.KafkaListenerEndpointContainer#0-0-C-1] INFO  org.apache.kafka.clients.consumer.internals.ConsumerCoordinator - [Consumer clientId=consumer-tomge-consumer-group-1, groupId=tomge-consumer-group] Requesting disconnect from last known coordinator localhost:9092 (id: 2147483647 rack: null)
2025-04-11 21:53:23.932 [org.springframework.kafka.KafkaListenerEndpointContainer#1-0-C-1] INFO  org.apache.kafka.clients.consumer.internals.ConsumerCoordinator - [Consumer clientId=consumer-tomge-consumer-group-2, groupId=tomge-consumer-group] Requesting disconnect from last known coordinator localhost:9092 (id: 2147483647 rack: null)
2025-04-11 21:53:24.024 [org.springframework.kafka.KafkaListenerEndpointContainer#1-0-C-1] INFO  org.apache.kafka.clients.consumer.internals.ConsumerCoordinator - [Consumer clientId=consumer-tomge-consumer-group-2, groupId=tomge-consumer-group] Discovered group coordinator localhost:9092 (id: 2147483647 rack: null)
2025-04-11 21:53:24.043 [org.springframework.kafka.KafkaListenerEndpointContainer#0-0-C-1] INFO  org.apache.kafka.clients.consumer.internals.ConsumerCoordinator - [Consumer clientId=consumer-tomge-consumer-group-1, groupId=tomge-consumer-group] Discovered group coordinator localhost:9092 (id: 2147483647 rack: null)
2025-04-11 22:08:43.930 [kafka-coordinator-heartbeat-thread | tomge-consumer-group] INFO  org.apache.kafka.clients.consumer.internals.ConsumerCoordinator - [Consumer clientId=consumer-tomge-consumer-group-1, groupId=tomge-consumer-group] Group coordinator localhost:9092 (id: 2147483647 rack: null) is unavailable or invalid due to cause: session timed out without receiving a heartbeat response. isDisconnected: false. Rediscovery will be attempted.
2025-04-11 22:08:44.034 [kafka-coordinator-heartbeat-thread | tomge-consumer-group] INFO  org.apache.kafka.clients.consumer.internals.ConsumerCoordinator - [Consumer clientId=consumer-tomge-consumer-group-1, groupId=tomge-consumer-group] Requesting disconnect from last known coordinator localhost:9092 (id: 2147483647 rack: null)
2025-04-11 22:08:44.034 [kafka-coordinator-heartbeat-thread | tomge-consumer-group] INFO  org.apache.kafka.clients.NetworkClient - [Consumer clientId=consumer-tomge-consumer-group-1, groupId=tomge-consumer-group] Client requested disconnect from node 2147483647
2025-04-11 22:08:44.042 [org.springframework.kafka.KafkaListenerEndpointContainer#0-0-C-1] INFO  org.apache.kafka.clients.consumer.internals.ConsumerCoordinator - [Consumer clientId=consumer-tomge-consumer-group-1, groupId=tomge-consumer-group] Discovered group coordinator localhost:9092 (id: 2147483647 rack: null)
2025-04-11 22:08:44.042 [org.springframework.kafka.KafkaListenerEndpointContainer#0-0-C-1] INFO  org.apache.kafka.clients.consumer.internals.ConsumerCoordinator - [Consumer clientId=consumer-tomge-consumer-group-1, groupId=tomge-consumer-group] Group coordinator localhost:9092 (id: 2147483647 rack: null) is unavailable or invalid due to cause: coordinator unavailable. isDisconnected: false. Rediscovery will be attempted.
2025-04-11 22:08:44.042 [org.springframework.kafka.KafkaListenerEndpointContainer#0-0-C-1] INFO  org.apache.kafka.clients.consumer.internals.ConsumerCoordinator - [Consumer clientId=consumer-tomge-consumer-group-1, groupId=tomge-consumer-group] Requesting disconnect from last known coordinator localhost:9092 (id: 2147483647 rack: null)
2025-04-11 22:08:44.137 [org.springframework.kafka.KafkaListenerEndpointContainer#0-0-C-1] INFO  org.apache.kafka.clients.consumer.internals.ConsumerCoordinator - [Consumer clientId=consumer-tomge-consumer-group-1, groupId=tomge-consumer-group] Discovered group coordinator localhost:9092 (id: 2147483647 rack: null)
2025-04-11 22:08:44.314 [kafka-coordinator-heartbeat-thread | tomge-consumer-group] INFO  org.apache.kafka.clients.consumer.internals.ConsumerCoordinator - [Consumer clientId=consumer-tomge-consumer-group-2, groupId=tomge-consumer-group] Group coordinator localhost:9092 (id: 2147483647 rack: null) is unavailable or invalid due to cause: session timed out without receiving a heartbeat response. isDisconnected: false. Rediscovery will be attempted.
2025-04-11 22:08:44.314 [kafka-coordinator-heartbeat-thread | tomge-consumer-group] INFO  org.apache.kafka.clients.consumer.internals.ConsumerCoordinator - [Consumer clientId=consumer-tomge-consumer-group-2, groupId=tomge-consumer-group] Requesting disconnect from last known coordinator localhost:9092 (id: 2147483647 rack: null)
2025-04-11 22:08:44.314 [kafka-coordinator-heartbeat-thread | tomge-consumer-group] INFO  org.apache.kafka.clients.NetworkClient - [Consumer clientId=consumer-tomge-consumer-group-2, groupId=tomge-consumer-group] Client requested disconnect from node 2147483647
2025-04-11 22:08:44.316 [org.springframework.kafka.KafkaListenerEndpointContainer#1-0-C-1] INFO  org.apache.kafka.clients.consumer.internals.ConsumerCoordinator - [Consumer clientId=consumer-tomge-consumer-group-2, groupId=tomge-consumer-group] Discovered group coordinator localhost:9092 (id: 2147483647 rack: null)
2025-04-11 22:08:44.317 [org.springframework.kafka.KafkaListenerEndpointContainer#1-0-C-1] INFO  org.apache.kafka.clients.consumer.internals.ConsumerCoordinator - [Consumer clientId=consumer-tomge-consumer-group-2, groupId=tomge-consumer-group] Group coordinator localhost:9092 (id: 2147483647 rack: null) is unavailable or invalid due to cause: coordinator unavailable. isDisconnected: false. Rediscovery will be attempted.
2025-04-11 22:08:44.317 [org.springframework.kafka.KafkaListenerEndpointContainer#1-0-C-1] INFO  org.apache.kafka.clients.consumer.internals.ConsumerCoordinator - [Consumer clientId=consumer-tomge-consumer-group-2, groupId=tomge-consumer-group] Requesting disconnect from last known coordinator localhost:9092 (id: 2147483647 rack: null)
2025-04-11 22:08:44.406 [org.springframework.kafka.KafkaListenerEndpointContainer#1-0-C-1] INFO  org.apache.kafka.clients.consumer.internals.ConsumerCoordinator - [Consumer clientId=consumer-tomge-consumer-group-2, groupId=tomge-consumer-group] Discovered group coordinator localhost:9092 (id: 2147483647 rack: null)
2025-04-11 22:08:47.989 [HikariPool-1 housekeeper] WARN  com.zaxxer.hikari.pool.HikariPool - HikariPool-1 - Thread starvation or clock leap detected (housekeeper delta=1h9m15s943ms).
2025-04-11 22:09:43.183 [kafka-coordinator-heartbeat-thread | tomge-consumer-group] INFO  org.apache.kafka.clients.consumer.internals.ConsumerCoordinator - [Consumer clientId=consumer-tomge-consumer-group-1, groupId=tomge-consumer-group] Group coordinator localhost:9092 (id: 2147483647 rack: null) is unavailable or invalid due to cause: session timed out without receiving a heartbeat response. isDisconnected: false. Rediscovery will be attempted.
2025-04-11 22:09:43.184 [kafka-coordinator-heartbeat-thread | tomge-consumer-group] INFO  org.apache.kafka.clients.consumer.internals.ConsumerCoordinator - [Consumer clientId=consumer-tomge-consumer-group-1, groupId=tomge-consumer-group] Requesting disconnect from last known coordinator localhost:9092 (id: 2147483647 rack: null)
2025-04-11 22:09:43.184 [kafka-coordinator-heartbeat-thread | tomge-consumer-group] INFO  org.apache.kafka.clients.NetworkClient - [Consumer clientId=consumer-tomge-consumer-group-1, groupId=tomge-consumer-group] Client requested disconnect from node 2147483647
2025-04-11 22:09:43.184 [org.springframework.kafka.KafkaListenerEndpointContainer#0-0-C-1] INFO  org.apache.kafka.clients.consumer.internals.ConsumerCoordinator - [Consumer clientId=consumer-tomge-consumer-group-1, groupId=tomge-consumer-group] Discovered group coordinator localhost:9092 (id: 2147483647 rack: null)
2025-04-11 22:09:43.185 [org.springframework.kafka.KafkaListenerEndpointContainer#0-0-C-1] INFO  org.apache.kafka.clients.consumer.internals.ConsumerCoordinator - [Consumer clientId=consumer-tomge-consumer-group-1, groupId=tomge-consumer-group] Group coordinator localhost:9092 (id: 2147483647 rack: null) is unavailable or invalid due to cause: coordinator unavailable. isDisconnected: false. Rediscovery will be attempted.
2025-04-11 22:09:43.185 [org.springframework.kafka.KafkaListenerEndpointContainer#0-0-C-1] INFO  org.apache.kafka.clients.consumer.internals.ConsumerCoordinator - [Consumer clientId=consumer-tomge-consumer-group-1, groupId=tomge-consumer-group] Requesting disconnect from last known coordinator localhost:9092 (id: 2147483647 rack: null)
2025-04-11 22:09:43.262 [org.springframework.kafka.KafkaListenerEndpointContainer#1-0-C-1] INFO  org.apache.kafka.clients.NetworkClient - [Consumer clientId=consumer-tomge-consumer-group-2, groupId=tomge-consumer-group] Disconnecting from node 0 due to request timeout.
2025-04-11 22:09:43.263 [org.springframework.kafka.KafkaListenerEndpointContainer#1-0-C-1] INFO  org.apache.kafka.clients.NetworkClient - [Consumer clientId=consumer-tomge-consumer-group-2, groupId=tomge-consumer-group] Cancelled in-flight FETCH request with correlation id 12427 due to node 0 being disconnected (elapsed time since creation: 54324ms, elapsed time since send: 54324ms, request timeout: 30000ms)
2025-04-11 22:09:43.263 [org.springframework.kafka.KafkaListenerEndpointContainer#1-0-C-1] INFO  org.apache.kafka.clients.FetchSessionHandler - [Consumer clientId=consumer-tomge-consumer-group-2, groupId=tomge-consumer-group] Error sending fetch request (sessionId=1862900319, epoch=124) to node 0:
org.apache.kafka.common.errors.DisconnectException: null
2025-04-11 22:09:43.264 [kafka-coordinator-heartbeat-thread | tomge-consumer-group] INFO  org.apache.kafka.clients.consumer.internals.ConsumerCoordinator - [Consumer clientId=consumer-tomge-consumer-group-2, groupId=tomge-consumer-group] Group coordinator localhost:9092 (id: 2147483647 rack: null) is unavailable or invalid due to cause: session timed out without receiving a heartbeat response. isDisconnected: false. Rediscovery will be attempted.
2025-04-11 22:09:43.264 [kafka-coordinator-heartbeat-thread | tomge-consumer-group] INFO  org.apache.kafka.clients.consumer.internals.ConsumerCoordinator - [Consumer clientId=consumer-tomge-consumer-group-2, groupId=tomge-consumer-group] Requesting disconnect from last known coordinator localhost:9092 (id: 2147483647 rack: null)
2025-04-11 22:09:43.264 [kafka-coordinator-heartbeat-thread | tomge-consumer-group] INFO  org.apache.kafka.clients.NetworkClient - [Consumer clientId=consumer-tomge-consumer-group-2, groupId=tomge-consumer-group] Client requested disconnect from node 2147483647
2025-04-11 22:09:43.280 [org.springframework.kafka.KafkaListenerEndpointContainer#0-0-C-1] INFO  org.apache.kafka.clients.consumer.internals.ConsumerCoordinator - [Consumer clientId=consumer-tomge-consumer-group-1, groupId=tomge-consumer-group] Discovered group coordinator localhost:9092 (id: 2147483647 rack: null)
2025-04-11 22:09:43.377 [org.springframework.kafka.KafkaListenerEndpointContainer#1-0-C-1] INFO  org.apache.kafka.clients.consumer.internals.ConsumerCoordinator - [Consumer clientId=consumer-tomge-consumer-group-2, groupId=tomge-consumer-group] Discovered group coordinator localhost:9092 (id: 2147483647 rack: null)
2025-04-11 22:10:45.723 [kafka-coordinator-heartbeat-thread | tomge-consumer-group] INFO  org.apache.kafka.clients.consumer.internals.ConsumerCoordinator - [Consumer clientId=consumer-tomge-consumer-group-1, groupId=tomge-consumer-group] Group coordinator localhost:9092 (id: 2147483647 rack: null) is unavailable or invalid due to cause: session timed out without receiving a heartbeat response. isDisconnected: false. Rediscovery will be attempted.
2025-04-11 22:10:45.723 [kafka-coordinator-heartbeat-thread | tomge-consumer-group] INFO  org.apache.kafka.clients.consumer.internals.ConsumerCoordinator - [Consumer clientId=consumer-tomge-consumer-group-1, groupId=tomge-consumer-group] Requesting disconnect from last known coordinator localhost:9092 (id: 2147483647 rack: null)
2025-04-11 22:10:45.723 [kafka-coordinator-heartbeat-thread | tomge-consumer-group] INFO  org.apache.kafka.clients.NetworkClient - [Consumer clientId=consumer-tomge-consumer-group-1, groupId=tomge-consumer-group] Client requested disconnect from node 2147483647
2025-04-11 22:10:45.725 [org.springframework.kafka.KafkaListenerEndpointContainer#0-0-C-1] INFO  org.apache.kafka.clients.consumer.internals.ConsumerCoordinator - [Consumer clientId=consumer-tomge-consumer-group-1, groupId=tomge-consumer-group] Discovered group coordinator localhost:9092 (id: 2147483647 rack: null)
2025-04-11 22:10:45.725 [org.springframework.kafka.KafkaListenerEndpointContainer#0-0-C-1] INFO  org.apache.kafka.clients.consumer.internals.ConsumerCoordinator - [Consumer clientId=consumer-tomge-consumer-group-1, groupId=tomge-consumer-group] Group coordinator localhost:9092 (id: 2147483647 rack: null) is unavailable or invalid due to cause: coordinator unavailable. isDisconnected: false. Rediscovery will be attempted.
2025-04-11 22:10:45.725 [org.springframework.kafka.KafkaListenerEndpointContainer#0-0-C-1] INFO  org.apache.kafka.clients.consumer.internals.ConsumerCoordinator - [Consumer clientId=consumer-tomge-consumer-group-1, groupId=tomge-consumer-group] Requesting disconnect from last known coordinator localhost:9092 (id: 2147483647 rack: null)
2025-04-11 22:10:45.805 [kafka-coordinator-heartbeat-thread | tomge-consumer-group] INFO  org.apache.kafka.clients.consumer.internals.ConsumerCoordinator - [Consumer clientId=consumer-tomge-consumer-group-2, groupId=tomge-consumer-group] Group coordinator localhost:9092 (id: 2147483647 rack: null) is unavailable or invalid due to cause: session timed out without receiving a heartbeat response. isDisconnected: false. Rediscovery will be attempted.
2025-04-11 22:10:45.806 [kafka-coordinator-heartbeat-thread | tomge-consumer-group] INFO  org.apache.kafka.clients.consumer.internals.ConsumerCoordinator - [Consumer clientId=consumer-tomge-consumer-group-2, groupId=tomge-consumer-group] Requesting disconnect from last known coordinator localhost:9092 (id: 2147483647 rack: null)
2025-04-11 22:10:45.806 [kafka-coordinator-heartbeat-thread | tomge-consumer-group] INFO  org.apache.kafka.clients.NetworkClient - [Consumer clientId=consumer-tomge-consumer-group-2, groupId=tomge-consumer-group] Client requested disconnect from node 2147483647
2025-04-11 22:10:45.810 [org.springframework.kafka.KafkaListenerEndpointContainer#1-0-C-1] INFO  org.apache.kafka.clients.consumer.internals.ConsumerCoordinator - [Consumer clientId=consumer-tomge-consumer-group-2, groupId=tomge-consumer-group] Discovered group coordinator localhost:9092 (id: 2147483647 rack: null)
2025-04-11 22:10:45.810 [org.springframework.kafka.KafkaListenerEndpointContainer#1-0-C-1] INFO  org.apache.kafka.clients.consumer.internals.ConsumerCoordinator - [Consumer clientId=consumer-tomge-consumer-group-2, groupId=tomge-consumer-group] Group coordinator localhost:9092 (id: 2147483647 rack: null) is unavailable or invalid due to cause: coordinator unavailable. isDisconnected: false. Rediscovery will be attempted.
2025-04-11 22:10:45.811 [org.springframework.kafka.KafkaListenerEndpointContainer#1-0-C-1] INFO  org.apache.kafka.clients.consumer.internals.ConsumerCoordinator - [Consumer clientId=consumer-tomge-consumer-group-2, groupId=tomge-consumer-group] Requesting disconnect from last known coordinator localhost:9092 (id: 2147483647 rack: null)
2025-04-11 22:10:45.845 [org.springframework.kafka.KafkaListenerEndpointContainer#0-0-C-1] INFO  org.apache.kafka.clients.consumer.internals.ConsumerCoordinator - [Consumer clientId=consumer-tomge-consumer-group-1, groupId=tomge-consumer-group] Discovered group coordinator localhost:9092 (id: 2147483647 rack: null)
2025-04-11 22:10:45.933 [org.springframework.kafka.KafkaListenerEndpointContainer#1-0-C-1] INFO  org.apache.kafka.clients.consumer.internals.ConsumerCoordinator - [Consumer clientId=consumer-tomge-consumer-group-2, groupId=tomge-consumer-group] Discovered group coordinator localhost:9092 (id: 2147483647 rack: null)
2025-04-11 22:11:38.965 [kafka-coordinator-heartbeat-thread | tomge-consumer-group] INFO  org.apache.kafka.clients.consumer.internals.ConsumerCoordinator - [Consumer clientId=consumer-tomge-consumer-group-1, groupId=tomge-consumer-group] Group coordinator localhost:9092 (id: 2147483647 rack: null) is unavailable or invalid due to cause: session timed out without receiving a heartbeat response. isDisconnected: false. Rediscovery will be attempted.
2025-04-11 22:11:38.965 [kafka-coordinator-heartbeat-thread | tomge-consumer-group] INFO  org.apache.kafka.clients.consumer.internals.ConsumerCoordinator - [Consumer clientId=consumer-tomge-consumer-group-1, groupId=tomge-consumer-group] Requesting disconnect from last known coordinator localhost:9092 (id: 2147483647 rack: null)
2025-04-11 22:11:38.965 [kafka-coordinator-heartbeat-thread | tomge-consumer-group] INFO  org.apache.kafka.clients.NetworkClient - [Consumer clientId=consumer-tomge-consumer-group-1, groupId=tomge-consumer-group] Client requested disconnect from node 2147483647
2025-04-11 22:11:38.967 [org.springframework.kafka.KafkaListenerEndpointContainer#0-0-C-1] INFO  org.apache.kafka.clients.consumer.internals.ConsumerCoordinator - [Consumer clientId=consumer-tomge-consumer-group-1, groupId=tomge-consumer-group] Discovered group coordinator localhost:9092 (id: 2147483647 rack: null)
2025-04-11 22:11:38.967 [org.springframework.kafka.KafkaListenerEndpointContainer#0-0-C-1] INFO  org.apache.kafka.clients.consumer.internals.ConsumerCoordinator - [Consumer clientId=consumer-tomge-consumer-group-1, groupId=tomge-consumer-group] Group coordinator localhost:9092 (id: 2147483647 rack: null) is unavailable or invalid due to cause: coordinator unavailable. isDisconnected: false. Rediscovery will be attempted.
2025-04-11 22:11:38.967 [org.springframework.kafka.KafkaListenerEndpointContainer#0-0-C-1] INFO  org.apache.kafka.clients.consumer.internals.ConsumerCoordinator - [Consumer clientId=consumer-tomge-consumer-group-1, groupId=tomge-consumer-group] Requesting disconnect from last known coordinator localhost:9092 (id: 2147483647 rack: null)
2025-04-11 22:11:39.028 [kafka-coordinator-heartbeat-thread | tomge-consumer-group] INFO  org.apache.kafka.clients.consumer.internals.ConsumerCoordinator - [Consumer clientId=consumer-tomge-consumer-group-2, groupId=tomge-consumer-group] Group coordinator localhost:9092 (id: 2147483647 rack: null) is unavailable or invalid due to cause: session timed out without receiving a heartbeat response. isDisconnected: false. Rediscovery will be attempted.
2025-04-11 22:11:39.028 [kafka-coordinator-heartbeat-thread | tomge-consumer-group] INFO  org.apache.kafka.clients.consumer.internals.ConsumerCoordinator - [Consumer clientId=consumer-tomge-consumer-group-2, groupId=tomge-consumer-group] Requesting disconnect from last known coordinator localhost:9092 (id: 2147483647 rack: null)
2025-04-11 22:11:39.028 [kafka-coordinator-heartbeat-thread | tomge-consumer-group] INFO  org.apache.kafka.clients.NetworkClient - [Consumer clientId=consumer-tomge-consumer-group-2, groupId=tomge-consumer-group] Client requested disconnect from node 2147483647
2025-04-11 22:11:39.029 [org.springframework.kafka.KafkaListenerEndpointContainer#1-0-C-1] INFO  org.apache.kafka.clients.consumer.internals.ConsumerCoordinator - [Consumer clientId=consumer-tomge-consumer-group-2, groupId=tomge-consumer-group] Discovered group coordinator localhost:9092 (id: 2147483647 rack: null)
2025-04-11 22:11:39.029 [org.springframework.kafka.KafkaListenerEndpointContainer#1-0-C-1] INFO  org.apache.kafka.clients.consumer.internals.ConsumerCoordinator - [Consumer clientId=consumer-tomge-consumer-group-2, groupId=tomge-consumer-group] Group coordinator localhost:9092 (id: 2147483647 rack: null) is unavailable or invalid due to cause: coordinator unavailable. isDisconnected: false. Rediscovery will be attempted.
2025-04-11 22:11:39.029 [org.springframework.kafka.KafkaListenerEndpointContainer#1-0-C-1] INFO  org.apache.kafka.clients.consumer.internals.ConsumerCoordinator - [Consumer clientId=consumer-tomge-consumer-group-2, groupId=tomge-consumer-group] Requesting disconnect from last known coordinator localhost:9092 (id: 2147483647 rack: null)
2025-04-11 22:11:39.065 [org.springframework.kafka.KafkaListenerEndpointContainer#0-0-C-1] INFO  org.apache.kafka.clients.consumer.internals.ConsumerCoordinator - [Consumer clientId=consumer-tomge-consumer-group-1, groupId=tomge-consumer-group] Discovered group coordinator localhost:9092 (id: 2147483647 rack: null)
2025-04-11 22:11:39.155 [org.springframework.kafka.KafkaListenerEndpointContainer#1-0-C-1] INFO  org.apache.kafka.clients.consumer.internals.ConsumerCoordinator - [Consumer clientId=consumer-tomge-consumer-group-2, groupId=tomge-consumer-group] Discovered group coordinator localhost:9092 (id: 2147483647 rack: null)
2025-04-11 22:12:41.274 [kafka-coordinator-heartbeat-thread | tomge-consumer-group] INFO  org.apache.kafka.clients.consumer.internals.ConsumerCoordinator - [Consumer clientId=consumer-tomge-consumer-group-1, groupId=tomge-consumer-group] Group coordinator localhost:9092 (id: 2147483647 rack: null) is unavailable or invalid due to cause: session timed out without receiving a heartbeat response. isDisconnected: false. Rediscovery will be attempted.
2025-04-11 22:12:41.275 [kafka-coordinator-heartbeat-thread | tomge-consumer-group] INFO  org.apache.kafka.clients.consumer.internals.ConsumerCoordinator - [Consumer clientId=consumer-tomge-consumer-group-1, groupId=tomge-consumer-group] Requesting disconnect from last known coordinator localhost:9092 (id: 2147483647 rack: null)
2025-04-11 22:12:41.275 [kafka-coordinator-heartbeat-thread | tomge-consumer-group] INFO  org.apache.kafka.clients.NetworkClient - [Consumer clientId=consumer-tomge-consumer-group-1, groupId=tomge-consumer-group] Client requested disconnect from node 2147483647
2025-04-11 22:12:41.276 [org.springframework.kafka.KafkaListenerEndpointContainer#0-0-C-1] INFO  org.apache.kafka.clients.consumer.internals.ConsumerCoordinator - [Consumer clientId=consumer-tomge-consumer-group-1, groupId=tomge-consumer-group] Discovered group coordinator localhost:9092 (id: 2147483647 rack: null)
2025-04-11 22:12:41.277 [org.springframework.kafka.KafkaListenerEndpointContainer#0-0-C-1] INFO  org.apache.kafka.clients.consumer.internals.ConsumerCoordinator - [Consumer clientId=consumer-tomge-consumer-group-1, groupId=tomge-consumer-group] Group coordinator localhost:9092 (id: 2147483647 rack: null) is unavailable or invalid due to cause: coordinator unavailable. isDisconnected: false. Rediscovery will be attempted.
2025-04-11 22:12:41.277 [org.springframework.kafka.KafkaListenerEndpointContainer#0-0-C-1] INFO  org.apache.kafka.clients.consumer.internals.ConsumerCoordinator - [Consumer clientId=consumer-tomge-consumer-group-1, groupId=tomge-consumer-group] Requesting disconnect from last known coordinator localhost:9092 (id: 2147483647 rack: null)
2025-04-11 22:12:41.352 [kafka-coordinator-heartbeat-thread | tomge-consumer-group] INFO  org.apache.kafka.clients.consumer.internals.ConsumerCoordinator - [Consumer clientId=consumer-tomge-consumer-group-2, groupId=tomge-consumer-group] Group coordinator localhost:9092 (id: 2147483647 rack: null) is unavailable or invalid due to cause: session timed out without receiving a heartbeat response. isDisconnected: false. Rediscovery will be attempted.
2025-04-11 22:12:41.354 [kafka-coordinator-heartbeat-thread | tomge-consumer-group] INFO  org.apache.kafka.clients.consumer.internals.ConsumerCoordinator - [Consumer clientId=consumer-tomge-consumer-group-2, groupId=tomge-consumer-group] Requesting disconnect from last known coordinator localhost:9092 (id: 2147483647 rack: null)
2025-04-11 22:12:41.354 [kafka-coordinator-heartbeat-thread | tomge-consumer-group] INFO  org.apache.kafka.clients.NetworkClient - [Consumer clientId=consumer-tomge-consumer-group-2, groupId=tomge-consumer-group] Client requested disconnect from node 2147483647
2025-04-11 22:12:41.355 [org.springframework.kafka.KafkaListenerEndpointContainer#1-0-C-1] INFO  org.apache.kafka.clients.consumer.internals.ConsumerCoordinator - [Consumer clientId=consumer-tomge-consumer-group-2, groupId=tomge-consumer-group] Discovered group coordinator localhost:9092 (id: 2147483647 rack: null)
2025-04-11 22:12:41.355 [org.springframework.kafka.KafkaListenerEndpointContainer#1-0-C-1] INFO  org.apache.kafka.clients.consumer.internals.ConsumerCoordinator - [Consumer clientId=consumer-tomge-consumer-group-2, groupId=tomge-consumer-group] Group coordinator localhost:9092 (id: 2147483647 rack: null) is unavailable or invalid due to cause: coordinator unavailable. isDisconnected: false. Rediscovery will be attempted.
2025-04-11 22:12:41.355 [org.springframework.kafka.KafkaListenerEndpointContainer#1-0-C-1] INFO  org.apache.kafka.clients.consumer.internals.ConsumerCoordinator - [Consumer clientId=consumer-tomge-consumer-group-2, groupId=tomge-consumer-group] Requesting disconnect from last known coordinator localhost:9092 (id: 2147483647 rack: null)
2025-04-11 22:12:41.370 [org.springframework.kafka.KafkaListenerEndpointContainer#0-0-C-1] INFO  org.apache.kafka.clients.consumer.internals.ConsumerCoordinator - [Consumer clientId=consumer-tomge-consumer-group-1, groupId=tomge-consumer-group] Discovered group coordinator localhost:9092 (id: 2147483647 rack: null)
2025-04-11 22:12:41.446 [org.springframework.kafka.KafkaListenerEndpointContainer#1-0-C-1] INFO  org.apache.kafka.clients.consumer.internals.ConsumerCoordinator - [Consumer clientId=consumer-tomge-consumer-group-2, groupId=tomge-consumer-group] Discovered group coordinator localhost:9092 (id: 2147483647 rack: null)
2025-04-11 22:13:31.412 [HikariPool-1 housekeeper] WARN  com.zaxxer.hikari.pool.HikariPool - HikariPool-1 - Thread starvation or clock leap detected (housekeeper delta=4m43s424ms).
2025-04-11 22:31:25.204 [kafka-coordinator-heartbeat-thread | tomge-consumer-group] INFO  org.apache.kafka.clients.consumer.internals.ConsumerCoordinator - [Consumer clientId=consumer-tomge-consumer-group-1, groupId=tomge-consumer-group] Group coordinator localhost:9092 (id: 2147483647 rack: null) is unavailable or invalid due to cause: session timed out without receiving a heartbeat response. isDisconnected: false. Rediscovery will be attempted.
2025-04-11 22:31:25.205 [kafka-coordinator-heartbeat-thread | tomge-consumer-group] INFO  org.apache.kafka.clients.consumer.internals.ConsumerCoordinator - [Consumer clientId=consumer-tomge-consumer-group-1, groupId=tomge-consumer-group] Requesting disconnect from last known coordinator localhost:9092 (id: 2147483647 rack: null)
2025-04-11 22:31:25.205 [kafka-coordinator-heartbeat-thread | tomge-consumer-group] INFO  org.apache.kafka.clients.NetworkClient - [Consumer clientId=consumer-tomge-consumer-group-1, groupId=tomge-consumer-group] Client requested disconnect from node 2147483647
2025-04-11 22:31:25.206 [org.springframework.kafka.KafkaListenerEndpointContainer#0-0-C-1] INFO  org.apache.kafka.clients.consumer.internals.ConsumerCoordinator - [Consumer clientId=consumer-tomge-consumer-group-1, groupId=tomge-consumer-group] Discovered group coordinator localhost:9092 (id: 2147483647 rack: null)
2025-04-11 22:31:25.206 [org.springframework.kafka.KafkaListenerEndpointContainer#0-0-C-1] INFO  org.apache.kafka.clients.consumer.internals.ConsumerCoordinator - [Consumer clientId=consumer-tomge-consumer-group-1, groupId=tomge-consumer-group] Group coordinator localhost:9092 (id: 2147483647 rack: null) is unavailable or invalid due to cause: coordinator unavailable. isDisconnected: false. Rediscovery will be attempted.
2025-04-11 22:31:25.206 [org.springframework.kafka.KafkaListenerEndpointContainer#0-0-C-1] INFO  org.apache.kafka.clients.consumer.internals.ConsumerCoordinator - [Consumer clientId=consumer-tomge-consumer-group-1, groupId=tomge-consumer-group] Requesting disconnect from last known coordinator localhost:9092 (id: 2147483647 rack: null)
2025-04-11 22:31:25.257 [kafka-coordinator-heartbeat-thread | tomge-consumer-group] INFO  org.apache.kafka.clients.consumer.internals.ConsumerCoordinator - [Consumer clientId=consumer-tomge-consumer-group-2, groupId=tomge-consumer-group] Group coordinator localhost:9092 (id: 2147483647 rack: null) is unavailable or invalid due to cause: session timed out without receiving a heartbeat response. isDisconnected: false. Rediscovery will be attempted.
2025-04-11 22:31:25.258 [kafka-coordinator-heartbeat-thread | tomge-consumer-group] INFO  org.apache.kafka.clients.consumer.internals.ConsumerCoordinator - [Consumer clientId=consumer-tomge-consumer-group-2, groupId=tomge-consumer-group] Requesting disconnect from last known coordinator localhost:9092 (id: 2147483647 rack: null)
2025-04-11 22:31:25.258 [kafka-coordinator-heartbeat-thread | tomge-consumer-group] INFO  org.apache.kafka.clients.NetworkClient - [Consumer clientId=consumer-tomge-consumer-group-2, groupId=tomge-consumer-group] Client requested disconnect from node 2147483647
2025-04-11 22:31:25.260 [org.springframework.kafka.KafkaListenerEndpointContainer#1-0-C-1] INFO  org.apache.kafka.clients.consumer.internals.ConsumerCoordinator - [Consumer clientId=consumer-tomge-consumer-group-2, groupId=tomge-consumer-group] Discovered group coordinator localhost:9092 (id: 2147483647 rack: null)
2025-04-11 22:31:25.260 [org.springframework.kafka.KafkaListenerEndpointContainer#1-0-C-1] INFO  org.apache.kafka.clients.consumer.internals.ConsumerCoordinator - [Consumer clientId=consumer-tomge-consumer-group-2, groupId=tomge-consumer-group] Group coordinator localhost:9092 (id: 2147483647 rack: null) is unavailable or invalid due to cause: coordinator unavailable. isDisconnected: false. Rediscovery will be attempted.
2025-04-11 22:31:25.260 [org.springframework.kafka.KafkaListenerEndpointContainer#1-0-C-1] INFO  org.apache.kafka.clients.consumer.internals.ConsumerCoordinator - [Consumer clientId=consumer-tomge-consumer-group-2, groupId=tomge-consumer-group] Requesting disconnect from last known coordinator localhost:9092 (id: 2147483647 rack: null)
2025-04-11 22:31:25.306 [org.springframework.kafka.KafkaListenerEndpointContainer#0-0-C-1] INFO  org.apache.kafka.clients.consumer.internals.ConsumerCoordinator - [Consumer clientId=consumer-tomge-consumer-group-1, groupId=tomge-consumer-group] Discovered group coordinator localhost:9092 (id: 2147483647 rack: null)
2025-04-11 22:31:25.389 [org.springframework.kafka.KafkaListenerEndpointContainer#1-0-C-1] INFO  org.apache.kafka.clients.consumer.internals.ConsumerCoordinator - [Consumer clientId=consumer-tomge-consumer-group-2, groupId=tomge-consumer-group] Discovered group coordinator localhost:9092 (id: 2147483647 rack: null)
2025-04-11 22:49:11.952 [org.springframework.kafka.KafkaListenerEndpointContainer#0-0-C-1] INFO  org.apache.kafka.clients.NetworkClient - [Consumer clientId=consumer-tomge-consumer-group-1, groupId=tomge-consumer-group] Disconnecting from node 0 due to request timeout.
2025-04-11 22:49:12.034 [org.springframework.kafka.KafkaListenerEndpointContainer#0-0-C-1] INFO  org.apache.kafka.clients.NetworkClient - [Consumer clientId=consumer-tomge-consumer-group-1, groupId=tomge-consumer-group] Cancelled in-flight FETCH request with correlation id 12539 due to node 0 being disconnected (elapsed time since creation: 1062108ms, elapsed time since send: 1062108ms, request timeout: 30000ms)
2025-04-11 22:49:12.007 [org.springframework.kafka.KafkaListenerEndpointContainer#1-0-C-1] INFO  org.apache.kafka.clients.NetworkClient - [Consumer clientId=consumer-tomge-consumer-group-2, groupId=tomge-consumer-group] Disconnecting from node 0 due to request timeout.
2025-04-11 22:49:12.036 [org.springframework.kafka.KafkaListenerEndpointContainer#1-0-C-1] INFO  org.apache.kafka.clients.NetworkClient - [Consumer clientId=consumer-tomge-consumer-group-2, groupId=tomge-consumer-group] Cancelled in-flight FETCH request with correlation id 12542 due to node 0 being disconnected (elapsed time since creation: 1062075ms, elapsed time since send: 1062075ms, request timeout: 30000ms)
2025-04-11 22:49:12.037 [org.springframework.kafka.KafkaListenerEndpointContainer#1-0-C-1] INFO  org.apache.kafka.clients.FetchSessionHandler - [Consumer clientId=consumer-tomge-consumer-group-2, groupId=tomge-consumer-group] Error sending fetch request (sessionId=2071961378, epoch=79) to node 0:
org.apache.kafka.common.errors.DisconnectException: null
2025-04-11 22:49:12.039 [org.springframework.kafka.KafkaListenerEndpointContainer#0-0-C-1] INFO  org.apache.kafka.clients.FetchSessionHandler - [Consumer clientId=consumer-tomge-consumer-group-1, groupId=tomge-consumer-group] Error sending fetch request (sessionId=1421651329, epoch=203) to node 0:
org.apache.kafka.common.errors.DisconnectException: null
2025-04-11 22:49:12.041 [kafka-coordinator-heartbeat-thread | tomge-consumer-group] INFO  org.apache.kafka.clients.consumer.internals.ConsumerCoordinator - [Consumer clientId=consumer-tomge-consumer-group-2, groupId=tomge-consumer-group] Group coordinator localhost:9092 (id: 2147483647 rack: null) is unavailable or invalid due to cause: session timed out without receiving a heartbeat response. isDisconnected: false. Rediscovery will be attempted.
2025-04-11 22:49:12.041 [kafka-coordinator-heartbeat-thread | tomge-consumer-group] INFO  org.apache.kafka.clients.consumer.internals.ConsumerCoordinator - [Consumer clientId=consumer-tomge-consumer-group-2, groupId=tomge-consumer-group] Requesting disconnect from last known coordinator localhost:9092 (id: 2147483647 rack: null)
2025-04-11 22:49:12.041 [kafka-coordinator-heartbeat-thread | tomge-consumer-group] INFO  org.apache.kafka.clients.NetworkClient - [Consumer clientId=consumer-tomge-consumer-group-2, groupId=tomge-consumer-group] Client requested disconnect from node 2147483647
2025-04-11 22:49:12.041 [kafka-coordinator-heartbeat-thread | tomge-consumer-group] INFO  org.apache.kafka.clients.consumer.internals.ConsumerCoordinator - [Consumer clientId=consumer-tomge-consumer-group-1, groupId=tomge-consumer-group] Group coordinator localhost:9092 (id: 2147483647 rack: null) is unavailable or invalid due to cause: session timed out without receiving a heartbeat response. isDisconnected: false. Rediscovery will be attempted.
2025-04-11 22:49:12.042 [kafka-coordinator-heartbeat-thread | tomge-consumer-group] INFO  org.apache.kafka.clients.consumer.internals.ConsumerCoordinator - [Consumer clientId=consumer-tomge-consumer-group-1, groupId=tomge-consumer-group] Requesting disconnect from last known coordinator localhost:9092 (id: 2147483647 rack: null)
2025-04-11 22:49:12.042 [kafka-coordinator-heartbeat-thread | tomge-consumer-group] INFO  org.apache.kafka.clients.NetworkClient - [Consumer clientId=consumer-tomge-consumer-group-1, groupId=tomge-consumer-group] Client requested disconnect from node 2147483647
2025-04-11 22:49:12.049 [org.springframework.kafka.KafkaListenerEndpointContainer#0-0-C-1] INFO  org.apache.kafka.clients.consumer.internals.ConsumerCoordinator - [Consumer clientId=consumer-tomge-consumer-group-1, groupId=tomge-consumer-group] Discovered group coordinator localhost:9092 (id: 2147483647 rack: null)
2025-04-11 22:49:12.049 [org.springframework.kafka.KafkaListenerEndpointContainer#0-0-C-1] INFO  org.apache.kafka.clients.consumer.internals.ConsumerCoordinator - [Consumer clientId=consumer-tomge-consumer-group-1, groupId=tomge-consumer-group] Group coordinator localhost:9092 (id: 2147483647 rack: null) is unavailable or invalid due to cause: coordinator unavailable. isDisconnected: false. Rediscovery will be attempted.
2025-04-11 22:49:12.049 [org.springframework.kafka.KafkaListenerEndpointContainer#0-0-C-1] INFO  org.apache.kafka.clients.consumer.internals.ConsumerCoordinator - [Consumer clientId=consumer-tomge-consumer-group-1, groupId=tomge-consumer-group] Requesting disconnect from last known coordinator localhost:9092 (id: 2147483647 rack: null)
2025-04-11 22:49:12.154 [org.springframework.kafka.KafkaListenerEndpointContainer#1-0-C-1] INFO  org.apache.kafka.clients.consumer.internals.ConsumerCoordinator - [Consumer clientId=consumer-tomge-consumer-group-2, groupId=tomge-consumer-group] Discovered group coordinator localhost:9092 (id: 2147483647 rack: null)
2025-04-11 22:49:12.163 [org.springframework.kafka.KafkaListenerEndpointContainer#0-0-C-1] INFO  org.apache.kafka.clients.consumer.internals.ConsumerCoordinator - [Consumer clientId=consumer-tomge-consumer-group-1, groupId=tomge-consumer-group] Discovered group coordinator localhost:9092 (id: 2147483647 rack: null)
2025-04-11 22:49:33.461 [HikariPool-1 housekeeper] WARN  com.zaxxer.hikari.pool.HikariPool - HikariPool-1 - Thread starvation or clock leap detected (housekeeper delta=36m2s49ms).
2025-04-11 22:55:21.783 [org.springframework.kafka.KafkaListenerEndpointContainer#1-0-C-1] INFO  org.apache.kafka.clients.consumer.internals.ConsumerRebalanceListenerInvoker - [Consumer clientId=consumer-tomge-consumer-group-2, groupId=tomge-consumer-group] Revoke previously assigned partitions testtopic2-0
2025-04-11 22:55:21.783 [org.springframework.kafka.KafkaListenerEndpointContainer#0-0-C-1] INFO  org.apache.kafka.clients.consumer.internals.ConsumerRebalanceListenerInvoker - [Consumer clientId=consumer-tomge-consumer-group-1, groupId=tomge-consumer-group] Revoke previously assigned partitions testtopic-0
2025-04-11 22:55:21.784 [org.springframework.kafka.KafkaListenerEndpointContainer#1-0-C-1] INFO  org.apache.kafka.clients.consumer.internals.ConsumerCoordinator - [Consumer clientId=consumer-tomge-consumer-group-2, groupId=tomge-consumer-group] Member consumer-tomge-consumer-group-2-d0a8842b-7edb-4004-84b0-8cc864743a77 sending LeaveGroup request to coordinator localhost:9092 (id: 2147483647 rack: null) due to the consumer unsubscribed from all topics
2025-04-11 22:55:21.784 [org.springframework.kafka.KafkaListenerEndpointContainer#0-0-C-1] INFO  org.apache.kafka.clients.consumer.internals.ConsumerCoordinator - [Consumer clientId=consumer-tomge-consumer-group-1, groupId=tomge-consumer-group] Member consumer-tomge-consumer-group-1-e1b6f160-9610-4f27-ba8d-3390d5c8dec4 sending LeaveGroup request to coordinator localhost:9092 (id: 2147483647 rack: null) due to the consumer unsubscribed from all topics
2025-04-11 22:55:21.785 [org.springframework.kafka.KafkaListenerEndpointContainer#0-0-C-1] INFO  org.apache.kafka.clients.consumer.internals.ConsumerCoordinator - [Consumer clientId=consumer-tomge-consumer-group-1, groupId=tomge-consumer-group] Resetting generation and member id due to: consumer pro-actively leaving the group
2025-04-11 22:55:21.785 [org.springframework.kafka.KafkaListenerEndpointContainer#1-0-C-1] INFO  org.apache.kafka.clients.consumer.internals.ConsumerCoordinator - [Consumer clientId=consumer-tomge-consumer-group-2, groupId=tomge-consumer-group] Resetting generation and member id due to: consumer pro-actively leaving the group
2025-04-11 22:55:21.785 [org.springframework.kafka.KafkaListenerEndpointContainer#0-0-C-1] INFO  org.apache.kafka.clients.consumer.internals.ConsumerCoordinator - [Consumer clientId=consumer-tomge-consumer-group-1, groupId=tomge-consumer-group] Request joining group due to: consumer pro-actively leaving the group
2025-04-11 22:55:21.785 [org.springframework.kafka.KafkaListenerEndpointContainer#1-0-C-1] INFO  org.apache.kafka.clients.consumer.internals.ConsumerCoordinator - [Consumer clientId=consumer-tomge-consumer-group-2, groupId=tomge-consumer-group] Request joining group due to: consumer pro-actively leaving the group
2025-04-11 22:55:21.785 [org.springframework.kafka.KafkaListenerEndpointContainer#0-0-C-1] INFO  org.apache.kafka.clients.consumer.internals.LegacyKafkaConsumer - [Consumer clientId=consumer-tomge-consumer-group-1, groupId=tomge-consumer-group] Unsubscribed all topics or patterns and assigned partitions
2025-04-11 22:55:21.785 [org.springframework.kafka.KafkaListenerEndpointContainer#1-0-C-1] INFO  org.apache.kafka.clients.consumer.internals.LegacyKafkaConsumer - [Consumer clientId=consumer-tomge-consumer-group-2, groupId=tomge-consumer-group] Unsubscribed all topics or patterns and assigned partitions
2025-04-11 22:55:21.786 [org.springframework.kafka.KafkaListenerEndpointContainer#0-0-C-1] INFO  org.apache.kafka.clients.consumer.internals.ConsumerCoordinator - [Consumer clientId=consumer-tomge-consumer-group-1, groupId=tomge-consumer-group] Resetting generation and member id due to: consumer pro-actively leaving the group
2025-04-11 22:55:21.786 [org.springframework.kafka.KafkaListenerEndpointContainer#1-0-C-1] INFO  org.apache.kafka.clients.consumer.internals.ConsumerCoordinator - [Consumer clientId=consumer-tomge-consumer-group-2, groupId=tomge-consumer-group] Resetting generation and member id due to: consumer pro-actively leaving the group
2025-04-11 22:55:21.786 [org.springframework.kafka.KafkaListenerEndpointContainer#0-0-C-1] INFO  org.apache.kafka.clients.consumer.internals.ConsumerCoordinator - [Consumer clientId=consumer-tomge-consumer-group-1, groupId=tomge-consumer-group] Request joining group due to: consumer pro-actively leaving the group
2025-04-11 22:55:21.786 [org.springframework.kafka.KafkaListenerEndpointContainer#1-0-C-1] INFO  org.apache.kafka.clients.consumer.internals.ConsumerCoordinator - [Consumer clientId=consumer-tomge-consumer-group-2, groupId=tomge-consumer-group] Request joining group due to: consumer pro-actively leaving the group
2025-04-11 22:55:21.908 [org.springframework.kafka.KafkaListenerEndpointContainer#1-0-C-1] INFO  org.apache.kafka.common.metrics.Metrics - Metrics scheduler closed
2025-04-11 22:55:21.908 [org.springframework.kafka.KafkaListenerEndpointContainer#0-0-C-1] INFO  org.apache.kafka.common.metrics.Metrics - Metrics scheduler closed
2025-04-11 22:55:21.908 [org.springframework.kafka.KafkaListenerEndpointContainer#1-0-C-1] INFO  org.apache.kafka.common.metrics.Metrics - Closing reporter org.apache.kafka.common.metrics.JmxReporter
2025-04-11 22:55:21.908 [org.springframework.kafka.KafkaListenerEndpointContainer#0-0-C-1] INFO  org.apache.kafka.common.metrics.Metrics - Closing reporter org.apache.kafka.common.metrics.JmxReporter
2025-04-11 22:55:21.908 [org.springframework.kafka.KafkaListenerEndpointContainer#1-0-C-1] INFO  org.apache.kafka.common.metrics.Metrics - Closing reporter org.apache.kafka.common.telemetry.internals.ClientTelemetryReporter
2025-04-11 22:55:21.908 [org.springframework.kafka.KafkaListenerEndpointContainer#1-0-C-1] INFO  org.apache.kafka.common.metrics.Metrics - Metrics reporters closed
2025-04-11 22:55:21.908 [org.springframework.kafka.KafkaListenerEndpointContainer#0-0-C-1] INFO  org.apache.kafka.common.metrics.Metrics - Closing reporter org.apache.kafka.common.telemetry.internals.ClientTelemetryReporter
2025-04-11 22:55:21.908 [org.springframework.kafka.KafkaListenerEndpointContainer#0-0-C-1] INFO  org.apache.kafka.common.metrics.Metrics - Metrics reporters closed
2025-04-11 22:55:21.913 [org.springframework.kafka.KafkaListenerEndpointContainer#1-0-C-1] INFO  org.apache.kafka.common.utils.AppInfoParser - App info kafka.consumer for consumer-tomge-consumer-group-2 unregistered
2025-04-11 22:55:21.913 [org.springframework.kafka.KafkaListenerEndpointContainer#0-0-C-1] INFO  org.apache.kafka.common.utils.AppInfoParser - App info kafka.consumer for consumer-tomge-consumer-group-1 unregistered
2025-04-11 22:55:25.634 [SpringApplicationShutdownHook] INFO  com.zaxxer.hikari.HikariDataSource - HikariPool-1 - Shutdown initiated...
2025-04-11 22:55:25.635 [SpringApplicationShutdownHook] INFO  com.zaxxer.hikari.HikariDataSource - HikariPool-1 - Shutdown completed.
