2025-04-05 18:27:01.629 [main] INFO  com.test.testboot.TestbootApplication - Starting TestbootApplication using Java 23.0.2 with PID 73537 (/Users/zhaoxin/Documents/GitHub/testboot/target/classes started by zhaoxin in /Users/zhaoxin/Documents/GitHub/testboot)
2025-04-05 18:27:01.631 [main] INFO  com.test.testboot.TestbootApplication - No active profile set, falling back to 1 default profile: "default"
2025-04-05 18:27:02.333 [main] INFO  org.apache.coyote.http11.Http11NioProtocol - Initializing ProtocolHandler ["http-nio-9090"]
2025-04-05 18:27:02.333 [main] INFO  org.apache.catalina.core.StandardService - Starting service [Tomcat]
2025-04-05 18:27:02.334 [main] INFO  org.apache.catalina.core.StandardEngine - Starting Servlet engine: [Apache Tomcat/10.1.36]
2025-04-05 18:27:02.355 [main] INFO  org.apache.catalina.core.ContainerBase.[Tomcat].[localhost].[/] - Initializing Spring embedded WebApplicationContext
2025-04-05 18:27:03.825 [main] INFO  org.apache.coyote.http11.Http11NioProtocol - Starting ProtocolHandler ["http-nio-9090"]
2025-04-05 18:27:03.848 [main] INFO  org.apache.kafka.clients.consumer.ConsumerConfig - ConsumerConfig values: 
	allow.auto.create.topics = true
	auto.commit.interval.ms = 5000
	auto.include.jmx.reporter = true
	auto.offset.reset = latest
	bootstrap.servers = [localhost:9092]
	check.crcs = true
	client.dns.lookup = use_all_dns_ips
	client.id = consumer-tomge-consumer-group-1
	client.rack = 
	connections.max.idle.ms = 540000
	default.api.timeout.ms = 60000
	enable.auto.commit = false
	enable.metrics.push = true
	exclude.internal.topics = true
	fetch.max.bytes = 52428800
	fetch.max.wait.ms = 500
	fetch.min.bytes = 1
	group.id = tomge-consumer-group
	group.instance.id = null
	group.protocol = classic
	group.remote.assignor = null
	heartbeat.interval.ms = 3000
	interceptor.classes = []
	internal.leave.group.on.close = true
	internal.throw.on.fetch.stable.offset.unsupported = false
	isolation.level = read_uncommitted
	key.deserializer = class org.apache.kafka.common.serialization.StringDeserializer
	max.partition.fetch.bytes = 1048576
	max.poll.interval.ms = 300000
	max.poll.records = 500
	metadata.max.age.ms = 300000
	metric.reporters = []
	metrics.num.samples = 2
	metrics.recording.level = INFO
	metrics.sample.window.ms = 30000
	partition.assignment.strategy = [class org.apache.kafka.clients.consumer.RangeAssignor, class org.apache.kafka.clients.consumer.CooperativeStickyAssignor]
	receive.buffer.bytes = 65536
	reconnect.backoff.max.ms = 1000
	reconnect.backoff.ms = 50
	request.timeout.ms = 30000
	retry.backoff.max.ms = 1000
	retry.backoff.ms = 100
	sasl.client.callback.handler.class = null
	sasl.jaas.config = null
	sasl.kerberos.kinit.cmd = /usr/bin/kinit
	sasl.kerberos.min.time.before.relogin = 60000
	sasl.kerberos.service.name = null
	sasl.kerberos.ticket.renew.jitter = 0.05
	sasl.kerberos.ticket.renew.window.factor = 0.8
	sasl.login.callback.handler.class = null
	sasl.login.class = null
	sasl.login.connect.timeout.ms = null
	sasl.login.read.timeout.ms = null
	sasl.login.refresh.buffer.seconds = 300
	sasl.login.refresh.min.period.seconds = 60
	sasl.login.refresh.window.factor = 0.8
	sasl.login.refresh.window.jitter = 0.05
	sasl.login.retry.backoff.max.ms = 10000
	sasl.login.retry.backoff.ms = 100
	sasl.mechanism = GSSAPI
	sasl.oauthbearer.clock.skew.seconds = 30
	sasl.oauthbearer.expected.audience = null
	sasl.oauthbearer.expected.issuer = null
	sasl.oauthbearer.jwks.endpoint.refresh.ms = 3600000
	sasl.oauthbearer.jwks.endpoint.retry.backoff.max.ms = 10000
	sasl.oauthbearer.jwks.endpoint.retry.backoff.ms = 100
	sasl.oauthbearer.jwks.endpoint.url = null
	sasl.oauthbearer.scope.claim.name = scope
	sasl.oauthbearer.sub.claim.name = sub
	sasl.oauthbearer.token.endpoint.url = null
	security.protocol = PLAINTEXT
	security.providers = null
	send.buffer.bytes = 131072
	session.timeout.ms = 45000
	socket.connection.setup.timeout.max.ms = 30000
	socket.connection.setup.timeout.ms = 10000
	ssl.cipher.suites = null
	ssl.enabled.protocols = [TLSv1.2, TLSv1.3]
	ssl.endpoint.identification.algorithm = https
	ssl.engine.factory.class = null
	ssl.key.password = null
	ssl.keymanager.algorithm = SunX509
	ssl.keystore.certificate.chain = null
	ssl.keystore.key = null
	ssl.keystore.location = null
	ssl.keystore.password = null
	ssl.keystore.type = JKS
	ssl.protocol = TLSv1.3
	ssl.provider = null
	ssl.secure.random.implementation = null
	ssl.trustmanager.algorithm = PKIX
	ssl.truststore.certificates = null
	ssl.truststore.location = null
	ssl.truststore.password = null
	ssl.truststore.type = JKS
	value.deserializer = class org.apache.kafka.common.serialization.StringDeserializer

2025-04-05 18:27:03.870 [main] INFO  org.apache.kafka.common.telemetry.internals.KafkaMetricsCollector - initializing Kafka metrics collector
2025-04-05 18:27:03.900 [main] INFO  org.apache.kafka.common.utils.AppInfoParser - Kafka version: 3.7.2
2025-04-05 18:27:03.901 [main] INFO  org.apache.kafka.common.utils.AppInfoParser - Kafka commitId: 79a8f2b5f44f9d5a
2025-04-05 18:27:03.901 [main] INFO  org.apache.kafka.common.utils.AppInfoParser - Kafka startTimeMs: 1743848823900
2025-04-05 18:27:03.902 [main] INFO  org.apache.kafka.clients.consumer.internals.LegacyKafkaConsumer - [Consumer clientId=consumer-tomge-consumer-group-1, groupId=tomge-consumer-group] Subscribed to topic(s): testtopic2
2025-04-05 18:27:03.908 [main] INFO  org.apache.kafka.clients.consumer.ConsumerConfig - ConsumerConfig values: 
	allow.auto.create.topics = true
	auto.commit.interval.ms = 5000
	auto.include.jmx.reporter = true
	auto.offset.reset = latest
	bootstrap.servers = [localhost:9092]
	check.crcs = true
	client.dns.lookup = use_all_dns_ips
	client.id = consumer-tomge-consumer-group-2
	client.rack = 
	connections.max.idle.ms = 540000
	default.api.timeout.ms = 60000
	enable.auto.commit = false
	enable.metrics.push = true
	exclude.internal.topics = true
	fetch.max.bytes = 52428800
	fetch.max.wait.ms = 500
	fetch.min.bytes = 1
	group.id = tomge-consumer-group
	group.instance.id = null
	group.protocol = classic
	group.remote.assignor = null
	heartbeat.interval.ms = 3000
	interceptor.classes = []
	internal.leave.group.on.close = true
	internal.throw.on.fetch.stable.offset.unsupported = false
	isolation.level = read_uncommitted
	key.deserializer = class org.apache.kafka.common.serialization.StringDeserializer
	max.partition.fetch.bytes = 1048576
	max.poll.interval.ms = 300000
	max.poll.records = 500
	metadata.max.age.ms = 300000
	metric.reporters = []
	metrics.num.samples = 2
	metrics.recording.level = INFO
	metrics.sample.window.ms = 30000
	partition.assignment.strategy = [class org.apache.kafka.clients.consumer.RangeAssignor, class org.apache.kafka.clients.consumer.CooperativeStickyAssignor]
	receive.buffer.bytes = 65536
	reconnect.backoff.max.ms = 1000
	reconnect.backoff.ms = 50
	request.timeout.ms = 30000
	retry.backoff.max.ms = 1000
	retry.backoff.ms = 100
	sasl.client.callback.handler.class = null
	sasl.jaas.config = null
	sasl.kerberos.kinit.cmd = /usr/bin/kinit
	sasl.kerberos.min.time.before.relogin = 60000
	sasl.kerberos.service.name = null
	sasl.kerberos.ticket.renew.jitter = 0.05
	sasl.kerberos.ticket.renew.window.factor = 0.8
	sasl.login.callback.handler.class = null
	sasl.login.class = null
	sasl.login.connect.timeout.ms = null
	sasl.login.read.timeout.ms = null
	sasl.login.refresh.buffer.seconds = 300
	sasl.login.refresh.min.period.seconds = 60
	sasl.login.refresh.window.factor = 0.8
	sasl.login.refresh.window.jitter = 0.05
	sasl.login.retry.backoff.max.ms = 10000
	sasl.login.retry.backoff.ms = 100
	sasl.mechanism = GSSAPI
	sasl.oauthbearer.clock.skew.seconds = 30
	sasl.oauthbearer.expected.audience = null
	sasl.oauthbearer.expected.issuer = null
	sasl.oauthbearer.jwks.endpoint.refresh.ms = 3600000
	sasl.oauthbearer.jwks.endpoint.retry.backoff.max.ms = 10000
	sasl.oauthbearer.jwks.endpoint.retry.backoff.ms = 100
	sasl.oauthbearer.jwks.endpoint.url = null
	sasl.oauthbearer.scope.claim.name = scope
	sasl.oauthbearer.sub.claim.name = sub
	sasl.oauthbearer.token.endpoint.url = null
	security.protocol = PLAINTEXT
	security.providers = null
	send.buffer.bytes = 131072
	session.timeout.ms = 45000
	socket.connection.setup.timeout.max.ms = 30000
	socket.connection.setup.timeout.ms = 10000
	ssl.cipher.suites = null
	ssl.enabled.protocols = [TLSv1.2, TLSv1.3]
	ssl.endpoint.identification.algorithm = https
	ssl.engine.factory.class = null
	ssl.key.password = null
	ssl.keymanager.algorithm = SunX509
	ssl.keystore.certificate.chain = null
	ssl.keystore.key = null
	ssl.keystore.location = null
	ssl.keystore.password = null
	ssl.keystore.type = JKS
	ssl.protocol = TLSv1.3
	ssl.provider = null
	ssl.secure.random.implementation = null
	ssl.trustmanager.algorithm = PKIX
	ssl.truststore.certificates = null
	ssl.truststore.location = null
	ssl.truststore.password = null
	ssl.truststore.type = JKS
	value.deserializer = class org.apache.kafka.common.serialization.StringDeserializer

2025-04-05 18:27:03.909 [main] INFO  org.apache.kafka.common.telemetry.internals.KafkaMetricsCollector - initializing Kafka metrics collector
2025-04-05 18:27:03.911 [main] INFO  org.apache.kafka.common.utils.AppInfoParser - Kafka version: 3.7.2
2025-04-05 18:27:03.912 [main] INFO  org.apache.kafka.common.utils.AppInfoParser - Kafka commitId: 79a8f2b5f44f9d5a
2025-04-05 18:27:03.912 [main] INFO  org.apache.kafka.common.utils.AppInfoParser - Kafka startTimeMs: 1743848823911
2025-04-05 18:27:03.912 [main] INFO  org.apache.kafka.clients.consumer.internals.LegacyKafkaConsumer - [Consumer clientId=consumer-tomge-consumer-group-2, groupId=tomge-consumer-group] Subscribed to topic(s): testtopic
2025-04-05 18:27:03.918 [main] INFO  com.test.testboot.TestbootApplication - Started TestbootApplication in 2.514 seconds (process running for 2.818)
2025-04-05 18:27:04.031 [org.springframework.kafka.KafkaListenerEndpointContainer#1-0-C-1] INFO  org.apache.kafka.clients.Metadata - [Consumer clientId=consumer-tomge-consumer-group-2, groupId=tomge-consumer-group] Cluster ID: 55v202dzTXeo6Uf5cKQwuw
2025-04-05 18:27:04.031 [org.springframework.kafka.KafkaListenerEndpointContainer#0-0-C-1] INFO  org.apache.kafka.clients.Metadata - [Consumer clientId=consumer-tomge-consumer-group-1, groupId=tomge-consumer-group] Cluster ID: 55v202dzTXeo6Uf5cKQwuw
2025-04-05 18:27:04.031 [org.springframework.kafka.KafkaListenerEndpointContainer#1-0-C-1] INFO  org.apache.kafka.clients.consumer.internals.ConsumerCoordinator - [Consumer clientId=consumer-tomge-consumer-group-2, groupId=tomge-consumer-group] Discovered group coordinator localhost:9092 (id: 2147483647 rack: null)
2025-04-05 18:27:04.031 [org.springframework.kafka.KafkaListenerEndpointContainer#0-0-C-1] INFO  org.apache.kafka.clients.consumer.internals.ConsumerCoordinator - [Consumer clientId=consumer-tomge-consumer-group-1, groupId=tomge-consumer-group] Discovered group coordinator localhost:9092 (id: 2147483647 rack: null)
2025-04-05 18:27:04.032 [org.springframework.kafka.KafkaListenerEndpointContainer#0-0-C-1] INFO  org.apache.kafka.clients.consumer.internals.ConsumerCoordinator - [Consumer clientId=consumer-tomge-consumer-group-1, groupId=tomge-consumer-group] (Re-)joining group
2025-04-05 18:27:04.032 [org.springframework.kafka.KafkaListenerEndpointContainer#1-0-C-1] INFO  org.apache.kafka.clients.consumer.internals.ConsumerCoordinator - [Consumer clientId=consumer-tomge-consumer-group-2, groupId=tomge-consumer-group] (Re-)joining group
2025-04-05 18:27:04.042 [org.springframework.kafka.KafkaListenerEndpointContainer#1-0-C-1] INFO  org.apache.kafka.clients.consumer.internals.ConsumerCoordinator - [Consumer clientId=consumer-tomge-consumer-group-2, groupId=tomge-consumer-group] Request joining group due to: need to re-join with the given member-id: consumer-tomge-consumer-group-2-45327073-91c3-4dc0-ac99-d87827ee0b2c
2025-04-05 18:27:04.042 [org.springframework.kafka.KafkaListenerEndpointContainer#0-0-C-1] INFO  org.apache.kafka.clients.consumer.internals.ConsumerCoordinator - [Consumer clientId=consumer-tomge-consumer-group-1, groupId=tomge-consumer-group] Request joining group due to: need to re-join with the given member-id: consumer-tomge-consumer-group-1-a7e6a3a7-72bd-48b3-994c-f2f09db17f37
2025-04-05 18:27:04.043 [org.springframework.kafka.KafkaListenerEndpointContainer#1-0-C-1] INFO  org.apache.kafka.clients.consumer.internals.ConsumerCoordinator - [Consumer clientId=consumer-tomge-consumer-group-2, groupId=tomge-consumer-group] (Re-)joining group
2025-04-05 18:27:04.043 [org.springframework.kafka.KafkaListenerEndpointContainer#0-0-C-1] INFO  org.apache.kafka.clients.consumer.internals.ConsumerCoordinator - [Consumer clientId=consumer-tomge-consumer-group-1, groupId=tomge-consumer-group] (Re-)joining group
2025-04-05 18:27:04.045 [org.springframework.kafka.KafkaListenerEndpointContainer#0-0-C-1] INFO  org.apache.kafka.clients.consumer.internals.ConsumerCoordinator - [Consumer clientId=consumer-tomge-consumer-group-1, groupId=tomge-consumer-group] Successfully joined group with generation Generation{generationId=171, memberId='consumer-tomge-consumer-group-1-a7e6a3a7-72bd-48b3-994c-f2f09db17f37', protocol='range'}
2025-04-05 18:27:04.045 [org.springframework.kafka.KafkaListenerEndpointContainer#1-0-C-1] INFO  org.apache.kafka.clients.consumer.internals.ConsumerCoordinator - [Consumer clientId=consumer-tomge-consumer-group-2, groupId=tomge-consumer-group] Successfully joined group with generation Generation{generationId=171, memberId='consumer-tomge-consumer-group-2-45327073-91c3-4dc0-ac99-d87827ee0b2c', protocol='range'}
2025-04-05 18:27:04.049 [org.springframework.kafka.KafkaListenerEndpointContainer#1-0-C-1] INFO  org.apache.kafka.clients.consumer.internals.ConsumerCoordinator - [Consumer clientId=consumer-tomge-consumer-group-2, groupId=tomge-consumer-group] Finished assignment for group at generation 171: {consumer-tomge-consumer-group-1-a7e6a3a7-72bd-48b3-994c-f2f09db17f37=Assignment(partitions=[testtopic2-0]), consumer-tomge-consumer-group-2-45327073-91c3-4dc0-ac99-d87827ee0b2c=Assignment(partitions=[testtopic-0])}
2025-04-05 18:27:04.055 [org.springframework.kafka.KafkaListenerEndpointContainer#0-0-C-1] INFO  org.apache.kafka.clients.consumer.internals.ConsumerCoordinator - [Consumer clientId=consumer-tomge-consumer-group-1, groupId=tomge-consumer-group] Successfully synced group in generation Generation{generationId=171, memberId='consumer-tomge-consumer-group-1-a7e6a3a7-72bd-48b3-994c-f2f09db17f37', protocol='range'}
2025-04-05 18:27:04.056 [org.springframework.kafka.KafkaListenerEndpointContainer#0-0-C-1] INFO  org.apache.kafka.clients.consumer.internals.ConsumerCoordinator - [Consumer clientId=consumer-tomge-consumer-group-1, groupId=tomge-consumer-group] Notifying assignor about the new Assignment(partitions=[testtopic2-0])
2025-04-05 18:27:04.056 [org.springframework.kafka.KafkaListenerEndpointContainer#1-0-C-1] INFO  org.apache.kafka.clients.consumer.internals.ConsumerCoordinator - [Consumer clientId=consumer-tomge-consumer-group-2, groupId=tomge-consumer-group] Successfully synced group in generation Generation{generationId=171, memberId='consumer-tomge-consumer-group-2-45327073-91c3-4dc0-ac99-d87827ee0b2c', protocol='range'}
2025-04-05 18:27:04.056 [org.springframework.kafka.KafkaListenerEndpointContainer#1-0-C-1] INFO  org.apache.kafka.clients.consumer.internals.ConsumerCoordinator - [Consumer clientId=consumer-tomge-consumer-group-2, groupId=tomge-consumer-group] Notifying assignor about the new Assignment(partitions=[testtopic-0])
2025-04-05 18:27:04.056 [org.springframework.kafka.KafkaListenerEndpointContainer#0-0-C-1] INFO  org.apache.kafka.clients.consumer.internals.ConsumerRebalanceListenerInvoker - [Consumer clientId=consumer-tomge-consumer-group-1, groupId=tomge-consumer-group] Adding newly assigned partitions: testtopic2-0
2025-04-05 18:27:04.056 [org.springframework.kafka.KafkaListenerEndpointContainer#1-0-C-1] INFO  org.apache.kafka.clients.consumer.internals.ConsumerRebalanceListenerInvoker - [Consumer clientId=consumer-tomge-consumer-group-2, groupId=tomge-consumer-group] Adding newly assigned partitions: testtopic-0
2025-04-05 18:27:04.061 [org.springframework.kafka.KafkaListenerEndpointContainer#0-0-C-1] INFO  org.apache.kafka.clients.consumer.internals.ConsumerUtils - Setting offset for partition testtopic2-0 to the committed offset FetchPosition{offset=74, offsetEpoch=Optional.empty, currentLeader=LeaderAndEpoch{leader=Optional[localhost:9092 (id: 0 rack: null)], epoch=0}}
2025-04-05 18:27:04.061 [org.springframework.kafka.KafkaListenerEndpointContainer#1-0-C-1] INFO  org.apache.kafka.clients.consumer.internals.ConsumerUtils - Setting offset for partition testtopic-0 to the committed offset FetchPosition{offset=84, offsetEpoch=Optional.empty, currentLeader=LeaderAndEpoch{leader=Optional[localhost:9092 (id: 0 rack: null)], epoch=0}}
2025-04-05 18:35:33.475 [http-nio-9090-exec-2] INFO  org.apache.catalina.core.ContainerBase.[Tomcat].[localhost].[/] - Initializing Spring DispatcherServlet 'dispatcherServlet'
2025-04-05 18:35:33.683 [http-nio-9090-exec-2] INFO  com.test.testboot.controller.StudentController - [Student [Hash = -1045706396, id=917, name=郭襄, sex=女, birth=1550, department=丐帮, address=湖北省襄阳市]]
2025-04-05 18:35:34.675 [http-nio-9090-exec-3] INFO  com.test.testboot.controller.StudentController - [Student [Hash = -1045706396, id=917, name=郭襄, sex=女, birth=1550, department=丐帮, address=湖北省襄阳市]]
2025-04-05 18:35:35.239 [http-nio-9090-exec-4] INFO  com.test.testboot.controller.StudentController - [Student [Hash = -1045706396, id=917, name=郭襄, sex=女, birth=1550, department=丐帮, address=湖北省襄阳市]]
2025-04-05 18:35:35.771 [http-nio-9090-exec-5] INFO  com.test.testboot.controller.StudentController - [Student [Hash = -1045706396, id=917, name=郭襄, sex=女, birth=1550, department=丐帮, address=湖北省襄阳市]]
2025-04-05 18:35:36.869 [http-nio-9090-exec-6] INFO  com.test.testboot.controller.StudentController - [Student [Hash = -1045706396, id=917, name=郭襄, sex=女, birth=1550, department=丐帮, address=湖北省襄阳市]]
2025-04-05 18:35:38.089 [http-nio-9090-exec-7] INFO  com.test.testboot.controller.StudentController - [Student [Hash = -1045706396, id=917, name=郭襄, sex=女, birth=1550, department=丐帮, address=湖北省襄阳市]]
2025-04-05 18:36:04.050 [org.springframework.kafka.KafkaListenerEndpointContainer#1-0-C-1] INFO  org.apache.kafka.clients.NetworkClient - [Consumer clientId=consumer-tomge-consumer-group-2, groupId=tomge-consumer-group] Node -1 disconnected.
2025-04-05 18:36:04.050 [org.springframework.kafka.KafkaListenerEndpointContainer#0-0-C-1] INFO  org.apache.kafka.clients.NetworkClient - [Consumer clientId=consumer-tomge-consumer-group-1, groupId=tomge-consumer-group] Node -1 disconnected.
2025-04-05 18:46:04.196 [org.springframework.kafka.KafkaListenerEndpointContainer#1-0-C-1] INFO  org.apache.kafka.clients.NetworkClient - [Consumer clientId=consumer-tomge-consumer-group-2, groupId=tomge-consumer-group] Node -1 disconnected.
2025-04-05 18:46:04.196 [org.springframework.kafka.KafkaListenerEndpointContainer#0-0-C-1] INFO  org.apache.kafka.clients.NetworkClient - [Consumer clientId=consumer-tomge-consumer-group-1, groupId=tomge-consumer-group] Node -1 disconnected.
2025-04-05 19:11:41.837 [kafka-coordinator-heartbeat-thread | tomge-consumer-group] INFO  org.apache.kafka.clients.consumer.internals.ConsumerCoordinator - [Consumer clientId=consumer-tomge-consumer-group-1, groupId=tomge-consumer-group] Group coordinator localhost:9092 (id: 2147483647 rack: null) is unavailable or invalid due to cause: session timed out without receiving a heartbeat response. isDisconnected: false. Rediscovery will be attempted.
2025-04-05 19:11:41.837 [kafka-coordinator-heartbeat-thread | tomge-consumer-group] INFO  org.apache.kafka.clients.consumer.internals.ConsumerCoordinator - [Consumer clientId=consumer-tomge-consumer-group-2, groupId=tomge-consumer-group] Group coordinator localhost:9092 (id: 2147483647 rack: null) is unavailable or invalid due to cause: session timed out without receiving a heartbeat response. isDisconnected: false. Rediscovery will be attempted.
2025-04-05 19:11:41.839 [kafka-coordinator-heartbeat-thread | tomge-consumer-group] INFO  org.apache.kafka.clients.consumer.internals.ConsumerCoordinator - [Consumer clientId=consumer-tomge-consumer-group-1, groupId=tomge-consumer-group] Requesting disconnect from last known coordinator localhost:9092 (id: 2147483647 rack: null)
2025-04-05 19:11:41.839 [kafka-coordinator-heartbeat-thread | tomge-consumer-group] INFO  org.apache.kafka.clients.consumer.internals.ConsumerCoordinator - [Consumer clientId=consumer-tomge-consumer-group-2, groupId=tomge-consumer-group] Requesting disconnect from last known coordinator localhost:9092 (id: 2147483647 rack: null)
2025-04-05 19:11:41.840 [kafka-coordinator-heartbeat-thread | tomge-consumer-group] INFO  org.apache.kafka.clients.NetworkClient - [Consumer clientId=consumer-tomge-consumer-group-1, groupId=tomge-consumer-group] Client requested disconnect from node 2147483647
2025-04-05 19:11:41.840 [kafka-coordinator-heartbeat-thread | tomge-consumer-group] INFO  org.apache.kafka.clients.NetworkClient - [Consumer clientId=consumer-tomge-consumer-group-2, groupId=tomge-consumer-group] Client requested disconnect from node 2147483647
2025-04-05 19:11:41.850 [org.springframework.kafka.KafkaListenerEndpointContainer#1-0-C-1] INFO  org.apache.kafka.clients.consumer.internals.ConsumerCoordinator - [Consumer clientId=consumer-tomge-consumer-group-2, groupId=tomge-consumer-group] Discovered group coordinator localhost:9092 (id: 2147483647 rack: null)
2025-04-05 19:11:41.850 [org.springframework.kafka.KafkaListenerEndpointContainer#0-0-C-1] INFO  org.apache.kafka.clients.consumer.internals.ConsumerCoordinator - [Consumer clientId=consumer-tomge-consumer-group-1, groupId=tomge-consumer-group] Discovered group coordinator localhost:9092 (id: 2147483647 rack: null)
2025-04-05 19:11:41.851 [org.springframework.kafka.KafkaListenerEndpointContainer#0-0-C-1] INFO  org.apache.kafka.clients.consumer.internals.ConsumerCoordinator - [Consumer clientId=consumer-tomge-consumer-group-1, groupId=tomge-consumer-group] Group coordinator localhost:9092 (id: 2147483647 rack: null) is unavailable or invalid due to cause: coordinator unavailable. isDisconnected: false. Rediscovery will be attempted.
2025-04-05 19:11:41.851 [org.springframework.kafka.KafkaListenerEndpointContainer#1-0-C-1] INFO  org.apache.kafka.clients.consumer.internals.ConsumerCoordinator - [Consumer clientId=consumer-tomge-consumer-group-2, groupId=tomge-consumer-group] Group coordinator localhost:9092 (id: 2147483647 rack: null) is unavailable or invalid due to cause: coordinator unavailable. isDisconnected: false. Rediscovery will be attempted.
2025-04-05 19:11:41.851 [org.springframework.kafka.KafkaListenerEndpointContainer#0-0-C-1] INFO  org.apache.kafka.clients.consumer.internals.ConsumerCoordinator - [Consumer clientId=consumer-tomge-consumer-group-1, groupId=tomge-consumer-group] Requesting disconnect from last known coordinator localhost:9092 (id: 2147483647 rack: null)
2025-04-05 19:11:41.851 [org.springframework.kafka.KafkaListenerEndpointContainer#1-0-C-1] INFO  org.apache.kafka.clients.consumer.internals.ConsumerCoordinator - [Consumer clientId=consumer-tomge-consumer-group-2, groupId=tomge-consumer-group] Requesting disconnect from last known coordinator localhost:9092 (id: 2147483647 rack: null)
2025-04-05 19:11:41.969 [org.springframework.kafka.KafkaListenerEndpointContainer#1-0-C-1] INFO  org.apache.kafka.clients.consumer.internals.ConsumerCoordinator - [Consumer clientId=consumer-tomge-consumer-group-2, groupId=tomge-consumer-group] Discovered group coordinator localhost:9092 (id: 2147483647 rack: null)
2025-04-05 19:11:41.974 [org.springframework.kafka.KafkaListenerEndpointContainer#0-0-C-1] INFO  org.apache.kafka.clients.consumer.internals.ConsumerCoordinator - [Consumer clientId=consumer-tomge-consumer-group-1, groupId=tomge-consumer-group] Discovered group coordinator localhost:9092 (id: 2147483647 rack: null)
2025-04-05 19:28:12.599 [kafka-coordinator-heartbeat-thread | tomge-consumer-group] INFO  org.apache.kafka.clients.consumer.internals.ConsumerCoordinator - [Consumer clientId=consumer-tomge-consumer-group-2, groupId=tomge-consumer-group] Group coordinator localhost:9092 (id: 2147483647 rack: null) is unavailable or invalid due to cause: session timed out without receiving a heartbeat response. isDisconnected: false. Rediscovery will be attempted.
2025-04-05 19:28:12.599 [kafka-coordinator-heartbeat-thread | tomge-consumer-group] INFO  org.apache.kafka.clients.consumer.internals.ConsumerCoordinator - [Consumer clientId=consumer-tomge-consumer-group-1, groupId=tomge-consumer-group] Group coordinator localhost:9092 (id: 2147483647 rack: null) is unavailable or invalid due to cause: session timed out without receiving a heartbeat response. isDisconnected: false. Rediscovery will be attempted.
2025-04-05 19:28:12.600 [kafka-coordinator-heartbeat-thread | tomge-consumer-group] INFO  org.apache.kafka.clients.consumer.internals.ConsumerCoordinator - [Consumer clientId=consumer-tomge-consumer-group-1, groupId=tomge-consumer-group] Requesting disconnect from last known coordinator localhost:9092 (id: 2147483647 rack: null)
2025-04-05 19:28:12.600 [kafka-coordinator-heartbeat-thread | tomge-consumer-group] INFO  org.apache.kafka.clients.NetworkClient - [Consumer clientId=consumer-tomge-consumer-group-1, groupId=tomge-consumer-group] Client requested disconnect from node 2147483647
2025-04-05 19:28:12.600 [kafka-coordinator-heartbeat-thread | tomge-consumer-group] INFO  org.apache.kafka.clients.consumer.internals.ConsumerCoordinator - [Consumer clientId=consumer-tomge-consumer-group-2, groupId=tomge-consumer-group] Requesting disconnect from last known coordinator localhost:9092 (id: 2147483647 rack: null)
2025-04-05 19:28:12.600 [kafka-coordinator-heartbeat-thread | tomge-consumer-group] INFO  org.apache.kafka.clients.NetworkClient - [Consumer clientId=consumer-tomge-consumer-group-2, groupId=tomge-consumer-group] Client requested disconnect from node 2147483647
2025-04-05 19:28:12.602 [org.springframework.kafka.KafkaListenerEndpointContainer#0-0-C-1] INFO  org.apache.kafka.clients.consumer.internals.ConsumerCoordinator - [Consumer clientId=consumer-tomge-consumer-group-1, groupId=tomge-consumer-group] Discovered group coordinator localhost:9092 (id: 2147483647 rack: null)
2025-04-05 19:28:12.602 [org.springframework.kafka.KafkaListenerEndpointContainer#1-0-C-1] INFO  org.apache.kafka.clients.consumer.internals.ConsumerCoordinator - [Consumer clientId=consumer-tomge-consumer-group-2, groupId=tomge-consumer-group] Discovered group coordinator localhost:9092 (id: 2147483647 rack: null)
2025-04-05 19:28:12.602 [org.springframework.kafka.KafkaListenerEndpointContainer#0-0-C-1] INFO  org.apache.kafka.clients.consumer.internals.ConsumerCoordinator - [Consumer clientId=consumer-tomge-consumer-group-1, groupId=tomge-consumer-group] Group coordinator localhost:9092 (id: 2147483647 rack: null) is unavailable or invalid due to cause: coordinator unavailable. isDisconnected: false. Rediscovery will be attempted.
2025-04-05 19:28:12.602 [org.springframework.kafka.KafkaListenerEndpointContainer#1-0-C-1] INFO  org.apache.kafka.clients.consumer.internals.ConsumerCoordinator - [Consumer clientId=consumer-tomge-consumer-group-2, groupId=tomge-consumer-group] Group coordinator localhost:9092 (id: 2147483647 rack: null) is unavailable or invalid due to cause: coordinator unavailable. isDisconnected: false. Rediscovery will be attempted.
2025-04-05 19:28:12.602 [org.springframework.kafka.KafkaListenerEndpointContainer#0-0-C-1] INFO  org.apache.kafka.clients.consumer.internals.ConsumerCoordinator - [Consumer clientId=consumer-tomge-consumer-group-1, groupId=tomge-consumer-group] Requesting disconnect from last known coordinator localhost:9092 (id: 2147483647 rack: null)
2025-04-05 19:28:12.602 [org.springframework.kafka.KafkaListenerEndpointContainer#1-0-C-1] INFO  org.apache.kafka.clients.consumer.internals.ConsumerCoordinator - [Consumer clientId=consumer-tomge-consumer-group-2, groupId=tomge-consumer-group] Requesting disconnect from last known coordinator localhost:9092 (id: 2147483647 rack: null)
2025-04-05 19:28:12.718 [org.springframework.kafka.KafkaListenerEndpointContainer#0-0-C-1] INFO  org.apache.kafka.clients.consumer.internals.ConsumerCoordinator - [Consumer clientId=consumer-tomge-consumer-group-1, groupId=tomge-consumer-group] Discovered group coordinator localhost:9092 (id: 2147483647 rack: null)
2025-04-05 19:28:12.723 [org.springframework.kafka.KafkaListenerEndpointContainer#1-0-C-1] INFO  org.apache.kafka.clients.consumer.internals.ConsumerCoordinator - [Consumer clientId=consumer-tomge-consumer-group-2, groupId=tomge-consumer-group] Discovered group coordinator localhost:9092 (id: 2147483647 rack: null)
2025-04-05 19:44:44.990 [kafka-coordinator-heartbeat-thread | tomge-consumer-group] INFO  org.apache.kafka.clients.consumer.internals.ConsumerCoordinator - [Consumer clientId=consumer-tomge-consumer-group-2, groupId=tomge-consumer-group] Group coordinator localhost:9092 (id: 2147483647 rack: null) is unavailable or invalid due to cause: session timed out without receiving a heartbeat response. isDisconnected: false. Rediscovery will be attempted.
2025-04-05 19:44:44.990 [kafka-coordinator-heartbeat-thread | tomge-consumer-group] INFO  org.apache.kafka.clients.consumer.internals.ConsumerCoordinator - [Consumer clientId=consumer-tomge-consumer-group-1, groupId=tomge-consumer-group] Group coordinator localhost:9092 (id: 2147483647 rack: null) is unavailable or invalid due to cause: session timed out without receiving a heartbeat response. isDisconnected: false. Rediscovery will be attempted.
2025-04-05 19:44:44.991 [kafka-coordinator-heartbeat-thread | tomge-consumer-group] INFO  org.apache.kafka.clients.consumer.internals.ConsumerCoordinator - [Consumer clientId=consumer-tomge-consumer-group-2, groupId=tomge-consumer-group] Requesting disconnect from last known coordinator localhost:9092 (id: 2147483647 rack: null)
2025-04-05 19:44:44.992 [kafka-coordinator-heartbeat-thread | tomge-consumer-group] INFO  org.apache.kafka.clients.consumer.internals.ConsumerCoordinator - [Consumer clientId=consumer-tomge-consumer-group-1, groupId=tomge-consumer-group] Requesting disconnect from last known coordinator localhost:9092 (id: 2147483647 rack: null)
2025-04-05 19:44:44.992 [kafka-coordinator-heartbeat-thread | tomge-consumer-group] INFO  org.apache.kafka.clients.NetworkClient - [Consumer clientId=consumer-tomge-consumer-group-2, groupId=tomge-consumer-group] Client requested disconnect from node 2147483647
2025-04-05 19:44:44.992 [kafka-coordinator-heartbeat-thread | tomge-consumer-group] INFO  org.apache.kafka.clients.NetworkClient - [Consumer clientId=consumer-tomge-consumer-group-1, groupId=tomge-consumer-group] Client requested disconnect from node 2147483647
2025-04-05 19:44:44.995 [org.springframework.kafka.KafkaListenerEndpointContainer#0-0-C-1] INFO  org.apache.kafka.clients.consumer.internals.ConsumerCoordinator - [Consumer clientId=consumer-tomge-consumer-group-1, groupId=tomge-consumer-group] Discovered group coordinator localhost:9092 (id: 2147483647 rack: null)
2025-04-05 19:44:44.996 [org.springframework.kafka.KafkaListenerEndpointContainer#0-0-C-1] INFO  org.apache.kafka.clients.consumer.internals.ConsumerCoordinator - [Consumer clientId=consumer-tomge-consumer-group-1, groupId=tomge-consumer-group] Group coordinator localhost:9092 (id: 2147483647 rack: null) is unavailable or invalid due to cause: coordinator unavailable. isDisconnected: false. Rediscovery will be attempted.
2025-04-05 19:44:44.996 [org.springframework.kafka.KafkaListenerEndpointContainer#0-0-C-1] INFO  org.apache.kafka.clients.consumer.internals.ConsumerCoordinator - [Consumer clientId=consumer-tomge-consumer-group-1, groupId=tomge-consumer-group] Requesting disconnect from last known coordinator localhost:9092 (id: 2147483647 rack: null)
2025-04-05 19:44:44.997 [org.springframework.kafka.KafkaListenerEndpointContainer#1-0-C-1] INFO  org.apache.kafka.clients.consumer.internals.ConsumerCoordinator - [Consumer clientId=consumer-tomge-consumer-group-2, groupId=tomge-consumer-group] Discovered group coordinator localhost:9092 (id: 2147483647 rack: null)
2025-04-05 19:44:44.997 [org.springframework.kafka.KafkaListenerEndpointContainer#1-0-C-1] INFO  org.apache.kafka.clients.consumer.internals.ConsumerCoordinator - [Consumer clientId=consumer-tomge-consumer-group-2, groupId=tomge-consumer-group] Group coordinator localhost:9092 (id: 2147483647 rack: null) is unavailable or invalid due to cause: coordinator unavailable. isDisconnected: false. Rediscovery will be attempted.
2025-04-05 19:44:44.997 [org.springframework.kafka.KafkaListenerEndpointContainer#1-0-C-1] INFO  org.apache.kafka.clients.consumer.internals.ConsumerCoordinator - [Consumer clientId=consumer-tomge-consumer-group-2, groupId=tomge-consumer-group] Requesting disconnect from last known coordinator localhost:9092 (id: 2147483647 rack: null)
2025-04-05 19:44:45.080 [org.springframework.kafka.KafkaListenerEndpointContainer#0-0-C-1] INFO  org.apache.kafka.clients.consumer.internals.ConsumerCoordinator - [Consumer clientId=consumer-tomge-consumer-group-1, groupId=tomge-consumer-group] Discovered group coordinator localhost:9092 (id: 2147483647 rack: null)
2025-04-05 19:44:45.092 [org.springframework.kafka.KafkaListenerEndpointContainer#1-0-C-1] INFO  org.apache.kafka.clients.consumer.internals.ConsumerCoordinator - [Consumer clientId=consumer-tomge-consumer-group-2, groupId=tomge-consumer-group] Discovered group coordinator localhost:9092 (id: 2147483647 rack: null)
2025-04-05 20:01:40.729 [org.springframework.kafka.KafkaListenerEndpointContainer#0-0-C-1] INFO  org.apache.kafka.clients.NetworkClient - [Consumer clientId=consumer-tomge-consumer-group-1, groupId=tomge-consumer-group] Disconnecting from node 0 due to request timeout.
2025-04-05 20:01:40.730 [org.springframework.kafka.KafkaListenerEndpointContainer#0-0-C-1] INFO  org.apache.kafka.clients.NetworkClient - [Consumer clientId=consumer-tomge-consumer-group-1, groupId=tomge-consumer-group] Cancelled in-flight FETCH request with correlation id 4680 due to node 0 being disconnected (elapsed time since creation: 1011111ms, elapsed time since send: 1011111ms, request timeout: 30000ms)
2025-04-05 20:01:40.731 [org.springframework.kafka.KafkaListenerEndpointContainer#1-0-C-1] INFO  org.apache.kafka.clients.NetworkClient - [Consumer clientId=consumer-tomge-consumer-group-2, groupId=tomge-consumer-group] Disconnecting from node 0 due to request timeout.
2025-04-05 20:01:40.731 [kafka-coordinator-heartbeat-thread | tomge-consumer-group] INFO  org.apache.kafka.clients.consumer.internals.ConsumerCoordinator - [Consumer clientId=consumer-tomge-consumer-group-1, groupId=tomge-consumer-group] Group coordinator localhost:9092 (id: 2147483647 rack: null) is unavailable or invalid due to cause: session timed out without receiving a heartbeat response. isDisconnected: false. Rediscovery will be attempted.
2025-04-05 20:01:40.731 [org.springframework.kafka.KafkaListenerEndpointContainer#1-0-C-1] INFO  org.apache.kafka.clients.NetworkClient - [Consumer clientId=consumer-tomge-consumer-group-2, groupId=tomge-consumer-group] Cancelled in-flight FETCH request with correlation id 4681 due to node 0 being disconnected (elapsed time since creation: 1011113ms, elapsed time since send: 1011113ms, request timeout: 30000ms)
2025-04-05 20:01:40.731 [kafka-coordinator-heartbeat-thread | tomge-consumer-group] INFO  org.apache.kafka.clients.consumer.internals.ConsumerCoordinator - [Consumer clientId=consumer-tomge-consumer-group-1, groupId=tomge-consumer-group] Requesting disconnect from last known coordinator localhost:9092 (id: 2147483647 rack: null)
2025-04-05 20:01:40.731 [kafka-coordinator-heartbeat-thread | tomge-consumer-group] INFO  org.apache.kafka.clients.NetworkClient - [Consumer clientId=consumer-tomge-consumer-group-1, groupId=tomge-consumer-group] Client requested disconnect from node 2147483647
2025-04-05 20:01:40.732 [kafka-coordinator-heartbeat-thread | tomge-consumer-group] INFO  org.apache.kafka.clients.consumer.internals.ConsumerCoordinator - [Consumer clientId=consumer-tomge-consumer-group-2, groupId=tomge-consumer-group] Group coordinator localhost:9092 (id: 2147483647 rack: null) is unavailable or invalid due to cause: session timed out without receiving a heartbeat response. isDisconnected: false. Rediscovery will be attempted.
2025-04-05 20:01:40.732 [kafka-coordinator-heartbeat-thread | tomge-consumer-group] INFO  org.apache.kafka.clients.consumer.internals.ConsumerCoordinator - [Consumer clientId=consumer-tomge-consumer-group-2, groupId=tomge-consumer-group] Requesting disconnect from last known coordinator localhost:9092 (id: 2147483647 rack: null)
2025-04-05 20:01:40.732 [kafka-coordinator-heartbeat-thread | tomge-consumer-group] INFO  org.apache.kafka.clients.NetworkClient - [Consumer clientId=consumer-tomge-consumer-group-2, groupId=tomge-consumer-group] Client requested disconnect from node 2147483647
2025-04-05 20:01:40.731 [org.springframework.kafka.KafkaListenerEndpointContainer#0-0-C-1] INFO  org.apache.kafka.clients.FetchSessionHandler - [Consumer clientId=consumer-tomge-consumer-group-1, groupId=tomge-consumer-group] Error sending fetch request (sessionId=1603848019, epoch=3964) to node 0:
org.apache.kafka.common.errors.DisconnectException: null
2025-04-05 20:01:40.731 [org.springframework.kafka.KafkaListenerEndpointContainer#1-0-C-1] INFO  org.apache.kafka.clients.FetchSessionHandler - [Consumer clientId=consumer-tomge-consumer-group-2, groupId=tomge-consumer-group] Error sending fetch request (sessionId=1261725187, epoch=3964) to node 0:
org.apache.kafka.common.errors.DisconnectException: null
2025-04-05 20:01:40.838 [org.springframework.kafka.KafkaListenerEndpointContainer#1-0-C-1] INFO  org.apache.kafka.clients.consumer.internals.ConsumerCoordinator - [Consumer clientId=consumer-tomge-consumer-group-2, groupId=tomge-consumer-group] Discovered group coordinator localhost:9092 (id: 2147483647 rack: null)
2025-04-05 20:01:40.869 [org.springframework.kafka.KafkaListenerEndpointContainer#0-0-C-1] INFO  org.apache.kafka.clients.consumer.internals.ConsumerCoordinator - [Consumer clientId=consumer-tomge-consumer-group-1, groupId=tomge-consumer-group] Discovered group coordinator localhost:9092 (id: 2147483647 rack: null)
2025-04-05 20:17:56.587 [kafka-coordinator-heartbeat-thread | tomge-consumer-group] INFO  org.apache.kafka.clients.consumer.internals.ConsumerCoordinator - [Consumer clientId=consumer-tomge-consumer-group-1, groupId=tomge-consumer-group] Group coordinator localhost:9092 (id: 2147483647 rack: null) is unavailable or invalid due to cause: session timed out without receiving a heartbeat response. isDisconnected: false. Rediscovery will be attempted.
2025-04-05 20:17:56.587 [kafka-coordinator-heartbeat-thread | tomge-consumer-group] INFO  org.apache.kafka.clients.consumer.internals.ConsumerCoordinator - [Consumer clientId=consumer-tomge-consumer-group-2, groupId=tomge-consumer-group] Group coordinator localhost:9092 (id: 2147483647 rack: null) is unavailable or invalid due to cause: session timed out without receiving a heartbeat response. isDisconnected: false. Rediscovery will be attempted.
2025-04-05 20:17:56.691 [kafka-coordinator-heartbeat-thread | tomge-consumer-group] INFO  org.apache.kafka.clients.consumer.internals.ConsumerCoordinator - [Consumer clientId=consumer-tomge-consumer-group-2, groupId=tomge-consumer-group] Requesting disconnect from last known coordinator localhost:9092 (id: 2147483647 rack: null)
2025-04-05 20:17:56.691 [kafka-coordinator-heartbeat-thread | tomge-consumer-group] INFO  org.apache.kafka.clients.consumer.internals.ConsumerCoordinator - [Consumer clientId=consumer-tomge-consumer-group-1, groupId=tomge-consumer-group] Requesting disconnect from last known coordinator localhost:9092 (id: 2147483647 rack: null)
2025-04-05 20:17:56.691 [kafka-coordinator-heartbeat-thread | tomge-consumer-group] INFO  org.apache.kafka.clients.NetworkClient - [Consumer clientId=consumer-tomge-consumer-group-2, groupId=tomge-consumer-group] Client requested disconnect from node 2147483647
2025-04-05 20:17:56.691 [kafka-coordinator-heartbeat-thread | tomge-consumer-group] INFO  org.apache.kafka.clients.NetworkClient - [Consumer clientId=consumer-tomge-consumer-group-1, groupId=tomge-consumer-group] Client requested disconnect from node 2147483647
2025-04-05 20:17:56.697 [org.springframework.kafka.KafkaListenerEndpointContainer#1-0-C-1] INFO  org.apache.kafka.clients.consumer.internals.ConsumerCoordinator - [Consumer clientId=consumer-tomge-consumer-group-2, groupId=tomge-consumer-group] Discovered group coordinator localhost:9092 (id: 2147483647 rack: null)
2025-04-05 20:17:56.698 [org.springframework.kafka.KafkaListenerEndpointContainer#1-0-C-1] INFO  org.apache.kafka.clients.consumer.internals.ConsumerCoordinator - [Consumer clientId=consumer-tomge-consumer-group-2, groupId=tomge-consumer-group] Group coordinator localhost:9092 (id: 2147483647 rack: null) is unavailable or invalid due to cause: coordinator unavailable. isDisconnected: false. Rediscovery will be attempted.
2025-04-05 20:17:56.698 [org.springframework.kafka.KafkaListenerEndpointContainer#1-0-C-1] INFO  org.apache.kafka.clients.consumer.internals.ConsumerCoordinator - [Consumer clientId=consumer-tomge-consumer-group-2, groupId=tomge-consumer-group] Requesting disconnect from last known coordinator localhost:9092 (id: 2147483647 rack: null)
2025-04-05 20:17:56.698 [org.springframework.kafka.KafkaListenerEndpointContainer#0-0-C-1] INFO  org.apache.kafka.clients.consumer.internals.ConsumerCoordinator - [Consumer clientId=consumer-tomge-consumer-group-1, groupId=tomge-consumer-group] Discovered group coordinator localhost:9092 (id: 2147483647 rack: null)
2025-04-05 20:17:56.698 [org.springframework.kafka.KafkaListenerEndpointContainer#0-0-C-1] INFO  org.apache.kafka.clients.consumer.internals.ConsumerCoordinator - [Consumer clientId=consumer-tomge-consumer-group-1, groupId=tomge-consumer-group] Group coordinator localhost:9092 (id: 2147483647 rack: null) is unavailable or invalid due to cause: coordinator unavailable. isDisconnected: false. Rediscovery will be attempted.
2025-04-05 20:17:56.698 [org.springframework.kafka.KafkaListenerEndpointContainer#0-0-C-1] INFO  org.apache.kafka.clients.consumer.internals.ConsumerCoordinator - [Consumer clientId=consumer-tomge-consumer-group-1, groupId=tomge-consumer-group] Requesting disconnect from last known coordinator localhost:9092 (id: 2147483647 rack: null)
2025-04-05 20:17:56.803 [org.springframework.kafka.KafkaListenerEndpointContainer#0-0-C-1] INFO  org.apache.kafka.clients.consumer.internals.ConsumerCoordinator - [Consumer clientId=consumer-tomge-consumer-group-1, groupId=tomge-consumer-group] Discovered group coordinator localhost:9092 (id: 2147483647 rack: null)
2025-04-05 20:17:56.808 [org.springframework.kafka.KafkaListenerEndpointContainer#1-0-C-1] INFO  org.apache.kafka.clients.consumer.internals.ConsumerCoordinator - [Consumer clientId=consumer-tomge-consumer-group-2, groupId=tomge-consumer-group] Discovered group coordinator localhost:9092 (id: 2147483647 rack: null)
2025-04-05 20:34:17.577 [kafka-coordinator-heartbeat-thread | tomge-consumer-group] INFO  org.apache.kafka.clients.consumer.internals.ConsumerCoordinator - [Consumer clientId=consumer-tomge-consumer-group-2, groupId=tomge-consumer-group] Group coordinator localhost:9092 (id: 2147483647 rack: null) is unavailable or invalid due to cause: session timed out without receiving a heartbeat response. isDisconnected: false. Rediscovery will be attempted.
2025-04-05 20:34:17.577 [kafka-coordinator-heartbeat-thread | tomge-consumer-group] INFO  org.apache.kafka.clients.consumer.internals.ConsumerCoordinator - [Consumer clientId=consumer-tomge-consumer-group-1, groupId=tomge-consumer-group] Group coordinator localhost:9092 (id: 2147483647 rack: null) is unavailable or invalid due to cause: session timed out without receiving a heartbeat response. isDisconnected: false. Rediscovery will be attempted.
2025-04-05 20:34:17.577 [kafka-coordinator-heartbeat-thread | tomge-consumer-group] INFO  org.apache.kafka.clients.consumer.internals.ConsumerCoordinator - [Consumer clientId=consumer-tomge-consumer-group-2, groupId=tomge-consumer-group] Requesting disconnect from last known coordinator localhost:9092 (id: 2147483647 rack: null)
2025-04-05 20:34:17.578 [kafka-coordinator-heartbeat-thread | tomge-consumer-group] INFO  org.apache.kafka.clients.consumer.internals.ConsumerCoordinator - [Consumer clientId=consumer-tomge-consumer-group-1, groupId=tomge-consumer-group] Requesting disconnect from last known coordinator localhost:9092 (id: 2147483647 rack: null)
2025-04-05 20:34:17.578 [kafka-coordinator-heartbeat-thread | tomge-consumer-group] INFO  org.apache.kafka.clients.NetworkClient - [Consumer clientId=consumer-tomge-consumer-group-2, groupId=tomge-consumer-group] Client requested disconnect from node 2147483647
2025-04-05 20:34:17.578 [kafka-coordinator-heartbeat-thread | tomge-consumer-group] INFO  org.apache.kafka.clients.NetworkClient - [Consumer clientId=consumer-tomge-consumer-group-1, groupId=tomge-consumer-group] Client requested disconnect from node 2147483647
2025-04-05 20:34:17.579 [org.springframework.kafka.KafkaListenerEndpointContainer#0-0-C-1] INFO  org.apache.kafka.clients.consumer.internals.ConsumerCoordinator - [Consumer clientId=consumer-tomge-consumer-group-1, groupId=tomge-consumer-group] Discovered group coordinator localhost:9092 (id: 2147483647 rack: null)
2025-04-05 20:34:17.579 [org.springframework.kafka.KafkaListenerEndpointContainer#1-0-C-1] INFO  org.apache.kafka.clients.consumer.internals.ConsumerCoordinator - [Consumer clientId=consumer-tomge-consumer-group-2, groupId=tomge-consumer-group] Discovered group coordinator localhost:9092 (id: 2147483647 rack: null)
2025-04-05 20:34:17.579 [org.springframework.kafka.KafkaListenerEndpointContainer#0-0-C-1] INFO  org.apache.kafka.clients.consumer.internals.ConsumerCoordinator - [Consumer clientId=consumer-tomge-consumer-group-1, groupId=tomge-consumer-group] Group coordinator localhost:9092 (id: 2147483647 rack: null) is unavailable or invalid due to cause: coordinator unavailable. isDisconnected: false. Rediscovery will be attempted.
2025-04-05 20:34:17.579 [org.springframework.kafka.KafkaListenerEndpointContainer#1-0-C-1] INFO  org.apache.kafka.clients.consumer.internals.ConsumerCoordinator - [Consumer clientId=consumer-tomge-consumer-group-2, groupId=tomge-consumer-group] Group coordinator localhost:9092 (id: 2147483647 rack: null) is unavailable or invalid due to cause: coordinator unavailable. isDisconnected: false. Rediscovery will be attempted.
2025-04-05 20:34:17.579 [org.springframework.kafka.KafkaListenerEndpointContainer#0-0-C-1] INFO  org.apache.kafka.clients.consumer.internals.ConsumerCoordinator - [Consumer clientId=consumer-tomge-consumer-group-1, groupId=tomge-consumer-group] Requesting disconnect from last known coordinator localhost:9092 (id: 2147483647 rack: null)
2025-04-05 20:34:17.579 [org.springframework.kafka.KafkaListenerEndpointContainer#1-0-C-1] INFO  org.apache.kafka.clients.consumer.internals.ConsumerCoordinator - [Consumer clientId=consumer-tomge-consumer-group-2, groupId=tomge-consumer-group] Requesting disconnect from last known coordinator localhost:9092 (id: 2147483647 rack: null)
2025-04-05 20:34:17.684 [org.springframework.kafka.KafkaListenerEndpointContainer#1-0-C-1] INFO  org.apache.kafka.clients.consumer.internals.ConsumerCoordinator - [Consumer clientId=consumer-tomge-consumer-group-2, groupId=tomge-consumer-group] Discovered group coordinator localhost:9092 (id: 2147483647 rack: null)
2025-04-05 20:34:17.685 [org.springframework.kafka.KafkaListenerEndpointContainer#0-0-C-1] INFO  org.apache.kafka.clients.consumer.internals.ConsumerCoordinator - [Consumer clientId=consumer-tomge-consumer-group-1, groupId=tomge-consumer-group] Discovered group coordinator localhost:9092 (id: 2147483647 rack: null)
2025-04-05 20:49:24.980 [kafka-coordinator-heartbeat-thread | tomge-consumer-group] INFO  org.apache.kafka.clients.consumer.internals.ConsumerCoordinator - [Consumer clientId=consumer-tomge-consumer-group-1, groupId=tomge-consumer-group] Group coordinator localhost:9092 (id: 2147483647 rack: null) is unavailable or invalid due to cause: session timed out without receiving a heartbeat response. isDisconnected: false. Rediscovery will be attempted.
2025-04-05 20:49:24.980 [kafka-coordinator-heartbeat-thread | tomge-consumer-group] INFO  org.apache.kafka.clients.consumer.internals.ConsumerCoordinator - [Consumer clientId=consumer-tomge-consumer-group-2, groupId=tomge-consumer-group] Group coordinator localhost:9092 (id: 2147483647 rack: null) is unavailable or invalid due to cause: session timed out without receiving a heartbeat response. isDisconnected: false. Rediscovery will be attempted.
2025-04-05 20:49:24.981 [kafka-coordinator-heartbeat-thread | tomge-consumer-group] INFO  org.apache.kafka.clients.consumer.internals.ConsumerCoordinator - [Consumer clientId=consumer-tomge-consumer-group-1, groupId=tomge-consumer-group] Requesting disconnect from last known coordinator localhost:9092 (id: 2147483647 rack: null)
2025-04-05 20:49:24.981 [kafka-coordinator-heartbeat-thread | tomge-consumer-group] INFO  org.apache.kafka.clients.consumer.internals.ConsumerCoordinator - [Consumer clientId=consumer-tomge-consumer-group-2, groupId=tomge-consumer-group] Requesting disconnect from last known coordinator localhost:9092 (id: 2147483647 rack: null)
2025-04-05 20:49:24.982 [kafka-coordinator-heartbeat-thread | tomge-consumer-group] INFO  org.apache.kafka.clients.NetworkClient - [Consumer clientId=consumer-tomge-consumer-group-1, groupId=tomge-consumer-group] Client requested disconnect from node 2147483647
2025-04-05 20:49:24.982 [kafka-coordinator-heartbeat-thread | tomge-consumer-group] INFO  org.apache.kafka.clients.NetworkClient - [Consumer clientId=consumer-tomge-consumer-group-2, groupId=tomge-consumer-group] Client requested disconnect from node 2147483647
2025-04-05 20:49:24.984 [org.springframework.kafka.KafkaListenerEndpointContainer#0-0-C-1] INFO  org.apache.kafka.clients.consumer.internals.ConsumerCoordinator - [Consumer clientId=consumer-tomge-consumer-group-1, groupId=tomge-consumer-group] Discovered group coordinator localhost:9092 (id: 2147483647 rack: null)
2025-04-05 20:49:24.984 [org.springframework.kafka.KafkaListenerEndpointContainer#1-0-C-1] INFO  org.apache.kafka.clients.consumer.internals.ConsumerCoordinator - [Consumer clientId=consumer-tomge-consumer-group-2, groupId=tomge-consumer-group] Discovered group coordinator localhost:9092 (id: 2147483647 rack: null)
2025-04-05 20:49:24.984 [org.springframework.kafka.KafkaListenerEndpointContainer#0-0-C-1] INFO  org.apache.kafka.clients.consumer.internals.ConsumerCoordinator - [Consumer clientId=consumer-tomge-consumer-group-1, groupId=tomge-consumer-group] Group coordinator localhost:9092 (id: 2147483647 rack: null) is unavailable or invalid due to cause: coordinator unavailable. isDisconnected: false. Rediscovery will be attempted.
2025-04-05 20:49:24.984 [org.springframework.kafka.KafkaListenerEndpointContainer#1-0-C-1] INFO  org.apache.kafka.clients.consumer.internals.ConsumerCoordinator - [Consumer clientId=consumer-tomge-consumer-group-2, groupId=tomge-consumer-group] Group coordinator localhost:9092 (id: 2147483647 rack: null) is unavailable or invalid due to cause: coordinator unavailable. isDisconnected: false. Rediscovery will be attempted.
2025-04-05 20:49:24.984 [org.springframework.kafka.KafkaListenerEndpointContainer#0-0-C-1] INFO  org.apache.kafka.clients.consumer.internals.ConsumerCoordinator - [Consumer clientId=consumer-tomge-consumer-group-1, groupId=tomge-consumer-group] Requesting disconnect from last known coordinator localhost:9092 (id: 2147483647 rack: null)
2025-04-05 20:49:24.984 [org.springframework.kafka.KafkaListenerEndpointContainer#1-0-C-1] INFO  org.apache.kafka.clients.consumer.internals.ConsumerCoordinator - [Consumer clientId=consumer-tomge-consumer-group-2, groupId=tomge-consumer-group] Requesting disconnect from last known coordinator localhost:9092 (id: 2147483647 rack: null)
2025-04-05 20:49:25.077 [org.springframework.kafka.KafkaListenerEndpointContainer#1-0-C-1] INFO  org.apache.kafka.clients.consumer.internals.ConsumerCoordinator - [Consumer clientId=consumer-tomge-consumer-group-2, groupId=tomge-consumer-group] Discovered group coordinator localhost:9092 (id: 2147483647 rack: null)
2025-04-05 20:49:25.095 [org.springframework.kafka.KafkaListenerEndpointContainer#0-0-C-1] INFO  org.apache.kafka.clients.consumer.internals.ConsumerCoordinator - [Consumer clientId=consumer-tomge-consumer-group-1, groupId=tomge-consumer-group] Discovered group coordinator localhost:9092 (id: 2147483647 rack: null)
2025-04-05 20:57:52.713 [org.springframework.kafka.KafkaListenerEndpointContainer#1-0-C-1] INFO  org.apache.kafka.clients.NetworkClient - [Consumer clientId=consumer-tomge-consumer-group-2, groupId=tomge-consumer-group] Disconnecting from node 0 due to request timeout.
2025-04-05 20:57:52.713 [org.springframework.kafka.KafkaListenerEndpointContainer#0-0-C-1] INFO  org.apache.kafka.clients.NetworkClient - [Consumer clientId=consumer-tomge-consumer-group-1, groupId=tomge-consumer-group] Disconnecting from node 0 due to request timeout.
2025-04-05 20:57:52.714 [org.springframework.kafka.KafkaListenerEndpointContainer#1-0-C-1] INFO  org.apache.kafka.clients.NetworkClient - [Consumer clientId=consumer-tomge-consumer-group-2, groupId=tomge-consumer-group] Cancelled in-flight FETCH request with correlation id 4750 due to node 0 being disconnected (elapsed time since creation: 503091ms, elapsed time since send: 503091ms, request timeout: 30000ms)
2025-04-05 20:57:52.714 [org.springframework.kafka.KafkaListenerEndpointContainer#0-0-C-1] INFO  org.apache.kafka.clients.NetworkClient - [Consumer clientId=consumer-tomge-consumer-group-1, groupId=tomge-consumer-group] Cancelled in-flight FETCH request with correlation id 4749 due to node 0 being disconnected (elapsed time since creation: 503081ms, elapsed time since send: 503081ms, request timeout: 30000ms)
2025-04-05 20:57:52.714 [org.springframework.kafka.KafkaListenerEndpointContainer#1-0-C-1] INFO  org.apache.kafka.clients.FetchSessionHandler - [Consumer clientId=consumer-tomge-consumer-group-2, groupId=tomge-consumer-group] Error sending fetch request (sessionId=1820796545, epoch=40) to node 0:
org.apache.kafka.common.errors.DisconnectException: null
2025-04-05 20:57:52.715 [org.springframework.kafka.KafkaListenerEndpointContainer#0-0-C-1] INFO  org.apache.kafka.clients.FetchSessionHandler - [Consumer clientId=consumer-tomge-consumer-group-1, groupId=tomge-consumer-group] Error sending fetch request (sessionId=1991554358, epoch=40) to node 0:
org.apache.kafka.common.errors.DisconnectException: null
2025-04-05 20:57:52.715 [kafka-coordinator-heartbeat-thread | tomge-consumer-group] INFO  org.apache.kafka.clients.consumer.internals.ConsumerCoordinator - [Consumer clientId=consumer-tomge-consumer-group-2, groupId=tomge-consumer-group] Group coordinator localhost:9092 (id: 2147483647 rack: null) is unavailable or invalid due to cause: session timed out without receiving a heartbeat response. isDisconnected: false. Rediscovery will be attempted.
2025-04-05 20:57:52.715 [kafka-coordinator-heartbeat-thread | tomge-consumer-group] INFO  org.apache.kafka.clients.consumer.internals.ConsumerCoordinator - [Consumer clientId=consumer-tomge-consumer-group-2, groupId=tomge-consumer-group] Requesting disconnect from last known coordinator localhost:9092 (id: 2147483647 rack: null)
2025-04-05 20:57:52.715 [kafka-coordinator-heartbeat-thread | tomge-consumer-group] INFO  org.apache.kafka.clients.NetworkClient - [Consumer clientId=consumer-tomge-consumer-group-2, groupId=tomge-consumer-group] Client requested disconnect from node 2147483647
2025-04-05 20:57:52.715 [kafka-coordinator-heartbeat-thread | tomge-consumer-group] INFO  org.apache.kafka.clients.consumer.internals.ConsumerCoordinator - [Consumer clientId=consumer-tomge-consumer-group-1, groupId=tomge-consumer-group] Group coordinator localhost:9092 (id: 2147483647 rack: null) is unavailable or invalid due to cause: session timed out without receiving a heartbeat response. isDisconnected: false. Rediscovery will be attempted.
2025-04-05 20:57:52.716 [kafka-coordinator-heartbeat-thread | tomge-consumer-group] INFO  org.apache.kafka.clients.consumer.internals.ConsumerCoordinator - [Consumer clientId=consumer-tomge-consumer-group-1, groupId=tomge-consumer-group] Requesting disconnect from last known coordinator localhost:9092 (id: 2147483647 rack: null)
2025-04-05 20:57:52.716 [kafka-coordinator-heartbeat-thread | tomge-consumer-group] INFO  org.apache.kafka.clients.NetworkClient - [Consumer clientId=consumer-tomge-consumer-group-1, groupId=tomge-consumer-group] Client requested disconnect from node 2147483647
2025-04-05 20:57:52.805 [org.springframework.kafka.KafkaListenerEndpointContainer#1-0-C-1] INFO  org.apache.kafka.clients.consumer.internals.ConsumerCoordinator - [Consumer clientId=consumer-tomge-consumer-group-2, groupId=tomge-consumer-group] Discovered group coordinator localhost:9092 (id: 2147483647 rack: null)
2025-04-05 20:57:52.836 [org.springframework.kafka.KafkaListenerEndpointContainer#0-0-C-1] INFO  org.apache.kafka.clients.consumer.internals.ConsumerCoordinator - [Consumer clientId=consumer-tomge-consumer-group-1, groupId=tomge-consumer-group] Discovered group coordinator localhost:9092 (id: 2147483647 rack: null)
2025-04-05 21:14:41.815 [kafka-coordinator-heartbeat-thread | tomge-consumer-group] INFO  org.apache.kafka.clients.consumer.internals.ConsumerCoordinator - [Consumer clientId=consumer-tomge-consumer-group-2, groupId=tomge-consumer-group] Group coordinator localhost:9092 (id: 2147483647 rack: null) is unavailable or invalid due to cause: session timed out without receiving a heartbeat response. isDisconnected: false. Rediscovery will be attempted.
2025-04-05 21:14:41.816 [kafka-coordinator-heartbeat-thread | tomge-consumer-group] INFO  org.apache.kafka.clients.consumer.internals.ConsumerCoordinator - [Consumer clientId=consumer-tomge-consumer-group-2, groupId=tomge-consumer-group] Requesting disconnect from last known coordinator localhost:9092 (id: 2147483647 rack: null)
2025-04-05 21:14:41.816 [kafka-coordinator-heartbeat-thread | tomge-consumer-group] INFO  org.apache.kafka.clients.NetworkClient - [Consumer clientId=consumer-tomge-consumer-group-2, groupId=tomge-consumer-group] Client requested disconnect from node 2147483647
2025-04-05 21:14:41.818 [org.springframework.kafka.KafkaListenerEndpointContainer#1-0-C-1] INFO  org.apache.kafka.clients.consumer.internals.ConsumerCoordinator - [Consumer clientId=consumer-tomge-consumer-group-2, groupId=tomge-consumer-group] Discovered group coordinator localhost:9092 (id: 2147483647 rack: null)
2025-04-05 21:14:41.818 [org.springframework.kafka.KafkaListenerEndpointContainer#1-0-C-1] INFO  org.apache.kafka.clients.consumer.internals.ConsumerCoordinator - [Consumer clientId=consumer-tomge-consumer-group-2, groupId=tomge-consumer-group] Group coordinator localhost:9092 (id: 2147483647 rack: null) is unavailable or invalid due to cause: coordinator unavailable. isDisconnected: false. Rediscovery will be attempted.
2025-04-05 21:14:41.818 [org.springframework.kafka.KafkaListenerEndpointContainer#1-0-C-1] INFO  org.apache.kafka.clients.consumer.internals.ConsumerCoordinator - [Consumer clientId=consumer-tomge-consumer-group-2, groupId=tomge-consumer-group] Requesting disconnect from last known coordinator localhost:9092 (id: 2147483647 rack: null)
2025-04-05 21:14:41.839 [kafka-coordinator-heartbeat-thread | tomge-consumer-group] INFO  org.apache.kafka.clients.consumer.internals.ConsumerCoordinator - [Consumer clientId=consumer-tomge-consumer-group-1, groupId=tomge-consumer-group] Group coordinator localhost:9092 (id: 2147483647 rack: null) is unavailable or invalid due to cause: session timed out without receiving a heartbeat response. isDisconnected: false. Rediscovery will be attempted.
2025-04-05 21:14:41.839 [kafka-coordinator-heartbeat-thread | tomge-consumer-group] INFO  org.apache.kafka.clients.consumer.internals.ConsumerCoordinator - [Consumer clientId=consumer-tomge-consumer-group-1, groupId=tomge-consumer-group] Requesting disconnect from last known coordinator localhost:9092 (id: 2147483647 rack: null)
2025-04-05 21:14:41.839 [kafka-coordinator-heartbeat-thread | tomge-consumer-group] INFO  org.apache.kafka.clients.NetworkClient - [Consumer clientId=consumer-tomge-consumer-group-1, groupId=tomge-consumer-group] Client requested disconnect from node 2147483647
2025-04-05 21:14:41.842 [org.springframework.kafka.KafkaListenerEndpointContainer#0-0-C-1] INFO  org.apache.kafka.clients.consumer.internals.ConsumerCoordinator - [Consumer clientId=consumer-tomge-consumer-group-1, groupId=tomge-consumer-group] Discovered group coordinator localhost:9092 (id: 2147483647 rack: null)
2025-04-05 21:14:41.842 [org.springframework.kafka.KafkaListenerEndpointContainer#0-0-C-1] INFO  org.apache.kafka.clients.consumer.internals.ConsumerCoordinator - [Consumer clientId=consumer-tomge-consumer-group-1, groupId=tomge-consumer-group] Group coordinator localhost:9092 (id: 2147483647 rack: null) is unavailable or invalid due to cause: coordinator unavailable. isDisconnected: false. Rediscovery will be attempted.
2025-04-05 21:14:41.842 [org.springframework.kafka.KafkaListenerEndpointContainer#0-0-C-1] INFO  org.apache.kafka.clients.consumer.internals.ConsumerCoordinator - [Consumer clientId=consumer-tomge-consumer-group-1, groupId=tomge-consumer-group] Requesting disconnect from last known coordinator localhost:9092 (id: 2147483647 rack: null)
2025-04-05 21:14:41.926 [org.springframework.kafka.KafkaListenerEndpointContainer#1-0-C-1] INFO  org.apache.kafka.clients.consumer.internals.ConsumerCoordinator - [Consumer clientId=consumer-tomge-consumer-group-2, groupId=tomge-consumer-group] Discovered group coordinator localhost:9092 (id: 2147483647 rack: null)
2025-04-05 21:14:41.966 [org.springframework.kafka.KafkaListenerEndpointContainer#0-0-C-1] INFO  org.apache.kafka.clients.consumer.internals.ConsumerCoordinator - [Consumer clientId=consumer-tomge-consumer-group-1, groupId=tomge-consumer-group] Discovered group coordinator localhost:9092 (id: 2147483647 rack: null)
2025-04-05 21:30:31.571 [org.springframework.kafka.KafkaListenerEndpointContainer#1-0-C-1] INFO  org.apache.kafka.clients.NetworkClient - [Consumer clientId=consumer-tomge-consumer-group-2, groupId=tomge-consumer-group] Disconnecting from node 0 due to request timeout.
2025-04-05 21:30:31.571 [org.springframework.kafka.KafkaListenerEndpointContainer#1-0-C-1] INFO  org.apache.kafka.clients.NetworkClient - [Consumer clientId=consumer-tomge-consumer-group-2, groupId=tomge-consumer-group] Cancelled in-flight FETCH request with correlation id 4789 due to node 0 being disconnected (elapsed time since creation: 945100ms, elapsed time since send: 945100ms, request timeout: 30000ms)
2025-04-05 21:30:31.571 [org.springframework.kafka.KafkaListenerEndpointContainer#1-0-C-1] INFO  org.apache.kafka.clients.FetchSessionHandler - [Consumer clientId=consumer-tomge-consumer-group-2, groupId=tomge-consumer-group] Error sending fetch request (sessionId=47238391, epoch=23) to node 0:
org.apache.kafka.common.errors.DisconnectException: null
2025-04-05 21:30:31.571 [kafka-coordinator-heartbeat-thread | tomge-consumer-group] INFO  org.apache.kafka.clients.consumer.internals.ConsumerCoordinator - [Consumer clientId=consumer-tomge-consumer-group-2, groupId=tomge-consumer-group] Group coordinator localhost:9092 (id: 2147483647 rack: null) is unavailable or invalid due to cause: session timed out without receiving a heartbeat response. isDisconnected: false. Rediscovery will be attempted.
2025-04-05 21:30:31.571 [kafka-coordinator-heartbeat-thread | tomge-consumer-group] INFO  org.apache.kafka.clients.consumer.internals.ConsumerCoordinator - [Consumer clientId=consumer-tomge-consumer-group-2, groupId=tomge-consumer-group] Requesting disconnect from last known coordinator localhost:9092 (id: 2147483647 rack: null)
2025-04-05 21:30:31.571 [kafka-coordinator-heartbeat-thread | tomge-consumer-group] INFO  org.apache.kafka.clients.NetworkClient - [Consumer clientId=consumer-tomge-consumer-group-2, groupId=tomge-consumer-group] Client requested disconnect from node 2147483647
2025-04-05 21:30:31.592 [org.springframework.kafka.KafkaListenerEndpointContainer#0-0-C-1] INFO  org.apache.kafka.clients.NetworkClient - [Consumer clientId=consumer-tomge-consumer-group-1, groupId=tomge-consumer-group] Disconnecting from node 0 due to request timeout.
2025-04-05 21:30:31.592 [org.springframework.kafka.KafkaListenerEndpointContainer#0-0-C-1] INFO  org.apache.kafka.clients.NetworkClient - [Consumer clientId=consumer-tomge-consumer-group-1, groupId=tomge-consumer-group] Cancelled in-flight FETCH request with correlation id 4788 due to node 0 being disconnected (elapsed time since creation: 945089ms, elapsed time since send: 945089ms, request timeout: 30000ms)
2025-04-05 21:30:31.592 [org.springframework.kafka.KafkaListenerEndpointContainer#0-0-C-1] INFO  org.apache.kafka.clients.FetchSessionHandler - [Consumer clientId=consumer-tomge-consumer-group-1, groupId=tomge-consumer-group] Error sending fetch request (sessionId=319788484, epoch=23) to node 0:
org.apache.kafka.common.errors.DisconnectException: null
2025-04-05 21:30:31.592 [kafka-coordinator-heartbeat-thread | tomge-consumer-group] INFO  org.apache.kafka.clients.consumer.internals.ConsumerCoordinator - [Consumer clientId=consumer-tomge-consumer-group-1, groupId=tomge-consumer-group] Group coordinator localhost:9092 (id: 2147483647 rack: null) is unavailable or invalid due to cause: session timed out without receiving a heartbeat response. isDisconnected: false. Rediscovery will be attempted.
2025-04-05 21:30:31.593 [kafka-coordinator-heartbeat-thread | tomge-consumer-group] INFO  org.apache.kafka.clients.consumer.internals.ConsumerCoordinator - [Consumer clientId=consumer-tomge-consumer-group-1, groupId=tomge-consumer-group] Requesting disconnect from last known coordinator localhost:9092 (id: 2147483647 rack: null)
2025-04-05 21:30:31.593 [kafka-coordinator-heartbeat-thread | tomge-consumer-group] INFO  org.apache.kafka.clients.NetworkClient - [Consumer clientId=consumer-tomge-consumer-group-1, groupId=tomge-consumer-group] Client requested disconnect from node 2147483647
2025-04-05 21:30:31.707 [org.springframework.kafka.KafkaListenerEndpointContainer#1-0-C-1] INFO  org.apache.kafka.clients.consumer.internals.ConsumerCoordinator - [Consumer clientId=consumer-tomge-consumer-group-2, groupId=tomge-consumer-group] Discovered group coordinator localhost:9092 (id: 2147483647 rack: null)
2025-04-05 21:30:31.709 [org.springframework.kafka.KafkaListenerEndpointContainer#0-0-C-1] INFO  org.apache.kafka.clients.consumer.internals.ConsumerCoordinator - [Consumer clientId=consumer-tomge-consumer-group-1, groupId=tomge-consumer-group] Discovered group coordinator localhost:9092 (id: 2147483647 rack: null)
2025-04-05 21:48:10.561 [kafka-coordinator-heartbeat-thread | tomge-consumer-group] INFO  org.apache.kafka.clients.consumer.internals.ConsumerCoordinator - [Consumer clientId=consumer-tomge-consumer-group-2, groupId=tomge-consumer-group] Group coordinator localhost:9092 (id: 2147483647 rack: null) is unavailable or invalid due to cause: session timed out without receiving a heartbeat response. isDisconnected: false. Rediscovery will be attempted.
2025-04-05 21:48:10.561 [kafka-coordinator-heartbeat-thread | tomge-consumer-group] INFO  org.apache.kafka.clients.consumer.internals.ConsumerCoordinator - [Consumer clientId=consumer-tomge-consumer-group-1, groupId=tomge-consumer-group] Group coordinator localhost:9092 (id: 2147483647 rack: null) is unavailable or invalid due to cause: session timed out without receiving a heartbeat response. isDisconnected: false. Rediscovery will be attempted.
2025-04-05 21:48:10.663 [kafka-coordinator-heartbeat-thread | tomge-consumer-group] INFO  org.apache.kafka.clients.consumer.internals.ConsumerCoordinator - [Consumer clientId=consumer-tomge-consumer-group-2, groupId=tomge-consumer-group] Requesting disconnect from last known coordinator localhost:9092 (id: 2147483647 rack: null)
2025-04-05 21:48:10.663 [kafka-coordinator-heartbeat-thread | tomge-consumer-group] INFO  org.apache.kafka.clients.consumer.internals.ConsumerCoordinator - [Consumer clientId=consumer-tomge-consumer-group-1, groupId=tomge-consumer-group] Requesting disconnect from last known coordinator localhost:9092 (id: 2147483647 rack: null)
2025-04-05 21:48:10.663 [kafka-coordinator-heartbeat-thread | tomge-consumer-group] INFO  org.apache.kafka.clients.NetworkClient - [Consumer clientId=consumer-tomge-consumer-group-2, groupId=tomge-consumer-group] Client requested disconnect from node 2147483647
2025-04-05 21:48:10.663 [kafka-coordinator-heartbeat-thread | tomge-consumer-group] INFO  org.apache.kafka.clients.NetworkClient - [Consumer clientId=consumer-tomge-consumer-group-1, groupId=tomge-consumer-group] Client requested disconnect from node 2147483647
2025-04-05 21:48:10.676 [org.springframework.kafka.KafkaListenerEndpointContainer#0-0-C-1] INFO  org.apache.kafka.clients.consumer.internals.ConsumerCoordinator - [Consumer clientId=consumer-tomge-consumer-group-1, groupId=tomge-consumer-group] Discovered group coordinator localhost:9092 (id: 2147483647 rack: null)
2025-04-05 21:48:10.676 [org.springframework.kafka.KafkaListenerEndpointContainer#1-0-C-1] INFO  org.apache.kafka.clients.consumer.internals.ConsumerCoordinator - [Consumer clientId=consumer-tomge-consumer-group-2, groupId=tomge-consumer-group] Discovered group coordinator localhost:9092 (id: 2147483647 rack: null)
2025-04-05 21:48:10.676 [org.springframework.kafka.KafkaListenerEndpointContainer#0-0-C-1] INFO  org.apache.kafka.clients.consumer.internals.ConsumerCoordinator - [Consumer clientId=consumer-tomge-consumer-group-1, groupId=tomge-consumer-group] Group coordinator localhost:9092 (id: 2147483647 rack: null) is unavailable or invalid due to cause: coordinator unavailable. isDisconnected: false. Rediscovery will be attempted.
2025-04-05 21:48:10.676 [org.springframework.kafka.KafkaListenerEndpointContainer#1-0-C-1] INFO  org.apache.kafka.clients.consumer.internals.ConsumerCoordinator - [Consumer clientId=consumer-tomge-consumer-group-2, groupId=tomge-consumer-group] Group coordinator localhost:9092 (id: 2147483647 rack: null) is unavailable or invalid due to cause: coordinator unavailable. isDisconnected: false. Rediscovery will be attempted.
2025-04-05 21:48:10.676 [org.springframework.kafka.KafkaListenerEndpointContainer#0-0-C-1] INFO  org.apache.kafka.clients.consumer.internals.ConsumerCoordinator - [Consumer clientId=consumer-tomge-consumer-group-1, groupId=tomge-consumer-group] Requesting disconnect from last known coordinator localhost:9092 (id: 2147483647 rack: null)
2025-04-05 21:48:10.676 [org.springframework.kafka.KafkaListenerEndpointContainer#1-0-C-1] INFO  org.apache.kafka.clients.consumer.internals.ConsumerCoordinator - [Consumer clientId=consumer-tomge-consumer-group-2, groupId=tomge-consumer-group] Requesting disconnect from last known coordinator localhost:9092 (id: 2147483647 rack: null)
2025-04-05 21:48:10.792 [org.springframework.kafka.KafkaListenerEndpointContainer#1-0-C-1] INFO  org.apache.kafka.clients.consumer.internals.ConsumerCoordinator - [Consumer clientId=consumer-tomge-consumer-group-2, groupId=tomge-consumer-group] Discovered group coordinator localhost:9092 (id: 2147483647 rack: null)
2025-04-05 21:48:10.794 [org.springframework.kafka.KafkaListenerEndpointContainer#0-0-C-1] INFO  org.apache.kafka.clients.consumer.internals.ConsumerCoordinator - [Consumer clientId=consumer-tomge-consumer-group-1, groupId=tomge-consumer-group] Discovered group coordinator localhost:9092 (id: 2147483647 rack: null)
2025-04-05 21:58:52.578 [kafka-coordinator-heartbeat-thread | tomge-consumer-group] INFO  org.apache.kafka.clients.consumer.internals.ConsumerCoordinator - [Consumer clientId=consumer-tomge-consumer-group-1, groupId=tomge-consumer-group] Group coordinator localhost:9092 (id: 2147483647 rack: null) is unavailable or invalid due to cause: session timed out without receiving a heartbeat response. isDisconnected: false. Rediscovery will be attempted.
2025-04-05 21:58:52.578 [kafka-coordinator-heartbeat-thread | tomge-consumer-group] INFO  org.apache.kafka.clients.consumer.internals.ConsumerCoordinator - [Consumer clientId=consumer-tomge-consumer-group-2, groupId=tomge-consumer-group] Group coordinator localhost:9092 (id: 2147483647 rack: null) is unavailable or invalid due to cause: session timed out without receiving a heartbeat response. isDisconnected: false. Rediscovery will be attempted.
2025-04-05 21:58:52.578 [kafka-coordinator-heartbeat-thread | tomge-consumer-group] INFO  org.apache.kafka.clients.consumer.internals.ConsumerCoordinator - [Consumer clientId=consumer-tomge-consumer-group-1, groupId=tomge-consumer-group] Requesting disconnect from last known coordinator localhost:9092 (id: 2147483647 rack: null)
2025-04-05 21:58:52.578 [kafka-coordinator-heartbeat-thread | tomge-consumer-group] INFO  org.apache.kafka.clients.consumer.internals.ConsumerCoordinator - [Consumer clientId=consumer-tomge-consumer-group-2, groupId=tomge-consumer-group] Requesting disconnect from last known coordinator localhost:9092 (id: 2147483647 rack: null)
2025-04-05 21:58:52.578 [kafka-coordinator-heartbeat-thread | tomge-consumer-group] INFO  org.apache.kafka.clients.NetworkClient - [Consumer clientId=consumer-tomge-consumer-group-2, groupId=tomge-consumer-group] Client requested disconnect from node 2147483647
2025-04-05 21:58:52.578 [kafka-coordinator-heartbeat-thread | tomge-consumer-group] INFO  org.apache.kafka.clients.NetworkClient - [Consumer clientId=consumer-tomge-consumer-group-1, groupId=tomge-consumer-group] Client requested disconnect from node 2147483647
2025-04-05 21:58:52.580 [org.springframework.kafka.KafkaListenerEndpointContainer#0-0-C-1] INFO  org.apache.kafka.clients.consumer.internals.ConsumerCoordinator - [Consumer clientId=consumer-tomge-consumer-group-1, groupId=tomge-consumer-group] Discovered group coordinator localhost:9092 (id: 2147483647 rack: null)
2025-04-05 21:58:52.580 [org.springframework.kafka.KafkaListenerEndpointContainer#1-0-C-1] INFO  org.apache.kafka.clients.consumer.internals.ConsumerCoordinator - [Consumer clientId=consumer-tomge-consumer-group-2, groupId=tomge-consumer-group] Discovered group coordinator localhost:9092 (id: 2147483647 rack: null)
2025-04-05 21:58:52.580 [org.springframework.kafka.KafkaListenerEndpointContainer#0-0-C-1] INFO  org.apache.kafka.clients.consumer.internals.ConsumerCoordinator - [Consumer clientId=consumer-tomge-consumer-group-1, groupId=tomge-consumer-group] Group coordinator localhost:9092 (id: 2147483647 rack: null) is unavailable or invalid due to cause: coordinator unavailable. isDisconnected: false. Rediscovery will be attempted.
2025-04-05 21:58:52.580 [org.springframework.kafka.KafkaListenerEndpointContainer#1-0-C-1] INFO  org.apache.kafka.clients.consumer.internals.ConsumerCoordinator - [Consumer clientId=consumer-tomge-consumer-group-2, groupId=tomge-consumer-group] Group coordinator localhost:9092 (id: 2147483647 rack: null) is unavailable or invalid due to cause: coordinator unavailable. isDisconnected: false. Rediscovery will be attempted.
2025-04-05 21:58:52.580 [org.springframework.kafka.KafkaListenerEndpointContainer#0-0-C-1] INFO  org.apache.kafka.clients.consumer.internals.ConsumerCoordinator - [Consumer clientId=consumer-tomge-consumer-group-1, groupId=tomge-consumer-group] Requesting disconnect from last known coordinator localhost:9092 (id: 2147483647 rack: null)
2025-04-05 21:58:52.580 [org.springframework.kafka.KafkaListenerEndpointContainer#1-0-C-1] INFO  org.apache.kafka.clients.consumer.internals.ConsumerCoordinator - [Consumer clientId=consumer-tomge-consumer-group-2, groupId=tomge-consumer-group] Requesting disconnect from last known coordinator localhost:9092 (id: 2147483647 rack: null)
2025-04-05 21:58:52.669 [org.springframework.kafka.KafkaListenerEndpointContainer#0-0-C-1] INFO  org.apache.kafka.clients.consumer.internals.ConsumerCoordinator - [Consumer clientId=consumer-tomge-consumer-group-1, groupId=tomge-consumer-group] Discovered group coordinator localhost:9092 (id: 2147483647 rack: null)
2025-04-05 21:58:52.697 [org.springframework.kafka.KafkaListenerEndpointContainer#1-0-C-1] INFO  org.apache.kafka.clients.consumer.internals.ConsumerCoordinator - [Consumer clientId=consumer-tomge-consumer-group-2, groupId=tomge-consumer-group] Discovered group coordinator localhost:9092 (id: 2147483647 rack: null)
2025-04-05 22:16:43.649 [kafka-coordinator-heartbeat-thread | tomge-consumer-group] INFO  org.apache.kafka.clients.consumer.internals.ConsumerCoordinator - [Consumer clientId=consumer-tomge-consumer-group-1, groupId=tomge-consumer-group] Group coordinator localhost:9092 (id: 2147483647 rack: null) is unavailable or invalid due to cause: session timed out without receiving a heartbeat response. isDisconnected: false. Rediscovery will be attempted.
2025-04-05 22:16:43.649 [kafka-coordinator-heartbeat-thread | tomge-consumer-group] INFO  org.apache.kafka.clients.consumer.internals.ConsumerCoordinator - [Consumer clientId=consumer-tomge-consumer-group-2, groupId=tomge-consumer-group] Group coordinator localhost:9092 (id: 2147483647 rack: null) is unavailable or invalid due to cause: session timed out without receiving a heartbeat response. isDisconnected: false. Rediscovery will be attempted.
2025-04-05 22:16:43.650 [kafka-coordinator-heartbeat-thread | tomge-consumer-group] INFO  org.apache.kafka.clients.consumer.internals.ConsumerCoordinator - [Consumer clientId=consumer-tomge-consumer-group-1, groupId=tomge-consumer-group] Requesting disconnect from last known coordinator localhost:9092 (id: 2147483647 rack: null)
2025-04-05 22:16:43.650 [kafka-coordinator-heartbeat-thread | tomge-consumer-group] INFO  org.apache.kafka.clients.consumer.internals.ConsumerCoordinator - [Consumer clientId=consumer-tomge-consumer-group-2, groupId=tomge-consumer-group] Requesting disconnect from last known coordinator localhost:9092 (id: 2147483647 rack: null)
2025-04-05 22:16:43.650 [kafka-coordinator-heartbeat-thread | tomge-consumer-group] INFO  org.apache.kafka.clients.NetworkClient - [Consumer clientId=consumer-tomge-consumer-group-1, groupId=tomge-consumer-group] Client requested disconnect from node 2147483647
2025-04-05 22:16:43.650 [kafka-coordinator-heartbeat-thread | tomge-consumer-group] INFO  org.apache.kafka.clients.NetworkClient - [Consumer clientId=consumer-tomge-consumer-group-2, groupId=tomge-consumer-group] Client requested disconnect from node 2147483647
2025-04-05 22:16:43.652 [org.springframework.kafka.KafkaListenerEndpointContainer#0-0-C-1] INFO  org.apache.kafka.clients.consumer.internals.ConsumerCoordinator - [Consumer clientId=consumer-tomge-consumer-group-1, groupId=tomge-consumer-group] Discovered group coordinator localhost:9092 (id: 2147483647 rack: null)
2025-04-05 22:16:43.652 [org.springframework.kafka.KafkaListenerEndpointContainer#1-0-C-1] INFO  org.apache.kafka.clients.consumer.internals.ConsumerCoordinator - [Consumer clientId=consumer-tomge-consumer-group-2, groupId=tomge-consumer-group] Discovered group coordinator localhost:9092 (id: 2147483647 rack: null)
2025-04-05 22:16:43.653 [org.springframework.kafka.KafkaListenerEndpointContainer#0-0-C-1] INFO  org.apache.kafka.clients.consumer.internals.ConsumerCoordinator - [Consumer clientId=consumer-tomge-consumer-group-1, groupId=tomge-consumer-group] Group coordinator localhost:9092 (id: 2147483647 rack: null) is unavailable or invalid due to cause: coordinator unavailable. isDisconnected: false. Rediscovery will be attempted.
2025-04-05 22:16:43.653 [org.springframework.kafka.KafkaListenerEndpointContainer#1-0-C-1] INFO  org.apache.kafka.clients.consumer.internals.ConsumerCoordinator - [Consumer clientId=consumer-tomge-consumer-group-2, groupId=tomge-consumer-group] Group coordinator localhost:9092 (id: 2147483647 rack: null) is unavailable or invalid due to cause: coordinator unavailable. isDisconnected: false. Rediscovery will be attempted.
2025-04-05 22:16:43.653 [org.springframework.kafka.KafkaListenerEndpointContainer#0-0-C-1] INFO  org.apache.kafka.clients.consumer.internals.ConsumerCoordinator - [Consumer clientId=consumer-tomge-consumer-group-1, groupId=tomge-consumer-group] Requesting disconnect from last known coordinator localhost:9092 (id: 2147483647 rack: null)
2025-04-05 22:16:43.653 [org.springframework.kafka.KafkaListenerEndpointContainer#1-0-C-1] INFO  org.apache.kafka.clients.consumer.internals.ConsumerCoordinator - [Consumer clientId=consumer-tomge-consumer-group-2, groupId=tomge-consumer-group] Requesting disconnect from last known coordinator localhost:9092 (id: 2147483647 rack: null)
2025-04-05 22:16:43.765 [org.springframework.kafka.KafkaListenerEndpointContainer#1-0-C-1] INFO  org.apache.kafka.clients.consumer.internals.ConsumerCoordinator - [Consumer clientId=consumer-tomge-consumer-group-2, groupId=tomge-consumer-group] Discovered group coordinator localhost:9092 (id: 2147483647 rack: null)
2025-04-05 22:16:43.771 [org.springframework.kafka.KafkaListenerEndpointContainer#0-0-C-1] INFO  org.apache.kafka.clients.consumer.internals.ConsumerCoordinator - [Consumer clientId=consumer-tomge-consumer-group-1, groupId=tomge-consumer-group] Discovered group coordinator localhost:9092 (id: 2147483647 rack: null)
2025-04-05 22:32:59.549 [kafka-coordinator-heartbeat-thread | tomge-consumer-group] INFO  org.apache.kafka.clients.consumer.internals.ConsumerCoordinator - [Consumer clientId=consumer-tomge-consumer-group-1, groupId=tomge-consumer-group] Group coordinator localhost:9092 (id: 2147483647 rack: null) is unavailable or invalid due to cause: session timed out without receiving a heartbeat response. isDisconnected: false. Rediscovery will be attempted.
2025-04-05 22:32:59.549 [kafka-coordinator-heartbeat-thread | tomge-consumer-group] INFO  org.apache.kafka.clients.consumer.internals.ConsumerCoordinator - [Consumer clientId=consumer-tomge-consumer-group-2, groupId=tomge-consumer-group] Group coordinator localhost:9092 (id: 2147483647 rack: null) is unavailable or invalid due to cause: session timed out without receiving a heartbeat response. isDisconnected: false. Rediscovery will be attempted.
2025-04-05 22:32:59.549 [kafka-coordinator-heartbeat-thread | tomge-consumer-group] INFO  org.apache.kafka.clients.consumer.internals.ConsumerCoordinator - [Consumer clientId=consumer-tomge-consumer-group-1, groupId=tomge-consumer-group] Requesting disconnect from last known coordinator localhost:9092 (id: 2147483647 rack: null)
2025-04-05 22:32:59.549 [kafka-coordinator-heartbeat-thread | tomge-consumer-group] INFO  org.apache.kafka.clients.consumer.internals.ConsumerCoordinator - [Consumer clientId=consumer-tomge-consumer-group-2, groupId=tomge-consumer-group] Requesting disconnect from last known coordinator localhost:9092 (id: 2147483647 rack: null)
2025-04-05 22:32:59.549 [kafka-coordinator-heartbeat-thread | tomge-consumer-group] INFO  org.apache.kafka.clients.NetworkClient - [Consumer clientId=consumer-tomge-consumer-group-1, groupId=tomge-consumer-group] Client requested disconnect from node 2147483647
2025-04-05 22:32:59.549 [kafka-coordinator-heartbeat-thread | tomge-consumer-group] INFO  org.apache.kafka.clients.NetworkClient - [Consumer clientId=consumer-tomge-consumer-group-2, groupId=tomge-consumer-group] Client requested disconnect from node 2147483647
2025-04-05 22:32:59.550 [org.springframework.kafka.KafkaListenerEndpointContainer#1-0-C-1] INFO  org.apache.kafka.clients.consumer.internals.ConsumerCoordinator - [Consumer clientId=consumer-tomge-consumer-group-2, groupId=tomge-consumer-group] Discovered group coordinator localhost:9092 (id: 2147483647 rack: null)
2025-04-05 22:32:59.550 [org.springframework.kafka.KafkaListenerEndpointContainer#0-0-C-1] INFO  org.apache.kafka.clients.consumer.internals.ConsumerCoordinator - [Consumer clientId=consumer-tomge-consumer-group-1, groupId=tomge-consumer-group] Discovered group coordinator localhost:9092 (id: 2147483647 rack: null)
2025-04-05 22:32:59.550 [org.springframework.kafka.KafkaListenerEndpointContainer#1-0-C-1] INFO  org.apache.kafka.clients.consumer.internals.ConsumerCoordinator - [Consumer clientId=consumer-tomge-consumer-group-2, groupId=tomge-consumer-group] Group coordinator localhost:9092 (id: 2147483647 rack: null) is unavailable or invalid due to cause: coordinator unavailable. isDisconnected: false. Rediscovery will be attempted.
2025-04-05 22:32:59.550 [org.springframework.kafka.KafkaListenerEndpointContainer#0-0-C-1] INFO  org.apache.kafka.clients.consumer.internals.ConsumerCoordinator - [Consumer clientId=consumer-tomge-consumer-group-1, groupId=tomge-consumer-group] Group coordinator localhost:9092 (id: 2147483647 rack: null) is unavailable or invalid due to cause: coordinator unavailable. isDisconnected: false. Rediscovery will be attempted.
2025-04-05 22:32:59.550 [org.springframework.kafka.KafkaListenerEndpointContainer#1-0-C-1] INFO  org.apache.kafka.clients.consumer.internals.ConsumerCoordinator - [Consumer clientId=consumer-tomge-consumer-group-2, groupId=tomge-consumer-group] Requesting disconnect from last known coordinator localhost:9092 (id: 2147483647 rack: null)
2025-04-05 22:32:59.550 [org.springframework.kafka.KafkaListenerEndpointContainer#0-0-C-1] INFO  org.apache.kafka.clients.consumer.internals.ConsumerCoordinator - [Consumer clientId=consumer-tomge-consumer-group-1, groupId=tomge-consumer-group] Requesting disconnect from last known coordinator localhost:9092 (id: 2147483647 rack: null)
2025-04-05 22:32:59.656 [org.springframework.kafka.KafkaListenerEndpointContainer#0-0-C-1] INFO  org.apache.kafka.clients.consumer.internals.ConsumerCoordinator - [Consumer clientId=consumer-tomge-consumer-group-1, groupId=tomge-consumer-group] Discovered group coordinator localhost:9092 (id: 2147483647 rack: null)
2025-04-05 22:32:59.663 [org.springframework.kafka.KafkaListenerEndpointContainer#1-0-C-1] INFO  org.apache.kafka.clients.consumer.internals.ConsumerCoordinator - [Consumer clientId=consumer-tomge-consumer-group-2, groupId=tomge-consumer-group] Discovered group coordinator localhost:9092 (id: 2147483647 rack: null)
2025-04-05 22:49:04.539 [kafka-coordinator-heartbeat-thread | tomge-consumer-group] INFO  org.apache.kafka.clients.consumer.internals.ConsumerCoordinator - [Consumer clientId=consumer-tomge-consumer-group-1, groupId=tomge-consumer-group] Group coordinator localhost:9092 (id: 2147483647 rack: null) is unavailable or invalid due to cause: session timed out without receiving a heartbeat response. isDisconnected: false. Rediscovery will be attempted.
2025-04-05 22:49:04.539 [kafka-coordinator-heartbeat-thread | tomge-consumer-group] INFO  org.apache.kafka.clients.consumer.internals.ConsumerCoordinator - [Consumer clientId=consumer-tomge-consumer-group-2, groupId=tomge-consumer-group] Group coordinator localhost:9092 (id: 2147483647 rack: null) is unavailable or invalid due to cause: session timed out without receiving a heartbeat response. isDisconnected: false. Rediscovery will be attempted.
2025-04-05 22:49:04.539 [kafka-coordinator-heartbeat-thread | tomge-consumer-group] INFO  org.apache.kafka.clients.consumer.internals.ConsumerCoordinator - [Consumer clientId=consumer-tomge-consumer-group-1, groupId=tomge-consumer-group] Requesting disconnect from last known coordinator localhost:9092 (id: 2147483647 rack: null)
2025-04-05 22:49:04.539 [kafka-coordinator-heartbeat-thread | tomge-consumer-group] INFO  org.apache.kafka.clients.consumer.internals.ConsumerCoordinator - [Consumer clientId=consumer-tomge-consumer-group-2, groupId=tomge-consumer-group] Requesting disconnect from last known coordinator localhost:9092 (id: 2147483647 rack: null)
2025-04-05 22:49:04.539 [kafka-coordinator-heartbeat-thread | tomge-consumer-group] INFO  org.apache.kafka.clients.NetworkClient - [Consumer clientId=consumer-tomge-consumer-group-1, groupId=tomge-consumer-group] Client requested disconnect from node 2147483647
2025-04-05 22:49:04.539 [kafka-coordinator-heartbeat-thread | tomge-consumer-group] INFO  org.apache.kafka.clients.NetworkClient - [Consumer clientId=consumer-tomge-consumer-group-2, groupId=tomge-consumer-group] Client requested disconnect from node 2147483647
2025-04-05 22:49:04.541 [org.springframework.kafka.KafkaListenerEndpointContainer#1-0-C-1] INFO  org.apache.kafka.clients.consumer.internals.ConsumerCoordinator - [Consumer clientId=consumer-tomge-consumer-group-2, groupId=tomge-consumer-group] Discovered group coordinator localhost:9092 (id: 2147483647 rack: null)
2025-04-05 22:49:04.541 [org.springframework.kafka.KafkaListenerEndpointContainer#0-0-C-1] INFO  org.apache.kafka.clients.consumer.internals.ConsumerCoordinator - [Consumer clientId=consumer-tomge-consumer-group-1, groupId=tomge-consumer-group] Discovered group coordinator localhost:9092 (id: 2147483647 rack: null)
2025-04-05 22:49:04.541 [org.springframework.kafka.KafkaListenerEndpointContainer#1-0-C-1] INFO  org.apache.kafka.clients.consumer.internals.ConsumerCoordinator - [Consumer clientId=consumer-tomge-consumer-group-2, groupId=tomge-consumer-group] Group coordinator localhost:9092 (id: 2147483647 rack: null) is unavailable or invalid due to cause: coordinator unavailable. isDisconnected: false. Rediscovery will be attempted.
2025-04-05 22:49:04.541 [org.springframework.kafka.KafkaListenerEndpointContainer#0-0-C-1] INFO  org.apache.kafka.clients.consumer.internals.ConsumerCoordinator - [Consumer clientId=consumer-tomge-consumer-group-1, groupId=tomge-consumer-group] Group coordinator localhost:9092 (id: 2147483647 rack: null) is unavailable or invalid due to cause: coordinator unavailable. isDisconnected: false. Rediscovery will be attempted.
2025-04-05 22:49:04.541 [org.springframework.kafka.KafkaListenerEndpointContainer#1-0-C-1] INFO  org.apache.kafka.clients.consumer.internals.ConsumerCoordinator - [Consumer clientId=consumer-tomge-consumer-group-2, groupId=tomge-consumer-group] Requesting disconnect from last known coordinator localhost:9092 (id: 2147483647 rack: null)
2025-04-05 22:49:04.541 [org.springframework.kafka.KafkaListenerEndpointContainer#0-0-C-1] INFO  org.apache.kafka.clients.consumer.internals.ConsumerCoordinator - [Consumer clientId=consumer-tomge-consumer-group-1, groupId=tomge-consumer-group] Requesting disconnect from last known coordinator localhost:9092 (id: 2147483647 rack: null)
2025-04-05 22:49:04.637 [org.springframework.kafka.KafkaListenerEndpointContainer#1-0-C-1] INFO  org.apache.kafka.clients.consumer.internals.ConsumerCoordinator - [Consumer clientId=consumer-tomge-consumer-group-2, groupId=tomge-consumer-group] Discovered group coordinator localhost:9092 (id: 2147483647 rack: null)
2025-04-05 22:49:04.661 [org.springframework.kafka.KafkaListenerEndpointContainer#0-0-C-1] INFO  org.apache.kafka.clients.consumer.internals.ConsumerCoordinator - [Consumer clientId=consumer-tomge-consumer-group-1, groupId=tomge-consumer-group] Discovered group coordinator localhost:9092 (id: 2147483647 rack: null)
2025-04-05 22:59:52.536 [kafka-coordinator-heartbeat-thread | tomge-consumer-group] INFO  org.apache.kafka.clients.consumer.internals.ConsumerCoordinator - [Consumer clientId=consumer-tomge-consumer-group-1, groupId=tomge-consumer-group] Group coordinator localhost:9092 (id: 2147483647 rack: null) is unavailable or invalid due to cause: session timed out without receiving a heartbeat response. isDisconnected: false. Rediscovery will be attempted.
2025-04-05 22:59:52.642 [kafka-coordinator-heartbeat-thread | tomge-consumer-group] INFO  org.apache.kafka.clients.consumer.internals.ConsumerCoordinator - [Consumer clientId=consumer-tomge-consumer-group-1, groupId=tomge-consumer-group] Requesting disconnect from last known coordinator localhost:9092 (id: 2147483647 rack: null)
2025-04-05 22:59:52.642 [kafka-coordinator-heartbeat-thread | tomge-consumer-group] INFO  org.apache.kafka.clients.NetworkClient - [Consumer clientId=consumer-tomge-consumer-group-1, groupId=tomge-consumer-group] Client requested disconnect from node 2147483647
2025-04-05 22:59:52.646 [org.springframework.kafka.KafkaListenerEndpointContainer#0-0-C-1] INFO  org.apache.kafka.clients.consumer.internals.ConsumerCoordinator - [Consumer clientId=consumer-tomge-consumer-group-1, groupId=tomge-consumer-group] Discovered group coordinator localhost:9092 (id: 2147483647 rack: null)
2025-04-05 22:59:52.646 [org.springframework.kafka.KafkaListenerEndpointContainer#0-0-C-1] INFO  org.apache.kafka.clients.consumer.internals.ConsumerCoordinator - [Consumer clientId=consumer-tomge-consumer-group-1, groupId=tomge-consumer-group] Group coordinator localhost:9092 (id: 2147483647 rack: null) is unavailable or invalid due to cause: coordinator unavailable. isDisconnected: false. Rediscovery will be attempted.
2025-04-05 22:59:52.646 [org.springframework.kafka.KafkaListenerEndpointContainer#0-0-C-1] INFO  org.apache.kafka.clients.consumer.internals.ConsumerCoordinator - [Consumer clientId=consumer-tomge-consumer-group-1, groupId=tomge-consumer-group] Requesting disconnect from last known coordinator localhost:9092 (id: 2147483647 rack: null)
2025-04-05 22:59:52.772 [org.springframework.kafka.KafkaListenerEndpointContainer#0-0-C-1] INFO  org.apache.kafka.clients.consumer.internals.ConsumerCoordinator - [Consumer clientId=consumer-tomge-consumer-group-1, groupId=tomge-consumer-group] Discovered group coordinator localhost:9092 (id: 2147483647 rack: null)
2025-04-05 22:59:52.874 [kafka-coordinator-heartbeat-thread | tomge-consumer-group] INFO  org.apache.kafka.clients.consumer.internals.ConsumerCoordinator - [Consumer clientId=consumer-tomge-consumer-group-2, groupId=tomge-consumer-group] Group coordinator localhost:9092 (id: 2147483647 rack: null) is unavailable or invalid due to cause: session timed out without receiving a heartbeat response. isDisconnected: false. Rediscovery will be attempted.
2025-04-05 22:59:52.875 [kafka-coordinator-heartbeat-thread | tomge-consumer-group] INFO  org.apache.kafka.clients.consumer.internals.ConsumerCoordinator - [Consumer clientId=consumer-tomge-consumer-group-2, groupId=tomge-consumer-group] Requesting disconnect from last known coordinator localhost:9092 (id: 2147483647 rack: null)
2025-04-05 22:59:52.875 [kafka-coordinator-heartbeat-thread | tomge-consumer-group] INFO  org.apache.kafka.clients.NetworkClient - [Consumer clientId=consumer-tomge-consumer-group-2, groupId=tomge-consumer-group] Client requested disconnect from node 2147483647
2025-04-05 22:59:52.876 [org.springframework.kafka.KafkaListenerEndpointContainer#1-0-C-1] INFO  org.apache.kafka.clients.consumer.internals.ConsumerCoordinator - [Consumer clientId=consumer-tomge-consumer-group-2, groupId=tomge-consumer-group] Discovered group coordinator localhost:9092 (id: 2147483647 rack: null)
2025-04-05 22:59:52.877 [org.springframework.kafka.KafkaListenerEndpointContainer#1-0-C-1] INFO  org.apache.kafka.clients.consumer.internals.ConsumerCoordinator - [Consumer clientId=consumer-tomge-consumer-group-2, groupId=tomge-consumer-group] Group coordinator localhost:9092 (id: 2147483647 rack: null) is unavailable or invalid due to cause: coordinator unavailable. isDisconnected: false. Rediscovery will be attempted.
2025-04-05 22:59:52.877 [org.springframework.kafka.KafkaListenerEndpointContainer#1-0-C-1] INFO  org.apache.kafka.clients.consumer.internals.ConsumerCoordinator - [Consumer clientId=consumer-tomge-consumer-group-2, groupId=tomge-consumer-group] Requesting disconnect from last known coordinator localhost:9092 (id: 2147483647 rack: null)
2025-04-05 22:59:53.002 [org.springframework.kafka.KafkaListenerEndpointContainer#1-0-C-1] INFO  org.apache.kafka.clients.consumer.internals.ConsumerCoordinator - [Consumer clientId=consumer-tomge-consumer-group-2, groupId=tomge-consumer-group] Discovered group coordinator localhost:9092 (id: 2147483647 rack: null)
2025-04-05 23:17:28.554 [kafka-coordinator-heartbeat-thread | tomge-consumer-group] INFO  org.apache.kafka.clients.consumer.internals.ConsumerCoordinator - [Consumer clientId=consumer-tomge-consumer-group-1, groupId=tomge-consumer-group] Group coordinator localhost:9092 (id: 2147483647 rack: null) is unavailable or invalid due to cause: session timed out without receiving a heartbeat response. isDisconnected: false. Rediscovery will be attempted.
2025-04-05 23:17:28.554 [kafka-coordinator-heartbeat-thread | tomge-consumer-group] INFO  org.apache.kafka.clients.consumer.internals.ConsumerCoordinator - [Consumer clientId=consumer-tomge-consumer-group-1, groupId=tomge-consumer-group] Requesting disconnect from last known coordinator localhost:9092 (id: 2147483647 rack: null)
2025-04-05 23:17:28.554 [kafka-coordinator-heartbeat-thread | tomge-consumer-group] INFO  org.apache.kafka.clients.NetworkClient - [Consumer clientId=consumer-tomge-consumer-group-1, groupId=tomge-consumer-group] Client requested disconnect from node 2147483647
2025-04-05 23:17:28.555 [org.springframework.kafka.KafkaListenerEndpointContainer#0-0-C-1] INFO  org.apache.kafka.clients.consumer.internals.ConsumerCoordinator - [Consumer clientId=consumer-tomge-consumer-group-1, groupId=tomge-consumer-group] Discovered group coordinator localhost:9092 (id: 2147483647 rack: null)
2025-04-05 23:17:28.556 [org.springframework.kafka.KafkaListenerEndpointContainer#0-0-C-1] INFO  org.apache.kafka.clients.consumer.internals.ConsumerCoordinator - [Consumer clientId=consumer-tomge-consumer-group-1, groupId=tomge-consumer-group] Group coordinator localhost:9092 (id: 2147483647 rack: null) is unavailable or invalid due to cause: coordinator unavailable. isDisconnected: false. Rediscovery will be attempted.
2025-04-05 23:17:28.556 [org.springframework.kafka.KafkaListenerEndpointContainer#0-0-C-1] INFO  org.apache.kafka.clients.consumer.internals.ConsumerCoordinator - [Consumer clientId=consumer-tomge-consumer-group-1, groupId=tomge-consumer-group] Requesting disconnect from last known coordinator localhost:9092 (id: 2147483647 rack: null)
2025-04-05 23:17:28.663 [org.springframework.kafka.KafkaListenerEndpointContainer#0-0-C-1] INFO  org.apache.kafka.clients.consumer.internals.ConsumerCoordinator - [Consumer clientId=consumer-tomge-consumer-group-1, groupId=tomge-consumer-group] Discovered group coordinator localhost:9092 (id: 2147483647 rack: null)
2025-04-05 23:17:28.785 [kafka-coordinator-heartbeat-thread | tomge-consumer-group] INFO  org.apache.kafka.clients.consumer.internals.ConsumerCoordinator - [Consumer clientId=consumer-tomge-consumer-group-2, groupId=tomge-consumer-group] Group coordinator localhost:9092 (id: 2147483647 rack: null) is unavailable or invalid due to cause: session timed out without receiving a heartbeat response. isDisconnected: false. Rediscovery will be attempted.
2025-04-05 23:17:28.786 [kafka-coordinator-heartbeat-thread | tomge-consumer-group] INFO  org.apache.kafka.clients.consumer.internals.ConsumerCoordinator - [Consumer clientId=consumer-tomge-consumer-group-2, groupId=tomge-consumer-group] Requesting disconnect from last known coordinator localhost:9092 (id: 2147483647 rack: null)
2025-04-05 23:17:28.786 [kafka-coordinator-heartbeat-thread | tomge-consumer-group] INFO  org.apache.kafka.clients.NetworkClient - [Consumer clientId=consumer-tomge-consumer-group-2, groupId=tomge-consumer-group] Client requested disconnect from node 2147483647
2025-04-05 23:17:28.788 [org.springframework.kafka.KafkaListenerEndpointContainer#1-0-C-1] INFO  org.apache.kafka.clients.consumer.internals.ConsumerCoordinator - [Consumer clientId=consumer-tomge-consumer-group-2, groupId=tomge-consumer-group] Discovered group coordinator localhost:9092 (id: 2147483647 rack: null)
2025-04-05 23:17:28.788 [org.springframework.kafka.KafkaListenerEndpointContainer#1-0-C-1] INFO  org.apache.kafka.clients.consumer.internals.ConsumerCoordinator - [Consumer clientId=consumer-tomge-consumer-group-2, groupId=tomge-consumer-group] Group coordinator localhost:9092 (id: 2147483647 rack: null) is unavailable or invalid due to cause: coordinator unavailable. isDisconnected: false. Rediscovery will be attempted.
2025-04-05 23:17:28.788 [org.springframework.kafka.KafkaListenerEndpointContainer#1-0-C-1] INFO  org.apache.kafka.clients.consumer.internals.ConsumerCoordinator - [Consumer clientId=consumer-tomge-consumer-group-2, groupId=tomge-consumer-group] Requesting disconnect from last known coordinator localhost:9092 (id: 2147483647 rack: null)
2025-04-05 23:17:28.897 [org.springframework.kafka.KafkaListenerEndpointContainer#1-0-C-1] INFO  org.apache.kafka.clients.consumer.internals.ConsumerCoordinator - [Consumer clientId=consumer-tomge-consumer-group-2, groupId=tomge-consumer-group] Discovered group coordinator localhost:9092 (id: 2147483647 rack: null)
2025-04-05 23:34:17.527 [org.springframework.kafka.KafkaListenerEndpointContainer#1-0-C-1] INFO  org.apache.kafka.clients.NetworkClient - [Consumer clientId=consumer-tomge-consumer-group-2, groupId=tomge-consumer-group] Disconnecting from node 0 due to request timeout.
2025-04-05 23:34:17.640 [org.springframework.kafka.KafkaListenerEndpointContainer#1-0-C-1] INFO  org.apache.kafka.clients.NetworkClient - [Consumer clientId=consumer-tomge-consumer-group-2, groupId=tomge-consumer-group] Cancelled in-flight FETCH request with correlation id 4936 due to node 0 being disconnected (elapsed time since creation: 1004085ms, elapsed time since send: 1004085ms, request timeout: 30000ms)
2025-04-05 23:34:17.640 [org.springframework.kafka.KafkaListenerEndpointContainer#1-0-C-1] INFO  org.apache.kafka.clients.FetchSessionHandler - [Consumer clientId=consumer-tomge-consumer-group-2, groupId=tomge-consumer-group] Error sending fetch request (sessionId=755111202, epoch=88) to node 0:
org.apache.kafka.common.errors.DisconnectException: null
2025-04-05 23:34:17.530 [kafka-coordinator-heartbeat-thread | tomge-consumer-group] INFO  org.apache.kafka.clients.consumer.internals.ConsumerCoordinator - [Consumer clientId=consumer-tomge-consumer-group-1, groupId=tomge-consumer-group] Group coordinator localhost:9092 (id: 2147483647 rack: null) is unavailable or invalid due to cause: session timed out without receiving a heartbeat response. isDisconnected: false. Rediscovery will be attempted.
2025-04-05 23:34:17.646 [kafka-coordinator-heartbeat-thread | tomge-consumer-group] INFO  org.apache.kafka.clients.consumer.internals.ConsumerCoordinator - [Consumer clientId=consumer-tomge-consumer-group-2, groupId=tomge-consumer-group] Group coordinator localhost:9092 (id: 2147483647 rack: null) is unavailable or invalid due to cause: session timed out without receiving a heartbeat response. isDisconnected: false. Rediscovery will be attempted.
2025-04-05 23:34:17.646 [kafka-coordinator-heartbeat-thread | tomge-consumer-group] INFO  org.apache.kafka.clients.consumer.internals.ConsumerCoordinator - [Consumer clientId=consumer-tomge-consumer-group-1, groupId=tomge-consumer-group] Requesting disconnect from last known coordinator localhost:9092 (id: 2147483647 rack: null)
2025-04-05 23:34:17.646 [kafka-coordinator-heartbeat-thread | tomge-consumer-group] INFO  org.apache.kafka.clients.consumer.internals.ConsumerCoordinator - [Consumer clientId=consumer-tomge-consumer-group-2, groupId=tomge-consumer-group] Requesting disconnect from last known coordinator localhost:9092 (id: 2147483647 rack: null)
2025-04-05 23:34:17.646 [kafka-coordinator-heartbeat-thread | tomge-consumer-group] INFO  org.apache.kafka.clients.NetworkClient - [Consumer clientId=consumer-tomge-consumer-group-1, groupId=tomge-consumer-group] Client requested disconnect from node 2147483647
2025-04-05 23:34:17.646 [kafka-coordinator-heartbeat-thread | tomge-consumer-group] INFO  org.apache.kafka.clients.NetworkClient - [Consumer clientId=consumer-tomge-consumer-group-2, groupId=tomge-consumer-group] Client requested disconnect from node 2147483647
2025-04-05 23:34:17.655 [org.springframework.kafka.KafkaListenerEndpointContainer#0-0-C-1] INFO  org.apache.kafka.clients.consumer.internals.ConsumerCoordinator - [Consumer clientId=consumer-tomge-consumer-group-1, groupId=tomge-consumer-group] Discovered group coordinator localhost:9092 (id: 2147483647 rack: null)
2025-04-05 23:34:17.655 [org.springframework.kafka.KafkaListenerEndpointContainer#0-0-C-1] INFO  org.apache.kafka.clients.consumer.internals.ConsumerCoordinator - [Consumer clientId=consumer-tomge-consumer-group-1, groupId=tomge-consumer-group] Group coordinator localhost:9092 (id: 2147483647 rack: null) is unavailable or invalid due to cause: coordinator unavailable. isDisconnected: false. Rediscovery will be attempted.
2025-04-05 23:34:17.655 [org.springframework.kafka.KafkaListenerEndpointContainer#0-0-C-1] INFO  org.apache.kafka.clients.consumer.internals.ConsumerCoordinator - [Consumer clientId=consumer-tomge-consumer-group-1, groupId=tomge-consumer-group] Requesting disconnect from last known coordinator localhost:9092 (id: 2147483647 rack: null)
2025-04-05 23:34:17.656 [org.springframework.kafka.KafkaListenerEndpointContainer#1-0-C-1] INFO  org.apache.kafka.clients.consumer.internals.ConsumerCoordinator - [Consumer clientId=consumer-tomge-consumer-group-2, groupId=tomge-consumer-group] Discovered group coordinator localhost:9092 (id: 2147483647 rack: null)
2025-04-05 23:34:17.656 [org.springframework.kafka.KafkaListenerEndpointContainer#1-0-C-1] INFO  org.apache.kafka.clients.consumer.internals.ConsumerCoordinator - [Consumer clientId=consumer-tomge-consumer-group-2, groupId=tomge-consumer-group] Group coordinator localhost:9092 (id: 2147483647 rack: null) is unavailable or invalid due to cause: coordinator unavailable. isDisconnected: false. Rediscovery will be attempted.
2025-04-05 23:34:17.656 [org.springframework.kafka.KafkaListenerEndpointContainer#1-0-C-1] INFO  org.apache.kafka.clients.consumer.internals.ConsumerCoordinator - [Consumer clientId=consumer-tomge-consumer-group-2, groupId=tomge-consumer-group] Requesting disconnect from last known coordinator localhost:9092 (id: 2147483647 rack: null)
2025-04-05 23:34:17.757 [org.springframework.kafka.KafkaListenerEndpointContainer#1-0-C-1] INFO  org.apache.kafka.clients.consumer.internals.ConsumerCoordinator - [Consumer clientId=consumer-tomge-consumer-group-2, groupId=tomge-consumer-group] Discovered group coordinator localhost:9092 (id: 2147483647 rack: null)
2025-04-05 23:34:17.757 [org.springframework.kafka.KafkaListenerEndpointContainer#0-0-C-1] INFO  org.apache.kafka.clients.consumer.internals.ConsumerCoordinator - [Consumer clientId=consumer-tomge-consumer-group-1, groupId=tomge-consumer-group] Discovered group coordinator localhost:9092 (id: 2147483647 rack: null)
2025-04-05 23:50:44.765 [kafka-coordinator-heartbeat-thread | tomge-consumer-group] INFO  org.apache.kafka.clients.consumer.internals.ConsumerCoordinator - [Consumer clientId=consumer-tomge-consumer-group-1, groupId=tomge-consumer-group] Group coordinator localhost:9092 (id: 2147483647 rack: null) is unavailable or invalid due to cause: session timed out without receiving a heartbeat response. isDisconnected: false. Rediscovery will be attempted.
2025-04-05 23:50:44.765 [kafka-coordinator-heartbeat-thread | tomge-consumer-group] INFO  org.apache.kafka.clients.consumer.internals.ConsumerCoordinator - [Consumer clientId=consumer-tomge-consumer-group-2, groupId=tomge-consumer-group] Group coordinator localhost:9092 (id: 2147483647 rack: null) is unavailable or invalid due to cause: session timed out without receiving a heartbeat response. isDisconnected: false. Rediscovery will be attempted.
2025-04-05 23:50:44.766 [kafka-coordinator-heartbeat-thread | tomge-consumer-group] INFO  org.apache.kafka.clients.consumer.internals.ConsumerCoordinator - [Consumer clientId=consumer-tomge-consumer-group-1, groupId=tomge-consumer-group] Requesting disconnect from last known coordinator localhost:9092 (id: 2147483647 rack: null)
2025-04-05 23:50:44.766 [kafka-coordinator-heartbeat-thread | tomge-consumer-group] INFO  org.apache.kafka.clients.consumer.internals.ConsumerCoordinator - [Consumer clientId=consumer-tomge-consumer-group-2, groupId=tomge-consumer-group] Requesting disconnect from last known coordinator localhost:9092 (id: 2147483647 rack: null)
2025-04-05 23:50:44.766 [kafka-coordinator-heartbeat-thread | tomge-consumer-group] INFO  org.apache.kafka.clients.NetworkClient - [Consumer clientId=consumer-tomge-consumer-group-2, groupId=tomge-consumer-group] Client requested disconnect from node 2147483647
2025-04-05 23:50:44.766 [kafka-coordinator-heartbeat-thread | tomge-consumer-group] INFO  org.apache.kafka.clients.NetworkClient - [Consumer clientId=consumer-tomge-consumer-group-1, groupId=tomge-consumer-group] Client requested disconnect from node 2147483647
2025-04-05 23:50:44.769 [org.springframework.kafka.KafkaListenerEndpointContainer#1-0-C-1] INFO  org.apache.kafka.clients.consumer.internals.ConsumerCoordinator - [Consumer clientId=consumer-tomge-consumer-group-2, groupId=tomge-consumer-group] Discovered group coordinator localhost:9092 (id: 2147483647 rack: null)
2025-04-05 23:50:44.769 [org.springframework.kafka.KafkaListenerEndpointContainer#1-0-C-1] INFO  org.apache.kafka.clients.consumer.internals.ConsumerCoordinator - [Consumer clientId=consumer-tomge-consumer-group-2, groupId=tomge-consumer-group] Group coordinator localhost:9092 (id: 2147483647 rack: null) is unavailable or invalid due to cause: coordinator unavailable. isDisconnected: false. Rediscovery will be attempted.
2025-04-05 23:50:44.769 [org.springframework.kafka.KafkaListenerEndpointContainer#1-0-C-1] INFO  org.apache.kafka.clients.consumer.internals.ConsumerCoordinator - [Consumer clientId=consumer-tomge-consumer-group-2, groupId=tomge-consumer-group] Requesting disconnect from last known coordinator localhost:9092 (id: 2147483647 rack: null)
2025-04-05 23:50:44.769 [org.springframework.kafka.KafkaListenerEndpointContainer#0-0-C-1] INFO  org.apache.kafka.clients.consumer.internals.ConsumerCoordinator - [Consumer clientId=consumer-tomge-consumer-group-1, groupId=tomge-consumer-group] Discovered group coordinator localhost:9092 (id: 2147483647 rack: null)
2025-04-05 23:50:44.769 [org.springframework.kafka.KafkaListenerEndpointContainer#0-0-C-1] INFO  org.apache.kafka.clients.consumer.internals.ConsumerCoordinator - [Consumer clientId=consumer-tomge-consumer-group-1, groupId=tomge-consumer-group] Group coordinator localhost:9092 (id: 2147483647 rack: null) is unavailable or invalid due to cause: coordinator unavailable. isDisconnected: false. Rediscovery will be attempted.
2025-04-05 23:50:44.769 [org.springframework.kafka.KafkaListenerEndpointContainer#0-0-C-1] INFO  org.apache.kafka.clients.consumer.internals.ConsumerCoordinator - [Consumer clientId=consumer-tomge-consumer-group-1, groupId=tomge-consumer-group] Requesting disconnect from last known coordinator localhost:9092 (id: 2147483647 rack: null)
2025-04-05 23:50:44.864 [org.springframework.kafka.KafkaListenerEndpointContainer#0-0-C-1] INFO  org.apache.kafka.clients.consumer.internals.ConsumerCoordinator - [Consumer clientId=consumer-tomge-consumer-group-1, groupId=tomge-consumer-group] Discovered group coordinator localhost:9092 (id: 2147483647 rack: null)
2025-04-05 23:50:44.868 [org.springframework.kafka.KafkaListenerEndpointContainer#1-0-C-1] INFO  org.apache.kafka.clients.consumer.internals.ConsumerCoordinator - [Consumer clientId=consumer-tomge-consumer-group-2, groupId=tomge-consumer-group] Discovered group coordinator localhost:9092 (id: 2147483647 rack: null)
